ticker,date_only,expiration_date,underlying_symbol,option_type,strike,volume,open_price,close_price,otm_pct,ITM,premium,premium_yield_pct,premium_low,premium_yield_pct_low,high_price,low_price,transactions,window_start,days_to_expiry,underlying_open,underlying_close,underlying_high,underlying_low,underlying_spot,underlying_close_at_expiry,underlying_high_at_expiry,underlying_spot_at_expiry,fedfunds_rate,mid_price,high_yield_pct
O:PLTR201016C00002500,2020-10-12,2020-10-16,PLTR,C,2.5,1,1.88,1.88,-75.12,YES,1.88,18.71,1.88,18.71,1.88,1.88,1,1602475200000000000,4,10.04,9.89,10.05,9.66,10.05,9.71,9.95,9.95,0.0009,1.88,18.71
O:PLTR201016C00005500,2020-10-12,2020-10-16,PLTR,C,5.5,2,1.08,1.08,-45.27,YES,1.08,10.75,1.08,10.75,1.08,1.08,1,1602475200000000000,4,10.04,9.89,10.05,9.66,10.05,9.71,9.95,9.95,0.0009,1.08,10.75
O:PLTR201016C00006500,2020-10-12,2020-10-16,PLTR,C,6.5,1,0.88,0.88,-35.32,YES,0.88,8.76,0.88,8.76,0.88,0.88,1,1602475200000000000,4,10.04,9.89,10.05,9.66,10.05,9.71,9.95,9.95,0.0009,0.88,8.76
O:PLTR201016C00007500,2020-10-12,2020-10-16,PLTR,C,7.5,59,0.57,0.59,-25.37,YES,0.56,5.62,0.51,5.07,0.62,0.51,24,1602475200000000000,4,10.04,9.89,10.05,9.66,10.05,9.71,9.95,9.95,0.0009,0.56,6.17
O:PLTR201016C00008500,2020-10-12,2020-10-16,PLTR,C,8.5,2,0.36,0.36,-15.42,YES,0.36,3.58,0.36,3.58,0.36,0.36,2,1602475200000000000,4,10.04,9.89,10.05,9.66,10.05,9.71,9.95,9.95,0.0009,0.36,3.58
O:PLTR201016C00009000,2020-10-12,2020-10-16,PLTR,C,9.0,63,0.26,0.22,-10.45,YES,0.22,2.24,0.19,1.89,0.26,0.19,17,1602475200000000000,4,10.04,9.89,10.05,9.66,10.05,9.71,9.95,9.95,0.0009,0.22,2.59
O:PLTR201016C00009500,2020-10-12,2020-10-16,PLTR,C,9.5,409,0.16,0.11,-5.47,YES,0.12,1.19,0.08,0.8,0.16,0.08,81,1602475200000000000,4,10.04,9.89,10.05,9.66,10.05,9.71,9.95,9.95,0.0009,0.12,1.59
O:PLTR201016C00010000,2020-10-12,2020-10-16,PLTR,C,10.0,5052,0.09,0.05,-0.5,YES,0.06,0.65,0.04,0.4,0.09,0.04,660,1602475200000000000,4,10.04,9.89,10.05,9.66,10.05,9.71,9.95,9.95,0.0009,0.06,0.9
O:PLTR201016C00010500,2020-10-12,2020-10-16,PLTR,C,10.5,906,0.04,0.02,4.48,NO,0.02,0.25,0.01,0.1,0.04,0.01,198,1602475200000000000,4,10.04,9.89,10.05,9.66,10.05,9.71,9.95,9.95,0.0009,0.02,0.4
O:PLTR201016C00011000,2020-10-12,2020-10-16,PLTR,C,11.0,388,0.03,0.01,9.45,NO,0.02,0.2,0.01,0.1,0.03,0.01,97,1602475200000000000,4,10.04,9.89,10.05,9.66,10.05,9.71,9.95,9.95,0.0009,0.02,0.3
O:PLTR201016C00011500,2020-10-12,2020-10-16,PLTR,C,11.5,128,0.01,0.01,14.43,NO,0.02,0.15,0.01,0.1,0.02,0.01,29,1602475200000000000,4,10.04,9.89,10.05,9.66,10.05,9.71,9.95,9.95,0.0009,0.02,0.2
O:PLTR201016C00012000,2020-10-12,2020-10-16,PLTR,C,12.0,4,0.01,0.0,19.4,NO,0.0,0.05,0.0,0.0,0.01,0.0,2,1602475200000000000,4,10.04,9.89,10.05,9.66,10.05,9.71,9.95,9.95,0.0009,0.0,0.1
O:PLTR201016C00012500,2020-10-12,2020-10-16,PLTR,C,12.5,1497,0.01,0.01,24.38,NO,0.0,0.05,0.0,0.0,0.01,0.0,120,1602475200000000000,4,10.04,9.89,10.05,9.66,10.05,9.71,9.95,9.95,0.0009,0.0,0.1
O:PLTR201016C00013000,2020-10-12,2020-10-16,PLTR,C,13.0,2,0.01,0.0,29.35,NO,0.0,0.05,0.0,0.0,0.01,0.0,2,1602475200000000000,4,10.04,9.89,10.05,9.66,10.05,9.71,9.95,9.95,0.0009,0.0,0.1
O:PLTR201016C00015000,2020-10-12,2020-10-16,PLTR,C,15.0,22,0.01,0.01,49.25,NO,0.0,0.05,0.0,0.0,0.01,0.0,6,1602475200000000000,4,10.04,9.89,10.05,9.66,10.05,9.71,9.95,9.95,0.0009,0.0,0.1
O:PLTR201016C00017500,2020-10-12,2020-10-16,PLTR,C,17.5,1,0.0,0.0,74.13,NO,0.0,0.0,0.0,0.0,0.0,0.0,1,1602475200000000000,4,10.04,9.89,10.05,9.66,10.05,9.71,9.95,9.95,0.0009,0.0,0.0
O:PLTR201023C00007000,2020-10-19,2020-10-23,PLTR,C,7.0,3,0.66,0.66,-28.72,YES,0.66,6.72,0.66,6.72,0.66,0.66,2,1603080000000000000,4,9.79,9.57,9.82,9.53,9.82,9.49,9.83,9.83,0.0009,0.66,6.72
O:PLTR201023C00007500,2020-10-19,2020-10-23,PLTR,C,7.5,2,0.55,0.55,-23.63,YES,0.55,5.6,0.55,5.6,0.55,0.55,1,1603080000000000000,4,9.79,9.57,9.82,9.53,9.82,9.49,9.83,9.83,0.0009,0.55,5.6
O:PLTR201023C00008000,2020-10-19,2020-10-23,PLTR,C,8.0,11,0.44,0.39,-18.53,YES,0.42,4.23,0.39,3.97,0.44,0.39,2,1603080000000000000,4,9.79,9.57,9.82,9.53,9.82,9.49,9.83,9.83,0.0009,0.42,4.48
O:PLTR201023C00008500,2020-10-19,2020-10-23,PLTR,C,8.5,12,0.29,0.27,-13.44,YES,0.28,2.9,0.27,2.75,0.3,0.27,7,1603080000000000000,4,9.79,9.57,9.82,9.53,9.82,9.49,9.83,9.83,0.0009,0.28,3.05
O:PLTR201023C00009000,2020-10-19,2020-10-23,PLTR,C,9.0,52,0.19,0.16,-8.35,YES,0.18,1.83,0.15,1.53,0.21,0.15,26,1603080000000000000,4,9.79,9.57,9.82,9.53,9.82,9.49,9.83,9.83,0.0009,0.18,2.14
O:PLTR201023C00009500,2020-10-19,2020-10-23,PLTR,C,9.5,491,0.1,0.06,-3.26,YES,0.08,0.87,0.06,0.61,0.11,0.06,79,1603080000000000000,4,9.79,9.57,9.82,9.53,9.82,9.49,9.83,9.83,0.0009,0.08,1.12
O:PLTR201023C00010000,2020-10-19,2020-10-23,PLTR,C,10.0,2790,0.05,0.02,1.83,NO,0.03,0.31,0.01,0.1,0.05,0.01,366,1603080000000000000,4,9.79,9.57,9.82,9.53,9.82,9.49,9.83,9.83,0.0009,0.03,0.51
O:PLTR201023C00010500,2020-10-19,2020-10-23,PLTR,C,10.5,320,0.02,0.01,6.92,NO,0.01,0.1,0.0,0.0,0.02,0.0,75,1603080000000000000,4,9.79,9.57,9.82,9.53,9.82,9.49,9.83,9.83,0.0009,0.01,0.2
O:PLTR201023C00011000,2020-10-19,2020-10-23,PLTR,C,11.0,52,0.01,0.01,12.02,NO,0.01,0.1,0.0,0.0,0.02,0.0,15,1603080000000000000,4,9.79,9.57,9.82,9.53,9.82,9.49,9.83,9.83,0.0009,0.01,0.2
O:PLTR201023C00011500,2020-10-19,2020-10-23,PLTR,C,11.5,2,0.0,0.0,17.11,NO,0.0,0.0,0.0,0.0,0.0,0.0,1,1603080000000000000,4,9.79,9.57,9.82,9.53,9.82,9.49,9.83,9.83,0.0009,0.0,0.0
O:PLTR201023C00012000,2020-10-19,2020-10-23,PLTR,C,12.0,6,0.0,0.01,22.2,NO,0.0,0.05,0.0,0.0,0.01,0.0,2,1603080000000000000,4,9.79,9.57,9.82,9.53,9.82,9.49,9.83,9.83,0.0009,0.0,0.1
O:PLTR201023C00014000,2020-10-19,2020-10-23,PLTR,C,14.0,10,0.02,0.02,42.57,NO,0.02,0.2,0.02,0.2,0.02,0.02,1,1603080000000000000,4,9.79,9.57,9.82,9.53,9.82,9.49,9.83,9.83,0.0009,0.02,0.2
O:PLTR201023C00015000,2020-10-19,2020-10-23,PLTR,C,15.0,10,0.01,0.01,52.75,NO,0.01,0.1,0.01,0.1,0.01,0.01,1,1603080000000000000,4,9.79,9.57,9.82,9.53,9.82,9.49,9.83,9.83,0.0009,0.01,0.1
O:PLTR201030C00005500,2020-10-26,2020-10-30,PLTR,C,5.5,4,1.08,1.1,-44.83,YES,1.09,10.93,1.08,10.83,1.1,1.08,2,1603684800000000000,4,9.72,9.95,9.97,9.6,9.97,10.13,10.68,10.68,0.0009,1.09,11.03
O:PLTR201030C00006500,2020-10-26,2020-10-30,PLTR,C,6.5,2,0.83,0.83,-34.8,YES,0.83,8.32,0.83,8.32,0.83,0.83,1,1603684800000000000,4,9.72,9.95,9.97,9.6,9.97,10.13,10.68,10.68,0.0009,0.83,8.32
O:PLTR201030C00007000,2020-10-26,2020-10-30,PLTR,C,7.0,22,0.68,0.68,-29.79,YES,0.69,6.92,0.68,6.82,0.7,0.68,3,1603684800000000000,4,9.72,9.95,9.97,9.6,9.97,10.13,10.68,10.68,0.0009,0.69,7.02
O:PLTR201030C00007500,2020-10-26,2020-10-30,PLTR,C,7.5,10,0.57,0.61,-24.77,YES,0.58,5.82,0.55,5.52,0.61,0.55,9,1603684800000000000,4,9.72,9.95,9.97,9.6,9.97,10.13,10.68,10.68,0.0009,0.58,6.12
O:PLTR201030C00008000,2020-10-26,2020-10-30,PLTR,C,8.0,13,0.45,0.48,-19.76,YES,0.45,4.51,0.42,4.21,0.48,0.42,10,1603684800000000000,4,9.72,9.95,9.97,9.6,9.97,10.13,10.68,10.68,0.0009,0.45,4.81
O:PLTR201030C00008500,2020-10-26,2020-10-30,PLTR,C,8.5,73,0.35,0.38,-14.74,YES,0.33,3.36,0.29,2.91,0.38,0.29,22,1603684800000000000,4,9.72,9.95,9.97,9.6,9.97,10.13,10.68,10.68,0.0009,0.33,3.81
O:PLTR201030C00009000,2020-10-26,2020-10-30,PLTR,C,9.0,617,0.19,0.24,-9.73,YES,0.22,2.21,0.18,1.81,0.26,0.18,93,1603684800000000000,4,9.72,9.95,9.97,9.6,9.97,10.13,10.68,10.68,0.0009,0.22,2.61
O:PLTR201030C00009500,2020-10-26,2020-10-30,PLTR,C,9.5,1480,0.1,0.14,-4.71,YES,0.12,1.2,0.09,0.9,0.15,0.09,321,1603684800000000000,4,9.72,9.95,9.97,9.6,9.97,10.13,10.68,10.68,0.0009,0.12,1.5
O:PLTR201030C00010000,2020-10-26,2020-10-30,PLTR,C,10.0,14595,0.05,0.06,0.3,NO,0.06,0.6,0.04,0.4,0.08,0.04,1456,1603684800000000000,4,9.72,9.95,9.97,9.6,9.97,10.13,10.68,10.68,0.0009,0.06,0.8
O:PLTR201030C00010500,2020-10-26,2020-10-30,PLTR,C,10.5,2059,0.02,0.02,5.32,NO,0.02,0.25,0.01,0.1,0.04,0.01,371,1603684800000000000,4,9.72,9.95,9.97,9.6,9.97,10.13,10.68,10.68,0.0009,0.02,0.4
O:PLTR201030C00011000,2020-10-26,2020-10-30,PLTR,C,11.0,464,0.01,0.02,10.33,NO,0.01,0.1,0.0,0.0,0.02,0.0,90,1603684800000000000,4,9.72,9.95,9.97,9.6,9.97,10.13,10.68,10.68,0.0009,0.01,0.2
O:PLTR201030C00011500,2020-10-26,2020-10-30,PLTR,C,11.5,225,0.01,0.01,15.35,NO,0.0,0.05,0.0,0.0,0.01,0.0,20,1603684800000000000,4,9.72,9.95,9.97,9.6,9.97,10.13,10.68,10.68,0.0009,0.0,0.1
O:PLTR201030C00012000,2020-10-26,2020-10-30,PLTR,C,12.0,2,0.01,0.01,20.36,NO,0.01,0.1,0.01,0.1,0.01,0.01,1,1603684800000000000,4,9.72,9.95,9.97,9.6,9.97,10.13,10.68,10.68,0.0009,0.01,0.1
O:PLTR201030C00013000,2020-10-26,2020-10-30,PLTR,C,13.0,22,0.01,0.01,30.39,NO,0.01,0.1,0.01,0.1,0.01,0.01,6,1603684800000000000,4,9.72,9.95,9.97,9.6,9.97,10.13,10.68,10.68,0.0009,0.01,0.1
O:PLTR201106C00008000,2020-11-02,2020-11-06,PLTR,C,8.0,2,0.6,0.63,-24.31,YES,0.62,5.82,0.6,5.68,0.63,0.6,2,1604293200000000000,4,10.23,10.54,10.57,10.23,10.57,13.83,14.96,14.96,0.0009,0.62,5.96
O:PLTR201106C00008500,2020-11-02,2020-11-06,PLTR,C,8.5,30,0.47,0.5,-19.58,YES,0.48,4.59,0.47,4.45,0.5,0.47,11,1604293200000000000,4,10.23,10.54,10.57,10.23,10.57,13.83,14.96,14.96,0.0009,0.48,4.73
O:PLTR201106C00009000,2020-11-02,2020-11-06,PLTR,C,9.0,29,0.32,0.35,-14.85,YES,0.36,3.36,0.32,3.03,0.39,0.32,10,1604293200000000000,4,10.23,10.54,10.57,10.23,10.57,13.83,14.96,14.96,0.0009,0.36,3.69
O:PLTR201106C00009500,2020-11-02,2020-11-06,PLTR,C,9.5,335,0.22,0.26,-10.12,YES,0.25,2.37,0.22,2.08,0.28,0.22,30,1604293200000000000,4,10.23,10.54,10.57,10.23,10.57,13.83,14.96,14.96,0.0009,0.25,2.65
O:PLTR201106C00010000,2020-11-02,2020-11-06,PLTR,C,10.0,1061,0.15,0.17,-5.39,YES,0.16,1.56,0.14,1.32,0.19,0.14,141,1604293200000000000,4,10.23,10.54,10.57,10.23,10.57,13.83,14.96,14.96,0.0009,0.16,1.8
O:PLTR201106C00010500,2020-11-02,2020-11-06,PLTR,C,10.5,2357,0.08,0.09,-0.66,YES,0.1,0.95,0.08,0.76,0.12,0.08,395,1604293200000000000,4,10.23,10.54,10.57,10.23,10.57,13.83,14.96,14.96,0.0009,0.1,1.14
O:PLTR201106C00011000,2020-11-02,2020-11-06,PLTR,C,11.0,6110,0.04,0.04,4.07,NO,0.06,0.52,0.03,0.28,0.08,0.03,591,1604293200000000000,4,10.23,10.54,10.57,10.23,10.57,13.83,14.96,14.96,0.0009,0.06,0.76
O:PLTR201106C00011500,2020-11-02,2020-11-06,PLTR,C,11.5,723,0.02,0.02,8.8,NO,0.02,0.24,0.01,0.09,0.04,0.01,124,1604293200000000000,4,10.23,10.54,10.57,10.23,10.57,13.83,14.96,14.96,0.0009,0.02,0.38
O:PLTR201106C00012000,2020-11-02,2020-11-06,PLTR,C,12.0,253,0.01,0.01,13.53,NO,0.02,0.14,0.01,0.09,0.02,0.01,58,1604293200000000000,4,10.23,10.54,10.57,10.23,10.57,13.83,14.96,14.96,0.0009,0.02,0.19
O:PLTR201106C00012500,2020-11-02,2020-11-06,PLTR,C,12.5,51,0.01,0.01,18.26,NO,0.01,0.09,0.01,0.09,0.01,0.01,11,1604293200000000000,4,10.23,10.54,10.57,10.23,10.57,13.83,14.96,14.96,0.0009,0.01,0.09
O:PLTR201106C00013000,2020-11-02,2020-11-06,PLTR,C,13.0,8,0.01,0.0,22.99,NO,0.0,0.05,0.0,0.0,0.01,0.0,5,1604293200000000000,4,10.23,10.54,10.57,10.23,10.57,13.83,14.96,14.96,0.0009,0.0,0.09
O:PLTR201106C00014000,2020-11-02,2020-11-06,PLTR,C,14.0,1,0.01,0.01,32.45,NO,0.01,0.09,0.01,0.09,0.01,0.01,1,1604293200000000000,4,10.23,10.54,10.57,10.23,10.57,13.83,14.96,14.96,0.0009,0.01,0.09
O:PLTR201106C00014500,2020-11-02,2020-11-06,PLTR,C,14.5,2,0.01,0.04,37.18,NO,0.02,0.24,0.01,0.09,0.04,0.01,2,1604293200000000000,4,10.23,10.54,10.57,10.23,10.57,13.83,14.96,14.96,0.0009,0.02,0.38
O:PLTR201113C00004000,2020-11-09,2020-11-13,PLTR,C,4.0,8,2.78,2.84,-74.84,YES,2.84,17.86,2.78,17.48,2.9,2.78,4,1604898000000000000,4,14.96,14.67,15.9,14.11,15.9,15.8,16.0,16.0,0.0009,2.84,18.24
O:PLTR201113C00007000,2020-11-09,2020-11-13,PLTR,C,7.0,1,1.98,1.98,-55.97,YES,1.98,12.45,1.98,12.45,1.98,1.98,1,1604898000000000000,4,14.96,14.67,15.9,14.11,15.9,15.8,16.0,16.0,0.0009,1.98,12.45
O:PLTR201113C00007500,2020-11-09,2020-11-13,PLTR,C,7.5,1,2.0,2.0,-52.83,YES,2.0,12.58,2.0,12.58,2.0,2.0,1,1604898000000000000,4,14.96,14.67,15.9,14.11,15.9,15.8,16.0,16.0,0.0009,2.0,12.58
O:PLTR201113C00008500,2020-11-09,2020-11-13,PLTR,C,8.5,1,1.65,1.65,-46.54,YES,1.65,10.38,1.65,10.38,1.65,1.65,1,1604898000000000000,4,14.96,14.67,15.9,14.11,15.9,15.8,16.0,16.0,0.0009,1.65,10.38
O:PLTR201113C00009000,2020-11-09,2020-11-13,PLTR,C,9.0,55,1.48,1.42,-43.4,YES,1.51,9.5,1.42,8.93,1.6,1.42,13,1604898000000000000,4,14.96,14.67,15.9,14.11,15.9,15.8,16.0,16.0,0.0009,1.51,10.06
O:PLTR201113C00009500,2020-11-09,2020-11-13,PLTR,C,9.5,18,1.25,1.38,-40.25,YES,1.32,8.33,1.25,7.86,1.4,1.25,6,1604898000000000000,4,14.96,14.67,15.9,14.11,15.9,15.8,16.0,16.0,0.0009,1.32,8.81
O:PLTR201113C00010000,2020-11-09,2020-11-13,PLTR,C,10.0,353,1.15,1.23,-37.11,YES,1.32,8.27,1.15,7.23,1.48,1.15,42,1604898000000000000,4,14.96,14.67,15.9,14.11,15.9,15.8,16.0,16.0,0.0009,1.32,9.31
O:PLTR201113C00010500,2020-11-09,2020-11-13,PLTR,C,10.5,56,1.1,1.07,-33.96,YES,1.22,7.64,1.07,6.73,1.36,1.07,23,1604898000000000000,4,14.96,14.67,15.9,14.11,15.9,15.8,16.0,16.0,0.0009,1.22,8.55
O:PLTR201113C00011000,2020-11-09,2020-11-13,PLTR,C,11.0,588,1.0,0.92,-30.82,YES,1.04,6.54,0.85,5.35,1.23,0.85,89,1604898000000000000,4,14.96,14.67,15.9,14.11,15.9,15.8,16.0,16.0,0.0009,1.04,7.74
O:PLTR201113C00011500,2020-11-09,2020-11-13,PLTR,C,11.5,296,0.7,0.8,-27.67,YES,0.9,5.66,0.7,4.4,1.1,0.7,89,1604898000000000000,4,14.96,14.67,15.9,14.11,15.9,15.8,16.0,16.0,0.0009,0.9,6.92
O:PLTR201113C00012000,2020-11-09,2020-11-13,PLTR,C,12.0,3969,0.75,0.7,-24.53,YES,0.8,5.06,0.61,3.84,1.0,0.61,208,1604898000000000000,4,14.96,14.67,15.9,14.11,15.9,15.8,16.0,16.0,0.0009,0.8,6.29
O:PLTR201113C00012500,2020-11-09,2020-11-13,PLTR,C,12.5,525,0.63,0.6,-21.38,YES,0.7,4.37,0.52,3.27,0.87,0.52,98,1604898000000000000,4,14.96,14.67,15.9,14.11,15.9,15.8,16.0,16.0,0.0009,0.7,5.47
O:PLTR201113C00013000,2020-11-09,2020-11-13,PLTR,C,13.0,726,0.59,0.53,-18.24,YES,0.62,3.93,0.45,2.83,0.8,0.45,222,1604898000000000000,4,14.96,14.67,15.9,14.11,15.9,15.8,16.0,16.0,0.0009,0.62,5.03
O:PLTR201113C00013500,2020-11-09,2020-11-13,PLTR,C,13.5,518,0.5,0.45,-15.09,YES,0.53,3.33,0.38,2.39,0.68,0.38,205,1604898000000000000,4,14.96,14.67,15.9,14.11,15.9,15.8,16.0,16.0,0.0009,0.53,4.28
O:PLTR201113C00014000,2020-11-09,2020-11-13,PLTR,C,14.0,2659,0.39,0.38,-11.95,YES,0.47,2.96,0.33,2.08,0.61,0.33,511,1604898000000000000,4,14.96,14.67,15.9,14.11,15.9,15.8,16.0,16.0,0.0009,0.47,3.84
O:PLTR201113C00014500,2020-11-09,2020-11-13,PLTR,C,14.5,1933,0.4,0.32,-8.81,YES,0.41,2.58,0.28,1.76,0.54,0.28,478,1604898000000000000,4,14.96,14.67,15.9,14.11,15.9,15.8,16.0,16.0,0.0009,0.41,3.4
O:PLTR201113C00015000,2020-11-09,2020-11-13,PLTR,C,15.0,12324,0.35,0.26,-5.66,YES,0.37,2.33,0.25,1.57,0.49,0.25,1987,1604898000000000000,4,14.96,14.67,15.9,14.11,15.9,15.8,16.0,16.0,0.0009,0.37,3.08
O:PLTR201113C00016000,2020-11-09,2020-11-13,PLTR,C,16.0,10465,0.18,0.2,0.63,NO,0.28,1.76,0.18,1.13,0.38,0.18,2258,1604898000000000000,4,14.96,14.67,15.9,14.11,15.9,15.8,16.0,16.0,0.0009,0.28,2.39
O:PLTR201113C00017000,2020-11-09,2020-11-13,PLTR,C,17.0,6798,0.18,0.14,6.92,NO,0.2,1.29,0.12,0.75,0.29,0.12,1173,1604898000000000000,4,14.96,14.67,15.9,14.11,15.9,15.8,16.0,16.0,0.0009,0.2,1.82
O:PLTR201113C00018000,2020-11-09,2020-11-13,PLTR,C,18.0,2976,0.25,0.11,13.21,NO,0.18,1.13,0.1,0.63,0.26,0.1,681,1604898000000000000,4,14.96,14.67,15.9,14.11,15.9,15.8,16.0,16.0,0.0009,0.18,1.64
O:PLTR201113C00019000,2020-11-09,2020-11-13,PLTR,C,19.0,3147,0.12,0.09,19.5,NO,0.13,0.82,0.08,0.5,0.18,0.08,738,1604898000000000000,4,14.96,14.67,15.9,14.11,15.9,15.8,16.0,16.0,0.0009,0.13,1.13
O:PLTR201113C00020000,2020-11-09,2020-11-13,PLTR,C,20.0,5876,0.09,0.07,25.79,NO,0.1,0.66,0.06,0.38,0.15,0.06,1157,1604898000000000000,4,14.96,14.67,15.9,14.11,15.9,15.8,16.0,16.0,0.0009,0.1,0.94
O:PLTR201120C00002500,2020-11-16,2020-11-20,PLTR,C,2.5,4,3.25,3.35,-84.47,YES,3.3,20.5,3.25,20.19,3.35,3.25,3,1605502800000000000,4,15.96,15.93,16.1,15.01,16.1,18.15,19.66,19.66,0.0009,3.3,20.81
O:PLTR201120C00005000,2020-11-16,2020-11-20,PLTR,C,5.0,2,2.7,2.7,-68.94,YES,2.7,16.77,2.7,16.77,2.7,2.7,2,1605502800000000000,4,15.96,15.93,16.1,15.01,16.1,18.15,19.66,19.66,0.0009,2.7,16.77
O:PLTR201120C00007000,2020-11-16,2020-11-20,PLTR,C,7.0,5,2.15,2.22,-56.52,YES,2.18,13.57,2.15,13.35,2.22,2.15,3,1605502800000000000,4,15.96,15.93,16.1,15.01,16.1,18.15,19.66,19.66,0.0009,2.18,13.79
O:PLTR201120C00007500,2020-11-16,2020-11-20,PLTR,C,7.5,1,2.08,2.08,-53.42,YES,2.08,12.92,2.08,12.92,2.08,2.08,1,1605502800000000000,4,15.96,15.93,16.1,15.01,16.1,18.15,19.66,19.66,0.0009,2.08,12.92
O:PLTR201120C00008500,2020-11-16,2020-11-20,PLTR,C,8.5,3,1.82,1.82,-47.2,YES,1.82,11.3,1.82,11.3,1.82,1.82,1,1605502800000000000,4,15.96,15.93,16.1,15.01,16.1,18.15,19.66,19.66,0.0009,1.82,11.3
O:PLTR201120C00009000,2020-11-16,2020-11-20,PLTR,C,9.0,18,1.62,1.78,-44.1,YES,1.7,10.56,1.62,10.06,1.78,1.62,9,1605502800000000000,4,15.96,15.93,16.1,15.01,16.1,18.15,19.66,19.66,0.0009,1.7,11.06
O:PLTR201120C00009500,2020-11-16,2020-11-20,PLTR,C,9.5,1,1.6,1.6,-40.99,YES,1.6,9.94,1.6,9.94,1.6,1.6,1,1605502800000000000,4,15.96,15.93,16.1,15.01,16.1,18.15,19.66,19.66,0.0009,1.6,9.94
O:PLTR201120C00010000,2020-11-16,2020-11-20,PLTR,C,10.0,155,1.42,1.48,-37.89,YES,1.38,8.6,1.27,7.89,1.5,1.27,26,1605502800000000000,4,15.96,15.93,16.1,15.01,16.1,18.15,19.66,19.66,0.0009,1.38,9.32
O:PLTR201120C00010500,2020-11-16,2020-11-20,PLTR,C,10.5,15,1.25,1.35,-34.78,YES,1.31,8.11,1.25,7.76,1.36,1.25,5,1605502800000000000,4,15.96,15.93,16.1,15.01,16.1,18.15,19.66,19.66,0.0009,1.31,8.45
O:PLTR201120C00011000,2020-11-16,2020-11-20,PLTR,C,11.0,44,1.18,1.23,-31.68,YES,1.15,7.14,1.05,6.52,1.25,1.05,23,1605502800000000000,4,15.96,15.93,16.1,15.01,16.1,18.15,19.66,19.66,0.0009,1.15,7.76
O:PLTR201120C00011500,2020-11-16,2020-11-20,PLTR,C,11.5,32,0.95,1.1,-28.57,YES,1.02,6.37,0.95,5.9,1.1,0.95,15,1605502800000000000,4,15.96,15.93,16.1,15.01,16.1,18.15,19.66,19.66,0.0009,1.02,6.83
O:PLTR201120C00012000,2020-11-16,2020-11-20,PLTR,C,12.0,177,0.98,0.99,-25.47,YES,0.91,5.65,0.82,5.09,1.0,0.82,38,1605502800000000000,4,15.96,15.93,16.1,15.01,16.1,18.15,19.66,19.66,0.0009,0.91,6.21
O:PLTR201120C00012500,2020-11-16,2020-11-20,PLTR,C,12.5,244,0.82,0.87,-22.36,YES,0.8,5.0,0.71,4.41,0.9,0.71,49,1605502800000000000,4,15.96,15.93,16.1,15.01,16.1,18.15,19.66,19.66,0.0009,0.8,5.59
O:PLTR201120C00013000,2020-11-16,2020-11-20,PLTR,C,13.0,170,0.75,0.74,-19.25,YES,0.68,4.22,0.59,3.66,0.77,0.59,35,1605502800000000000,4,15.96,15.93,16.1,15.01,16.1,18.15,19.66,19.66,0.0009,0.68,4.78
O:PLTR201120C00013500,2020-11-16,2020-11-20,PLTR,C,13.5,75,0.6,0.59,-16.15,YES,0.57,3.54,0.49,3.04,0.65,0.49,34,1605502800000000000,4,15.96,15.93,16.1,15.01,16.1,18.15,19.66,19.66,0.0009,0.57,4.04
O:PLTR201120C00014000,2020-11-16,2020-11-20,PLTR,C,14.0,520,0.5,0.51,-13.04,YES,0.46,2.86,0.36,2.24,0.56,0.36,96,1605502800000000000,4,15.96,15.93,16.1,15.01,16.1,18.15,19.66,19.66,0.0009,0.46,3.48
O:PLTR201120C00014500,2020-11-16,2020-11-20,PLTR,C,14.5,461,0.4,0.4,-9.94,YES,0.38,2.33,0.29,1.8,0.46,0.29,157,1605502800000000000,4,15.96,15.93,16.1,15.01,16.1,18.15,19.66,19.66,0.0009,0.38,2.86
O:PLTR201120C00015000,2020-11-16,2020-11-20,PLTR,C,15.0,4214,0.34,0.3,-6.83,YES,0.3,1.83,0.2,1.24,0.39,0.2,740,1605502800000000000,4,15.96,15.93,16.1,15.01,16.1,18.15,19.66,19.66,0.0009,0.3,2.42
O:PLTR201120C00015500,2020-11-16,2020-11-20,PLTR,C,15.5,5465,0.26,0.23,-3.73,YES,0.24,1.46,0.16,0.99,0.31,0.16,982,1605502800000000000,4,15.96,15.93,16.1,15.01,16.1,18.15,19.66,19.66,0.0009,0.24,1.93
O:PLTR201120C00016000,2020-11-16,2020-11-20,PLTR,C,16.0,13014,0.21,0.18,-0.62,YES,0.18,1.12,0.11,0.68,0.25,0.11,2719,1605502800000000000,4,15.96,15.93,16.1,15.01,16.1,18.15,19.66,19.66,0.0009,0.18,1.55
O:PLTR201120C00016500,2020-11-16,2020-11-20,PLTR,C,16.5,5670,0.16,0.12,2.48,NO,0.14,0.9,0.09,0.56,0.2,0.09,822,1605502800000000000,4,15.96,15.93,16.1,15.01,16.1,18.15,19.66,19.66,0.0009,0.14,1.24
O:PLTR201120C00017000,2020-11-16,2020-11-20,PLTR,C,17.0,7049,0.12,0.1,5.59,NO,0.11,0.68,0.06,0.37,0.16,0.06,1403,1605502800000000000,4,15.96,15.93,16.1,15.01,16.1,18.15,19.66,19.66,0.0009,0.11,0.99
O:PLTR201120C00017500,2020-11-16,2020-11-20,PLTR,C,17.5,3060,0.1,0.07,8.7,NO,0.1,0.59,0.05,0.31,0.14,0.05,494,1605502800000000000,4,15.96,15.93,16.1,15.01,16.1,18.15,19.66,19.66,0.0009,0.1,0.87
O:PLTR201120C00018000,2020-11-16,2020-11-20,PLTR,C,18.0,4044,0.08,0.05,11.8,NO,0.08,0.47,0.04,0.25,0.11,0.04,858,1605502800000000000,4,15.96,15.93,16.1,15.01,16.1,18.15,19.66,19.66,0.0009,0.08,0.68
O:PLTR201120C00018500,2020-11-16,2020-11-20,PLTR,C,18.5,1202,0.06,0.04,14.91,NO,0.06,0.37,0.03,0.19,0.09,0.03,176,1605502800000000000,4,15.96,15.93,16.1,15.01,16.1,18.15,19.66,19.66,0.0009,0.06,0.56
O:PLTR201120C00019000,2020-11-16,2020-11-20,PLTR,C,19.0,1178,0.05,0.02,18.01,NO,0.04,0.25,0.02,0.12,0.06,0.02,195,1605502800000000000,4,15.96,15.93,16.1,15.01,16.1,18.15,19.66,19.66,0.0009,0.04,0.37
O:PLTR201120C00019500,2020-11-16,2020-11-20,PLTR,C,19.5,221,0.04,0.02,21.12,NO,0.03,0.19,0.01,0.06,0.05,0.01,83,1605502800000000000,4,15.96,15.93,16.1,15.01,16.1,18.15,19.66,19.66,0.0009,0.03,0.31
O:PLTR201120C00020000,2020-11-16,2020-11-20,PLTR,C,20.0,3256,0.02,0.01,24.22,NO,0.03,0.19,0.01,0.06,0.05,0.01,369,1605502800000000000,4,15.96,15.93,16.1,15.01,16.1,18.15,19.66,19.66,0.0009,0.03,0.31
O:PLTR201120C00020500,2020-11-16,2020-11-20,PLTR,C,20.5,287,0.02,0.01,27.33,NO,0.02,0.16,0.01,0.06,0.04,0.01,45,1605502800000000000,4,15.96,15.93,16.1,15.01,16.1,18.15,19.66,19.66,0.0009,0.02,0.25
O:PLTR201120C00021000,2020-11-16,2020-11-20,PLTR,C,21.0,150,0.02,0.01,30.43,NO,0.02,0.09,0.01,0.06,0.02,0.01,53,1605502800000000000,4,15.96,15.93,16.1,15.01,16.1,18.15,19.66,19.66,0.0009,0.02,0.12
O:PLTR201120C00022000,2020-11-16,2020-11-20,PLTR,C,22.0,54,0.02,0.01,36.65,NO,0.02,0.09,0.01,0.06,0.02,0.01,23,1605502800000000000,4,15.96,15.93,16.1,15.01,16.1,18.15,19.66,19.66,0.0009,0.02,0.12
O:PLTR201120C00023000,2020-11-16,2020-11-20,PLTR,C,23.0,75,0.01,0.01,42.86,NO,0.01,0.06,0.01,0.06,0.01,0.01,7,1605502800000000000,4,15.96,15.93,16.1,15.01,16.1,18.15,19.66,19.66,0.0009,0.01,0.06
O:PLTR201120C00024000,2020-11-16,2020-11-20,PLTR,C,24.0,6,0.01,0.0,49.07,NO,0.0,0.03,0.0,0.0,0.01,0.0,4,1605502800000000000,4,15.96,15.93,16.1,15.01,16.1,18.15,19.66,19.66,0.0009,0.0,0.06
O:PLTR201120C00025000,2020-11-16,2020-11-20,PLTR,C,25.0,14,0.01,0.01,55.28,NO,0.01,0.06,0.01,0.06,0.01,0.01,3,1605502800000000000,4,15.96,15.93,16.1,15.01,16.1,18.15,19.66,19.66,0.0009,0.01,0.06
O:PLTR201127C00004000,2020-11-23,2020-11-27,PLTR,C,4.0,4,3.98,4.25,-81.35,YES,4.12,19.18,3.98,18.55,4.25,3.98,2,1606107600000000000,4,18.63,21.04,21.45,18.57,21.45,27.66,33.5,33.5,0.0009,4.12,19.81
O:PLTR201127C00005000,2020-11-23,2020-11-27,PLTR,C,5.0,1,3.95,3.95,-76.69,YES,3.95,18.41,3.95,18.41,3.95,3.95,1,1606107600000000000,4,18.63,21.04,21.45,18.57,21.45,27.66,33.5,33.5,0.0009,3.95,18.41
O:PLTR201127C00008000,2020-11-23,2020-11-27,PLTR,C,8.0,1,3.0,3.0,-62.7,YES,3.0,13.99,3.0,13.99,3.0,3.0,1,1606107600000000000,4,18.63,21.04,21.45,18.57,21.45,27.66,33.5,33.5,0.0009,3.0,13.99
O:PLTR201127C00009000,2020-11-23,2020-11-27,PLTR,C,9.0,5,2.75,2.75,-58.04,YES,2.75,12.82,2.75,12.82,2.75,2.75,1,1606107600000000000,4,18.63,21.04,21.45,18.57,21.45,27.66,33.5,33.5,0.0009,2.75,12.82
O:PLTR201127C00009500,2020-11-23,2020-11-27,PLTR,C,9.5,1,2.45,2.45,-55.71,YES,2.45,11.42,2.45,11.42,2.45,2.45,1,1606107600000000000,4,18.63,21.04,21.45,18.57,21.45,27.66,33.5,33.5,0.0009,2.45,11.42
O:PLTR201127C00010000,2020-11-23,2020-11-27,PLTR,C,10.0,48,2.15,2.75,-53.38,YES,2.45,11.42,2.15,10.02,2.75,2.15,19,1606107600000000000,4,18.63,21.04,21.45,18.57,21.45,27.66,33.5,33.5,0.0009,2.45,12.82
O:PLTR201127C00010500,2020-11-23,2020-11-27,PLTR,C,10.5,4,2.58,2.62,-51.05,YES,2.6,12.12,2.58,12.03,2.62,2.58,3,1606107600000000000,4,18.63,21.04,21.45,18.57,21.45,27.66,33.5,33.5,0.0009,2.6,12.21
O:PLTR201127C00011000,2020-11-23,2020-11-27,PLTR,C,11.0,11,2.22,2.5,-48.72,YES,2.36,11.0,2.22,10.35,2.5,2.22,5,1606107600000000000,4,18.63,21.04,21.45,18.57,21.45,27.66,33.5,33.5,0.0009,2.36,11.66
O:PLTR201127C00011500,2020-11-23,2020-11-27,PLTR,C,11.5,4,1.78,2.33,-46.39,YES,2.06,9.58,1.78,8.3,2.33,1.78,4,1606107600000000000,4,18.63,21.04,21.45,18.57,21.45,27.66,33.5,33.5,0.0009,2.06,10.86
O:PLTR201127C00012000,2020-11-23,2020-11-27,PLTR,C,12.0,22,1.95,2.24,-44.06,YES,2.1,9.77,1.95,9.09,2.24,1.95,9,1606107600000000000,4,18.63,21.04,21.45,18.57,21.45,27.66,33.5,33.5,0.0009,2.1,10.44
O:PLTR201127C00012500,2020-11-23,2020-11-27,PLTR,C,12.5,22,1.81,2.12,-41.72,YES,1.98,9.21,1.75,8.16,2.2,1.75,12,1606107600000000000,4,18.63,21.04,21.45,18.57,21.45,27.66,33.5,33.5,0.0009,1.98,10.26
O:PLTR201127C00013000,2020-11-23,2020-11-27,PLTR,C,13.0,18,1.52,2.0,-39.39,YES,1.76,8.21,1.52,7.09,2.0,1.52,6,1606107600000000000,4,18.63,21.04,21.45,18.57,21.45,27.66,33.5,33.5,0.0009,1.76,9.32
O:PLTR201127C00013500,2020-11-23,2020-11-27,PLTR,C,13.5,41,1.32,1.88,-37.06,YES,1.6,7.46,1.32,6.15,1.88,1.32,16,1606107600000000000,4,18.63,21.04,21.45,18.57,21.45,27.66,33.5,33.5,0.0009,1.6,8.76
O:PLTR201127C00014000,2020-11-23,2020-11-27,PLTR,C,14.0,50,1.2,1.84,-34.73,YES,1.52,7.11,1.2,5.59,1.85,1.2,36,1606107600000000000,4,18.63,21.04,21.45,18.57,21.45,27.66,33.5,33.5,0.0009,1.52,8.62
O:PLTR201127C00014500,2020-11-23,2020-11-27,PLTR,C,14.5,65,1.1,1.62,-32.4,YES,1.34,6.22,1.05,4.9,1.62,1.05,34,1606107600000000000,4,18.63,21.04,21.45,18.57,21.45,27.66,33.5,33.5,0.0009,1.34,7.55
O:PLTR201127C00015000,2020-11-23,2020-11-27,PLTR,C,15.0,776,0.9,1.5,-30.07,YES,1.21,5.64,0.9,4.2,1.52,0.9,173,1606107600000000000,4,18.63,21.04,21.45,18.57,21.45,27.66,33.5,33.5,0.0009,1.21,7.09
O:PLTR201127C00016000,2020-11-23,2020-11-27,PLTR,C,16.0,865,0.66,1.25,-25.41,YES,1.01,4.71,0.66,3.08,1.36,0.66,251,1606107600000000000,4,18.63,21.04,21.45,18.57,21.45,27.66,33.5,33.5,0.0009,1.01,6.34
O:PLTR201127C00017000,2020-11-23,2020-11-27,PLTR,C,17.0,5834,0.48,1.0,-20.75,YES,0.8,3.71,0.48,2.24,1.11,0.48,517,1606107600000000000,4,18.63,21.04,21.45,18.57,21.45,27.66,33.5,33.5,0.0009,0.8,5.17
O:PLTR201127C00018000,2020-11-23,2020-11-27,PLTR,C,18.0,6689,0.34,0.79,-16.08,YES,0.6,2.8,0.32,1.49,0.88,0.32,1421,1606107600000000000,4,18.63,21.04,21.45,18.57,21.45,27.66,33.5,33.5,0.0009,0.6,4.1
O:PLTR201127C00019000,2020-11-23,2020-11-27,PLTR,C,19.0,16940,0.22,0.6,-11.42,YES,0.43,2.0,0.19,0.89,0.67,0.19,3549,1606107600000000000,4,18.63,21.04,21.45,18.57,21.45,27.66,33.5,33.5,0.0009,0.43,3.12
O:PLTR201127C00020000,2020-11-23,2020-11-27,PLTR,C,20.0,53702,0.16,0.41,-6.76,YES,0.31,1.45,0.12,0.56,0.5,0.12,10015,1606107600000000000,4,18.63,21.04,21.45,18.57,21.45,27.66,33.5,33.5,0.0009,0.31,2.33
O:PLTR201127C00021000,2020-11-23,2020-11-27,PLTR,C,21.0,23362,0.11,0.3,-2.1,YES,0.22,1.03,0.09,0.42,0.35,0.09,4603,1606107600000000000,4,18.63,21.04,21.45,18.57,21.45,27.66,33.5,33.5,0.0009,0.22,1.63
O:PLTR201127C00021500,2020-11-23,2020-11-27,PLTR,C,21.5,9742,0.09,0.24,0.23,NO,0.19,0.89,0.08,0.37,0.3,0.08,1775,1606107600000000000,4,18.63,21.04,21.45,18.57,21.45,27.66,33.5,33.5,0.0009,0.19,1.4
O:PLTR201127C00022000,2020-11-23,2020-11-27,PLTR,C,22.0,11793,0.06,0.2,2.56,NO,0.16,0.72,0.06,0.28,0.25,0.06,2054,1606107600000000000,4,18.63,21.04,21.45,18.57,21.45,27.66,33.5,33.5,0.0009,0.16,1.17
O:PLTR201127C00022500,2020-11-23,2020-11-27,PLTR,C,22.5,3761,0.05,0.17,4.9,NO,0.13,0.61,0.05,0.23,0.21,0.05,755,1606107600000000000,4,18.63,21.04,21.45,18.57,21.45,27.66,33.5,33.5,0.0009,0.13,0.98
O:PLTR201127C00023000,2020-11-23,2020-11-27,PLTR,C,23.0,4886,0.05,0.15,7.23,NO,0.11,0.51,0.04,0.19,0.18,0.04,863,1606107600000000000,4,18.63,21.04,21.45,18.57,21.45,27.66,33.5,33.5,0.0009,0.11,0.84
O:PLTR201127C00024000,2020-11-23,2020-11-27,PLTR,C,24.0,5298,0.04,0.1,11.89,NO,0.08,0.37,0.02,0.09,0.14,0.02,713,1606107600000000000,4,18.63,21.04,21.45,18.57,21.45,27.66,33.5,33.5,0.0009,0.08,0.65
O:PLTR201127C00025000,2020-11-23,2020-11-27,PLTR,C,25.0,8015,0.04,0.08,16.55,NO,0.06,0.26,0.02,0.09,0.09,0.02,986,1606107600000000000,4,18.63,21.04,21.45,18.57,21.45,27.66,33.5,33.5,0.0009,0.06,0.42
O:PLTR201127C00026000,2020-11-23,2020-11-27,PLTR,C,26.0,1178,0.02,0.04,21.21,NO,0.03,0.16,0.01,0.05,0.06,0.01,228,1606107600000000000,4,18.63,21.04,21.45,18.57,21.45,27.66,33.5,33.5,0.0009,0.03,0.28
O:PLTR201127C00027000,2020-11-23,2020-11-27,PLTR,C,27.0,1054,0.02,0.04,25.87,NO,0.03,0.14,0.01,0.05,0.05,0.01,148,1606107600000000000,4,18.63,21.04,21.45,18.57,21.45,27.66,33.5,33.5,0.0009,0.03,0.23
O:PLTR201127C00028000,2020-11-23,2020-11-27,PLTR,C,28.0,417,0.02,0.02,30.54,NO,0.02,0.12,0.01,0.05,0.04,0.01,89,1606107600000000000,4,18.63,21.04,21.45,18.57,21.45,27.66,33.5,33.5,0.0009,0.02,0.19
O:PLTR201127C00029000,2020-11-23,2020-11-27,PLTR,C,29.0,148,0.02,0.02,35.2,NO,0.02,0.07,0.01,0.05,0.02,0.01,38,1606107600000000000,4,18.63,21.04,21.45,18.57,21.45,27.66,33.5,33.5,0.0009,0.02,0.09
O:PLTR201127C00030000,2020-11-23,2020-11-27,PLTR,C,30.0,1479,0.02,0.01,39.86,NO,0.02,0.07,0.01,0.05,0.02,0.01,100,1606107600000000000,4,18.63,21.04,21.45,18.57,21.45,27.66,33.5,33.5,0.0009,0.02,0.09
O:PLTR201127C00035000,2020-11-23,2020-11-27,PLTR,C,35.0,146,0.01,0.01,63.17,NO,0.0,0.02,0.0,0.0,0.01,0.0,15,1606107600000000000,4,18.63,21.04,21.45,18.57,21.45,27.66,33.5,33.5,0.0009,0.0,0.05
O:PLTR201204C00004500,2020-11-30,2020-12-04,PLTR,C,4.5,262,6.2,5.65,-85.07,YES,5.72,18.96,5.08,16.85,6.35,5.08,51,1606712400000000000,4,28.24,27.11,30.15,24.11,30.15,23.85,25.24,25.24,0.0009,5.72,21.06
O:PLTR201204C00005000,2020-11-30,2020-12-04,PLTR,C,5.0,13,5.22,5.52,-83.42,YES,5.37,17.81,5.22,17.31,5.52,5.22,3,1606712400000000000,4,28.24,27.11,30.15,24.11,30.15,23.85,25.24,25.24,0.0009,5.37,18.31
O:PLTR201204C00005500,2020-11-30,2020-12-04,PLTR,C,5.5,17,5.95,5.5,-81.76,YES,5.34,17.69,4.72,15.66,5.95,4.72,6,1606712400000000000,4,28.24,27.11,30.15,24.11,30.15,23.85,25.24,25.24,0.0009,5.34,19.73
O:PLTR201204C00006000,2020-11-30,2020-12-04,PLTR,C,6.0,45,5.4,5.3,-80.1,YES,5.26,17.45,5.12,16.98,5.4,5.12,9,1606712400000000000,4,28.24,27.11,30.15,24.11,30.15,23.85,25.24,25.24,0.0009,5.26,17.91
O:PLTR201204C00006500,2020-11-30,2020-12-04,PLTR,C,6.5,2,5.1,5.1,-78.44,YES,5.1,16.92,5.1,16.92,5.1,5.1,1,1606712400000000000,4,28.24,27.11,30.15,24.11,30.15,23.85,25.24,25.24,0.0009,5.1,16.92
O:PLTR201204C00007000,2020-11-30,2020-12-04,PLTR,C,7.0,45,5.68,5.03,-76.78,YES,5.2,17.25,4.72,15.66,5.68,4.72,8,1606712400000000000,4,28.24,27.11,30.15,24.11,30.15,23.85,25.24,25.24,0.0009,5.2,18.84
O:PLTR201204C00008000,2020-11-30,2020-12-04,PLTR,C,8.0,20,4.6,4.68,-73.47,YES,4.66,15.46,4.6,15.26,4.72,4.6,5,1606712400000000000,4,28.24,27.11,30.15,24.11,30.15,23.85,25.24,25.24,0.0009,4.66,15.66
O:PLTR201204C00008500,2020-11-30,2020-12-04,PLTR,C,8.5,73,5.28,4.65,-71.81,YES,4.89,16.22,4.5,14.93,5.28,4.5,12,1606712400000000000,4,28.24,27.11,30.15,24.11,30.15,23.85,25.24,25.24,0.0009,4.89,17.51
O:PLTR201204C00009500,2020-11-30,2020-12-04,PLTR,C,9.5,254,4.9,4.37,-68.49,YES,4.49,14.89,4.08,13.53,4.9,4.08,37,1606712400000000000,4,28.24,27.11,30.15,24.11,30.15,23.85,25.24,25.24,0.0009,4.49,16.25
O:PLTR201204C00010000,2020-11-30,2020-12-04,PLTR,C,10.0,244,4.28,4.22,-66.83,YES,4.2,13.93,4.12,13.67,4.28,4.12,28,1606712400000000000,4,28.24,27.11,30.15,24.11,30.15,23.85,25.24,25.24,0.0009,4.2,14.2
O:PLTR201204C00010500,2020-11-30,2020-12-04,PLTR,C,10.5,34,4.42,4.15,-65.17,YES,4.25,14.1,4.08,13.53,4.42,4.08,6,1606712400000000000,4,28.24,27.11,30.15,24.11,30.15,23.85,25.24,25.24,0.0009,4.25,14.66
O:PLTR201204C00011000,2020-11-30,2020-12-04,PLTR,C,11.0,312,4.65,4.0,-63.52,YES,4.16,13.78,3.66,12.14,4.65,3.66,36,1606712400000000000,4,28.24,27.11,30.15,24.11,30.15,23.85,25.24,25.24,0.0009,4.16,15.42
O:PLTR201204C00011500,2020-11-30,2020-12-04,PLTR,C,11.5,33,4.45,3.85,-61.86,YES,4.12,13.68,3.8,12.6,4.45,3.8,11,1606712400000000000,4,28.24,27.11,30.15,24.11,30.15,23.85,25.24,25.24,0.0009,4.12,14.76
O:PLTR201204C00012000,2020-11-30,2020-12-04,PLTR,C,12.0,53,4.05,3.72,-60.2,YES,3.9,12.94,3.38,11.21,4.42,3.38,15,1606712400000000000,4,28.24,27.11,30.15,24.11,30.15,23.85,25.24,25.24,0.0009,3.9,14.66
O:PLTR201204C00012500,2020-11-30,2020-12-04,PLTR,C,12.5,26,3.99,3.7,-58.54,YES,3.69,12.24,3.39,11.24,3.99,3.39,8,1606712400000000000,4,28.24,27.11,30.15,24.11,30.15,23.85,25.24,25.24,0.0009,3.69,13.23
O:PLTR201204C00013000,2020-11-30,2020-12-04,PLTR,C,13.0,9,3.55,3.62,-56.88,YES,3.56,11.81,3.5,11.61,3.62,3.5,3,1606712400000000000,4,28.24,27.11,30.15,24.11,30.15,23.85,25.24,25.24,0.0009,3.56,12.01
O:PLTR201204C00013500,2020-11-30,2020-12-04,PLTR,C,13.5,75,3.72,3.35,-55.22,YES,3.42,11.36,2.82,9.35,4.03,2.82,14,1606712400000000000,4,28.24,27.11,30.15,24.11,30.15,23.85,25.24,25.24,0.0009,3.42,13.37
O:PLTR201204C00014000,2020-11-30,2020-12-04,PLTR,C,14.0,152,3.55,3.35,-53.57,YES,3.34,11.08,2.68,8.89,4.0,2.68,23,1606712400000000000,4,28.24,27.11,30.15,24.11,30.15,23.85,25.24,25.24,0.0009,3.34,13.27
O:PLTR201204C00014500,2020-11-30,2020-12-04,PLTR,C,14.5,46,3.65,3.07,-51.91,YES,3.1,10.28,2.55,8.46,3.65,2.55,15,1606712400000000000,4,28.24,27.11,30.15,24.11,30.15,23.85,25.24,25.24,0.0009,3.1,12.11
O:PLTR201204C00015000,2020-11-30,2020-12-04,PLTR,C,15.0,140,3.32,3.12,-50.25,YES,3.03,10.03,2.45,8.13,3.6,2.45,30,1606712400000000000,4,28.24,27.11,30.15,24.11,30.15,23.85,25.24,25.24,0.0009,3.03,11.94
O:PLTR201204C00015500,2020-11-30,2020-12-04,PLTR,C,15.5,101,3.55,2.82,-48.59,YES,2.94,9.75,2.33,7.73,3.55,2.33,25,1606712400000000000,4,28.24,27.11,30.15,24.11,30.15,23.85,25.24,25.24,0.0009,2.94,11.77
O:PLTR201204C00016000,2020-11-30,2020-12-04,PLTR,C,16.0,410,3.07,2.75,-46.93,YES,2.85,9.45,2.2,7.3,3.5,2.2,77,1606712400000000000,4,28.24,27.11,30.15,24.11,30.15,23.85,25.24,25.24,0.0009,2.85,11.61
O:PLTR201204C00016500,2020-11-30,2020-12-04,PLTR,C,16.5,362,3.28,2.6,-45.27,YES,2.66,8.82,2.04,6.77,3.28,2.04,65,1606712400000000000,4,28.24,27.11,30.15,24.11,30.15,23.85,25.24,25.24,0.0009,2.66,10.88
O:PLTR201204C00017000,2020-11-30,2020-12-04,PLTR,C,17.0,233,3.1,2.5,-43.62,YES,2.48,8.23,1.84,6.1,3.12,1.84,50,1606712400000000000,4,28.24,27.11,30.15,24.11,30.15,23.85,25.24,25.24,0.0009,2.48,10.35
O:PLTR201204C00017500,2020-11-30,2020-12-04,PLTR,C,17.5,392,2.62,2.38,-41.96,YES,2.62,8.71,2.17,7.2,3.08,2.17,72,1606712400000000000,4,28.24,27.11,30.15,24.11,30.15,23.85,25.24,25.24,0.0009,2.62,10.22
O:PLTR201204C00018000,2020-11-30,2020-12-04,PLTR,C,18.0,443,3.0,2.24,-40.3,YES,2.28,7.55,1.55,5.14,3.0,1.55,90,1606712400000000000,4,28.24,27.11,30.15,24.11,30.15,23.85,25.24,25.24,0.0009,2.28,9.95
O:PLTR201204C00019000,2020-11-30,2020-12-04,PLTR,C,19.0,277,2.33,1.98,-36.98,YES,2.05,6.8,1.4,4.64,2.7,1.4,115,1606712400000000000,4,28.24,27.11,30.15,24.11,30.15,23.85,25.24,25.24,0.0009,2.05,8.96
O:PLTR201204C00020000,2020-11-30,2020-12-04,PLTR,C,20.0,1820,2.35,1.78,-33.67,YES,1.84,6.12,1.14,3.78,2.55,1.14,285,1606712400000000000,4,28.24,27.11,30.15,24.11,30.15,23.85,25.24,25.24,0.0009,1.84,8.46
O:PLTR201204C00021000,2020-11-30,2020-12-04,PLTR,C,21.0,321,1.88,1.52,-30.35,YES,1.64,5.44,0.95,3.15,2.33,0.95,111,1606712400000000000,4,28.24,27.11,30.15,24.11,30.15,23.85,25.24,25.24,0.0009,1.64,7.73
O:PLTR201204C00021500,2020-11-30,2020-12-04,PLTR,C,21.5,191,1.75,1.42,-28.69,YES,1.56,5.17,0.95,3.15,2.17,0.95,77,1606712400000000000,4,28.24,27.11,30.15,24.11,30.15,23.85,25.24,25.24,0.0009,1.56,7.2
O:PLTR201204C00022000,2020-11-30,2020-12-04,PLTR,C,22.0,965,1.62,1.25,-27.03,YES,1.46,4.83,0.81,2.69,2.1,0.81,181,1606712400000000000,4,28.24,27.11,30.15,24.11,30.15,23.85,25.24,25.24,0.0009,1.46,6.97
O:PLTR201204C00022500,2020-11-30,2020-12-04,PLTR,C,22.5,494,1.58,1.2,-25.37,YES,1.34,4.43,0.72,2.39,1.95,0.72,117,1606712400000000000,4,28.24,27.11,30.15,24.11,30.15,23.85,25.24,25.24,0.0009,1.34,6.47
O:PLTR201204C00023000,2020-11-30,2020-12-04,PLTR,C,23.0,2347,1.45,1.08,-23.71,YES,1.25,4.15,0.62,2.06,1.88,0.62,313,1606712400000000000,4,28.24,27.11,30.15,24.11,30.15,23.85,25.24,25.24,0.0009,1.25,6.24
O:PLTR201204C00024000,2020-11-30,2020-12-04,PLTR,C,24.0,1625,1.3,0.88,-20.4,YES,1.09,3.62,0.5,1.66,1.68,0.5,407,1606712400000000000,4,28.24,27.11,30.15,24.11,30.15,23.85,25.24,25.24,0.0009,1.09,5.57
O:PLTR201204C00025000,2020-11-30,2020-12-04,PLTR,C,25.0,5810,1.2,0.74,-17.08,YES,0.99,3.28,0.4,1.33,1.58,0.4,1405,1606712400000000000,4,28.24,27.11,30.15,24.11,30.15,23.85,25.24,25.24,0.0009,0.99,5.24
O:PLTR201204C00026000,2020-11-30,2020-12-04,PLTR,C,26.0,8670,1.02,0.59,-13.76,YES,0.84,2.77,0.34,1.13,1.33,0.34,2091,1606712400000000000,4,28.24,27.11,30.15,24.11,30.15,23.85,25.24,25.24,0.0009,0.84,4.41
O:PLTR201204C00027000,2020-11-30,2020-12-04,PLTR,C,27.0,14825,0.91,0.48,-10.45,YES,0.73,2.42,0.26,0.86,1.2,0.26,3838,1606712400000000000,4,28.24,27.11,30.15,24.11,30.15,23.85,25.24,25.24,0.0009,0.73,3.98
O:PLTR201204C00028000,2020-11-30,2020-12-04,PLTR,C,28.0,17684,0.81,0.38,-7.13,YES,0.64,2.14,0.21,0.7,1.08,0.21,3985,1606712400000000000,4,28.24,27.11,30.15,24.11,30.15,23.85,25.24,25.24,0.0009,0.64,3.58
O:PLTR201204C00029000,2020-11-30,2020-12-04,PLTR,C,29.0,12404,0.7,0.3,-3.81,YES,0.6,1.97,0.19,0.63,1.0,0.19,3435,1606712400000000000,4,28.24,27.11,30.15,24.11,30.15,23.85,25.24,25.24,0.0009,0.6,3.32
O:PLTR201204C00030000,2020-11-30,2020-12-04,PLTR,C,30.0,54902,0.64,0.25,-0.5,YES,0.53,1.76,0.15,0.5,0.91,0.15,12277,1606712400000000000,4,28.24,27.11,30.15,24.11,30.15,23.85,25.24,25.24,0.0009,0.53,3.02
O:PLTR201204C00031000,2020-11-30,2020-12-04,PLTR,C,31.0,13232,0.56,0.19,2.82,NO,0.46,1.53,0.14,0.46,0.78,0.14,2768,1606712400000000000,4,28.24,27.11,30.15,24.11,30.15,23.85,25.24,25.24,0.0009,0.46,2.59
O:PLTR201204C00032000,2020-11-30,2020-12-04,PLTR,C,32.0,15179,0.48,0.15,6.14,NO,0.41,1.36,0.11,0.36,0.71,0.11,3035,1606712400000000000,4,28.24,27.11,30.15,24.11,30.15,23.85,25.24,25.24,0.0009,0.41,2.35
O:PLTR201204C00033000,2020-11-30,2020-12-04,PLTR,C,33.0,9622,0.45,0.13,9.45,NO,0.36,1.21,0.09,0.3,0.64,0.09,2318,1606712400000000000,4,28.24,27.11,30.15,24.11,30.15,23.85,25.24,25.24,0.0009,0.36,2.12
O:PLTR201204C00034000,2020-11-30,2020-12-04,PLTR,C,34.0,6303,0.39,0.1,12.77,NO,0.33,1.11,0.08,0.27,0.59,0.08,1631,1606712400000000000,4,28.24,27.11,30.15,24.11,30.15,23.85,25.24,25.24,0.0009,0.33,1.96
O:PLTR201204C00035000,2020-11-30,2020-12-04,PLTR,C,35.0,18981,0.35,0.09,16.09,NO,0.28,0.93,0.06,0.2,0.5,0.06,3670,1606712400000000000,4,28.24,27.11,30.15,24.11,30.15,23.85,25.24,25.24,0.0009,0.28,1.66
O:PLTR201204C00036000,2020-11-30,2020-12-04,PLTR,C,36.0,3025,0.31,0.06,19.4,NO,0.26,0.88,0.05,0.17,0.48,0.05,834,1606712400000000000,4,28.24,27.11,30.15,24.11,30.15,23.85,25.24,25.24,0.0009,0.26,1.59
O:PLTR201204C00037000,2020-11-30,2020-12-04,PLTR,C,37.0,2194,0.26,0.06,22.72,NO,0.22,0.75,0.05,0.17,0.4,0.05,599,1606712400000000000,4,28.24,27.11,30.15,24.11,30.15,23.85,25.24,25.24,0.0009,0.22,1.33
O:PLTR201204C00038000,2020-11-30,2020-12-04,PLTR,C,38.0,2248,0.24,0.05,26.04,NO,0.19,0.65,0.04,0.13,0.35,0.04,566,1606712400000000000,4,28.24,27.11,30.15,24.11,30.15,23.85,25.24,25.24,0.0009,0.19,1.16
O:PLTR201204C00039000,2020-11-30,2020-12-04,PLTR,C,39.0,4021,0.22,0.04,29.35,NO,0.18,0.6,0.04,0.13,0.32,0.04,460,1606712400000000000,4,28.24,27.11,30.15,24.11,30.15,23.85,25.24,25.24,0.0009,0.18,1.06
O:PLTR201204C00040000,2020-11-30,2020-12-04,PLTR,C,40.0,20848,0.2,0.04,32.67,NO,0.16,0.53,0.02,0.07,0.3,0.02,4142,1606712400000000000,4,28.24,27.11,30.15,24.11,30.15,23.85,25.24,25.24,0.0009,0.16,1.0
O:PLTR201204C00041000,2020-11-30,2020-12-04,PLTR,C,41.0,1328,0.16,0.02,35.99,NO,0.15,0.5,0.02,0.07,0.28,0.02,335,1606712400000000000,4,28.24,27.11,30.15,24.11,30.15,23.85,25.24,25.24,0.0009,0.15,0.93
O:PLTR201204C00042000,2020-11-30,2020-12-04,PLTR,C,42.0,676,0.12,0.02,39.3,NO,0.13,0.43,0.02,0.07,0.24,0.02,224,1606712400000000000,4,28.24,27.11,30.15,24.11,30.15,23.85,25.24,25.24,0.0009,0.13,0.8
O:PLTR201204C00043000,2020-11-30,2020-12-04,PLTR,C,43.0,2894,0.15,0.02,42.62,NO,0.12,0.4,0.02,0.07,0.22,0.02,341,1606712400000000000,4,28.24,27.11,30.15,24.11,30.15,23.85,25.24,25.24,0.0009,0.12,0.73
O:PLTR201204C00044000,2020-11-30,2020-12-04,PLTR,C,44.0,6254,0.12,0.02,45.94,NO,0.1,0.35,0.01,0.03,0.2,0.01,1079,1606712400000000000,4,28.24,27.11,30.15,24.11,30.15,23.85,25.24,25.24,0.0009,0.1,0.66
O:PLTR201204C00045000,2020-11-30,2020-12-04,PLTR,C,45.0,685,0.12,0.01,49.25,NO,0.1,0.33,0.01,0.03,0.19,0.01,170,1606712400000000000,4,28.24,27.11,30.15,24.11,30.15,23.85,25.24,25.24,0.0009,0.1,0.63
O:PLTR201204C00046000,2020-11-30,2020-12-04,PLTR,C,46.0,1607,0.12,0.01,52.57,NO,0.08,0.28,0.01,0.03,0.16,0.01,102,1606712400000000000,4,28.24,27.11,30.15,24.11,30.15,23.85,25.24,25.24,0.0009,0.08,0.53
O:PLTR201204C00047000,2020-11-30,2020-12-04,PLTR,C,47.0,79,0.11,0.01,55.89,NO,0.06,0.22,0.01,0.03,0.12,0.01,27,1606712400000000000,4,28.24,27.11,30.15,24.11,30.15,23.85,25.24,25.24,0.0009,0.06,0.4
O:PLTR201204C00048000,2020-11-30,2020-12-04,PLTR,C,48.0,211,0.06,0.01,59.2,NO,0.06,0.22,0.01,0.03,0.12,0.01,71,1606712400000000000,4,28.24,27.11,30.15,24.11,30.15,23.85,25.24,25.24,0.0009,0.06,0.4
O:PLTR201204C00049000,2020-11-30,2020-12-04,PLTR,C,49.0,134,0.1,0.01,62.52,NO,0.06,0.18,0.01,0.03,0.1,0.01,42,1606712400000000000,4,28.24,27.11,30.15,24.11,30.15,23.85,25.24,25.24,0.0009,0.06,0.33
O:PLTR201204C00050000,2020-11-30,2020-12-04,PLTR,C,50.0,2262,0.05,0.01,65.84,NO,0.05,0.17,0.0,0.0,0.1,0.0,398,1606712400000000000,4,28.24,27.11,30.15,24.11,30.15,23.85,25.24,25.24,0.0009,0.05,0.33
O:PLTR201211C00004500,2020-12-07,2020-12-11,PLTR,C,4.5,20,5.42,5.81,-84.48,YES,5.6,19.33,5.4,18.62,5.81,5.4,4,1607317200000000000,4,24.44,28.94,29.0,24.44,29.0,27.2,28.27,28.27,0.0009,5.6,20.03
O:PLTR201211C00008500,2020-12-07,2020-12-11,PLTR,C,8.5,1,4.34,4.34,-70.69,YES,4.34,14.97,4.34,14.97,4.34,4.34,1,1607317200000000000,4,24.44,28.94,29.0,24.44,29.0,27.2,28.27,28.27,0.0009,4.34,14.97
O:PLTR201211C00010500,2020-12-07,2020-12-11,PLTR,C,10.5,1,4.1,4.1,-63.79,YES,4.1,14.14,4.1,14.14,4.1,4.1,1,1607317200000000000,4,24.44,28.94,29.0,24.44,29.0,27.2,28.27,28.27,0.0009,4.1,14.14
O:PLTR201211C00011000,2020-12-07,2020-12-11,PLTR,C,11.0,2,3.91,3.96,-62.07,YES,3.94,13.57,3.91,13.48,3.96,3.91,2,1607317200000000000,4,24.44,28.94,29.0,24.44,29.0,27.2,28.27,28.27,0.0009,3.94,13.66
O:PLTR201211C00011500,2020-12-07,2020-12-11,PLTR,C,11.5,23,3.78,4.06,-60.34,YES,3.92,13.52,3.78,13.03,4.06,3.78,5,1607317200000000000,4,24.44,28.94,29.0,24.44,29.0,27.2,28.27,28.27,0.0009,3.92,14.0
O:PLTR201211C00012000,2020-12-07,2020-12-11,PLTR,C,12.0,2,3.49,3.49,-58.62,YES,3.49,12.03,3.49,12.03,3.49,3.49,1,1607317200000000000,4,24.44,28.94,29.0,24.44,29.0,27.2,28.27,28.27,0.0009,3.49,12.03
O:PLTR201211C00013000,2020-12-07,2020-12-11,PLTR,C,13.0,19,3.56,3.66,-55.17,YES,3.61,12.45,3.56,12.28,3.66,3.56,7,1607317200000000000,4,24.44,28.94,29.0,24.44,29.0,27.2,28.27,28.27,0.0009,3.61,12.62
O:PLTR201211C00013500,2020-12-07,2020-12-11,PLTR,C,13.5,3,3.01,3.01,-53.45,YES,3.01,10.38,3.01,10.38,3.01,3.01,2,1607317200000000000,4,24.44,28.94,29.0,24.44,29.0,27.2,28.27,28.27,0.0009,3.01,10.38
O:PLTR201211C00014000,2020-12-07,2020-12-11,PLTR,C,14.0,23,3.26,3.4,-51.72,YES,3.33,11.48,3.26,11.24,3.4,3.26,5,1607317200000000000,4,24.44,28.94,29.0,24.44,29.0,27.2,28.27,28.27,0.0009,3.33,11.72
O:PLTR201211C00014500,2020-12-07,2020-12-11,PLTR,C,14.5,42,2.61,3.38,-50.0,YES,3.0,10.33,2.61,9.0,3.38,2.61,14,1607317200000000000,4,24.44,28.94,29.0,24.44,29.0,27.2,28.27,28.27,0.0009,3.0,11.66
O:PLTR201211C00015000,2020-12-07,2020-12-11,PLTR,C,15.0,191,2.48,3.19,-48.28,YES,2.84,9.78,2.48,8.55,3.19,2.48,35,1607317200000000000,4,24.44,28.94,29.0,24.44,29.0,27.2,28.27,28.27,0.0009,2.84,11.0
O:PLTR201211C00015500,2020-12-07,2020-12-11,PLTR,C,15.5,7,3.02,3.0,-46.55,YES,2.94,10.14,2.82,9.72,3.06,2.82,4,1607317200000000000,4,24.44,28.94,29.0,24.44,29.0,27.2,28.27,28.27,0.0009,2.94,10.55
O:PLTR201211C00016000,2020-12-07,2020-12-11,PLTR,C,16.0,14,2.12,2.92,-44.83,YES,2.52,8.69,2.12,7.31,2.92,2.12,7,1607317200000000000,4,24.44,28.94,29.0,24.44,29.0,27.2,28.27,28.27,0.0009,2.52,10.07
O:PLTR201211C00016500,2020-12-07,2020-12-11,PLTR,C,16.5,28,2.1,2.68,-43.1,YES,2.39,8.24,2.1,7.24,2.68,2.1,6,1607317200000000000,4,24.44,28.94,29.0,24.44,29.0,27.2,28.27,28.27,0.0009,2.39,9.24
O:PLTR201211C00017000,2020-12-07,2020-12-11,PLTR,C,17.0,25,1.95,2.96,-41.38,YES,2.46,8.47,1.95,6.72,2.96,1.95,6,1607317200000000000,4,24.44,28.94,29.0,24.44,29.0,27.2,28.27,28.27,0.0009,2.46,10.21
O:PLTR201211C00017500,2020-12-07,2020-12-11,PLTR,C,17.5,26,1.86,2.56,-39.66,YES,2.24,7.71,1.86,6.41,2.61,1.86,14,1607317200000000000,4,24.44,28.94,29.0,24.44,29.0,27.2,28.27,28.27,0.0009,2.24,9.0
O:PLTR201211C00018000,2020-12-07,2020-12-11,PLTR,C,18.0,839,1.69,2.74,-37.93,YES,2.22,7.64,1.69,5.83,2.74,1.69,160,1607317200000000000,4,24.44,28.94,29.0,24.44,29.0,27.2,28.27,28.27,0.0009,2.22,9.45
O:PLTR201211C00019000,2020-12-07,2020-12-11,PLTR,C,19.0,58,1.5,2.49,-34.48,YES,2.0,6.88,1.5,5.17,2.49,1.5,32,1607317200000000000,4,24.44,28.94,29.0,24.44,29.0,27.2,28.27,28.27,0.0009,2.0,8.59
O:PLTR201211C00020000,2020-12-07,2020-12-11,PLTR,C,20.0,521,1.25,2.12,-31.03,YES,1.65,5.69,1.18,4.07,2.12,1.18,121,1607317200000000000,4,24.44,28.94,29.0,24.44,29.0,27.2,28.27,28.27,0.0009,1.65,7.31
O:PLTR201211C00021000,2020-12-07,2020-12-11,PLTR,C,21.0,216,0.95,1.96,-27.59,YES,1.46,5.02,0.95,3.28,1.96,0.95,90,1607317200000000000,4,24.44,28.94,29.0,24.44,29.0,27.2,28.27,28.27,0.0009,1.46,6.76
O:PLTR201211C00021500,2020-12-07,2020-12-11,PLTR,C,21.5,382,0.79,1.88,-25.86,YES,1.34,4.6,0.79,2.72,1.88,0.79,84,1607317200000000000,4,24.44,28.94,29.0,24.44,29.0,27.2,28.27,28.27,0.0009,1.34,6.48
O:PLTR201211C00022000,2020-12-07,2020-12-11,PLTR,C,22.0,756,0.65,1.71,-24.14,YES,1.18,4.07,0.65,2.24,1.71,0.65,210,1607317200000000000,4,24.44,28.94,29.0,24.44,29.0,27.2,28.27,28.27,0.0009,1.18,5.9
O:PLTR201211C00022500,2020-12-07,2020-12-11,PLTR,C,22.5,1135,0.68,1.61,-22.41,YES,1.12,3.86,0.63,2.17,1.61,0.63,240,1607317200000000000,4,24.44,28.94,29.0,24.44,29.0,27.2,28.27,28.27,0.0009,1.12,5.55
O:PLTR201211C00023000,2020-12-07,2020-12-11,PLTR,C,23.0,2074,0.52,1.52,-20.69,YES,1.02,3.52,0.52,1.79,1.52,0.52,610,1607317200000000000,4,24.44,28.94,29.0,24.44,29.0,27.2,28.27,28.27,0.0009,1.02,5.24
O:PLTR201211C00024000,2020-12-07,2020-12-11,PLTR,C,24.0,9448,0.38,1.29,-17.24,YES,0.84,2.91,0.38,1.31,1.31,0.38,2249,1607317200000000000,4,24.44,28.94,29.0,24.44,29.0,27.2,28.27,28.27,0.0009,0.84,4.52
O:PLTR201211C00025000,2020-12-07,2020-12-11,PLTR,C,25.0,22307,0.28,1.08,-13.79,YES,0.66,2.28,0.24,0.83,1.08,0.24,5846,1607317200000000000,4,24.44,28.94,29.0,24.44,29.0,27.2,28.27,28.27,0.0009,0.66,3.72
O:PLTR201211C00026000,2020-12-07,2020-12-11,PLTR,C,26.0,29542,0.21,0.9,-10.34,YES,0.54,1.86,0.18,0.62,0.9,0.18,7048,1607317200000000000,4,24.44,28.94,29.0,24.44,29.0,27.2,28.27,28.27,0.0009,0.54,3.1
O:PLTR201211C00027000,2020-12-07,2020-12-11,PLTR,C,27.0,48622,0.14,0.74,-6.9,YES,0.45,1.55,0.14,0.48,0.76,0.14,11080,1607317200000000000,4,24.44,28.94,29.0,24.44,29.0,27.2,28.27,28.27,0.0009,0.45,2.62
O:PLTR201211C00028000,2020-12-07,2020-12-11,PLTR,C,28.0,50367,0.11,0.6,-3.45,YES,0.36,1.22,0.1,0.34,0.61,0.1,10899,1607317200000000000,4,24.44,28.94,29.0,24.44,29.0,27.2,28.27,28.27,0.0009,0.36,2.1
O:PLTR201211C00029000,2020-12-07,2020-12-11,PLTR,C,29.0,24624,0.08,0.49,0.0,NO,0.29,1.0,0.08,0.28,0.5,0.08,6228,1607317200000000000,4,24.44,28.94,29.0,24.44,29.0,27.2,28.27,28.27,0.0009,0.29,1.72
O:PLTR201211C00030000,2020-12-07,2020-12-11,PLTR,C,30.0,82491,0.07,0.4,3.45,NO,0.22,0.78,0.05,0.17,0.4,0.05,15939,1607317200000000000,4,24.44,28.94,29.0,24.44,29.0,27.2,28.27,28.27,0.0009,0.22,1.38
O:PLTR201211C00031000,2020-12-07,2020-12-11,PLTR,C,31.0,12563,0.06,0.32,6.9,NO,0.18,0.62,0.04,0.14,0.32,0.04,3281,1607317200000000000,4,24.44,28.94,29.0,24.44,29.0,27.2,28.27,28.27,0.0009,0.18,1.1
O:PLTR201211C00032000,2020-12-07,2020-12-11,PLTR,C,32.0,12376,0.05,0.26,10.34,NO,0.14,0.5,0.03,0.1,0.26,0.03,2823,1607317200000000000,4,24.44,28.94,29.0,24.44,29.0,27.2,28.27,28.27,0.0009,0.14,0.9
O:PLTR201211C00033000,2020-12-07,2020-12-11,PLTR,C,33.0,6907,0.04,0.21,13.79,NO,0.11,0.4,0.02,0.07,0.21,0.02,1809,1607317200000000000,4,24.44,28.94,29.0,24.44,29.0,27.2,28.27,28.27,0.0009,0.11,0.72
O:PLTR201211C00034000,2020-12-07,2020-12-11,PLTR,C,34.0,4888,0.03,0.16,17.24,NO,0.09,0.31,0.02,0.07,0.16,0.02,1134,1607317200000000000,4,24.44,28.94,29.0,24.44,29.0,27.2,28.27,28.27,0.0009,0.09,0.55
O:PLTR201211C00035000,2020-12-07,2020-12-11,PLTR,C,35.0,11663,0.02,0.14,20.69,NO,0.08,0.28,0.02,0.07,0.14,0.02,2374,1607317200000000000,4,24.44,28.94,29.0,24.44,29.0,27.2,28.27,28.27,0.0009,0.08,0.48
O:PLTR201211C00036000,2020-12-07,2020-12-11,PLTR,C,36.0,2673,0.02,0.11,24.14,NO,0.06,0.22,0.02,0.07,0.11,0.02,652,1607317200000000000,4,24.44,28.94,29.0,24.44,29.0,27.2,28.27,28.27,0.0009,0.06,0.38
O:PLTR201211C00037000,2020-12-07,2020-12-11,PLTR,C,37.0,1359,0.02,0.08,27.59,NO,0.04,0.16,0.01,0.03,0.08,0.01,395,1607317200000000000,4,24.44,28.94,29.0,24.44,29.0,27.2,28.27,28.27,0.0009,0.04,0.28
O:PLTR201211C00038000,2020-12-07,2020-12-11,PLTR,C,38.0,1038,0.02,0.06,31.03,NO,0.04,0.14,0.01,0.03,0.07,0.01,343,1607317200000000000,4,24.44,28.94,29.0,24.44,29.0,27.2,28.27,28.27,0.0009,0.04,0.24
O:PLTR201211C00039000,2020-12-07,2020-12-11,PLTR,C,39.0,1189,0.02,0.07,34.48,NO,0.04,0.14,0.01,0.03,0.07,0.01,314,1607317200000000000,4,24.44,28.94,29.0,24.44,29.0,27.2,28.27,28.27,0.0009,0.04,0.24
O:PLTR201211C00040000,2020-12-07,2020-12-11,PLTR,C,40.0,9984,0.02,0.04,37.93,NO,0.02,0.09,0.01,0.03,0.04,0.01,1425,1607317200000000000,4,24.44,28.94,29.0,24.44,29.0,27.2,28.27,28.27,0.0009,0.02,0.14
O:PLTR201211C00041000,2020-12-07,2020-12-11,PLTR,C,41.0,615,0.01,0.04,41.38,NO,0.02,0.09,0.01,0.03,0.04,0.01,160,1607317200000000000,4,24.44,28.94,29.0,24.44,29.0,27.2,28.27,28.27,0.0009,0.02,0.14
O:PLTR201211C00042000,2020-12-07,2020-12-11,PLTR,C,42.0,883,0.0,0.03,44.83,NO,0.02,0.05,0.0,0.0,0.03,0.0,113,1607317200000000000,4,24.44,28.94,29.0,24.44,29.0,27.2,28.27,28.27,0.0009,0.02,0.1
O:PLTR201211C00043000,2020-12-07,2020-12-11,PLTR,C,43.0,650,0.01,0.02,48.28,NO,0.02,0.05,0.01,0.03,0.02,0.01,110,1607317200000000000,4,24.44,28.94,29.0,24.44,29.0,27.2,28.27,28.27,0.0009,0.02,0.07
O:PLTR201211C00044000,2020-12-07,2020-12-11,PLTR,C,44.0,614,0.01,0.02,51.72,NO,0.02,0.05,0.01,0.03,0.02,0.01,139,1607317200000000000,4,24.44,28.94,29.0,24.44,29.0,27.2,28.27,28.27,0.0009,0.02,0.07
O:PLTR201211C00045000,2020-12-07,2020-12-11,PLTR,C,45.0,856,0.01,0.02,55.17,NO,0.01,0.03,0.0,0.0,0.02,0.0,132,1607317200000000000,4,24.44,28.94,29.0,24.44,29.0,27.2,28.27,28.27,0.0009,0.01,0.07
O:PLTR201211C00046000,2020-12-07,2020-12-11,PLTR,C,46.0,138,0.01,0.02,58.62,NO,0.01,0.03,0.0,0.0,0.02,0.0,43,1607317200000000000,4,24.44,28.94,29.0,24.44,29.0,27.2,28.27,28.27,0.0009,0.01,0.07
O:PLTR201211C00047000,2020-12-07,2020-12-11,PLTR,C,47.0,86,0.0,0.01,62.07,NO,0.0,0.02,0.0,0.0,0.01,0.0,24,1607317200000000000,4,24.44,28.94,29.0,24.44,29.0,27.2,28.27,28.27,0.0009,0.0,0.03
O:PLTR201211C00048000,2020-12-07,2020-12-11,PLTR,C,48.0,59,0.01,0.01,65.52,NO,0.01,0.03,0.01,0.03,0.01,0.01,22,1607317200000000000,4,24.44,28.94,29.0,24.44,29.0,27.2,28.27,28.27,0.0009,0.01,0.03
O:PLTR201211C00049000,2020-12-07,2020-12-11,PLTR,C,49.0,181,0.0,0.01,68.97,NO,0.0,0.02,0.0,0.0,0.01,0.0,24,1607317200000000000,4,24.44,28.94,29.0,24.44,29.0,27.2,28.27,28.27,0.0009,0.0,0.03
O:PLTR201211C00050000,2020-12-07,2020-12-11,PLTR,C,50.0,1219,0.0,0.0,72.41,NO,0.0,0.02,0.0,0.0,0.01,0.0,129,1607317200000000000,4,24.44,28.94,29.0,24.44,29.0,27.2,28.27,28.27,0.0009,0.0,0.03
O:PLTR201218C00003000,2020-12-14,2020-12-18,PLTR,C,3.0,29,6.12,6.05,-89.38,YES,6.06,21.43,5.99,21.2,6.12,5.99,7,1607922000000000000,4,28.26,27.24,28.26,26.73,28.26,25.97,26.85,26.85,0.0009,6.06,21.66
O:PLTR201218C00006000,2020-12-14,2020-12-18,PLTR,C,6.0,10,5.35,5.35,-78.77,YES,5.35,18.93,5.35,18.93,5.35,5.35,1,1607922000000000000,4,28.26,27.24,28.26,26.73,28.26,25.97,26.85,26.85,0.0009,5.35,18.93
O:PLTR201218C00009000,2020-12-14,2020-12-18,PLTR,C,9.0,2,4.62,4.53,-68.15,YES,4.58,16.19,4.53,16.03,4.62,4.53,2,1607922000000000000,4,28.26,27.24,28.26,26.73,28.26,25.97,26.85,26.85,0.0009,4.58,16.35
O:PLTR201218C00010000,2020-12-14,2020-12-18,PLTR,C,10.0,12,4.5,4.26,-64.61,YES,4.38,15.5,4.26,15.07,4.5,4.26,6,1607922000000000000,4,28.26,27.24,28.26,26.73,28.26,25.97,26.85,26.85,0.0009,4.38,15.92
O:PLTR201218C00011000,2020-12-14,2020-12-18,PLTR,C,11.0,61,4.3,4.01,-61.08,YES,4.15,14.7,4.01,14.19,4.3,4.01,7,1607922000000000000,4,28.26,27.24,28.26,26.73,28.26,25.97,26.85,26.85,0.0009,4.15,15.22
O:PLTR201218C00012000,2020-12-14,2020-12-18,PLTR,C,12.0,13,3.94,3.7,-57.54,YES,3.82,13.52,3.7,13.09,3.94,3.7,6,1607922000000000000,4,28.26,27.24,28.26,26.73,28.26,25.97,26.85,26.85,0.0009,3.82,13.94
O:PLTR201218C00013000,2020-12-14,2020-12-18,PLTR,C,13.0,3,3.82,3.59,-54.0,YES,3.7,13.11,3.59,12.7,3.82,3.59,2,1607922000000000000,4,28.26,27.24,28.26,26.73,28.26,25.97,26.85,26.85,0.0009,3.7,13.52
O:PLTR201218C00013500,2020-12-14,2020-12-18,PLTR,C,13.5,4,3.5,3.5,-52.23,YES,3.5,12.38,3.5,12.38,3.5,3.5,2,1607922000000000000,4,28.26,27.24,28.26,26.73,28.26,25.97,26.85,26.85,0.0009,3.5,12.38
O:PLTR201218C00014000,2020-12-14,2020-12-18,PLTR,C,14.0,3,3.35,3.31,-50.46,YES,3.33,11.78,3.31,11.71,3.35,3.31,2,1607922000000000000,4,28.26,27.24,28.26,26.73,28.26,25.97,26.85,26.85,0.0009,3.33,11.85
O:PLTR201218C00014500,2020-12-14,2020-12-18,PLTR,C,14.5,12,3.34,3.15,-48.69,YES,3.24,11.48,3.15,11.15,3.34,3.15,4,1607922000000000000,4,28.26,27.24,28.26,26.73,28.26,25.97,26.85,26.85,0.0009,3.24,11.82
O:PLTR201218C00015000,2020-12-14,2020-12-18,PLTR,C,15.0,12,3.21,3.02,-46.92,YES,3.14,11.09,3.02,10.69,3.25,3.02,7,1607922000000000000,4,28.26,27.24,28.26,26.73,28.26,25.97,26.85,26.85,0.0009,3.14,11.5
O:PLTR201218C00016000,2020-12-14,2020-12-18,PLTR,C,16.0,48,3.0,2.75,-43.38,YES,2.88,10.17,2.75,9.73,3.0,2.75,6,1607922000000000000,4,28.26,27.24,28.26,26.73,28.26,25.97,26.85,26.85,0.0009,2.88,10.62
O:PLTR201218C00017000,2020-12-14,2020-12-18,PLTR,C,17.0,7,2.74,2.51,-39.84,YES,2.64,9.32,2.51,8.88,2.76,2.51,5,1607922000000000000,4,28.26,27.24,28.26,26.73,28.26,25.97,26.85,26.85,0.0009,2.64,9.77
O:PLTR201218C00017500,2020-12-14,2020-12-18,PLTR,C,17.5,15,2.62,2.55,-38.08,YES,2.58,9.15,2.55,9.02,2.62,2.55,2,1607922000000000000,4,28.26,27.24,28.26,26.73,28.26,25.97,26.85,26.85,0.0009,2.58,9.27
O:PLTR201218C00018000,2020-12-14,2020-12-18,PLTR,C,18.0,35,2.53,2.28,-36.31,YES,2.4,8.49,2.24,7.93,2.56,2.24,18,1607922000000000000,4,28.26,27.24,28.26,26.73,28.26,25.97,26.85,26.85,0.0009,2.4,9.06
O:PLTR201218C00018500,2020-12-14,2020-12-18,PLTR,C,18.5,11,2.38,2.12,-34.54,YES,2.27,8.03,2.12,7.5,2.42,2.12,5,1607922000000000000,4,28.26,27.24,28.26,26.73,28.26,25.97,26.85,26.85,0.0009,2.27,8.56
O:PLTR201218C00019000,2020-12-14,2020-12-18,PLTR,C,19.0,18,2.28,2.05,-32.77,YES,2.14,7.59,2.01,7.11,2.28,2.01,12,1607922000000000000,4,28.26,27.24,28.26,26.73,28.26,25.97,26.85,26.85,0.0009,2.14,8.07
O:PLTR201218C00019500,2020-12-14,2020-12-18,PLTR,C,19.5,16,2.08,1.96,-31.0,YES,1.98,7.02,1.89,6.69,2.08,1.89,6,1607922000000000000,4,28.26,27.24,28.26,26.73,28.26,25.97,26.85,26.85,0.0009,1.98,7.36
O:PLTR201218C00020000,2020-12-14,2020-12-18,PLTR,C,20.0,1444,2.0,1.76,-29.23,YES,1.9,6.72,1.74,6.16,2.06,1.74,86,1607922000000000000,4,28.26,27.24,28.26,26.73,28.26,25.97,26.85,26.85,0.0009,1.9,7.29
O:PLTR201218C00020500,2020-12-14,2020-12-18,PLTR,C,20.5,27,1.75,1.62,-27.46,YES,1.71,6.05,1.62,5.73,1.8,1.62,9,1607922000000000000,4,28.26,27.24,28.26,26.73,28.26,25.97,26.85,26.85,0.0009,1.71,6.37
O:PLTR201218C00021000,2020-12-14,2020-12-18,PLTR,C,21.0,583,1.75,1.58,-25.69,YES,1.62,5.75,1.49,5.27,1.76,1.49,44,1607922000000000000,4,28.26,27.24,28.26,26.73,28.26,25.97,26.85,26.85,0.0009,1.62,6.23
O:PLTR201218C00021500,2020-12-14,2020-12-18,PLTR,C,21.5,33,1.64,1.4,-23.92,YES,1.52,5.4,1.4,4.95,1.65,1.4,10,1607922000000000000,4,28.26,27.24,28.26,26.73,28.26,25.97,26.85,26.85,0.0009,1.52,5.84
O:PLTR201218C00022000,2020-12-14,2020-12-18,PLTR,C,22.0,1837,1.58,1.27,-22.15,YES,1.41,4.99,1.24,4.39,1.58,1.24,93,1607922000000000000,4,28.26,27.24,28.26,26.73,28.26,25.97,26.85,26.85,0.0009,1.41,5.59
O:PLTR201218C00022500,2020-12-14,2020-12-18,PLTR,C,22.5,80,1.42,1.14,-20.38,YES,1.27,4.49,1.12,3.96,1.42,1.12,27,1607922000000000000,4,28.26,27.24,28.26,26.73,28.26,25.97,26.85,26.85,0.0009,1.27,5.02
O:PLTR201218C00023000,2020-12-14,2020-12-18,PLTR,C,23.0,1155,1.27,1.04,-18.61,YES,1.14,4.03,0.98,3.47,1.3,0.98,340,1607922000000000000,4,28.26,27.24,28.26,26.73,28.26,25.97,26.85,26.85,0.0009,1.14,4.6
O:PLTR201218C00023500,2020-12-14,2020-12-18,PLTR,C,23.5,72,1.15,0.89,-16.84,YES,1.02,3.61,0.89,3.15,1.15,0.89,20,1607922000000000000,4,28.26,27.24,28.26,26.73,28.26,25.97,26.85,26.85,0.0009,1.02,4.07
O:PLTR201218C00024000,2020-12-14,2020-12-18,PLTR,C,24.0,1322,1.06,0.81,-15.07,YES,0.92,3.27,0.75,2.65,1.1,0.75,427,1607922000000000000,4,28.26,27.24,28.26,26.73,28.26,25.97,26.85,26.85,0.0009,0.92,3.89
O:PLTR201218C00024500,2020-12-14,2020-12-18,PLTR,C,24.5,59,0.87,0.7,-13.31,YES,0.78,2.78,0.68,2.41,0.89,0.68,29,1607922000000000000,4,28.26,27.24,28.26,26.73,28.26,25.97,26.85,26.85,0.0009,0.78,3.15
O:PLTR201218C00025000,2020-12-14,2020-12-18,PLTR,C,25.0,5702,0.9,0.65,-11.54,YES,0.75,2.65,0.54,1.91,0.96,0.54,1291,1607922000000000000,4,28.26,27.24,28.26,26.73,28.26,25.97,26.85,26.85,0.0009,0.75,3.4
O:PLTR201218C00025500,2020-12-14,2020-12-18,PLTR,C,25.5,342,0.79,0.48,-9.77,YES,0.64,2.25,0.46,1.63,0.81,0.46,128,1607922000000000000,4,28.26,27.24,28.26,26.73,28.26,25.97,26.85,26.85,0.0009,0.64,2.87
O:PLTR201218C00026000,2020-12-14,2020-12-18,PLTR,C,26.0,2134,0.73,0.45,-8.0,YES,0.54,1.93,0.36,1.27,0.73,0.36,670,1607922000000000000,4,28.26,27.24,28.26,26.73,28.26,25.97,26.85,26.85,0.0009,0.54,2.58
O:PLTR201218C00026500,2020-12-14,2020-12-18,PLTR,C,26.5,744,0.69,0.37,-6.23,YES,0.5,1.77,0.31,1.1,0.69,0.31,255,1607922000000000000,4,28.26,27.24,28.26,26.73,28.26,25.97,26.85,26.85,0.0009,0.5,2.44
O:PLTR201218C00027000,2020-12-14,2020-12-18,PLTR,C,27.0,11645,0.55,0.32,-4.46,YES,0.42,1.47,0.26,0.92,0.57,0.26,2654,1607922000000000000,4,28.26,27.24,28.26,26.73,28.26,25.97,26.85,26.85,0.0009,0.42,2.02
O:PLTR201218C00027500,2020-12-14,2020-12-18,PLTR,C,27.5,5896,0.51,0.26,-2.69,YES,0.36,1.27,0.21,0.74,0.51,0.21,1422,1607922000000000000,4,28.26,27.24,28.26,26.73,28.26,25.97,26.85,26.85,0.0009,0.36,1.8
O:PLTR201218C00028000,2020-12-14,2020-12-18,PLTR,C,28.0,20240,0.39,0.22,-0.92,YES,0.31,1.1,0.16,0.57,0.46,0.16,4663,1607922000000000000,4,28.26,27.24,28.26,26.73,28.26,25.97,26.85,26.85,0.0009,0.31,1.63
O:PLTR201218C00028500,2020-12-14,2020-12-18,PLTR,C,28.5,7383,0.47,0.18,0.85,NO,0.3,1.08,0.14,0.5,0.47,0.14,1443,1607922000000000000,4,28.26,27.24,28.26,26.73,28.26,25.97,26.85,26.85,0.0009,0.3,1.66
O:PLTR201218C00029000,2020-12-14,2020-12-18,PLTR,C,29.0,12177,0.35,0.15,2.62,NO,0.24,0.87,0.12,0.42,0.37,0.12,2818,1607922000000000000,4,28.26,27.24,28.26,26.73,28.26,25.97,26.85,26.85,0.0009,0.24,1.31
O:PLTR201218C00029500,2020-12-14,2020-12-18,PLTR,C,29.5,2082,0.28,0.12,4.39,NO,0.2,0.71,0.1,0.35,0.3,0.1,630,1607922000000000000,4,28.26,27.24,28.26,26.73,28.26,25.97,26.85,26.85,0.0009,0.2,1.06
O:PLTR201218C00030000,2020-12-14,2020-12-18,PLTR,C,30.0,30431,0.28,0.1,6.16,NO,0.18,0.64,0.08,0.28,0.28,0.08,6111,1607922000000000000,4,28.26,27.24,28.26,26.73,28.26,25.97,26.85,26.85,0.0009,0.18,0.99
O:PLTR201218C00030500,2020-12-14,2020-12-18,PLTR,C,30.5,1661,0.22,0.08,7.93,NO,0.15,0.53,0.06,0.21,0.24,0.06,429,1607922000000000000,4,28.26,27.24,28.26,26.73,28.26,25.97,26.85,26.85,0.0009,0.15,0.85
O:PLTR201218C00031000,2020-12-14,2020-12-18,PLTR,C,31.0,5184,0.2,0.07,9.7,NO,0.14,0.48,0.05,0.18,0.22,0.05,1371,1607922000000000000,4,28.26,27.24,28.26,26.73,28.26,25.97,26.85,26.85,0.0009,0.14,0.78
O:PLTR201218C00031500,2020-12-14,2020-12-18,PLTR,C,31.5,819,0.17,0.06,11.46,NO,0.11,0.39,0.04,0.14,0.18,0.04,236,1607922000000000000,4,28.26,27.24,28.26,26.73,28.26,25.97,26.85,26.85,0.0009,0.11,0.64
O:PLTR201218C00032000,2020-12-14,2020-12-18,PLTR,C,32.0,6021,0.16,0.05,13.23,NO,0.11,0.39,0.04,0.14,0.18,0.04,1426,1607922000000000000,4,28.26,27.24,28.26,26.73,28.26,25.97,26.85,26.85,0.0009,0.11,0.64
O:PLTR201218C00032500,2020-12-14,2020-12-18,PLTR,C,32.5,1652,0.13,0.04,15.0,NO,0.08,0.3,0.03,0.11,0.14,0.03,198,1607922000000000000,4,28.26,27.24,28.26,26.73,28.26,25.97,26.85,26.85,0.0009,0.08,0.5
O:PLTR201218C00033000,2020-12-14,2020-12-18,PLTR,C,33.0,4248,0.15,0.04,16.77,NO,0.09,0.32,0.03,0.11,0.15,0.03,869,1607922000000000000,4,28.26,27.24,28.26,26.73,28.26,25.97,26.85,26.85,0.0009,0.09,0.53
O:PLTR201218C00033500,2020-12-14,2020-12-18,PLTR,C,33.5,284,0.1,0.03,18.54,NO,0.06,0.21,0.02,0.07,0.1,0.02,69,1607922000000000000,4,28.26,27.24,28.26,26.73,28.26,25.97,26.85,26.85,0.0009,0.06,0.35
O:PLTR201218C00034000,2020-12-14,2020-12-18,PLTR,C,34.0,1476,0.12,0.03,20.31,NO,0.07,0.25,0.02,0.07,0.12,0.02,392,1607922000000000000,4,28.26,27.24,28.26,26.73,28.26,25.97,26.85,26.85,0.0009,0.07,0.42
O:PLTR201218C00034500,2020-12-14,2020-12-18,PLTR,C,34.5,192,0.08,0.02,22.08,NO,0.05,0.18,0.02,0.07,0.08,0.02,52,1607922000000000000,4,28.26,27.24,28.26,26.73,28.26,25.97,26.85,26.85,0.0009,0.05,0.28
O:PLTR201218C00035000,2020-12-14,2020-12-18,PLTR,C,35.0,5733,0.07,0.02,23.85,NO,0.06,0.19,0.02,0.07,0.09,0.02,996,1607922000000000000,4,28.26,27.24,28.26,26.73,28.26,25.97,26.85,26.85,0.0009,0.06,0.32
O:PLTR201218C00036000,2020-12-14,2020-12-18,PLTR,C,36.0,1300,0.06,0.02,27.39,NO,0.04,0.14,0.01,0.04,0.07,0.01,201,1607922000000000000,4,28.26,27.24,28.26,26.73,28.26,25.97,26.85,26.85,0.0009,0.04,0.25
O:PLTR201218C00037000,2020-12-14,2020-12-18,PLTR,C,37.0,1007,0.05,0.01,30.93,NO,0.03,0.12,0.01,0.04,0.06,0.01,215,1607922000000000000,4,28.26,27.24,28.26,26.73,28.26,25.97,26.85,26.85,0.0009,0.03,0.21
O:PLTR201218C00038000,2020-12-14,2020-12-18,PLTR,C,38.0,1988,0.04,0.01,34.47,NO,0.02,0.09,0.01,0.04,0.04,0.01,249,1607922000000000000,4,28.26,27.24,28.26,26.73,28.26,25.97,26.85,26.85,0.0009,0.02,0.14
O:PLTR201218C00039000,2020-12-14,2020-12-18,PLTR,C,39.0,2122,0.04,0.01,38.0,NO,0.02,0.09,0.01,0.04,0.04,0.01,246,1607922000000000000,4,28.26,27.24,28.26,26.73,28.26,25.97,26.85,26.85,0.0009,0.02,0.14
O:PLTR201218C00040000,2020-12-14,2020-12-18,PLTR,C,40.0,4583,0.03,0.01,41.54,NO,0.02,0.07,0.0,0.0,0.04,0.0,579,1607922000000000000,4,28.26,27.24,28.26,26.73,28.26,25.97,26.85,26.85,0.0009,0.02,0.14
O:PLTR201218C00041000,2020-12-14,2020-12-18,PLTR,C,41.0,763,0.02,0.01,45.08,NO,0.02,0.05,0.0,0.0,0.03,0.0,109,1607922000000000000,4,28.26,27.24,28.26,26.73,28.26,25.97,26.85,26.85,0.0009,0.02,0.11
O:PLTR201218C00042000,2020-12-14,2020-12-18,PLTR,C,42.0,1051,0.02,0.0,48.62,NO,0.01,0.04,0.0,0.0,0.02,0.0,123,1607922000000000000,4,28.26,27.24,28.26,26.73,28.26,25.97,26.85,26.85,0.0009,0.01,0.07
O:PLTR201218C00043000,2020-12-14,2020-12-18,PLTR,C,43.0,721,0.02,0.0,52.16,NO,0.01,0.04,0.0,0.0,0.02,0.0,94,1607922000000000000,4,28.26,27.24,28.26,26.73,28.26,25.97,26.85,26.85,0.0009,0.01,0.07
O:PLTR201218C00044000,2020-12-14,2020-12-18,PLTR,C,44.0,685,0.02,0.0,55.7,NO,0.01,0.04,0.0,0.0,0.02,0.0,108,1607922000000000000,4,28.26,27.24,28.26,26.73,28.26,25.97,26.85,26.85,0.0009,0.01,0.07
O:PLTR201218C00045000,2020-12-14,2020-12-18,PLTR,C,45.0,482,0.03,0.0,59.24,NO,0.02,0.05,0.0,0.0,0.03,0.0,118,1607922000000000000,4,28.26,27.24,28.26,26.73,28.26,25.97,26.85,26.85,0.0009,0.02,0.11
O:PLTR201218C00046000,2020-12-14,2020-12-18,PLTR,C,46.0,226,0.02,0.0,62.77,NO,0.01,0.04,0.0,0.0,0.02,0.0,33,1607922000000000000,4,28.26,27.24,28.26,26.73,28.26,25.97,26.85,26.85,0.0009,0.01,0.07
O:PLTR201218C00047000,2020-12-14,2020-12-18,PLTR,C,47.0,60,0.01,0.0,66.31,NO,0.0,0.02,0.0,0.0,0.01,0.0,16,1607922000000000000,4,28.26,27.24,28.26,26.73,28.26,25.97,26.85,26.85,0.0009,0.0,0.04
O:PLTR201218C00048000,2020-12-14,2020-12-18,PLTR,C,48.0,91,0.01,0.0,69.85,NO,0.01,0.04,0.0,0.0,0.02,0.0,26,1607922000000000000,4,28.26,27.24,28.26,26.73,28.26,25.97,26.85,26.85,0.0009,0.01,0.07
O:PLTR201218C00049000,2020-12-14,2020-12-18,PLTR,C,49.0,97,0.01,0.0,73.39,NO,0.0,0.02,0.0,0.0,0.01,0.0,16,1607922000000000000,4,28.26,27.24,28.26,26.73,28.26,25.97,26.85,26.85,0.0009,0.0,0.04
O:PLTR201218C00050000,2020-12-14,2020-12-18,PLTR,C,50.0,1531,0.01,0.0,76.93,NO,0.0,0.02,0.0,0.0,0.01,0.0,144,1607922000000000000,4,28.26,27.24,28.26,26.73,28.26,25.97,26.85,26.85,0.0009,0.0,0.04
O:PLTR201224C00004000,2020-12-21,2020-12-24,PLTR,C,4.0,3,5.73,5.39,-86.06,YES,5.56,19.37,5.39,18.78,5.73,5.39,3,1608526800000000000,3,26.19,28.51,28.7,25.4,28.7,27.75,29.16,29.16,0.0009,5.56,19.97
O:PLTR201224C00005000,2020-12-21,2020-12-24,PLTR,C,5.0,13,5.24,5.68,-82.58,YES,5.44,18.95,5.18,18.05,5.7,5.18,6,1608526800000000000,3,26.19,28.51,28.7,25.4,28.7,27.75,29.16,29.16,0.0009,5.44,19.86
O:PLTR201224C00010000,2020-12-21,2020-12-24,PLTR,C,10.0,15,4.45,4.45,-65.16,YES,4.45,15.51,4.45,15.51,4.45,4.45,1,1608526800000000000,3,26.19,28.51,28.7,25.4,28.7,27.75,29.16,29.16,0.0009,4.45,15.51
O:PLTR201224C00012000,2020-12-21,2020-12-24,PLTR,C,12.0,1,3.55,3.55,-58.19,YES,3.55,12.37,3.55,12.37,3.55,3.55,1,1608526800000000000,3,26.19,28.51,28.7,25.4,28.7,27.75,29.16,29.16,0.0009,3.55,12.37
O:PLTR201224C00013500,2020-12-21,2020-12-24,PLTR,C,13.5,2,3.18,3.18,-52.96,YES,3.18,11.08,3.18,11.08,3.18,3.18,1,1608526800000000000,3,26.19,28.51,28.7,25.4,28.7,27.75,29.16,29.16,0.0009,3.18,11.08
O:PLTR201224C00014500,2020-12-21,2020-12-24,PLTR,C,14.5,1,3.0,3.0,-49.48,YES,3.0,10.45,3.0,10.45,3.0,3.0,1,1608526800000000000,3,26.19,28.51,28.7,25.4,28.7,27.75,29.16,29.16,0.0009,3.0,10.45
O:PLTR201224C00015000,2020-12-21,2020-12-24,PLTR,C,15.0,8,3.0,3.2,-47.74,YES,2.98,10.38,2.76,9.62,3.2,2.76,5,1608526800000000000,3,26.19,28.51,28.7,25.4,28.7,27.75,29.16,29.16,0.0009,2.98,11.15
O:PLTR201224C00016000,2020-12-21,2020-12-24,PLTR,C,16.0,57,2.62,3.01,-44.25,YES,2.72,9.49,2.44,8.5,3.01,2.44,7,1608526800000000000,3,26.19,28.51,28.7,25.4,28.7,27.75,29.16,29.16,0.0009,2.72,10.49
O:PLTR201224C00016500,2020-12-21,2020-12-24,PLTR,C,16.5,6,2.76,2.8,-42.51,YES,2.78,9.69,2.76,9.62,2.8,2.76,3,1608526800000000000,3,26.19,28.51,28.7,25.4,28.7,27.75,29.16,29.16,0.0009,2.78,9.76
O:PLTR201224C00017000,2020-12-21,2020-12-24,PLTR,C,17.0,22,2.28,2.84,-40.77,YES,2.54,8.85,2.2,7.67,2.88,2.2,13,1608526800000000000,3,26.19,28.51,28.7,25.4,28.7,27.75,29.16,29.16,0.0009,2.54,10.03
O:PLTR201224C00017500,2020-12-21,2020-12-24,PLTR,C,17.5,11,2.11,2.72,-39.02,YES,2.42,8.41,2.11,7.35,2.72,2.11,8,1608526800000000000,3,26.19,28.51,28.7,25.4,28.7,27.75,29.16,29.16,0.0009,2.42,9.48
O:PLTR201224C00018000,2020-12-21,2020-12-24,PLTR,C,18.0,21,2.08,2.61,-37.28,YES,2.29,7.98,1.92,6.69,2.66,1.92,12,1608526800000000000,3,26.19,28.51,28.7,25.4,28.7,27.75,29.16,29.16,0.0009,2.29,9.27
O:PLTR201224C00019000,2020-12-21,2020-12-24,PLTR,C,19.0,57,1.78,2.25,-33.8,YES,1.93,6.72,1.61,5.61,2.25,1.61,16,1608526800000000000,3,26.19,28.51,28.7,25.4,28.7,27.75,29.16,29.16,0.0009,1.93,7.84
O:PLTR201224C00020000,2020-12-21,2020-12-24,PLTR,C,20.0,278,1.75,2.1,-30.31,YES,1.78,6.22,1.4,4.88,2.17,1.4,64,1608526800000000000,3,26.19,28.51,28.7,25.4,28.7,27.75,29.16,29.16,0.0009,1.78,7.56
O:PLTR201224C00020500,2020-12-21,2020-12-24,PLTR,C,20.5,76,1.65,1.27,-28.57,YES,1.64,5.7,1.27,4.43,2.0,1.27,17,1608526800000000000,3,26.19,28.51,28.7,25.4,28.7,27.75,29.16,29.16,0.0009,1.64,6.97
O:PLTR201224C00021000,2020-12-21,2020-12-24,PLTR,C,21.0,55,1.27,1.84,-26.83,YES,1.52,5.28,1.15,4.01,1.88,1.15,13,1608526800000000000,3,26.19,28.51,28.7,25.4,28.7,27.75,29.16,29.16,0.0009,1.52,6.55
O:PLTR201224C00021500,2020-12-21,2020-12-24,PLTR,C,21.5,56,1.31,1.71,-25.09,YES,1.42,4.95,1.04,3.62,1.8,1.04,25,1608526800000000000,3,26.19,28.51,28.7,25.4,28.7,27.75,29.16,29.16,0.0009,1.42,6.27
O:PLTR201224C00022000,2020-12-21,2020-12-24,PLTR,C,22.0,97,1.0,1.6,-23.34,YES,1.25,4.37,0.9,3.14,1.61,0.9,34,1608526800000000000,3,26.19,28.51,28.7,25.4,28.7,27.75,29.16,29.16,0.0009,1.25,5.61
O:PLTR201224C00022500,2020-12-21,2020-12-24,PLTR,C,22.5,133,1.12,1.46,-21.6,YES,1.14,3.97,0.82,2.86,1.46,0.82,42,1608526800000000000,3,26.19,28.51,28.7,25.4,28.7,27.75,29.16,29.16,0.0009,1.14,5.09
O:PLTR201224C00023000,2020-12-21,2020-12-24,PLTR,C,23.0,318,0.8,1.37,-19.86,YES,1.04,3.62,0.66,2.3,1.42,0.66,127,1608526800000000000,3,26.19,28.51,28.7,25.4,28.7,27.75,29.16,29.16,0.0009,1.04,4.95
O:PLTR201224C00023500,2020-12-21,2020-12-24,PLTR,C,23.5,58,0.73,1.3,-18.12,YES,0.94,3.29,0.59,2.06,1.3,0.59,39,1608526800000000000,3,26.19,28.51,28.7,25.4,28.7,27.75,29.16,29.16,0.0009,0.94,4.53
O:PLTR201224C00024000,2020-12-21,2020-12-24,PLTR,C,24.0,1166,0.61,1.11,-16.38,YES,0.84,2.91,0.48,1.67,1.19,0.48,304,1608526800000000000,3,26.19,28.51,28.7,25.4,28.7,27.75,29.16,29.16,0.0009,0.84,4.15
O:PLTR201224C00024500,2020-12-21,2020-12-24,PLTR,C,24.5,603,0.55,1.0,-14.63,YES,0.72,2.51,0.36,1.25,1.08,0.36,156,1608526800000000000,3,26.19,28.51,28.7,25.4,28.7,27.75,29.16,29.16,0.0009,0.72,3.76
O:PLTR201224C00025000,2020-12-21,2020-12-24,PLTR,C,25.0,3497,0.39,0.88,-12.89,YES,0.61,2.13,0.28,0.98,0.94,0.28,863,1608526800000000000,3,26.19,28.51,28.7,25.4,28.7,27.75,29.16,29.16,0.0009,0.61,3.28
O:PLTR201224C00025500,2020-12-21,2020-12-24,PLTR,C,25.5,2961,0.36,0.78,-11.15,YES,0.52,1.81,0.22,0.77,0.82,0.22,742,1608526800000000000,3,26.19,28.51,28.7,25.4,28.7,27.75,29.16,29.16,0.0009,0.52,2.86
O:PLTR201224C00026000,2020-12-21,2020-12-24,PLTR,C,26.0,14707,0.28,0.66,-9.41,YES,0.45,1.57,0.18,0.63,0.72,0.18,3144,1608526800000000000,3,26.19,28.51,28.7,25.4,28.7,27.75,29.16,29.16,0.0009,0.45,2.51
O:PLTR201224C00026500,2020-12-21,2020-12-24,PLTR,C,26.5,14837,0.25,0.56,-7.67,YES,0.38,1.32,0.14,0.49,0.62,0.14,3362,1608526800000000000,3,26.19,28.51,28.7,25.4,28.7,27.75,29.16,29.16,0.0009,0.38,2.16
O:PLTR201224C00027000,2020-12-21,2020-12-24,PLTR,C,27.0,44592,0.2,0.46,-5.92,YES,0.32,1.1,0.11,0.38,0.52,0.11,10424,1608526800000000000,3,26.19,28.51,28.7,25.4,28.7,27.75,29.16,29.16,0.0009,0.32,1.81
O:PLTR201224C00027500,2020-12-21,2020-12-24,PLTR,C,27.5,15063,0.17,0.38,-4.18,YES,0.26,0.92,0.09,0.31,0.44,0.09,3313,1608526800000000000,3,26.19,28.51,28.7,25.4,28.7,27.75,29.16,29.16,0.0009,0.26,1.53
O:PLTR201224C00028000,2020-12-21,2020-12-24,PLTR,C,28.0,41056,0.15,0.31,-2.44,YES,0.22,0.75,0.07,0.24,0.36,0.07,7715,1608526800000000000,3,26.19,28.51,28.7,25.4,28.7,27.75,29.16,29.16,0.0009,0.22,1.25
O:PLTR201224C00028500,2020-12-21,2020-12-24,PLTR,C,28.5,15069,0.12,0.26,-0.7,YES,0.18,0.63,0.06,0.21,0.3,0.06,3161,1608526800000000000,3,26.19,28.51,28.7,25.4,28.7,27.75,29.16,29.16,0.0009,0.18,1.05
O:PLTR201224C00029000,2020-12-21,2020-12-24,PLTR,C,29.0,19163,0.09,0.21,1.05,NO,0.15,0.52,0.05,0.17,0.25,0.05,3774,1608526800000000000,3,26.19,28.51,28.7,25.4,28.7,27.75,29.16,29.16,0.0009,0.15,0.87
O:PLTR201224C00029500,2020-12-21,2020-12-24,PLTR,C,29.5,5127,0.06,0.18,2.79,NO,0.12,0.44,0.04,0.14,0.21,0.04,1160,1608526800000000000,3,26.19,28.51,28.7,25.4,28.7,27.75,29.16,29.16,0.0009,0.12,0.73
O:PLTR201224C00030000,2020-12-21,2020-12-24,PLTR,C,30.0,41055,0.07,0.14,4.53,NO,0.1,0.37,0.03,0.1,0.18,0.03,7908,1608526800000000000,3,26.19,28.51,28.7,25.4,28.7,27.75,29.16,29.16,0.0009,0.1,0.63
O:PLTR201224C00030500,2020-12-21,2020-12-24,PLTR,C,30.5,2420,0.06,0.12,6.27,NO,0.08,0.3,0.03,0.1,0.14,0.03,729,1608526800000000000,3,26.19,28.51,28.7,25.4,28.7,27.75,29.16,29.16,0.0009,0.08,0.49
O:PLTR201224C00031000,2020-12-21,2020-12-24,PLTR,C,31.0,5323,0.05,0.1,8.01,NO,0.07,0.24,0.02,0.07,0.12,0.02,1222,1608526800000000000,3,26.19,28.51,28.7,25.4,28.7,27.75,29.16,29.16,0.0009,0.07,0.42
O:PLTR201224C00031500,2020-12-21,2020-12-24,PLTR,C,31.5,1728,0.04,0.08,9.76,NO,0.06,0.21,0.02,0.07,0.1,0.02,412,1608526800000000000,3,26.19,28.51,28.7,25.4,28.7,27.75,29.16,29.16,0.0009,0.06,0.35
O:PLTR201224C00032000,2020-12-21,2020-12-24,PLTR,C,32.0,10688,0.04,0.07,11.5,NO,0.05,0.17,0.02,0.07,0.08,0.02,2216,1608526800000000000,3,26.19,28.51,28.7,25.4,28.7,27.75,29.16,29.16,0.0009,0.05,0.28
O:PLTR201224C00032500,2020-12-21,2020-12-24,PLTR,C,32.5,1084,0.03,0.06,13.24,NO,0.04,0.16,0.02,0.07,0.07,0.02,290,1608526800000000000,3,26.19,28.51,28.7,25.4,28.7,27.75,29.16,29.16,0.0009,0.04,0.24
O:PLTR201224C00033000,2020-12-21,2020-12-24,PLTR,C,33.0,2526,0.03,0.05,14.98,NO,0.04,0.14,0.02,0.07,0.06,0.02,569,1608526800000000000,3,26.19,28.51,28.7,25.4,28.7,27.75,29.16,29.16,0.0009,0.04,0.21
O:PLTR201224C00033500,2020-12-21,2020-12-24,PLTR,C,33.5,483,0.02,0.04,16.72,NO,0.03,0.1,0.01,0.03,0.05,0.01,177,1608526800000000000,3,26.19,28.51,28.7,25.4,28.7,27.75,29.16,29.16,0.0009,0.03,0.17
O:PLTR201224C00034000,2020-12-21,2020-12-24,PLTR,C,34.0,942,0.02,0.03,18.47,NO,0.03,0.1,0.01,0.03,0.05,0.01,220,1608526800000000000,3,26.19,28.51,28.7,25.4,28.7,27.75,29.16,29.16,0.0009,0.03,0.17
O:PLTR201224C00034500,2020-12-21,2020-12-24,PLTR,C,34.5,352,0.04,0.03,20.21,NO,0.02,0.09,0.01,0.03,0.04,0.01,93,1608526800000000000,3,26.19,28.51,28.7,25.4,28.7,27.75,29.16,29.16,0.0009,0.02,0.14
O:PLTR201224C00035000,2020-12-21,2020-12-24,PLTR,C,35.0,2895,0.01,0.03,21.95,NO,0.02,0.09,0.01,0.03,0.04,0.01,554,1608526800000000000,3,26.19,28.51,28.7,25.4,28.7,27.75,29.16,29.16,0.0009,0.02,0.14
O:PLTR201224C00036000,2020-12-21,2020-12-24,PLTR,C,36.0,521,0.02,0.02,25.44,NO,0.02,0.05,0.0,0.0,0.03,0.0,116,1608526800000000000,3,26.19,28.51,28.7,25.4,28.7,27.75,29.16,29.16,0.0009,0.02,0.1
O:PLTR201224C00037000,2020-12-21,2020-12-24,PLTR,C,37.0,637,0.02,0.01,28.92,NO,0.01,0.03,0.0,0.0,0.02,0.0,111,1608526800000000000,3,26.19,28.51,28.7,25.4,28.7,27.75,29.16,29.16,0.0009,0.01,0.07
O:PLTR201224C00038000,2020-12-21,2020-12-24,PLTR,C,38.0,900,0.0,0.01,32.4,NO,0.01,0.03,0.0,0.0,0.02,0.0,183,1608526800000000000,3,26.19,28.51,28.7,25.4,28.7,27.75,29.16,29.16,0.0009,0.01,0.07
O:PLTR201224C00039000,2020-12-21,2020-12-24,PLTR,C,39.0,236,0.01,0.01,35.89,NO,0.0,0.02,0.0,0.0,0.01,0.0,52,1608526800000000000,3,26.19,28.51,28.7,25.4,28.7,27.75,29.16,29.16,0.0009,0.0,0.03
O:PLTR201224C00040000,2020-12-21,2020-12-24,PLTR,C,40.0,1169,0.01,0.01,39.37,NO,0.01,0.03,0.0,0.0,0.02,0.0,249,1608526800000000000,3,26.19,28.51,28.7,25.4,28.7,27.75,29.16,29.16,0.0009,0.01,0.07
O:PLTR201224C00041000,2020-12-21,2020-12-24,PLTR,C,41.0,138,0.0,0.01,42.86,NO,0.0,0.02,0.0,0.0,0.01,0.0,22,1608526800000000000,3,26.19,28.51,28.7,25.4,28.7,27.75,29.16,29.16,0.0009,0.0,0.03
O:PLTR201224C00042000,2020-12-21,2020-12-24,PLTR,C,42.0,48,0.01,0.0,46.34,NO,0.0,0.02,0.0,0.0,0.01,0.0,20,1608526800000000000,3,26.19,28.51,28.7,25.4,28.7,27.75,29.16,29.16,0.0009,0.0,0.03
O:PLTR201224C00043000,2020-12-21,2020-12-24,PLTR,C,43.0,25,0.0,0.0,49.83,NO,0.0,0.0,0.0,0.0,0.0,0.0,8,1608526800000000000,3,26.19,28.51,28.7,25.4,28.7,27.75,29.16,29.16,0.0009,0.0,0.0
O:PLTR201224C00044000,2020-12-21,2020-12-24,PLTR,C,44.0,72,0.0,0.0,53.31,NO,0.0,0.02,0.0,0.0,0.01,0.0,13,1608526800000000000,3,26.19,28.51,28.7,25.4,28.7,27.75,29.16,29.16,0.0009,0.0,0.03
O:PLTR201224C00045000,2020-12-21,2020-12-24,PLTR,C,45.0,11,0.0,0.0,56.79,NO,0.0,0.02,0.0,0.0,0.01,0.0,8,1608526800000000000,3,26.19,28.51,28.7,25.4,28.7,27.75,29.16,29.16,0.0009,0.0,0.03
O:PLTR201224C00046000,2020-12-21,2020-12-24,PLTR,C,46.0,18,0.02,0.0,60.28,NO,0.01,0.03,0.0,0.0,0.02,0.0,3,1608526800000000000,3,26.19,28.51,28.7,25.4,28.7,27.75,29.16,29.16,0.0009,0.01,0.07
O:PLTR201224C00047000,2020-12-21,2020-12-24,PLTR,C,47.0,65,0.0,0.0,63.76,NO,0.0,0.0,0.0,0.0,0.0,0.0,9,1608526800000000000,3,26.19,28.51,28.7,25.4,28.7,27.75,29.16,29.16,0.0009,0.0,0.0
O:PLTR201224C00048000,2020-12-21,2020-12-24,PLTR,C,48.0,11,0.0,0.0,67.25,NO,0.0,0.0,0.0,0.0,0.0,0.0,5,1608526800000000000,3,26.19,28.51,28.7,25.4,28.7,27.75,29.16,29.16,0.0009,0.0,0.0
O:PLTR201224C00049000,2020-12-21,2020-12-24,PLTR,C,49.0,23,0.02,0.0,70.73,NO,0.01,0.03,0.0,0.0,0.02,0.0,8,1608526800000000000,3,26.19,28.51,28.7,25.4,28.7,27.75,29.16,29.16,0.0009,0.01,0.07
O:PLTR201224C00050000,2020-12-21,2020-12-24,PLTR,C,50.0,376,0.0,0.0,74.22,NO,0.0,0.0,0.0,0.0,0.0,0.0,30,1608526800000000000,3,26.19,28.51,28.7,25.4,28.7,27.75,29.16,29.16,0.0009,0.0,0.0
