ticker,date_only,expiration_date,underlying_symbol,option_type,strike,volume,open_price,close_price,otm_pct,ITM,premium,premium_yield_pct,premium_low,premium_yield_pct_low,high_price,low_price,transactions,window_start,days_to_expiry,underlying_open,underlying_close,underlying_high,underlying_low,underlying_spot,underlying_close_at_expiry,underlying_high_at_expiry,underlying_spot_at_expiry,fedfunds_rate,mid_price,high_yield_pct,implied_volatility,probability_itm
O:CSCO160108C00025000,2016-01-04,2016-01-08,CSCO,C,25.0,4,0.28,0.28,,NO,0.28,,0.28,,0.28,0.28,1,1451883600000000000,4,,,,,,,,,0.0034,0.28,,,
O:CSCO160108C00026000,2016-01-04,2016-01-08,CSCO,C,26.0,296,0.11,0.12,,NO,0.1,,0.08,,0.12,0.08,19,1451883600000000000,4,,,,,,,,,0.0034,0.1,,,
O:CSCO160108C00026500,2016-01-04,2016-01-08,CSCO,C,26.5,1952,0.05,0.05,,NO,0.04,,0.03,,0.06,0.03,72,1451883600000000000,4,,,,,,,,,0.0034,0.04,,,
O:CSCO160108C00027000,2016-01-04,2016-01-08,CSCO,C,27.0,742,0.01,0.02,,NO,0.02,,0.01,,0.02,0.01,25,1451883600000000000,4,,,,,,,,,0.0034,0.02,,,
O:CSCO160108C00027500,2016-01-04,2016-01-08,CSCO,C,27.5,308,0.01,0.01,,NO,0.0,,0.0,,0.01,0.0,18,1451883600000000000,4,,,,,,,,,0.0034,0.0,,,
O:CSCO160108C00028000,2016-01-04,2016-01-08,CSCO,C,28.0,3,0.0,0.0,,NO,0.0,,0.0,,0.0,0.0,1,1451883600000000000,4,,,,,,,,,0.0034,0.0,,,
O:CSCO160115C00015000,2016-01-11,2016-01-15,CSCO,C,15.0,9,2.54,2.54,-40.81,YES,2.54,10.02,2.54,10.02,2.54,2.54,1,1452488400000000000,4,24.93,25.27,25.34,24.93,25.34,23.62,24.43,24.43,0.0034,2.54,10.02,,
O:CSCO160115C00018000,2016-01-11,2016-01-15,CSCO,C,18.0,23,1.75,1.8,-28.97,YES,1.78,7.0,1.75,6.9,1.8,1.75,4,1452488400000000000,4,24.93,25.27,25.34,24.93,25.34,23.62,24.43,24.43,0.0034,1.78,7.1,,
O:CSCO160115C00020000,2016-01-11,2016-01-15,CSCO,C,20.0,476,1.27,1.31,-21.07,YES,1.28,5.07,1.25,4.93,1.32,1.25,19,1452488400000000000,4,24.93,25.27,25.34,24.93,25.34,23.62,24.43,24.43,0.0034,1.28,5.21,,
O:CSCO160115C00022000,2016-01-11,2016-01-15,CSCO,C,22.0,100,0.76,0.82,-13.18,YES,0.78,3.08,0.74,2.92,0.82,0.74,14,1452488400000000000,4,24.93,25.27,25.34,24.93,25.34,23.62,24.43,24.43,0.0034,0.78,3.24,,
O:CSCO160115C00024000,2016-01-11,2016-01-15,CSCO,C,24.0,196,0.26,0.34,-5.29,YES,0.3,1.18,0.26,1.03,0.34,0.26,10,1452488400000000000,4,24.93,25.27,25.34,24.93,25.34,23.62,24.43,24.43,0.0034,0.3,1.34,,
O:CSCO160115C00024500,2016-01-11,2016-01-15,CSCO,C,24.5,182,0.18,0.22,-3.31,NO,0.2,0.77,0.17,0.67,0.22,0.17,7,1452488400000000000,4,24.93,25.27,25.34,24.93,25.34,23.62,24.43,24.43,0.0034,0.2,0.87,,
O:CSCO160115C00025000,2016-01-11,2016-01-15,CSCO,C,25.0,1528,0.08,0.12,-1.34,NO,0.1,0.41,0.08,0.32,0.13,0.08,93,1452488400000000000,4,24.93,25.27,25.34,24.93,25.34,23.62,24.43,24.43,0.0034,0.1,0.51,,
O:CSCO160115C00025500,2016-01-11,2016-01-15,CSCO,C,25.5,1443,0.04,0.06,0.63,NO,0.05,0.2,0.04,0.16,0.06,0.04,120,1452488400000000000,4,24.93,25.27,25.34,24.93,25.34,23.62,24.43,24.43,0.0034,0.05,0.24,0.1164,0.3017
O:CSCO160115C00026000,2016-01-11,2016-01-15,CSCO,C,26.0,808,0.01,0.02,2.6,NO,0.02,0.06,0.01,0.04,0.02,0.01,40,1452488400000000000,4,24.93,25.27,25.34,24.93,25.34,23.62,24.43,24.43,0.0034,0.02,0.08,0.1818,0.0871
O:CSCO160115C00026500,2016-01-11,2016-01-15,CSCO,C,26.5,23,0.0,0.0,4.58,NO,0.0,0.0,0.0,0.0,0.0,0.0,6,1452488400000000000,4,24.93,25.27,25.34,24.93,25.34,23.62,24.43,24.43,0.0034,0.0,0.0,,
O:CSCO160115C00027000,2016-01-11,2016-01-15,CSCO,C,27.0,414,0.01,0.0,6.55,NO,0.0,0.02,0.0,0.0,0.01,0.0,33,1452488400000000000,4,24.93,25.27,25.34,24.93,25.34,23.62,24.43,24.43,0.0034,0.0,0.04,,
O:CSCO160115C00027500,2016-01-11,2016-01-15,CSCO,C,27.5,3,0.0,0.0,8.52,NO,0.0,0.0,0.0,0.0,0.0,0.0,2,1452488400000000000,4,24.93,25.27,25.34,24.93,25.34,23.62,24.43,24.43,0.0034,0.0,0.0,,
O:CSCO160115C00028000,2016-01-11,2016-01-15,CSCO,C,28.0,950,0.0,0.0,10.5,NO,0.0,0.0,0.0,0.0,0.0,0.0,31,1452488400000000000,4,24.93,25.27,25.34,24.93,25.34,23.62,24.43,24.43,0.0034,0.0,0.0,,
O:CSCO160115C00029000,2016-01-11,2016-01-15,CSCO,C,29.0,8,0.0,0.0,14.44,NO,0.0,0.0,0.0,0.0,0.0,0.0,1,1452488400000000000,4,24.93,25.27,25.34,24.93,25.34,23.62,24.43,24.43,0.0034,0.0,0.0,,
O:CSCO160115C00030000,2016-01-11,2016-01-15,CSCO,C,30.0,37,0.0,0.0,18.39,NO,0.0,0.0,0.0,0.0,0.0,0.0,4,1452488400000000000,4,24.93,25.27,25.34,24.93,25.34,23.62,24.43,24.43,0.0034,0.0,0.0,,
O:CSCO160115C00032000,2016-01-11,2016-01-15,CSCO,C,32.0,229,0.0,0.0,26.28,NO,0.0,0.0,0.0,0.0,0.0,0.0,6,1452488400000000000,4,24.93,25.27,25.34,24.93,25.34,23.62,24.43,24.43,0.0034,0.0,0.0,,
O:CSCO160122C00023500,2016-01-19,2016-01-22,CSCO,C,23.5,103,0.15,0.16,-2.21,YES,0.14,0.58,0.12,0.5,0.16,0.12,7,1453179600000000000,3,23.8,23.85,24.03,23.59,24.03,23.37,23.64,23.64,0.0034,0.14,0.67,,
O:CSCO160122C00024000,2016-01-19,2016-01-22,CSCO,C,24.0,2936,0.07,0.06,-0.12,NO,0.06,0.25,0.04,0.17,0.08,0.04,137,1453179600000000000,3,23.8,23.85,24.03,23.59,24.03,23.37,23.64,23.64,0.0034,0.06,0.33,0.0494,0.6113
O:CSCO160122C00024500,2016-01-19,2016-01-22,CSCO,C,24.5,789,0.03,0.02,1.96,NO,0.02,0.1,0.02,0.08,0.03,0.02,47,1453179600000000000,3,23.8,23.85,24.03,23.59,24.03,23.37,23.64,23.64,0.0034,0.02,0.12,0.1732,0.1075
O:CSCO160122C00025000,2016-01-19,2016-01-22,CSCO,C,25.0,198,0.02,0.0,4.04,NO,0.01,0.04,0.0,0.0,0.02,0.0,9,1453179600000000000,3,23.8,23.85,24.03,23.59,24.03,23.37,23.64,23.64,0.0034,0.01,0.08,0.2545193298792275,0.0422352664139888
O:CSCO160122C00025500,2016-01-19,2016-01-22,CSCO,C,25.5,101,0.0,0.0,6.12,NO,0.0,0.0,0.0,0.0,0.0,0.0,2,1453179600000000000,3,23.8,23.85,24.03,23.59,24.03,23.37,23.64,23.64,0.0034,0.0,0.0,,
O:CSCO160122C00026500,2016-01-19,2016-01-22,CSCO,C,26.5,15,0.0,0.0,10.28,NO,0.0,0.0,0.0,0.0,0.0,0.0,1,1453179600000000000,3,23.8,23.85,24.03,23.59,24.03,23.37,23.64,23.64,0.0034,0.0,0.0,,
O:CSCO160122C00028000,2016-01-19,2016-01-22,CSCO,C,28.0,55,0.0,0.0,16.52,NO,0.0,0.0,0.0,0.0,0.0,0.0,1,1453179600000000000,3,23.8,23.85,24.03,23.59,24.03,23.37,23.64,23.64,0.0034,0.0,0.0,,
O:CSCO160129C00022500,2016-01-25,2016-01-29,CSCO,C,22.5,15,0.26,0.26,-4.34,YES,0.26,1.11,0.26,1.11,0.26,0.26,1,1453698000000000000,4,23.38,23.17,23.52,23.14,23.52,23.79,23.8,23.8,0.0034,0.26,1.11,,
O:CSCO160129C00023000,2016-01-25,2016-01-29,CSCO,C,23.0,66,0.14,0.1,-2.21,YES,0.12,0.53,0.1,0.43,0.15,0.1,10,1453698000000000000,4,23.38,23.17,23.52,23.14,23.52,23.79,23.8,23.8,0.0034,0.12,0.64,,
O:CSCO160129C00023500,2016-01-25,2016-01-29,CSCO,C,23.5,522,0.06,0.04,-0.09,YES,0.06,0.26,0.04,0.17,0.08,0.04,58,1453698000000000000,4,23.38,23.17,23.52,23.14,23.52,23.79,23.8,23.8,0.0034,0.06,0.34,0.0289,0.615
O:CSCO160129C00024000,2016-01-25,2016-01-29,CSCO,C,24.0,2092,0.02,0.02,2.04,NO,0.02,0.11,0.02,0.09,0.03,0.02,58,1453698000000000000,4,23.38,23.17,23.52,23.14,23.52,23.79,23.8,23.8,0.0034,0.02,0.13,0.1554,0.1061
O:CSCO160129C00024500,2016-01-25,2016-01-29,CSCO,C,24.5,98,0.01,0.0,4.17,NO,0.0,0.02,0.0,0.0,0.01,0.0,11,1453698000000000000,4,23.38,23.17,23.52,23.14,23.52,23.79,23.8,23.8,0.0034,0.0,0.04,,
O:CSCO160129C00025000,2016-01-25,2016-01-29,CSCO,C,25.0,1,0.01,0.01,6.29,NO,0.01,0.04,0.01,0.04,0.01,0.01,1,1453698000000000000,4,23.38,23.17,23.52,23.14,23.52,23.79,23.8,23.8,0.0034,0.01,0.04,0.3146,0.0309
O:CSCO160129C00026000,2016-01-25,2016-01-29,CSCO,C,26.0,51,0.0,0.0,10.54,NO,0.0,0.0,0.0,0.0,0.0,0.0,2,1453698000000000000,4,23.38,23.17,23.52,23.14,23.52,23.79,23.8,23.8,0.0034,0.0,0.0,,
O:CSCO160129C00027000,2016-01-25,2016-01-29,CSCO,C,27.0,40,0.0,0.0,14.8,NO,0.0,0.0,0.0,0.0,0.0,0.0,1,1453698000000000000,4,23.38,23.17,23.52,23.14,23.52,23.79,23.8,23.8,0.0034,0.0,0.0,,
O:CSCO160129C00028500,2016-01-25,2016-01-29,CSCO,C,28.5,44,0.01,0.0,21.17,NO,0.0,0.02,0.0,0.0,0.01,0.0,2,1453698000000000000,4,23.38,23.17,23.52,23.14,23.52,23.79,23.8,23.8,0.0034,0.0,0.04,,
O:CSCO160205C00022500,2016-02-01,2016-02-05,CSCO,C,22.5,10,0.22,0.22,-4.54,YES,0.22,0.93,0.22,0.93,0.22,0.22,1,1454302800000000000,4,23.46,23.48,23.57,23.23,23.57,22.89,23.66,23.66,0.0038,0.22,0.93,,
O:CSCO160205C00023000,2016-02-01,2016-02-05,CSCO,C,23.0,112,0.14,0.15,-2.42,YES,0.14,0.59,0.12,0.51,0.16,0.12,13,1454302800000000000,4,23.46,23.48,23.57,23.23,23.57,22.89,23.66,23.66,0.0038,0.14,0.68,,
O:CSCO160205C00023500,2016-02-01,2016-02-05,CSCO,C,23.5,1946,0.08,0.07,-0.3,YES,0.06,0.25,0.04,0.17,0.08,0.04,76,1454302800000000000,4,23.46,23.48,23.57,23.23,23.57,22.89,23.66,23.66,0.0038,0.06,0.34,0.0,1.0
O:CSCO160205C00024000,2016-02-01,2016-02-05,CSCO,C,24.0,154,0.02,0.02,1.82,NO,0.02,0.06,0.01,0.04,0.02,0.01,25,1454302800000000000,4,23.46,23.48,23.57,23.23,23.57,22.89,23.66,23.66,0.0038,0.02,0.08,0.1435,0.1134
O:CSCO160205C00025000,2016-02-01,2016-02-05,CSCO,C,25.0,10,0.0,0.0,6.07,NO,0.0,0.0,0.0,0.0,0.0,0.0,1,1454302800000000000,4,23.46,23.48,23.57,23.23,23.57,22.89,23.66,23.66,0.0038,0.0,0.0,,
O:CSCO160205C00026500,2016-02-01,2016-02-05,CSCO,C,26.5,1,0.0,0.0,12.43,NO,0.0,0.0,0.0,0.0,0.0,0.0,1,1454302800000000000,4,23.46,23.48,23.57,23.23,23.57,22.89,23.66,23.66,0.0038,0.0,0.0,,
O:CSCO160212C00018000,2016-02-08,2016-02-12,CSCO,C,18.0,24,1.15,1.15,-21.81,YES,1.15,5.0,1.15,5.0,1.15,1.15,1,1454907600000000000,4,22.63,22.93,23.02,22.48,23.02,25.11,25.36,25.36,0.0038,1.15,5.0,,
O:CSCO160212C00020000,2016-02-08,2016-02-12,CSCO,C,20.0,16,0.69,0.69,-13.12,YES,0.69,3.0,0.69,3.0,0.69,0.69,1,1454907600000000000,4,22.63,22.93,23.02,22.48,23.02,25.11,25.36,25.36,0.0038,0.69,3.0,,
O:CSCO160212C00020500,2016-02-08,2016-02-12,CSCO,C,20.5,10,0.57,0.57,-10.95,YES,0.57,2.48,0.57,2.48,0.57,0.57,2,1454907600000000000,4,22.63,22.93,23.02,22.48,23.02,25.11,25.36,25.36,0.0038,0.57,2.48,,
O:CSCO160212C00022000,2016-02-08,2016-02-12,CSCO,C,22.0,149,0.26,0.3,-4.43,YES,0.28,1.19,0.25,1.09,0.3,0.25,12,1454907600000000000,4,22.63,22.93,23.02,22.48,23.02,25.11,25.36,25.36,0.0038,0.28,1.3,,
O:CSCO160212C00022500,2016-02-08,2016-02-12,CSCO,C,22.5,183,0.2,0.2,-2.26,YES,0.19,0.83,0.18,0.78,0.2,0.18,27,1454907600000000000,4,22.63,22.93,23.02,22.48,23.02,25.11,25.36,25.36,0.0038,0.19,0.87,,
O:CSCO160212C00023000,2016-02-08,2016-02-12,CSCO,C,23.0,1276,0.13,0.16,-0.09,YES,0.14,0.61,0.12,0.52,0.16,0.12,69,1454907600000000000,4,22.63,22.93,23.02,22.48,23.02,25.11,25.36,25.36,0.0038,0.14,0.7,0.1554,0.5191
O:CSCO160212C00023500,2016-02-08,2016-02-12,CSCO,C,23.5,484,0.09,0.1,2.09,YES,0.08,0.37,0.07,0.3,0.1,0.07,57,1454907600000000000,4,22.63,22.93,23.02,22.48,23.02,25.11,25.36,25.36,0.0038,0.08,0.43,0.284,0.2396
O:CSCO160212C00024000,2016-02-08,2016-02-12,CSCO,C,24.0,665,0.05,0.04,4.26,YES,0.05,0.22,0.04,0.17,0.06,0.04,43,1454907600000000000,4,22.63,22.93,23.02,22.48,23.02,25.11,25.36,25.36,0.0038,0.05,0.26,0.3191,0.1032
O:CSCO160212C00024500,2016-02-08,2016-02-12,CSCO,C,24.5,977,0.03,0.03,6.43,YES,0.02,0.11,0.02,0.09,0.03,0.02,14,1454907600000000000,4,22.63,22.93,23.02,22.48,23.02,25.11,25.36,25.36,0.0038,0.02,0.13,0.4,0.0658
O:CSCO160212C00025000,2016-02-08,2016-02-12,CSCO,C,25.0,9,0.02,0.02,8.6,YES,0.02,0.07,0.01,0.04,0.02,0.01,4,1454907600000000000,4,22.63,22.93,23.02,22.48,23.02,25.11,25.36,25.36,0.0038,0.02,0.09,0.4579,0.0405
O:CSCO160212C00025500,2016-02-08,2016-02-12,CSCO,C,25.5,57,0.01,0.0,10.77,NO,0.0,0.02,0.0,0.0,0.01,0.0,3,1454907600000000000,4,22.63,22.93,23.02,22.48,23.02,25.11,25.36,25.36,0.0038,0.0,0.04,,
O:CSCO160212C00026500,2016-02-08,2016-02-12,CSCO,C,26.5,4,0.0,0.0,15.12,NO,0.0,0.0,0.0,0.0,0.0,0.0,3,1454907600000000000,4,22.63,22.93,23.02,22.48,23.02,25.11,25.36,25.36,0.0038,0.0,0.0,,
O:CSCO160212C00027000,2016-02-08,2016-02-12,CSCO,C,27.0,3,0.01,0.01,17.29,NO,0.01,0.04,0.01,0.04,0.01,0.01,2,1454907600000000000,4,22.63,22.93,23.02,22.48,23.02,25.11,25.36,25.36,0.0038,0.01,0.04,0.7044,0.0139
O:CSCO160219C00021000,2016-02-16,2016-02-19,CSCO,C,21.0,8,1.16,1.16,-19.17,YES,1.16,4.46,1.16,4.46,1.16,1.16,2,1455598800000000000,3,25.27,25.84,25.98,25.19,25.98,26.55,26.56,26.56,0.0038,1.16,4.46,,
O:CSCO160219C00022000,2016-02-16,2016-02-19,CSCO,C,22.0,33,0.86,0.93,-15.32,YES,0.9,3.44,0.86,3.31,0.93,0.86,4,1455598800000000000,3,25.27,25.84,25.98,25.19,25.98,26.55,26.56,26.56,0.0038,0.9,3.58,,
O:CSCO160219C00022500,2016-02-16,2016-02-19,CSCO,C,22.5,107,0.68,0.85,-13.39,YES,0.76,2.94,0.68,2.62,0.85,0.68,6,1455598800000000000,3,25.27,25.84,25.98,25.19,25.98,26.55,26.56,26.56,0.0038,0.76,3.27,,
O:CSCO160219C00023000,2016-02-16,2016-02-19,CSCO,C,23.0,71,0.65,0.74,-11.47,YES,0.69,2.66,0.64,2.46,0.74,0.64,14,1455598800000000000,3,25.27,25.84,25.98,25.19,25.98,26.55,26.56,26.56,0.0038,0.69,2.85,,
O:CSCO160219C00023500,2016-02-16,2016-02-19,CSCO,C,23.5,160,0.5,0.6,-9.55,YES,0.56,2.16,0.5,1.92,0.62,0.5,19,1455598800000000000,3,25.27,25.84,25.98,25.19,25.98,26.55,26.56,26.56,0.0038,0.56,2.39,,
O:CSCO160219C00024000,2016-02-16,2016-02-19,CSCO,C,24.0,325,0.32,0.48,-7.62,YES,0.4,1.56,0.32,1.23,0.49,0.32,53,1455598800000000000,3,25.27,25.84,25.98,25.19,25.98,26.55,26.56,26.56,0.0038,0.4,1.89,,
O:CSCO160219C00024500,2016-02-16,2016-02-19,CSCO,C,24.5,806,0.19,0.36,-5.7,YES,0.28,1.08,0.19,0.73,0.37,0.19,101,1455598800000000000,3,25.27,25.84,25.98,25.19,25.98,26.55,26.56,26.56,0.0038,0.28,1.42,,
O:CSCO160219C00025000,2016-02-16,2016-02-19,CSCO,C,25.0,1087,0.14,0.22,-3.77,YES,0.2,0.77,0.14,0.54,0.26,0.14,84,1455598800000000000,3,25.27,25.84,25.98,25.19,25.98,26.55,26.56,26.56,0.0038,0.2,1.0,,
O:CSCO160219C00025500,2016-02-16,2016-02-19,CSCO,C,25.5,1042,0.04,0.12,-1.85,YES,0.09,0.35,0.04,0.15,0.14,0.04,91,1455598800000000000,3,25.27,25.84,25.98,25.19,25.98,26.55,26.56,26.56,0.0038,0.09,0.54,,
O:CSCO160219C00026000,2016-02-16,2016-02-19,CSCO,C,26.0,3650,0.02,0.04,0.08,YES,0.04,0.15,0.02,0.08,0.06,0.02,166,1455598800000000000,3,25.27,25.84,25.98,25.19,25.98,26.55,26.56,26.56,0.0038,0.04,0.23,0.0521,0.437
O:CSCO160219C00026500,2016-02-16,2016-02-19,CSCO,C,26.5,1401,0.0,0.01,2.0,YES,0.01,0.04,0.0,0.0,0.02,0.0,29,1455598800000000000,3,25.27,25.84,25.98,25.19,25.98,26.55,26.56,26.56,0.0038,0.01,0.08,0.145,0.0653
O:CSCO160219C00027000,2016-02-16,2016-02-19,CSCO,C,27.0,1367,0.0,0.0,3.93,NO,0.0,0.02,0.0,0.0,0.01,0.0,35,1455598800000000000,3,25.27,25.84,25.98,25.19,25.98,26.55,26.56,26.56,0.0038,0.0,0.04,,
O:CSCO160219C00028000,2016-02-16,2016-02-19,CSCO,C,28.0,24,0.0,0.0,7.78,NO,0.0,0.0,0.0,0.0,0.0,0.0,13,1455598800000000000,3,25.27,25.84,25.98,25.19,25.98,26.55,26.56,26.56,0.0038,0.0,0.0,,
O:CSCO160219C00029000,2016-02-16,2016-02-19,CSCO,C,29.0,442,0.0,0.0,11.62,NO,0.0,0.0,0.0,0.0,0.0,0.0,18,1455598800000000000,3,25.27,25.84,25.98,25.19,25.98,26.55,26.56,26.56,0.0038,0.0,0.0,,
O:CSCO160219C00030000,2016-02-16,2016-02-19,CSCO,C,30.0,13,0.0,0.0,15.47,NO,0.0,0.0,0.0,0.0,0.0,0.0,6,1455598800000000000,3,25.27,25.84,25.98,25.19,25.98,26.55,26.56,26.56,0.0038,0.0,0.0,,
O:CSCO160219C00031000,2016-02-16,2016-02-19,CSCO,C,31.0,14,0.0,0.0,19.32,NO,0.0,0.0,0.0,0.0,0.0,0.0,5,1455598800000000000,3,25.27,25.84,25.98,25.19,25.98,26.55,26.56,26.56,0.0038,0.0,0.0,,
O:CSCO160226C00022500,2016-02-22,2016-02-26,CSCO,C,22.5,5,0.99,0.99,-16.39,YES,0.99,3.68,0.99,3.68,0.99,0.99,1,1456117200000000000,4,26.87,26.63,26.91,26.42,26.91,26.41,26.85,26.85,0.0038,0.99,3.68,,
O:CSCO160226C00023000,2016-02-22,2016-02-26,CSCO,C,23.0,23,0.94,0.9,-14.53,YES,0.9,3.34,0.86,3.2,0.94,0.86,3,1456117200000000000,4,26.87,26.63,26.91,26.42,26.91,26.41,26.85,26.85,0.0038,0.9,3.49,,
O:CSCO160226C00023500,2016-02-22,2016-02-26,CSCO,C,23.5,11,0.78,0.78,-12.67,YES,0.78,2.9,0.78,2.9,0.78,0.78,1,1456117200000000000,4,26.87,26.63,26.91,26.42,26.91,26.41,26.85,26.85,0.0038,0.78,2.9,,
O:CSCO160226C00024000,2016-02-22,2016-02-26,CSCO,C,24.0,16,0.69,0.7,-10.81,YES,0.7,2.58,0.69,2.56,0.7,0.69,2,1456117200000000000,4,26.87,26.63,26.91,26.42,26.91,26.41,26.85,26.85,0.0038,0.7,2.6,,
O:CSCO160226C00024500,2016-02-22,2016-02-26,CSCO,C,24.5,19,0.56,0.51,-8.96,YES,0.54,1.99,0.51,1.89,0.56,0.51,3,1456117200000000000,4,26.87,26.63,26.91,26.42,26.91,26.41,26.85,26.85,0.0038,0.54,2.08,,
O:CSCO160226C00025000,2016-02-22,2016-02-26,CSCO,C,25.0,10,0.45,0.45,-7.1,YES,0.45,1.67,0.45,1.67,0.45,0.45,1,1456117200000000000,4,26.87,26.63,26.91,26.42,26.91,26.41,26.85,26.85,0.0038,0.45,1.67,,
O:CSCO160226C00025500,2016-02-22,2016-02-26,CSCO,C,25.5,29,0.36,0.28,-5.24,YES,0.32,1.19,0.28,1.04,0.36,0.28,4,1456117200000000000,4,26.87,26.63,26.91,26.42,26.91,26.41,26.85,26.85,0.0038,0.32,1.34,,
O:CSCO160226C00026000,2016-02-22,2016-02-26,CSCO,C,26.0,89,0.22,0.17,-3.38,YES,0.18,0.69,0.15,0.56,0.22,0.15,16,1456117200000000000,4,26.87,26.63,26.91,26.42,26.91,26.41,26.85,26.85,0.0038,0.18,0.82,,
O:CSCO160226C00026500,2016-02-22,2016-02-26,CSCO,C,26.5,656,0.12,0.08,-1.52,YES,0.1,0.35,0.06,0.22,0.13,0.06,51,1456117200000000000,4,26.87,26.63,26.91,26.42,26.91,26.41,26.85,26.85,0.0038,0.1,0.48,,
O:CSCO160226C00027000,2016-02-22,2016-02-26,CSCO,C,27.0,1635,0.05,0.02,0.33,NO,0.04,0.13,0.02,0.07,0.05,0.02,34,1456117200000000000,4,26.87,26.63,26.91,26.42,26.91,26.41,26.85,26.85,0.0038,0.04,0.19,0.0471,0.251
O:CSCO160226C00027500,2016-02-22,2016-02-26,CSCO,C,27.5,332,0.01,0.0,2.19,NO,0.01,0.04,0.0,0.0,0.02,0.0,6,1456117200000000000,4,26.87,26.63,26.91,26.42,26.91,26.41,26.85,26.85,0.0038,0.01,0.07,0.1336251596946939,0.0600404409301932
O:CSCO160304C00021000,2016-02-29,2016-03-04,CSCO,C,21.0,2,1.35,1.34,-21.2,YES,1.35,5.05,1.34,5.03,1.35,1.34,2,1456722000000000000,4,26.42,26.18,26.65,26.15,26.65,26.8,26.96,26.96,0.0038,1.35,5.07,,
O:CSCO160304C00022000,2016-02-29,2016-03-04,CSCO,C,22.0,1,1.14,1.14,-17.45,YES,1.14,4.28,1.14,4.28,1.14,1.14,1,1456722000000000000,4,26.42,26.18,26.65,26.15,26.65,26.8,26.96,26.96,0.0038,1.14,4.28,,
O:CSCO160304C00025000,2016-02-29,2016-03-04,CSCO,C,25.0,64,0.38,0.31,-6.19,YES,0.36,1.33,0.31,1.16,0.4,0.31,6,1456722000000000000,4,26.42,26.18,26.65,26.15,26.65,26.8,26.96,26.96,0.0038,0.36,1.5,,
O:CSCO160304C00025500,2016-02-29,2016-03-04,CSCO,C,25.5,20,0.28,0.24,-4.32,YES,0.26,0.98,0.24,0.9,0.28,0.24,5,1456722000000000000,4,26.42,26.18,26.65,26.15,26.65,26.8,26.96,26.96,0.0038,0.26,1.05,,
O:CSCO160304C00026000,2016-02-29,2016-03-04,CSCO,C,26.0,99,0.15,0.1,-2.44,YES,0.14,0.51,0.1,0.38,0.17,0.1,11,1456722000000000000,4,26.42,26.18,26.65,26.15,26.65,26.8,26.96,26.96,0.0038,0.14,0.64,,
O:CSCO160304C00026500,2016-02-29,2016-03-04,CSCO,C,26.5,790,0.06,0.04,-0.56,YES,0.06,0.23,0.04,0.15,0.08,0.04,84,1456722000000000000,4,26.42,26.18,26.65,26.15,26.65,26.8,26.96,26.96,0.0038,0.06,0.3,,
O:CSCO160304C00027000,2016-02-29,2016-03-04,CSCO,C,27.0,949,0.02,0.01,1.31,NO,0.02,0.08,0.01,0.04,0.03,0.01,53,1456722000000000000,4,26.42,26.18,26.65,26.15,26.65,26.8,26.96,26.96,0.0038,0.02,0.11,0.0908,0.0848
O:CSCO160304C00027500,2016-02-29,2016-03-04,CSCO,C,27.5,20,0.0,0.0,3.19,NO,0.0,0.0,0.0,0.0,0.0,0.0,2,1456722000000000000,4,26.42,26.18,26.65,26.15,26.65,26.8,26.96,26.96,0.0038,0.0,0.0,,
O:CSCO160311C00021500,2016-03-07,2016-03-11,CSCO,C,21.5,3,1.3,1.3,-20.9,YES,1.3,4.78,1.3,4.78,1.3,1.3,1,1457326800000000000,4,26.58,27.14,27.18,26.33,27.18,27.86,27.91,27.91,0.0036,1.3,4.78,,
O:CSCO160311C00023000,2016-03-07,2016-03-11,CSCO,C,23.0,1,0.94,0.94,-15.38,YES,0.94,3.46,0.94,3.46,0.94,0.94,1,1457326800000000000,4,26.58,27.14,27.18,26.33,27.18,27.86,27.91,27.91,0.0036,0.94,3.46,,
O:CSCO160311C00024500,2016-03-07,2016-03-11,CSCO,C,24.5,5,0.52,0.52,-9.86,YES,0.52,1.91,0.52,1.91,0.52,0.52,1,1457326800000000000,4,26.58,27.14,27.18,26.33,27.18,27.86,27.91,27.91,0.0036,0.52,1.91,,
O:CSCO160311C00025000,2016-03-07,2016-03-11,CSCO,C,25.0,17,0.49,0.53,-8.02,YES,0.51,1.88,0.49,1.8,0.53,0.49,4,1457326800000000000,4,26.58,27.14,27.18,26.33,27.18,27.86,27.91,27.91,0.0036,0.51,1.95,,
O:CSCO160311C00025500,2016-03-07,2016-03-11,CSCO,C,25.5,1,0.28,0.28,-6.18,YES,0.28,1.03,0.28,1.03,0.28,0.28,1,1457326800000000000,4,26.58,27.14,27.18,26.33,27.18,27.86,27.91,27.91,0.0036,0.28,1.03,,
O:CSCO160311C00026000,2016-03-07,2016-03-11,CSCO,C,26.0,5,0.19,0.29,-4.34,YES,0.24,0.88,0.19,0.7,0.29,0.19,3,1457326800000000000,4,26.58,27.14,27.18,26.33,27.18,27.86,27.91,27.91,0.0036,0.24,1.07,,
O:CSCO160311C00026500,2016-03-07,2016-03-11,CSCO,C,26.5,101,0.08,0.17,-2.5,YES,0.12,0.46,0.08,0.29,0.17,0.08,15,1457326800000000000,4,26.58,27.14,27.18,26.33,27.18,27.86,27.91,27.91,0.0036,0.12,0.63,,
O:CSCO160311C00027000,2016-03-07,2016-03-11,CSCO,C,27.0,1381,0.03,0.08,-0.66,YES,0.06,0.2,0.03,0.11,0.08,0.03,69,1457326800000000000,4,26.58,27.14,27.18,26.33,27.18,27.86,27.91,27.91,0.0036,0.06,0.29,,
O:CSCO160311C00027500,2016-03-07,2016-03-11,CSCO,C,27.5,359,0.01,0.02,1.18,YES,0.02,0.06,0.01,0.04,0.02,0.01,25,1457326800000000000,4,26.58,27.14,27.18,26.33,27.18,27.86,27.91,27.91,0.0036,0.02,0.07,0.1015,0.1349
O:CSCO160311C00028000,2016-03-07,2016-03-11,CSCO,C,28.0,150,0.01,0.01,3.02,NO,0.01,0.04,0.01,0.04,0.01,0.01,1,1457326800000000000,4,26.58,27.14,27.18,26.33,27.18,27.86,27.91,27.91,0.0036,0.01,0.04,0.171,0.0478
O:CSCO160318C00023000,2016-03-14,2016-03-18,CSCO,C,23.0,5,1.18,1.18,-17.44,YES,1.18,4.24,1.18,4.24,1.18,1.18,5,1457928000000000000,4,27.82,27.7,27.86,27.6,27.86,28.33,28.38,28.38,0.0036,1.18,4.24,,
O:CSCO160318C00024000,2016-03-14,2016-03-18,CSCO,C,24.0,2830,0.91,0.94,-13.85,YES,0.92,3.32,0.91,3.27,0.94,0.91,90,1457928000000000000,4,27.82,27.7,27.86,27.6,27.86,28.33,28.38,28.38,0.0036,0.92,3.37,,
O:CSCO160318C00025000,2016-03-14,2016-03-18,CSCO,C,25.0,1057,0.7,0.68,-10.27,YES,0.68,2.46,0.67,2.4,0.7,0.67,21,1457928000000000000,4,27.82,27.7,27.86,27.6,27.86,28.33,28.38,28.38,0.0036,0.68,2.51,,
O:CSCO160318C00026000,2016-03-14,2016-03-18,CSCO,C,26.0,837,0.43,0.43,-6.68,YES,0.43,1.54,0.42,1.51,0.44,0.42,32,1457928000000000000,4,27.82,27.7,27.86,27.6,27.86,28.33,28.38,28.38,0.0036,0.43,1.58,,
O:CSCO160318C00026500,2016-03-14,2016-03-18,CSCO,C,26.5,24,0.31,0.3,-4.88,YES,0.3,1.09,0.3,1.08,0.31,0.3,5,1457928000000000000,4,27.82,27.7,27.86,27.6,27.86,28.33,28.38,28.38,0.0036,0.3,1.11,,
O:CSCO160318C00027000,2016-03-14,2016-03-18,CSCO,C,27.0,390,0.2,0.19,-3.09,YES,0.19,0.68,0.18,0.65,0.2,0.18,36,1457928000000000000,4,27.82,27.7,27.86,27.6,27.86,28.33,28.38,28.38,0.0036,0.19,0.72,,
O:CSCO160318C00027500,2016-03-14,2016-03-18,CSCO,C,27.5,2793,0.12,0.09,-1.29,YES,0.1,0.36,0.08,0.29,0.12,0.08,48,1457928000000000000,4,27.82,27.7,27.86,27.6,27.86,28.33,28.38,28.38,0.0036,0.1,0.43,,
O:CSCO160318C00028000,2016-03-14,2016-03-18,CSCO,C,28.0,1081,0.04,0.03,0.5,YES,0.03,0.11,0.02,0.07,0.04,0.02,84,1457928000000000000,4,27.82,27.7,27.86,27.6,27.86,28.33,28.38,28.38,0.0036,0.03,0.14,0.0697,0.2465
O:CSCO160318C00028500,2016-03-14,2016-03-18,CSCO,C,28.5,143,0.01,0.01,2.3,NO,0.01,0.04,0.01,0.04,0.01,0.01,9,1457928000000000000,4,27.82,27.7,27.86,27.6,27.86,28.33,28.38,28.38,0.0036,0.01,0.04,0.1375,0.0568
O:CSCO160318C00029000,2016-03-14,2016-03-18,CSCO,C,29.0,5,0.0,0.0,4.09,NO,0.0,0.0,0.0,0.0,0.0,0.0,1,1457928000000000000,4,27.82,27.7,27.86,27.6,27.86,28.33,28.38,28.38,0.0036,0.0,0.0,,
O:CSCO160318C00031000,2016-03-14,2016-03-18,CSCO,C,31.0,12,0.0,0.0,11.27,NO,0.0,0.0,0.0,0.0,0.0,0.0,2,1457928000000000000,4,27.82,27.7,27.86,27.6,27.86,28.33,28.38,28.38,0.0036,0.0,0.0,,
O:CSCO160324C00024000,2016-03-21,2016-03-24,CSCO,C,24.0,1,1.05,1.05,-15.34,YES,1.05,3.7,1.05,3.7,1.05,1.05,1,1458532800000000000,3,28.1,28.19,28.35,28.04,28.35,27.96,28.0,28.0,0.0036,1.05,3.7,,
O:CSCO160324C00025000,2016-03-21,2016-03-24,CSCO,C,25.0,17,0.81,0.81,-11.82,YES,0.81,2.86,0.81,2.86,0.81,0.81,1,1458532800000000000,3,28.1,28.19,28.35,28.04,28.35,27.96,28.0,28.0,0.0036,0.81,2.86,,
O:CSCO160324C00025500,2016-03-21,2016-03-24,CSCO,C,25.5,3,0.66,0.66,-10.05,YES,0.66,2.33,0.66,2.33,0.66,0.66,1,1458532800000000000,3,28.1,28.19,28.35,28.04,28.35,27.96,28.0,28.0,0.0036,0.66,2.33,,
O:CSCO160324C00026000,2016-03-21,2016-03-24,CSCO,C,26.0,7,0.56,0.55,-8.29,YES,0.56,1.96,0.55,1.94,0.56,0.55,3,1458532800000000000,3,28.1,28.19,28.35,28.04,28.35,27.96,28.0,28.0,0.0036,0.56,1.98,,
O:CSCO160324C00026500,2016-03-21,2016-03-24,CSCO,C,26.5,3,0.41,0.41,-6.53,YES,0.41,1.45,0.41,1.45,0.41,0.41,1,1458532800000000000,3,28.1,28.19,28.35,28.04,28.35,27.96,28.0,28.0,0.0036,0.41,1.45,,
O:CSCO160324C00027000,2016-03-21,2016-03-24,CSCO,C,27.0,2,0.29,0.31,-4.76,YES,0.3,1.06,0.29,1.02,0.31,0.29,2,1458532800000000000,3,28.1,28.19,28.35,28.04,28.35,27.96,28.0,28.0,0.0036,0.3,1.09,,
O:CSCO160324C00027500,2016-03-21,2016-03-24,CSCO,C,27.5,78,0.2,0.19,-3.0,YES,0.19,0.67,0.18,0.63,0.2,0.18,8,1458532800000000000,3,28.1,28.19,28.35,28.04,28.35,27.96,28.0,28.0,0.0036,0.19,0.71,,
O:CSCO160324C00028000,2016-03-21,2016-03-24,CSCO,C,28.0,803,0.07,0.08,-1.23,YES,0.08,0.3,0.07,0.25,0.1,0.07,27,1458532800000000000,3,28.1,28.19,28.35,28.04,28.35,27.96,28.0,28.0,0.0036,0.08,0.35,,
O:CSCO160324C00028500,2016-03-21,2016-03-24,CSCO,C,28.5,847,0.02,0.02,0.53,NO,0.02,0.09,0.02,0.07,0.03,0.02,36,1458532800000000000,3,28.1,28.19,28.35,28.04,28.35,27.96,28.0,28.0,0.0036,0.02,0.11,0.0691,0.2001
O:CSCO160401C00024000,2016-03-28,2016-04-01,CSCO,C,24.0,20,1.02,1.02,-14.35,YES,1.02,3.64,1.02,3.64,1.02,1.02,1,1459137600000000000,4,27.99,27.9,28.02,27.78,28.02,28.69,28.7,28.7,0.0036,1.02,3.64,,
O:CSCO160401C00024500,2016-03-28,2016-04-01,CSCO,C,24.5,1,0.85,0.85,-12.56,YES,0.85,3.03,0.85,3.03,0.85,0.85,1,1459137600000000000,4,27.99,27.9,28.02,27.78,28.02,28.69,28.7,28.7,0.0036,0.85,3.03,,
O:CSCO160401C00025000,2016-03-28,2016-04-01,CSCO,C,25.0,2,0.72,0.72,-10.78,YES,0.72,2.57,0.72,2.57,0.72,0.72,1,1459137600000000000,4,27.99,27.9,28.02,27.78,28.02,28.69,28.7,28.7,0.0036,0.72,2.57,,
O:CSCO160401C00025500,2016-03-28,2016-04-01,CSCO,C,25.5,8,0.6,0.6,-8.99,YES,0.6,2.14,0.6,2.14,0.6,0.6,3,1459137600000000000,4,27.99,27.9,28.02,27.78,28.02,28.69,28.7,28.7,0.0036,0.6,2.14,,
O:CSCO160401C00026000,2016-03-28,2016-04-01,CSCO,C,26.0,10,0.48,0.48,-7.21,YES,0.48,1.71,0.48,1.71,0.48,0.48,1,1459137600000000000,4,27.99,27.9,28.02,27.78,28.02,28.69,28.7,28.7,0.0036,0.48,1.71,,
O:CSCO160401C00026500,2016-03-28,2016-04-01,CSCO,C,26.5,5,0.36,0.36,-5.42,YES,0.36,1.28,0.36,1.28,0.36,0.36,1,1459137600000000000,4,27.99,27.9,28.02,27.78,28.02,28.69,28.7,28.7,0.0036,0.36,1.28,,
O:CSCO160401C00027000,2016-03-28,2016-04-01,CSCO,C,27.0,35,0.26,0.22,-3.64,YES,0.24,0.86,0.22,0.79,0.26,0.22,8,1459137600000000000,4,27.99,27.9,28.02,27.78,28.02,28.69,28.7,28.7,0.0036,0.24,0.93,,
O:CSCO160401C00027500,2016-03-28,2016-04-01,CSCO,C,27.5,243,0.12,0.11,-1.86,YES,0.12,0.43,0.11,0.39,0.13,0.11,16,1459137600000000000,4,27.99,27.9,28.02,27.78,28.02,28.69,28.7,28.7,0.0036,0.12,0.46,,
O:CSCO160401C00028000,2016-03-28,2016-04-01,CSCO,C,28.0,595,0.06,0.04,-0.07,YES,0.04,0.16,0.03,0.11,0.06,0.03,74,1459137600000000000,4,27.99,27.9,28.02,27.78,28.02,28.69,28.7,28.7,0.0036,0.04,0.21,0.0241,0.6169
O:CSCO160401C00028500,2016-03-28,2016-04-01,CSCO,C,28.5,526,0.0,0.0,1.71,YES,0.01,0.04,0.0,0.0,0.02,0.0,26,1459137600000000000,4,27.99,27.9,28.02,27.78,28.02,28.69,28.7,28.7,0.0036,0.01,0.07,0.1095707869705651,0.0690223285445074
O:CSCO160401C00030000,2016-03-28,2016-04-01,CSCO,C,30.0,3,0.0,0.0,7.07,NO,0.0,0.0,0.0,0.0,0.0,0.0,1,1459137600000000000,4,27.99,27.9,28.02,27.78,28.02,28.69,28.7,28.7,0.0036,0.0,0.0,,
O:CSCO160408C00027000,2016-04-04,2016-04-08,CSCO,C,27.0,35,0.34,0.28,-4.96,YES,0.3,1.07,0.27,0.95,0.34,0.27,3,1459742400000000000,4,28.37,28.14,28.41,28.01,28.41,27.69,27.94,27.94,0.0037,0.3,1.2,,
O:CSCO160408C00027500,2016-04-04,2016-04-08,CSCO,C,27.5,38,0.16,0.18,-3.2,YES,0.17,0.6,0.16,0.56,0.18,0.16,9,1459742400000000000,4,28.37,28.14,28.41,28.01,28.41,27.69,27.94,27.94,0.0037,0.17,0.63,,
O:CSCO160408C00028000,2016-04-04,2016-04-08,CSCO,C,28.0,590,0.11,0.08,-1.44,NO,0.08,0.3,0.06,0.21,0.11,0.06,60,1459742400000000000,4,28.37,28.14,28.41,28.01,28.41,27.69,27.94,27.94,0.0037,0.08,0.39,,
O:CSCO160408C00028500,2016-04-04,2016-04-08,CSCO,C,28.5,1004,0.04,0.02,0.32,NO,0.04,0.12,0.02,0.07,0.05,0.02,56,1459742400000000000,4,28.37,28.14,28.41,28.01,28.41,27.69,27.94,27.94,0.0037,0.04,0.18,0.0446,0.2511
O:CSCO160408C00029000,2016-04-04,2016-04-08,CSCO,C,29.0,424,0.01,0.0,2.08,NO,0.0,0.02,0.0,0.0,0.01,0.0,21,1459742400000000000,4,28.37,28.14,28.41,28.01,28.41,27.69,27.94,27.94,0.0037,0.0,0.04,,
O:CSCO160408C00029500,2016-04-04,2016-04-08,CSCO,C,29.5,2,0.0,0.0,3.84,NO,0.0,0.0,0.0,0.0,0.0,0.0,1,1459742400000000000,4,28.37,28.14,28.41,28.01,28.41,27.69,27.94,27.94,0.0037,0.0,0.0,,
O:CSCO160415C00020000,2016-04-11,2016-04-15,CSCO,C,20.0,3,1.92,2.03,-29.03,YES,1.98,7.01,1.92,6.81,2.03,1.92,3,1460347200000000000,4,27.88,27.62,28.18,27.61,28.18,27.9,28.13,28.13,0.0037,1.98,7.2,,
O:CSCO160415C00022000,2016-04-11,2016-04-15,CSCO,C,22.0,9,1.47,1.53,-21.93,YES,1.5,5.32,1.47,5.22,1.53,1.47,2,1460347200000000000,4,27.88,27.62,28.18,27.61,28.18,27.9,28.13,28.13,0.0037,1.5,5.43,,
O:CSCO160415C00023000,2016-04-11,2016-04-15,CSCO,C,23.0,3,1.22,1.22,-18.38,YES,1.22,4.33,1.22,4.33,1.22,1.22,1,1460347200000000000,4,27.88,27.62,28.18,27.61,28.18,27.9,28.13,28.13,0.0037,1.22,4.33,,
O:CSCO160415C00024000,2016-04-11,2016-04-15,CSCO,C,24.0,10,0.99,1.0,-14.83,YES,1.0,3.53,0.99,3.51,1.0,0.99,2,1460347200000000000,4,27.88,27.62,28.18,27.61,28.18,27.9,28.13,28.13,0.0037,1.0,3.55,,
O:CSCO160415C00025000,2016-04-11,2016-04-15,CSCO,C,25.0,21,0.75,0.75,-11.28,YES,0.75,2.66,0.75,2.66,0.75,0.75,1,1460347200000000000,4,27.88,27.62,28.18,27.61,28.18,27.9,28.13,28.13,0.0037,0.75,2.66,,
O:CSCO160415C00026000,2016-04-11,2016-04-15,CSCO,C,26.0,5,0.47,0.41,-7.74,YES,0.44,1.56,0.41,1.45,0.47,0.41,3,1460347200000000000,4,27.88,27.62,28.18,27.61,28.18,27.9,28.13,28.13,0.0037,0.44,1.67,,
O:CSCO160415C00026500,2016-04-11,2016-04-15,CSCO,C,26.5,3,0.38,0.38,-5.96,YES,0.38,1.35,0.38,1.35,0.38,0.38,1,1460347200000000000,4,27.88,27.62,28.18,27.61,28.18,27.9,28.13,28.13,0.0037,0.38,1.35,,
O:CSCO160415C00027000,2016-04-11,2016-04-15,CSCO,C,27.0,286,0.24,0.18,-4.19,YES,0.24,0.83,0.18,0.64,0.29,0.18,13,1460347200000000000,4,27.88,27.62,28.18,27.61,28.18,27.9,28.13,28.13,0.0037,0.24,1.03,,
O:CSCO160415C00027500,2016-04-11,2016-04-15,CSCO,C,27.5,315,0.14,0.1,-2.41,YES,0.14,0.5,0.1,0.35,0.18,0.1,18,1460347200000000000,4,27.88,27.62,28.18,27.61,28.18,27.9,28.13,28.13,0.0037,0.14,0.64,,
O:CSCO160415C00028000,2016-04-11,2016-04-15,CSCO,C,28.0,1116,0.05,0.02,-0.64,YES,0.05,0.18,0.02,0.07,0.08,0.02,118,1460347200000000000,4,27.88,27.62,28.18,27.61,28.18,27.9,28.13,28.13,0.0037,0.05,0.28,,
O:CSCO160415C00028500,2016-04-11,2016-04-15,CSCO,C,28.5,273,0.01,0.01,1.14,NO,0.02,0.05,0.01,0.04,0.02,0.01,34,1460347200000000000,4,27.88,27.62,28.18,27.61,28.18,27.9,28.13,28.13,0.0037,0.02,0.07,0.0803,0.0898
O:CSCO160415C00029000,2016-04-11,2016-04-15,CSCO,C,29.0,135,0.0,0.0,2.91,NO,0.0,0.0,0.0,0.0,0.0,0.0,12,1460347200000000000,4,27.88,27.62,28.18,27.61,28.18,27.9,28.13,28.13,0.0037,0.0,0.0,,
O:CSCO160415C00030000,2016-04-11,2016-04-15,CSCO,C,30.0,20,0.0,0.0,6.46,NO,0.0,0.0,0.0,0.0,0.0,0.0,5,1460347200000000000,4,27.88,27.62,28.18,27.61,28.18,27.9,28.13,28.13,0.0037,0.0,0.0,,
O:CSCO160415C00032000,2016-04-11,2016-04-15,CSCO,C,32.0,3,0.01,0.01,13.56,NO,0.01,0.04,0.01,0.04,0.01,0.01,1,1460347200000000000,4,27.88,27.62,28.18,27.61,28.18,27.9,28.13,28.13,0.0037,0.01,0.04,0.5647,0.0147
O:CSCO160422C00020000,2016-04-18,2016-04-22,CSCO,C,20.0,1,2.04,2.04,-29.2,YES,2.04,7.22,2.04,7.22,2.04,2.04,1,1460952000000000000,4,27.9,28.19,28.25,27.8,28.25,28.15,28.55,28.55,0.0037,2.04,7.22,,
O:CSCO160422C00027000,2016-04-18,2016-04-22,CSCO,C,27.0,1,0.23,0.23,-4.42,YES,0.23,0.81,0.23,0.81,0.23,0.23,1,1460952000000000000,4,27.9,28.19,28.25,27.8,28.25,28.15,28.55,28.55,0.0037,0.23,0.81,,
O:CSCO160422C00027500,2016-04-18,2016-04-22,CSCO,C,27.5,122,0.12,0.19,-2.65,YES,0.16,0.57,0.12,0.42,0.2,0.12,10,1460952000000000000,4,27.9,28.19,28.25,27.8,28.25,28.15,28.55,28.55,0.0037,0.16,0.71,,
O:CSCO160422C00028000,2016-04-18,2016-04-22,CSCO,C,28.0,1107,0.05,0.09,-0.88,YES,0.08,0.27,0.05,0.18,0.1,0.05,62,1460952000000000000,4,27.9,28.19,28.25,27.8,28.25,28.15,28.55,28.55,0.0037,0.08,0.35,,
O:CSCO160422C00028500,2016-04-18,2016-04-22,CSCO,C,28.5,484,0.02,0.03,0.88,YES,0.02,0.09,0.02,0.07,0.03,0.02,60,1460952000000000000,4,27.9,28.19,28.25,27.8,28.25,28.15,28.55,28.55,0.0037,0.02,0.11,0.0959,0.1897
O:CSCO160422C00029000,2016-04-18,2016-04-22,CSCO,C,29.0,188,0.0,0.01,2.65,NO,0.0,0.02,0.0,0.0,0.01,0.0,8,1460952000000000000,4,27.9,28.19,28.25,27.8,28.25,28.15,28.55,28.55,0.0037,0.0,0.04,0.1535,0.0509
O:CSCO160429C00027000,2016-04-25,2016-04-29,CSCO,C,27.0,4,0.28,0.3,-4.53,YES,0.29,1.03,0.28,0.99,0.3,0.28,2,1461556800000000000,4,28.11,28.23,28.28,27.98,28.28,27.49,27.83,27.83,0.0037,0.29,1.06,,
O:CSCO160429C00027500,2016-04-25,2016-04-29,CSCO,C,27.5,425,0.16,0.19,-2.76,YES,0.18,0.62,0.16,0.57,0.19,0.16,15,1461556800000000000,4,28.11,28.23,28.28,27.98,28.28,27.49,27.83,27.83,0.0037,0.18,0.67,,
O:CSCO160429C00028000,2016-04-25,2016-04-29,CSCO,C,28.0,276,0.09,0.09,-0.99,NO,0.08,0.28,0.07,0.25,0.09,0.07,41,1461556800000000000,4,28.11,28.23,28.28,27.98,28.28,27.49,27.83,27.83,0.0037,0.08,0.32,,
O:CSCO160429C00028500,2016-04-25,2016-04-29,CSCO,C,28.5,385,0.02,0.03,0.78,NO,0.02,0.09,0.02,0.07,0.03,0.02,29,1461556800000000000,4,28.11,28.23,28.28,27.98,28.28,27.49,27.83,27.83,0.0037,0.02,0.11,0.0887,0.2018
O:CSCO160429C00029000,2016-04-25,2016-04-29,CSCO,C,29.0,269,0.01,0.01,2.55,NO,0.0,0.02,0.0,0.0,0.01,0.0,11,1461556800000000000,4,28.11,28.23,28.28,27.98,28.28,27.49,27.83,27.83,0.0037,0.0,0.04,0.1485,0.0524
O:CSCO160506C00027000,2016-05-02,2016-05-06,CSCO,C,27.0,149,0.11,0.14,-1.89,NO,0.12,0.45,0.11,0.4,0.14,0.11,14,1462161600000000000,4,27.48,27.37,27.52,27.2,27.52,26.53,26.54,26.54,0.0037,0.12,0.51,,
O:CSCO160506C00027500,2016-05-02,2016-05-06,CSCO,C,27.5,1058,0.04,0.05,-0.07,NO,0.05,0.18,0.04,0.15,0.06,0.04,68,1462161600000000000,4,27.48,27.37,27.52,27.2,27.52,26.53,26.54,26.54,0.0037,0.05,0.22,0.0335,0.5859
O:CSCO160506C00028000,2016-05-02,2016-05-06,CSCO,C,28.0,563,0.02,0.01,1.74,NO,0.02,0.05,0.01,0.04,0.02,0.01,34,1462161600000000000,4,27.48,27.37,27.52,27.2,27.52,26.53,26.54,26.54,0.0037,0.02,0.07,0.1115,0.069
O:CSCO160506C00028500,2016-05-02,2016-05-06,CSCO,C,28.5,24,0.0,0.0,3.56,NO,0.0,0.0,0.0,0.0,0.0,0.0,8,1462161600000000000,4,27.48,27.37,27.52,27.2,27.52,26.53,26.54,26.54,0.0037,0.0,0.0,,
O:CSCO160513C00025000,2016-05-09,2016-05-13,CSCO,C,25.0,3,0.42,0.42,-6.3,YES,0.42,1.57,0.42,1.57,0.42,0.42,1,1462766400000000000,4,26.52,26.51,26.68,26.39,26.68,26.53,26.89,26.89,0.0037,0.42,1.57,,
O:CSCO160513C00026000,2016-05-09,2016-05-13,CSCO,C,26.0,147,0.16,0.17,-2.55,YES,0.15,0.56,0.13,0.49,0.17,0.13,13,1462766400000000000,4,26.52,26.51,26.68,26.39,26.68,26.53,26.89,26.89,0.0037,0.15,0.64,,
O:CSCO160513C00026500,2016-05-09,2016-05-13,CSCO,C,26.5,1284,0.08,0.07,-0.67,YES,0.08,0.28,0.06,0.22,0.09,0.06,83,1462766400000000000,4,26.52,26.51,26.68,26.39,26.68,26.53,26.89,26.89,0.0037,0.08,0.34,,
O:CSCO160513C00027000,2016-05-09,2016-05-13,CSCO,C,27.0,856,0.02,0.02,1.2,NO,0.02,0.09,0.02,0.07,0.03,0.02,63,1462766400000000000,4,26.52,26.51,26.68,26.39,26.68,26.53,26.89,26.89,0.0037,0.02,0.11,0.1034,0.1349
O:CSCO160513C00027500,2016-05-09,2016-05-13,CSCO,C,27.5,551,0.01,0.0,3.07,NO,0.0,0.02,0.0,0.0,0.01,0.0,8,1462766400000000000,4,26.52,26.51,26.68,26.39,26.68,26.53,26.89,26.89,0.0037,0.0,0.04,,
O:CSCO160513C00028000,2016-05-09,2016-05-13,CSCO,C,28.0,12,0.0,0.0,4.95,NO,0.0,0.0,0.0,0.0,0.0,0.0,2,1462766400000000000,4,26.52,26.51,26.68,26.39,26.68,26.53,26.89,26.89,0.0037,0.0,0.0,,
O:CSCO160520C00025000,2016-05-16,2016-05-20,CSCO,C,25.0,7,0.55,0.54,-7.82,YES,0.55,2.01,0.54,1.99,0.55,0.54,2,1463371200000000000,4,26.57,26.97,27.12,26.56,27.12,27.97,28.15,28.15,0.0037,0.55,2.03,,
O:CSCO160520C00026000,2016-05-16,2016-05-20,CSCO,C,26.0,74,0.27,0.35,-4.13,YES,0.32,1.16,0.27,1.0,0.36,0.27,20,1463371200000000000,4,26.57,26.97,27.12,26.56,27.12,27.97,28.15,28.15,0.0037,0.32,1.33,,
O:CSCO160520C00026500,2016-05-16,2016-05-20,CSCO,C,26.5,155,0.2,0.25,-2.29,YES,0.22,0.83,0.19,0.7,0.26,0.19,28,1463371200000000000,4,26.57,26.97,27.12,26.56,27.12,27.97,28.15,28.15,0.0037,0.22,0.96,,
O:CSCO160520C00027000,2016-05-16,2016-05-20,CSCO,C,27.0,7360,0.14,0.17,-0.44,YES,0.17,0.63,0.14,0.52,0.2,0.14,291,1463371200000000000,4,26.57,26.97,27.12,26.56,27.12,27.97,28.15,28.15,0.0037,0.17,0.74,0.0865,0.6878
O:CSCO160520C00027500,2016-05-16,2016-05-20,CSCO,C,27.5,622,0.09,0.12,1.4,YES,0.11,0.41,0.09,0.33,0.13,0.09,78,1463371200000000000,4,26.57,26.97,27.12,26.56,27.12,27.97,28.15,28.15,0.0037,0.11,0.48,0.2349,0.2821
O:CSCO160520C00028000,2016-05-16,2016-05-20,CSCO,C,28.0,2891,0.05,0.08,3.24,YES,0.06,0.24,0.05,0.18,0.08,0.05,223,1463371200000000000,4,26.57,26.97,27.12,26.56,27.12,27.97,28.15,28.15,0.0037,0.06,0.29,0.3142,0.1621
O:CSCO160520C00028500,2016-05-16,2016-05-20,CSCO,C,28.5,1589,0.03,0.05,5.09,NO,0.04,0.15,0.03,0.11,0.05,0.03,116,1463371200000000000,4,26.57,26.97,27.12,26.56,27.12,27.97,28.15,28.15,0.0037,0.04,0.18,0.3678,0.0956
O:CSCO160520C00029000,2016-05-16,2016-05-20,CSCO,C,29.0,5624,0.02,0.02,6.93,NO,0.02,0.09,0.02,0.07,0.03,0.02,79,1463371200000000000,4,26.57,26.97,27.12,26.56,27.12,27.97,28.15,28.15,0.0037,0.02,0.11,0.3756,0.0424
O:CSCO160520C00029500,2016-05-16,2016-05-20,CSCO,C,29.5,118,0.01,0.01,8.78,NO,0.02,0.06,0.01,0.04,0.02,0.01,6,1463371200000000000,4,26.57,26.97,27.12,26.56,27.12,27.97,28.15,28.15,0.0037,0.02,0.07,0.401,0.0215
O:CSCO160520C00030000,2016-05-16,2016-05-20,CSCO,C,30.0,9008,0.01,0.01,10.62,NO,0.0,0.02,0.0,0.0,0.01,0.0,19,1463371200000000000,4,26.57,26.97,27.12,26.56,27.12,27.97,28.15,28.15,0.0037,0.0,0.04,0.4672,0.0184
O:CSCO160527C00026000,2016-05-23,2016-05-27,CSCO,C,26.0,4,0.54,0.54,-7.96,YES,0.54,1.91,0.54,1.91,0.54,0.54,1,1463976000000000000,4,27.78,27.94,28.25,27.78,28.25,28.92,29.04,29.04,0.0037,0.54,1.91,,
O:CSCO160527C00026500,2016-05-23,2016-05-27,CSCO,C,26.5,19,0.41,0.42,-6.19,YES,0.41,1.45,0.4,1.42,0.42,0.4,4,1463976000000000000,4,27.78,27.94,28.25,27.78,28.25,28.92,29.04,29.04,0.0037,0.41,1.49,,
O:CSCO160527C00027000,2016-05-23,2016-05-27,CSCO,C,27.0,85,0.22,0.28,-4.42,YES,0.26,0.94,0.22,0.78,0.31,0.22,16,1463976000000000000,4,27.78,27.94,28.25,27.78,28.25,28.92,29.04,29.04,0.0037,0.26,1.1,,
O:CSCO160527C00027500,2016-05-23,2016-05-27,CSCO,C,27.5,145,0.19,0.13,-2.65,YES,0.16,0.57,0.13,0.46,0.19,0.13,11,1463976000000000000,4,27.78,27.94,28.25,27.78,28.25,28.92,29.04,29.04,0.0037,0.16,0.67,,
O:CSCO160527C00028000,2016-05-23,2016-05-27,CSCO,C,28.0,1550,0.06,0.06,-0.88,YES,0.07,0.25,0.05,0.18,0.09,0.05,110,1463976000000000000,4,27.78,27.94,28.25,27.78,28.25,28.92,29.04,29.04,0.0037,0.07,0.32,,
O:CSCO160527C00028500,2016-05-23,2016-05-27,CSCO,C,28.5,724,0.01,0.01,0.88,YES,0.02,0.05,0.01,0.04,0.02,0.01,69,1463976000000000000,4,27.78,27.94,28.25,27.78,28.25,28.92,29.04,29.04,0.0037,0.02,0.07,0.0669,0.1046
O:CSCO160527C00029000,2016-05-23,2016-05-27,CSCO,C,29.0,6,0.0,0.0,2.65,YES,0.0,0.0,0.0,0.0,0.0,0.0,2,1463976000000000000,4,27.78,27.94,28.25,27.78,28.25,28.92,29.04,29.04,0.0037,0.0,0.0,,
O:CSCO160603C00027000,2016-05-31,2016-06-03,CSCO,C,27.0,7,0.5,0.46,-7.15,YES,0.48,1.65,0.46,1.58,0.5,0.46,6,1464667200000000000,3,28.8,29.05,29.08,28.76,29.08,29.13,29.21,29.21,0.0037,0.48,1.72,,
O:CSCO160603C00027500,2016-05-31,2016-06-03,CSCO,C,27.5,1,0.34,0.34,-5.43,YES,0.34,1.17,0.34,1.17,0.34,0.34,1,1464667200000000000,3,28.8,29.05,29.08,28.76,29.08,29.13,29.21,29.21,0.0037,0.34,1.17,,
O:CSCO160603C00028000,2016-05-31,2016-06-03,CSCO,C,28.0,5,0.25,0.25,-3.71,YES,0.25,0.86,0.25,0.86,0.25,0.25,1,1464667200000000000,3,28.8,29.05,29.08,28.76,29.08,29.13,29.21,29.21,0.0037,0.25,0.86,,
O:CSCO160603C00028500,2016-05-31,2016-06-03,CSCO,C,28.5,656,0.12,0.14,-1.99,YES,0.12,0.41,0.1,0.34,0.14,0.1,37,1464667200000000000,3,28.8,29.05,29.08,28.76,29.08,29.13,29.21,29.21,0.0037,0.12,0.48,,
O:CSCO160603C00029000,2016-05-31,2016-06-03,CSCO,C,29.0,1017,0.04,0.05,-0.28,YES,0.04,0.12,0.02,0.07,0.05,0.02,63,1464667200000000000,3,28.8,29.05,29.08,28.76,29.08,29.13,29.21,29.21,0.0037,0.04,0.17,,
O:CSCO160603C00029500,2016-05-31,2016-06-03,CSCO,C,29.5,377,0.01,0.01,1.44,NO,0.0,0.02,0.0,0.0,0.01,0.0,9,1464667200000000000,3,28.8,29.05,29.08,28.76,29.08,29.13,29.21,29.21,0.0037,0.0,0.03,0.1102,0.0754
O:CSCO160603C00030000,2016-05-31,2016-06-03,CSCO,C,30.0,5,0.0,0.0,3.16,NO,0.0,0.0,0.0,0.0,0.0,0.0,1,1464667200000000000,3,28.8,29.05,29.08,28.76,29.08,29.13,29.21,29.21,0.0037,0.0,0.0,,
O:CSCO160610C00027000,2016-06-06,2016-06-10,CSCO,C,27.0,5,0.56,0.56,-8.19,YES,0.56,1.9,0.56,1.9,0.56,0.56,1,1465185600000000000,4,29.07,29.1,29.41,29.06,29.41,29.03,29.03,29.03,0.0038,0.56,1.9,,
O:CSCO160610C00028000,2016-06-06,2016-06-10,CSCO,C,28.0,8,0.34,0.32,-4.79,YES,0.33,1.12,0.32,1.09,0.34,0.32,2,1465185600000000000,4,29.07,29.1,29.41,29.06,29.41,29.03,29.03,29.03,0.0038,0.33,1.16,,
O:CSCO160610C00028500,2016-06-06,2016-06-10,CSCO,C,28.5,112,0.18,0.17,-3.09,YES,0.2,0.66,0.17,0.58,0.22,0.17,14,1465185600000000000,4,29.07,29.1,29.41,29.06,29.41,29.03,29.03,29.03,0.0038,0.2,0.75,,
O:CSCO160610C00029000,2016-06-06,2016-06-10,CSCO,C,29.0,188,0.08,0.08,-1.39,YES,0.1,0.34,0.08,0.27,0.12,0.08,17,1465185600000000000,4,29.07,29.1,29.41,29.06,29.41,29.03,29.03,29.03,0.0038,0.1,0.41,,
O:CSCO160610C00029500,2016-06-06,2016-06-10,CSCO,C,29.5,258,0.02,0.02,0.31,NO,0.03,0.1,0.02,0.07,0.04,0.02,19,1465185600000000000,4,29.07,29.1,29.41,29.06,29.41,29.03,29.03,29.03,0.0038,0.03,0.14,0.0431,0.2512
O:CSCO160610C00030000,2016-06-06,2016-06-10,CSCO,C,30.0,379,0.0,0.01,2.01,NO,0.0,0.02,0.0,0.0,0.01,0.0,20,1465185600000000000,4,29.07,29.1,29.41,29.06,29.41,29.03,29.03,29.03,0.0038,0.0,0.03,0.1224,0.0601
O:CSCO160617C00021000,2016-06-13,2016-06-17,CSCO,C,21.0,40,1.99,1.99,-28.06,YES,1.99,6.82,1.99,6.82,1.99,1.99,1,1465790400000000000,4,28.97,28.84,29.19,28.82,29.19,28.95,29.0,29.0,0.0038,1.99,6.82,,
O:CSCO160617C00026000,2016-06-13,2016-06-17,CSCO,C,26.0,5,0.76,0.71,-10.93,YES,0.74,2.52,0.71,2.43,0.76,0.71,2,1465790400000000000,4,28.97,28.84,29.19,28.82,29.19,28.95,29.0,29.0,0.0038,0.74,2.6,,
O:CSCO160617C00027000,2016-06-13,2016-06-17,CSCO,C,27.0,38,0.51,0.5,-7.5,YES,0.5,1.71,0.49,1.68,0.51,0.49,7,1465790400000000000,4,28.97,28.84,29.19,28.82,29.19,28.95,29.0,29.0,0.0038,0.5,1.75,,
O:CSCO160617C00027500,2016-06-13,2016-06-17,CSCO,C,27.5,1,0.39,0.39,-5.79,YES,0.39,1.34,0.39,1.34,0.39,0.39,1,1465790400000000000,4,28.97,28.84,29.19,28.82,29.19,28.95,29.0,29.0,0.0038,0.39,1.34,,
O:CSCO160617C00028000,2016-06-13,2016-06-17,CSCO,C,28.0,447,0.26,0.22,-4.08,YES,0.26,0.87,0.22,0.75,0.29,0.22,33,1465790400000000000,4,28.97,28.84,29.19,28.82,29.19,28.95,29.0,29.0,0.0038,0.26,0.99,,
O:CSCO160617C00028500,2016-06-13,2016-06-17,CSCO,C,28.5,278,0.15,0.11,-2.36,YES,0.14,0.46,0.11,0.38,0.16,0.11,17,1465790400000000000,4,28.97,28.84,29.19,28.82,29.19,28.95,29.0,29.0,0.0038,0.14,0.55,,
O:CSCO160617C00029000,2016-06-13,2016-06-17,CSCO,C,29.0,2084,0.05,0.04,-0.65,YES,0.06,0.21,0.04,0.14,0.08,0.04,113,1465790400000000000,4,28.97,28.84,29.19,28.82,29.19,28.95,29.0,29.0,0.0038,0.06,0.27,,
O:CSCO160617C00029500,2016-06-13,2016-06-17,CSCO,C,29.5,820,0.01,0.01,1.06,NO,0.02,0.05,0.01,0.03,0.02,0.01,22,1465790400000000000,4,28.97,28.84,29.19,28.82,29.19,28.95,29.0,29.0,0.0038,0.02,0.07,0.0757,0.0916
O:CSCO160617C00030000,2016-06-13,2016-06-17,CSCO,C,30.0,66,0.0,0.0,2.77,NO,0.0,0.0,0.0,0.0,0.0,0.0,14,1465790400000000000,4,28.97,28.84,29.19,28.82,29.19,28.95,29.0,29.0,0.0038,0.0,0.0,,
O:CSCO160617C00031000,2016-06-13,2016-06-17,CSCO,C,31.0,28,0.0,0.0,6.2,NO,0.0,0.0,0.0,0.0,0.0,0.0,7,1465790400000000000,4,28.97,28.84,29.19,28.82,29.19,28.95,29.0,29.0,0.0038,0.0,0.0,,
O:CSCO160624C00027500,2016-06-20,2016-06-24,CSCO,C,27.5,2,0.39,0.39,-5.89,YES,0.39,1.33,0.39,1.33,0.39,0.39,1,1466395200000000000,4,29.04,28.8,29.22,28.78,29.22,27.75,28.57,28.57,0.0038,0.39,1.33,,
O:CSCO160624C00028000,2016-06-20,2016-06-24,CSCO,C,28.0,91,0.26,0.23,-4.18,YES,0.26,0.87,0.23,0.79,0.28,0.23,15,1466395200000000000,4,29.04,28.8,29.22,28.78,29.22,27.75,28.57,28.57,0.0038,0.26,0.96,,
O:CSCO160624C00028500,2016-06-20,2016-06-24,CSCO,C,28.5,61,0.18,0.15,-2.46,YES,0.16,0.56,0.15,0.51,0.18,0.15,8,1466395200000000000,4,29.04,28.8,29.22,28.78,29.22,27.75,28.57,28.57,0.0038,0.16,0.62,,
O:CSCO160624C00029000,2016-06-20,2016-06-24,CSCO,C,29.0,1055,0.07,0.04,-0.75,NO,0.07,0.24,0.04,0.14,0.1,0.04,104,1466395200000000000,4,29.04,28.8,29.22,28.78,29.22,27.75,28.57,28.57,0.0038,0.07,0.34,,
O:CSCO160624C00029500,2016-06-20,2016-06-24,CSCO,C,29.5,434,0.03,0.02,0.96,NO,0.02,0.09,0.02,0.07,0.03,0.02,43,1466395200000000000,4,29.04,28.8,29.22,28.78,29.22,27.75,28.57,28.57,0.0038,0.02,0.1,0.0863,0.1455
O:CSCO160624C00030000,2016-06-20,2016-06-24,CSCO,C,30.0,130,0.0,0.0,2.67,NO,0.0,0.0,0.0,0.0,0.0,0.0,2,1466395200000000000,4,29.04,28.8,29.22,28.78,29.22,27.75,28.57,28.57,0.0038,0.0,0.0,,
O:CSCO160624C00031000,2016-06-20,2016-06-24,CSCO,C,31.0,20,0.0,0.0,6.09,NO,0.0,0.0,0.0,0.0,0.0,0.0,2,1466395200000000000,4,29.04,28.8,29.22,28.78,29.22,27.75,28.57,28.57,0.0038,0.0,0.0,,
O:CSCO160701C00023000,2016-06-27,2016-07-01,CSCO,C,23.0,5,1.03,1.03,-16.52,YES,1.03,3.74,1.03,3.74,1.03,1.03,1,1467000000000000000,4,27.48,27.31,27.55,27.13,27.55,28.8,28.93,28.93,0.0038,1.03,3.74,,
O:CSCO160701C00026000,2016-06-27,2016-07-01,CSCO,C,26.0,10,0.34,0.34,-5.63,YES,0.34,1.23,0.34,1.23,0.34,0.34,2,1467000000000000000,4,27.48,27.31,27.55,27.13,27.55,28.8,28.93,28.93,0.0038,0.34,1.23,,
O:CSCO160701C00026500,2016-06-27,2016-07-01,CSCO,C,26.5,20,0.22,0.24,-3.81,YES,0.23,0.83,0.22,0.8,0.24,0.22,3,1467000000000000000,4,27.48,27.31,27.55,27.13,27.55,28.8,28.93,28.93,0.0038,0.23,0.87,,
O:CSCO160701C00027000,2016-06-27,2016-07-01,CSCO,C,27.0,189,0.14,0.13,-2.0,YES,0.13,0.47,0.11,0.4,0.15,0.11,20,1467000000000000000,4,27.48,27.31,27.55,27.13,27.55,28.8,28.93,28.93,0.0038,0.13,0.54,,
O:CSCO160701C00027500,2016-06-27,2016-07-01,CSCO,C,27.5,496,0.08,0.06,-0.18,YES,0.07,0.25,0.05,0.18,0.09,0.05,49,1467000000000000000,4,27.48,27.31,27.55,27.13,27.55,28.8,28.93,28.93,0.0038,0.07,0.33,0.0236,0.774
O:CSCO160701C00028000,2016-06-27,2016-07-01,CSCO,C,28.0,577,0.04,0.02,1.63,YES,0.03,0.11,0.02,0.07,0.04,0.02,46,1467000000000000000,4,27.48,27.31,27.55,27.13,27.55,28.8,28.93,28.93,0.0038,0.03,0.15,0.1269,0.1106
O:CSCO160701C00028500,2016-06-27,2016-07-01,CSCO,C,28.5,75,0.01,0.01,3.45,YES,0.01,0.04,0.01,0.04,0.01,0.01,8,1467000000000000000,4,27.48,27.31,27.55,27.13,27.55,28.8,28.93,28.93,0.0038,0.01,0.04,0.1895,0.043
O:CSCO160701C00029000,2016-06-27,2016-07-01,CSCO,C,29.0,2528,0.02,0.0,5.26,NO,0.01,0.04,0.0,0.0,0.02,0.0,43,1467000000000000000,4,27.48,27.31,27.55,27.13,27.55,28.8,28.93,28.93,0.0038,0.01,0.07,0.2653574221831143,0.0315224044076602
O:CSCO160701C00029500,2016-06-27,2016-07-01,CSCO,C,29.5,12,0.0,0.0,7.08,NO,0.0,0.0,0.0,0.0,0.0,0.0,3,1467000000000000000,4,27.48,27.31,27.55,27.13,27.55,28.8,28.93,28.93,0.0038,0.0,0.0,,
O:CSCO160708C00028000,2016-07-05,2016-07-08,CSCO,C,28.0,126,0.11,0.11,-2.17,YES,0.12,0.42,0.1,0.35,0.14,0.1,22,1467691200000000000,3,28.23,28.33,28.62,28.22,28.62,29.26,29.28,29.28,0.0039,0.12,0.49,,
O:CSCO160708C00028500,2016-07-05,2016-07-08,CSCO,C,28.5,1329,0.04,0.03,-0.42,YES,0.04,0.16,0.03,0.1,0.06,0.03,74,1467691200000000000,3,28.23,28.33,28.62,28.22,28.62,29.26,29.28,29.28,0.0039,0.04,0.21,,
O:CSCO160708C00029000,2016-07-05,2016-07-08,CSCO,C,29.0,1288,0.01,0.01,1.33,YES,0.0,0.02,0.0,0.0,0.01,0.0,28,1467691200000000000,3,28.23,28.33,28.62,28.22,28.62,29.26,29.28,29.28,0.0039,0.0,0.03,0.1039,0.0804
O:CSCO160708C00029500,2016-07-05,2016-07-08,CSCO,C,29.5,710,0.0,0.0,3.07,NO,0.0,0.0,0.0,0.0,0.0,0.0,2,1467691200000000000,3,28.23,28.33,28.62,28.22,28.62,29.26,29.28,29.28,0.0039,0.0,0.0,,
O:CSCO160715C00024000,2016-07-11,2016-07-15,CSCO,C,24.0,45,1.35,1.38,-19.19,YES,1.36,4.6,1.35,4.55,1.38,1.35,2,1468209600000000000,4,29.34,29.43,29.7,29.26,29.7,29.82,29.95,29.95,0.0039,1.36,4.65,,
O:CSCO160715C00026000,2016-07-11,2016-07-15,CSCO,C,26.0,74,0.88,0.89,-12.46,YES,0.87,2.93,0.85,2.86,0.89,0.85,4,1468209600000000000,4,29.34,29.43,29.7,29.26,29.7,29.82,29.95,29.95,0.0039,0.87,3.0,,
O:CSCO160715C00027000,2016-07-11,2016-07-15,CSCO,C,27.0,28,0.54,0.62,-9.09,YES,0.59,1.99,0.54,1.82,0.64,0.54,10,1468209600000000000,4,29.34,29.43,29.7,29.26,29.7,29.82,29.95,29.95,0.0039,0.59,2.15,,
O:CSCO160715C00027500,2016-07-11,2016-07-15,CSCO,C,27.5,56,0.49,0.5,-7.41,YES,0.52,1.75,0.49,1.65,0.55,0.49,7,1468209600000000000,4,29.34,29.43,29.7,29.26,29.7,29.82,29.95,29.95,0.0039,0.52,1.85,,
O:CSCO160715C00028000,2016-07-11,2016-07-15,CSCO,C,28.0,65,0.35,0.36,-5.72,YES,0.38,1.3,0.35,1.18,0.42,0.35,14,1468209600000000000,4,29.34,29.43,29.7,29.26,29.7,29.82,29.95,29.95,0.0039,0.38,1.41,,
O:CSCO160715C00028500,2016-07-11,2016-07-15,CSCO,C,28.5,49,0.26,0.24,-4.04,YES,0.26,0.88,0.24,0.81,0.28,0.24,11,1468209600000000000,4,29.34,29.43,29.7,29.26,29.7,29.82,29.95,29.95,0.0039,0.26,0.94,,
O:CSCO160715C00029000,2016-07-11,2016-07-15,CSCO,C,29.0,5527,0.11,0.14,-2.36,YES,0.14,0.49,0.11,0.37,0.18,0.11,266,1468209600000000000,4,29.34,29.43,29.7,29.26,29.7,29.82,29.95,29.95,0.0039,0.14,0.61,,
O:CSCO160715C00029500,2016-07-11,2016-07-15,CSCO,C,29.5,2971,0.05,0.04,-0.67,YES,0.06,0.2,0.04,0.13,0.08,0.04,120,1468209600000000000,4,29.34,29.43,29.7,29.26,29.7,29.82,29.95,29.95,0.0039,0.06,0.27,,
O:CSCO160715C00030000,2016-07-11,2016-07-15,CSCO,C,30.0,2659,0.01,0.01,1.01,NO,0.02,0.05,0.01,0.03,0.02,0.01,130,1468209600000000000,4,29.34,29.43,29.7,29.26,29.7,29.82,29.95,29.95,0.0039,0.02,0.07,0.0727,0.0935
O:CSCO160715C00031000,2016-07-11,2016-07-15,CSCO,C,31.0,289,0.0,0.0,4.38,NO,0.0,0.0,0.0,0.0,0.0,0.0,9,1468209600000000000,4,29.34,29.43,29.7,29.26,29.7,29.82,29.95,29.95,0.0039,0.0,0.0,,
O:CSCO160722C00026500,2016-07-18,2016-07-22,CSCO,C,26.5,4,0.8,0.8,-11.67,YES,0.8,2.67,0.8,2.67,0.8,0.8,1,1468814400000000000,4,29.75,29.91,30.0,29.74,30.0,30.71,30.87,30.87,0.0039,0.8,2.67,,
O:CSCO160722C00028000,2016-07-18,2016-07-22,CSCO,C,28.0,10,0.49,0.48,-6.67,YES,0.48,1.62,0.48,1.6,0.49,0.48,5,1468814400000000000,4,29.75,29.91,30.0,29.74,30.0,30.71,30.87,30.87,0.0039,0.48,1.63,,
O:CSCO160722C00028500,2016-07-18,2016-07-22,CSCO,C,28.5,5,0.37,0.37,-5.0,YES,0.37,1.23,0.37,1.23,0.37,0.37,1,1468814400000000000,4,29.75,29.91,30.0,29.74,30.0,30.71,30.87,30.87,0.0039,0.37,1.23,,
O:CSCO160722C00029000,2016-07-18,2016-07-22,CSCO,C,29.0,89,0.24,0.24,-3.33,YES,0.24,0.78,0.23,0.77,0.24,0.23,6,1468814400000000000,4,29.75,29.91,30.0,29.74,30.0,30.71,30.87,30.87,0.0039,0.24,0.8,,
O:CSCO160722C00029500,2016-07-18,2016-07-22,CSCO,C,29.5,228,0.1,0.14,-1.67,YES,0.12,0.4,0.1,0.33,0.14,0.1,20,1468814400000000000,4,29.75,29.91,30.0,29.74,30.0,30.71,30.87,30.87,0.0039,0.12,0.47,,
O:CSCO160722C00030000,2016-07-18,2016-07-22,CSCO,C,30.0,836,0.03,0.04,0.0,YES,0.04,0.12,0.03,0.1,0.04,0.03,56,1468814400000000000,4,29.75,29.91,30.0,29.74,30.0,30.71,30.87,30.87,0.0039,0.04,0.13,0.0314,0.5045
O:CSCO160722C00030500,2016-07-18,2016-07-22,CSCO,C,30.5,387,0.0,0.01,1.67,YES,0.0,0.02,0.0,0.0,0.01,0.0,10,1468814400000000000,4,29.75,29.91,30.0,29.74,30.0,30.71,30.87,30.87,0.0039,0.0,0.03,0.1056,0.0672
O:CSCO160729C00028500,2016-07-25,2016-07-29,CSCO,C,28.5,8,0.55,0.54,-7.56,YES,0.55,1.77,0.54,1.75,0.55,0.54,3,1469419200000000000,4,30.67,30.79,30.83,30.63,30.83,30.53,30.69,30.69,0.0039,0.55,1.78,,
O:CSCO160729C00029000,2016-07-25,2016-07-29,CSCO,C,29.0,20,0.46,0.44,-5.94,YES,0.45,1.46,0.44,1.43,0.46,0.44,8,1469419200000000000,4,30.67,30.79,30.83,30.63,30.83,30.53,30.69,30.69,0.0039,0.45,1.49,,
O:CSCO160729C00029500,2016-07-25,2016-07-29,CSCO,C,29.5,6,0.3,0.32,-4.31,YES,0.31,1.01,0.3,0.97,0.32,0.3,2,1469419200000000000,4,30.67,30.79,30.83,30.63,30.83,30.53,30.69,30.69,0.0039,0.31,1.04,,
O:CSCO160729C00030000,2016-07-25,2016-07-29,CSCO,C,30.0,138,0.18,0.2,-2.69,YES,0.2,0.63,0.18,0.58,0.21,0.18,22,1469419200000000000,4,30.67,30.79,30.83,30.63,30.83,30.53,30.69,30.69,0.0039,0.2,0.68,,
O:CSCO160729C00030500,2016-07-25,2016-07-29,CSCO,C,30.5,557,0.09,0.1,-1.07,YES,0.09,0.29,0.08,0.26,0.1,0.08,19,1469419200000000000,4,30.67,30.79,30.83,30.63,30.83,30.53,30.69,30.69,0.0039,0.09,0.32,,
O:CSCO160729C00031000,2016-07-25,2016-07-29,CSCO,C,31.0,485,0.03,0.03,0.55,NO,0.03,0.1,0.02,0.06,0.04,0.02,31,1469419200000000000,4,30.67,30.79,30.83,30.63,30.83,30.53,30.69,30.69,0.0039,0.03,0.13,0.07,0.2272
O:CSCO160729C00031500,2016-07-25,2016-07-29,CSCO,C,31.5,300,0.01,0.01,2.17,NO,0.01,0.03,0.01,0.03,0.01,0.01,4,1469419200000000000,4,30.67,30.79,30.83,30.63,30.83,30.53,30.69,30.69,0.0039,0.01,0.03,0.1289,0.0551
O:CSCO160729C00032000,2016-07-25,2016-07-29,CSCO,C,32.0,18,0.0,0.0,3.8,NO,0.0,0.0,0.0,0.0,0.0,0.0,3,1469419200000000000,4,30.67,30.79,30.83,30.63,30.83,30.53,30.69,30.69,0.0039,0.0,0.0,,
O:CSCO160805C00029500,2016-08-01,2016-08-05,CSCO,C,29.5,49,0.24,0.3,-4.07,YES,0.26,0.85,0.22,0.72,0.3,0.22,10,1470024000000000000,4,30.7,30.73,30.75,30.36,30.75,31.04,31.07,31.07,0.004,0.26,0.98,,
O:CSCO160805C00030000,2016-08-01,2016-08-05,CSCO,C,30.0,127,0.19,0.18,-2.44,YES,0.16,0.5,0.12,0.39,0.19,0.12,28,1470024000000000000,4,30.7,30.73,30.75,30.36,30.75,31.04,31.07,31.07,0.004,0.16,0.62,,
O:CSCO160805C00030500,2016-08-01,2016-08-05,CSCO,C,30.5,714,0.08,0.08,-0.81,YES,0.06,0.2,0.04,0.13,0.08,0.04,67,1470024000000000000,4,30.7,30.73,30.75,30.36,30.75,31.04,31.07,31.07,0.004,0.06,0.26,,
O:CSCO160805C00031000,2016-08-01,2016-08-05,CSCO,C,31.0,925,0.02,0.02,0.81,YES,0.02,0.05,0.01,0.03,0.02,0.01,25,1470024000000000000,4,30.7,30.73,30.75,30.36,30.75,31.04,31.07,31.07,0.004,0.02,0.07,0.076,0.1548
O:CSCO160805C00031500,2016-08-01,2016-08-05,CSCO,C,31.5,120,0.0,0.0,2.44,NO,0.0,0.0,0.0,0.0,0.0,0.0,5,1470024000000000000,4,30.7,30.73,30.75,30.36,30.75,31.04,31.07,31.07,0.004,0.0,0.0,,
O:CSCO160812C00029000,2016-08-08,2016-08-12,CSCO,C,29.0,5,0.54,0.54,-7.02,YES,0.54,1.73,0.54,1.73,0.54,0.54,1,1470628800000000000,4,31.0,31.01,31.19,30.86,31.19,30.87,30.99,30.99,0.004,0.54,1.73,,
O:CSCO160812C00029500,2016-08-08,2016-08-12,CSCO,C,29.5,17,0.41,0.37,-5.42,YES,0.39,1.25,0.37,1.19,0.41,0.37,4,1470628800000000000,4,31.0,31.01,31.19,30.86,31.19,30.87,30.99,30.99,0.004,0.39,1.31,,
O:CSCO160812C00030000,2016-08-08,2016-08-12,CSCO,C,30.0,93,0.28,0.26,-3.82,YES,0.25,0.8,0.2,0.64,0.3,0.2,21,1470628800000000000,4,31.0,31.01,31.19,30.86,31.19,30.87,30.99,30.99,0.004,0.25,0.96,,
O:CSCO160812C00030500,2016-08-08,2016-08-12,CSCO,C,30.5,21,0.16,0.13,-2.21,YES,0.14,0.46,0.13,0.42,0.16,0.13,6,1470628800000000000,4,31.0,31.01,31.19,30.86,31.19,30.87,30.99,30.99,0.004,0.14,0.51,,
O:CSCO160812C00031000,2016-08-08,2016-08-12,CSCO,C,31.0,413,0.05,0.05,-0.61,NO,0.06,0.19,0.04,0.13,0.08,0.04,50,1470628800000000000,4,31.0,31.01,31.19,30.86,31.19,30.87,30.99,30.99,0.004,0.06,0.26,,
O:CSCO160812C00031500,2016-08-08,2016-08-12,CSCO,C,31.5,497,0.02,0.01,0.99,NO,0.02,0.05,0.01,0.03,0.02,0.01,16,1470628800000000000,4,31.0,31.01,31.19,30.86,31.19,30.87,30.99,30.99,0.004,0.02,0.06,0.0709,0.0917
O:CSCO160812C00032000,2016-08-08,2016-08-12,CSCO,C,32.0,160,0.0,0.0,2.6,NO,0.0,0.0,0.0,0.0,0.0,0.0,2,1470628800000000000,4,31.0,31.01,31.19,30.86,31.19,30.87,30.99,30.99,0.004,0.0,0.0,,
O:CSCO160812C00033000,2016-08-08,2016-08-12,CSCO,C,33.0,3,0.0,0.0,5.8,NO,0.0,0.0,0.0,0.0,0.0,0.0,1,1470628800000000000,4,31.0,31.01,31.19,30.86,31.19,30.87,30.99,30.99,0.004,0.0,0.0,,
O:CSCO160819C00025000,2016-08-15,2016-08-19,CSCO,C,25.0,2,1.55,1.55,-19.97,YES,1.55,4.96,1.55,4.96,1.55,1.55,1,1471233600000000000,4,30.98,31.19,31.24,30.89,31.24,30.52,30.65,30.65,0.004,1.55,4.96,,
O:CSCO160819C00026000,2016-08-15,2016-08-19,CSCO,C,26.0,23,1.26,1.28,-16.77,YES,1.27,4.07,1.26,4.03,1.28,1.26,5,1471233600000000000,4,30.98,31.19,31.24,30.89,31.24,30.52,30.65,30.65,0.004,1.27,4.1,,
O:CSCO160819C00027000,2016-08-15,2016-08-19,CSCO,C,27.0,7,1.04,1.06,-13.57,YES,1.05,3.36,1.04,3.33,1.06,1.04,2,1471233600000000000,4,30.98,31.19,31.24,30.89,31.24,30.52,30.65,30.65,0.004,1.05,3.39,,
O:CSCO160819C00028000,2016-08-15,2016-08-19,CSCO,C,28.0,493,0.76,0.81,-10.37,YES,0.78,2.51,0.76,2.43,0.81,0.76,19,1471233600000000000,4,30.98,31.19,31.24,30.89,31.24,30.52,30.65,30.65,0.004,0.78,2.59,,
O:CSCO160819C00029000,2016-08-15,2016-08-19,CSCO,C,29.0,647,0.56,0.57,-7.17,YES,0.56,1.81,0.55,1.76,0.58,0.55,53,1471233600000000000,4,30.98,31.19,31.24,30.89,31.24,30.52,30.65,30.65,0.004,0.56,1.86,,
O:CSCO160819C00029500,2016-08-15,2016-08-19,CSCO,C,29.5,21,0.44,0.46,-5.57,YES,0.45,1.44,0.44,1.41,0.46,0.44,3,1471233600000000000,4,30.98,31.19,31.24,30.89,31.24,30.52,30.65,30.65,0.004,0.45,1.47,,
O:CSCO160819C00030000,2016-08-15,2016-08-19,CSCO,C,30.0,3817,0.31,0.36,-3.97,YES,0.34,1.09,0.31,0.99,0.37,0.31,125,1471233600000000000,4,30.98,31.19,31.24,30.89,31.24,30.52,30.65,30.65,0.004,0.34,1.18,,
O:CSCO160819C00030500,2016-08-15,2016-08-19,CSCO,C,30.5,951,0.22,0.28,-2.37,YES,0.25,0.8,0.22,0.7,0.28,0.22,65,1471233600000000000,4,30.98,31.19,31.24,30.89,31.24,30.52,30.65,30.65,0.004,0.25,0.9,,
O:CSCO160819C00031000,2016-08-15,2016-08-19,CSCO,C,31.0,10108,0.16,0.2,-0.77,NO,0.18,0.58,0.16,0.51,0.2,0.16,464,1471233600000000000,4,30.98,31.19,31.24,30.89,31.24,30.52,30.65,30.65,0.004,0.18,0.64,,
O:CSCO160819C00031500,2016-08-15,2016-08-19,CSCO,C,31.5,3129,0.1,0.14,0.83,NO,0.12,0.38,0.1,0.32,0.14,0.1,247,1471233600000000000,4,30.98,31.19,31.24,30.89,31.24,30.52,30.65,30.65,0.004,0.12,0.45,0.1894,0.3352
O:CSCO160819C00032000,2016-08-15,2016-08-19,CSCO,C,32.0,3570,0.04,0.09,2.43,NO,0.07,0.22,0.04,0.13,0.1,0.04,219,1471233600000000000,4,30.98,31.19,31.24,30.89,31.24,30.52,30.65,30.65,0.004,0.07,0.32,0.2607,0.186
O:CSCO160819C00032500,2016-08-15,2016-08-19,CSCO,C,32.5,817,0.04,0.06,4.03,NO,0.05,0.16,0.04,0.13,0.06,0.04,76,1471233600000000000,4,30.98,31.19,31.24,30.89,31.24,30.52,30.65,30.65,0.004,0.05,0.19,0.3162,0.1132
O:CSCO160819C00033000,2016-08-15,2016-08-19,CSCO,C,33.0,1100,0.02,0.03,5.63,NO,0.03,0.1,0.02,0.06,0.04,0.02,52,1471233600000000000,4,30.98,31.19,31.24,30.89,31.24,30.52,30.65,30.65,0.004,0.03,0.13,0.3384,0.059
O:CSCO160819C00033500,2016-08-15,2016-08-19,CSCO,C,33.5,166,0.02,0.02,7.23,NO,0.02,0.06,0.02,0.06,0.02,0.02,11,1471233600000000000,4,30.98,31.19,31.24,30.89,31.24,30.52,30.65,30.65,0.004,0.02,0.06,0.378,0.0372
O:CSCO160819C00034000,2016-08-15,2016-08-19,CSCO,C,34.0,257,0.01,0.01,8.83,NO,0.01,0.03,0.01,0.03,0.01,0.01,10,1471233600000000000,4,30.98,31.19,31.24,30.89,31.24,30.52,30.65,30.65,0.004,0.01,0.03,0.3944,0.0192
O:CSCO160819C00034500,2016-08-15,2016-08-19,CSCO,C,34.5,52,0.0,0.01,10.44,NO,0.0,0.02,0.0,0.0,0.01,0.0,6,1471233600000000000,4,30.98,31.19,31.24,30.89,31.24,30.52,30.65,30.65,0.004,0.0,0.03,0.4511,0.0168
O:CSCO160819C00035500,2016-08-15,2016-08-19,CSCO,C,35.5,1,0.0,0.0,13.64,NO,0.0,0.0,0.0,0.0,0.0,0.0,1,1471233600000000000,4,30.98,31.19,31.24,30.89,31.24,30.52,30.65,30.65,0.004,0.0,0.0,,
O:CSCO160826C00027500,2016-08-22,2016-08-26,CSCO,C,27.5,1,0.75,0.75,-10.66,YES,0.75,2.44,0.75,2.44,0.75,0.75,1,1471838400000000000,4,30.44,30.63,30.78,30.37,30.78,31.35,31.66,31.66,0.004,0.75,2.44,,
O:CSCO160826C00028500,2016-08-22,2016-08-26,CSCO,C,28.5,17,0.56,0.54,-7.41,YES,0.55,1.79,0.54,1.75,0.56,0.54,3,1471838400000000000,4,30.44,30.63,30.78,30.37,30.78,31.35,31.66,31.66,0.004,0.55,1.82,,
O:CSCO160826C00029000,2016-08-22,2016-08-26,CSCO,C,29.0,12,0.43,0.42,-5.78,YES,0.42,1.38,0.42,1.36,0.43,0.42,4,1471838400000000000,4,30.44,30.63,30.78,30.37,30.78,31.35,31.66,31.66,0.004,0.42,1.4,,
O:CSCO160826C00029500,2016-08-22,2016-08-26,CSCO,C,29.5,162,0.25,0.27,-4.16,YES,0.26,0.86,0.25,0.81,0.28,0.25,6,1471838400000000000,4,30.44,30.63,30.78,30.37,30.78,31.35,31.66,31.66,0.004,0.26,0.91,,
O:CSCO160826C00030000,2016-08-22,2016-08-26,CSCO,C,30.0,706,0.12,0.16,-2.53,YES,0.16,0.5,0.12,0.39,0.19,0.12,53,1471838400000000000,4,30.44,30.63,30.78,30.37,30.78,31.35,31.66,31.66,0.004,0.16,0.62,,
O:CSCO160826C00030500,2016-08-22,2016-08-26,CSCO,C,30.5,4554,0.04,0.06,-0.91,YES,0.06,0.21,0.04,0.13,0.09,0.04,165,1471838400000000000,4,30.44,30.63,30.78,30.37,30.78,31.35,31.66,31.66,0.004,0.06,0.29,,
O:CSCO160826C00031000,2016-08-22,2016-08-26,CSCO,C,31.0,2032,0.02,0.02,0.71,YES,0.02,0.05,0.01,0.03,0.02,0.01,100,1471838400000000000,4,30.44,30.63,30.78,30.37,30.78,31.35,31.66,31.66,0.004,0.02,0.06,0.0699,0.1656
O:CSCO160826C00031500,2016-08-22,2016-08-26,CSCO,C,31.5,89,0.0,0.0,2.34,YES,0.0,0.0,0.0,0.0,0.0,0.0,9,1471838400000000000,4,30.44,30.63,30.78,30.37,30.78,31.35,31.66,31.66,0.004,0.0,0.0,,
O:CSCO160826C00032500,2016-08-22,2016-08-26,CSCO,C,32.5,25,0.0,0.0,5.59,NO,0.0,0.0,0.0,0.0,0.0,0.0,3,1471838400000000000,4,30.44,30.63,30.78,30.37,30.78,31.35,31.66,31.66,0.004,0.0,0.0,,
O:CSCO160902C00025000,2016-08-29,2016-09-02,CSCO,C,25.0,1,1.61,1.61,-21.14,YES,1.61,5.08,1.61,5.08,1.61,1.61,1,1472443200000000000,4,31.43,31.58,31.7,31.41,31.7,31.83,31.95,31.95,0.004,1.61,5.08,,
O:CSCO160902C00029500,2016-08-29,2016-09-02,CSCO,C,29.5,6,0.54,0.52,-6.94,YES,0.53,1.67,0.52,1.64,0.54,0.52,6,1472443200000000000,4,31.43,31.58,31.7,31.41,31.7,31.83,31.95,31.95,0.004,0.53,1.7,,
O:CSCO160902C00030000,2016-08-29,2016-09-02,CSCO,C,30.0,147,0.37,0.4,-5.36,YES,0.4,1.25,0.37,1.17,0.42,0.37,14,1472443200000000000,4,31.43,31.58,31.7,31.41,31.7,31.83,31.95,31.95,0.004,0.4,1.32,,
O:CSCO160902C00030500,2016-08-29,2016-09-02,CSCO,C,30.5,101,0.23,0.28,-3.79,YES,0.26,0.84,0.23,0.73,0.3,0.23,11,1472443200000000000,4,31.43,31.58,31.7,31.41,31.7,31.83,31.95,31.95,0.004,0.26,0.95,,
O:CSCO160902C00031000,2016-08-29,2016-09-02,CSCO,C,31.0,366,0.14,0.16,-2.21,YES,0.16,0.5,0.14,0.44,0.18,0.14,36,1472443200000000000,4,31.43,31.58,31.7,31.41,31.7,31.83,31.95,31.95,0.004,0.16,0.57,,
O:CSCO160902C00031500,2016-08-29,2016-09-02,CSCO,C,31.5,935,0.03,0.06,-0.63,YES,0.06,0.17,0.03,0.09,0.08,0.03,64,1472443200000000000,4,31.43,31.58,31.7,31.41,31.7,31.83,31.95,31.95,0.004,0.06,0.25,,
O:CSCO160902C00032000,2016-08-29,2016-09-02,CSCO,C,32.0,890,0.01,0.01,0.95,NO,0.02,0.05,0.01,0.03,0.02,0.01,58,1472443200000000000,4,31.43,31.58,31.7,31.41,31.7,31.83,31.95,31.95,0.004,0.02,0.06,0.0681,0.0936
O:CSCO160902C00033000,2016-08-29,2016-09-02,CSCO,C,33.0,100,0.0,0.0,4.1,NO,0.0,0.0,0.0,0.0,0.0,0.0,5,1472443200000000000,4,31.43,31.58,31.7,31.41,31.7,31.83,31.95,31.95,0.004,0.0,0.0,,
O:CSCO160909C00028000,2016-09-06,2016-09-09,CSCO,C,28.0,3,0.94,0.94,-12.34,YES,0.94,2.94,0.94,2.94,0.94,0.94,1,1473134400000000000,3,31.93,31.87,31.94,31.7,31.94,30.85,31.34,31.34,0.004,0.94,2.94,,
O:CSCO160909C00029500,2016-09-06,2016-09-09,CSCO,C,29.5,1,0.57,0.57,-7.64,YES,0.57,1.78,0.57,1.78,0.57,0.57,1,1473134400000000000,3,31.93,31.87,31.94,31.7,31.94,30.85,31.34,31.34,0.004,0.57,1.78,,
O:CSCO160909C00030000,2016-09-06,2016-09-09,CSCO,C,30.0,3,0.44,0.44,-6.07,YES,0.44,1.38,0.44,1.38,0.44,0.44,1,1473134400000000000,3,31.93,31.87,31.94,31.7,31.94,30.85,31.34,31.34,0.004,0.44,1.38,,
O:CSCO160909C00030500,2016-09-06,2016-09-09,CSCO,C,30.5,11,0.32,0.32,-4.51,YES,0.32,1.0,0.32,1.0,0.32,0.32,2,1473134400000000000,3,31.93,31.87,31.94,31.7,31.94,30.85,31.34,31.34,0.004,0.32,1.0,,
O:CSCO160909C00031000,2016-09-06,2016-09-09,CSCO,C,31.0,261,0.22,0.2,-2.94,YES,0.2,0.63,0.18,0.56,0.22,0.18,26,1473134400000000000,3,31.93,31.87,31.94,31.7,31.94,30.85,31.34,31.34,0.004,0.2,0.69,,
O:CSCO160909C00031500,2016-09-06,2016-09-09,CSCO,C,31.5,145,0.11,0.1,-1.38,NO,0.1,0.3,0.08,0.25,0.11,0.08,15,1473134400000000000,3,31.93,31.87,31.94,31.7,31.94,30.85,31.34,31.34,0.004,0.1,0.34,,
O:CSCO160909C00032000,2016-09-06,2016-09-09,CSCO,C,32.0,1348,0.03,0.02,0.19,NO,0.02,0.06,0.01,0.03,0.03,0.01,28,1473134400000000000,3,31.93,31.87,31.94,31.7,31.94,30.85,31.34,31.34,0.004,0.02,0.09,0.0374,0.2926
O:CSCO160909C00032500,2016-09-06,2016-09-09,CSCO,C,32.5,10,0.02,0.02,1.75,NO,0.02,0.06,0.02,0.06,0.02,0.02,1,1473134400000000000,3,31.93,31.87,31.94,31.7,31.94,30.85,31.34,31.34,0.004,0.02,0.06,0.148,0.0969
O:CSCO160916C00027000,2016-09-12,2016-09-16,CSCO,C,27.0,6,0.9,0.9,-14.29,YES,0.9,2.86,0.9,2.86,0.9,0.9,1,1473652800000000000,4,30.61,31.44,31.5,30.6,31.5,30.84,31.14,31.14,0.004,0.9,2.86,,
O:CSCO160916C00028000,2016-09-12,2016-09-16,CSCO,C,28.0,1,0.76,0.76,-11.11,YES,0.76,2.41,0.76,2.41,0.76,0.76,1,1473652800000000000,4,30.61,31.44,31.5,30.6,31.5,30.84,31.14,31.14,0.004,0.76,2.41,,
O:CSCO160916C00028500,2016-09-12,2016-09-16,CSCO,C,28.5,23,0.63,0.68,-9.52,YES,0.66,2.1,0.63,2.0,0.69,0.63,9,1473652800000000000,4,30.61,31.44,31.5,30.6,31.5,30.84,31.14,31.14,0.004,0.66,2.19,,
O:CSCO160916C00029000,2016-09-12,2016-09-16,CSCO,C,29.0,63,0.43,0.61,-7.94,YES,0.52,1.65,0.43,1.37,0.61,0.43,17,1473652800000000000,4,30.61,31.44,31.5,30.6,31.5,30.84,31.14,31.14,0.004,0.52,1.94,,
O:CSCO160916C00030000,2016-09-12,2016-09-16,CSCO,C,30.0,207,0.19,0.36,-4.76,YES,0.28,0.9,0.19,0.6,0.38,0.19,46,1473652800000000000,4,30.61,31.44,31.5,30.6,31.5,30.84,31.14,31.14,0.004,0.28,1.21,,
O:CSCO160916C00030500,2016-09-12,2016-09-16,CSCO,C,30.5,222,0.11,0.24,-3.17,YES,0.18,0.56,0.11,0.35,0.24,0.11,27,1473652800000000000,4,30.61,31.44,31.5,30.6,31.5,30.84,31.14,31.14,0.004,0.18,0.76,,
O:CSCO160916C00031000,2016-09-12,2016-09-16,CSCO,C,31.0,3651,0.04,0.13,-1.59,YES,0.09,0.29,0.04,0.13,0.14,0.04,153,1473652800000000000,4,30.61,31.44,31.5,30.6,31.5,30.84,31.14,31.14,0.004,0.09,0.44,,
O:CSCO160916C00031500,2016-09-12,2016-09-16,CSCO,C,31.5,2362,0.01,0.04,0.0,NO,0.03,0.1,0.01,0.03,0.05,0.01,111,1473652800000000000,4,30.61,31.44,31.5,30.6,31.5,30.84,31.14,31.14,0.004,0.03,0.16,0.0299,0.505
O:CSCO160916C00032000,2016-09-12,2016-09-16,CSCO,C,32.0,2791,0.0,0.01,1.59,NO,0.01,0.03,0.0,0.0,0.02,0.0,75,1473652800000000000,4,30.61,31.44,31.5,30.6,31.5,30.84,31.14,31.14,0.004,0.01,0.06,0.1006,0.0673
O:CSCO160916C00032500,2016-09-12,2016-09-16,CSCO,C,32.5,200,0.0,0.0,3.17,NO,0.0,0.0,0.0,0.0,0.0,0.0,8,1473652800000000000,4,30.61,31.44,31.5,30.6,31.5,30.84,31.14,31.14,0.004,0.0,0.0,,
O:CSCO160916C00033000,2016-09-12,2016-09-16,CSCO,C,33.0,6,0.01,0.01,4.76,NO,0.01,0.03,0.01,0.03,0.01,0.01,1,1473652800000000000,4,30.61,31.44,31.5,30.6,31.5,30.84,31.14,31.14,0.004,0.01,0.03,0.2392,0.0309
O:CSCO160923C00028500,2016-09-19,2016-09-23,CSCO,C,28.5,11,0.67,0.66,-8.8,YES,0.66,2.13,0.66,2.11,0.67,0.66,6,1474257600000000000,4,30.85,31.02,31.25,30.82,31.25,31.34,31.8,31.8,0.004,0.66,2.14,,
O:CSCO160923C00029000,2016-09-19,2016-09-23,CSCO,C,29.0,43,0.55,0.55,-7.2,YES,0.54,1.73,0.52,1.66,0.56,0.52,6,1474257600000000000,4,30.85,31.02,31.25,30.82,31.25,31.34,31.8,31.8,0.004,0.54,1.79,,
O:CSCO160923C00029500,2016-09-19,2016-09-23,CSCO,C,29.5,72,0.43,0.43,-5.6,YES,0.43,1.38,0.43,1.38,0.43,0.43,1,1474257600000000000,4,30.85,31.02,31.25,30.82,31.25,31.34,31.8,31.8,0.004,0.43,1.38,,
O:CSCO160923C00030000,2016-09-19,2016-09-23,CSCO,C,30.0,235,0.28,0.3,-4.0,YES,0.3,0.96,0.28,0.9,0.32,0.28,8,1474257600000000000,4,30.85,31.02,31.25,30.82,31.25,31.34,31.8,31.8,0.004,0.3,1.02,,
O:CSCO160923C00030500,2016-09-19,2016-09-23,CSCO,C,30.5,432,0.14,0.17,-2.4,YES,0.16,0.53,0.13,0.42,0.2,0.13,25,1474257600000000000,4,30.85,31.02,31.25,30.82,31.25,31.34,31.8,31.8,0.004,0.16,0.64,,
O:CSCO160923C00031000,2016-09-19,2016-09-23,CSCO,C,31.0,1232,0.06,0.08,-0.8,YES,0.08,0.26,0.06,0.19,0.1,0.06,56,1474257600000000000,4,30.85,31.02,31.25,30.82,31.25,31.34,31.8,31.8,0.004,0.08,0.32,,
O:CSCO160923C00031500,2016-09-19,2016-09-23,CSCO,C,31.5,772,0.02,0.02,0.8,YES,0.02,0.08,0.02,0.06,0.03,0.02,42,1474257600000000000,4,30.85,31.02,31.25,30.82,31.25,31.34,31.8,31.8,0.004,0.02,0.1,0.0748,0.1548
O:CSCO160923C00032000,2016-09-19,2016-09-23,CSCO,C,32.0,522,0.0,0.0,2.4,NO,0.0,0.02,0.0,0.0,0.01,0.0,13,1474257600000000000,4,30.85,31.02,31.25,30.82,31.25,31.34,31.8,31.8,0.004,0.0,0.03,,
O:CSCO160923C00032500,2016-09-19,2016-09-23,CSCO,C,32.5,10,0.0,0.0,4.0,NO,0.0,0.0,0.0,0.0,0.0,0.0,1,1474257600000000000,4,30.85,31.02,31.25,30.82,31.25,31.34,31.8,31.8,0.004,0.0,0.0,,
O:CSCO160923C00033000,2016-09-19,2016-09-23,CSCO,C,33.0,10,0.0,0.0,5.6,NO,0.0,0.0,0.0,0.0,0.0,0.0,1,1474257600000000000,4,30.85,31.02,31.25,30.82,31.25,31.34,31.8,31.8,0.004,0.0,0.0,,
O:CSCO160930C00028000,2016-09-26,2016-09-30,CSCO,C,28.0,1,0.72,0.72,-10.14,YES,0.72,2.31,0.72,2.31,0.72,0.72,1,1474862400000000000,4,31.1,31.07,31.16,30.79,31.16,31.72,31.8,31.8,0.004,0.72,2.31,,
O:CSCO160930C00028500,2016-09-26,2016-09-30,CSCO,C,28.5,1,0.61,0.61,-8.54,YES,0.61,1.96,0.61,1.96,0.61,0.61,1,1474862400000000000,4,31.1,31.07,31.16,30.79,31.16,31.72,31.8,31.8,0.004,0.61,1.96,,
O:CSCO160930C00029000,2016-09-26,2016-09-30,CSCO,C,29.0,821,0.5,0.52,-6.93,YES,0.5,1.6,0.47,1.51,0.53,0.47,18,1474862400000000000,4,31.1,31.07,31.16,30.79,31.16,31.72,31.8,31.8,0.004,0.5,1.7,,
O:CSCO160930C00029500,2016-09-26,2016-09-30,CSCO,C,29.5,56,0.38,0.4,-5.33,YES,0.37,1.19,0.34,1.09,0.4,0.34,9,1474862400000000000,4,31.1,31.07,31.16,30.79,31.16,31.72,31.8,31.8,0.004,0.37,1.28,,
O:CSCO160930C00030000,2016-09-26,2016-09-30,CSCO,C,30.0,108,0.26,0.28,-3.72,YES,0.26,0.83,0.24,0.77,0.28,0.24,8,1474862400000000000,4,31.1,31.07,31.16,30.79,31.16,31.72,31.8,31.8,0.004,0.26,0.9,,
O:CSCO160930C00030500,2016-09-26,2016-09-30,CSCO,C,30.5,415,0.16,0.16,-2.12,YES,0.14,0.45,0.12,0.39,0.16,0.12,16,1474862400000000000,4,31.1,31.07,31.16,30.79,31.16,31.72,31.8,31.8,0.004,0.14,0.51,,
O:CSCO160930C00031000,2016-09-26,2016-09-30,CSCO,C,31.0,972,0.08,0.07,-0.51,YES,0.06,0.19,0.04,0.13,0.08,0.04,72,1474862400000000000,4,31.1,31.07,31.16,30.79,31.16,31.72,31.8,31.8,0.004,0.06,0.26,,
O:CSCO160930C00031500,2016-09-26,2016-09-30,CSCO,C,31.5,1158,0.02,0.02,1.09,YES,0.02,0.05,0.01,0.03,0.02,0.01,60,1474862400000000000,4,31.1,31.07,31.16,30.79,31.16,31.72,31.8,31.8,0.004,0.02,0.06,0.0923,0.1306
O:CSCO160930C00032000,2016-09-26,2016-09-30,CSCO,C,32.0,159,0.0,0.0,2.7,NO,0.0,0.0,0.0,0.0,0.0,0.0,21,1474862400000000000,4,31.1,31.07,31.16,30.79,31.16,31.72,31.8,31.8,0.004,0.0,0.0,,
O:CSCO160930C00033500,2016-09-26,2016-09-30,CSCO,C,33.5,4,0.0,0.0,7.51,NO,0.0,0.0,0.0,0.0,0.0,0.0,1,1474862400000000000,4,31.1,31.07,31.16,30.79,31.16,31.72,31.8,31.8,0.004,0.0,0.0,,
O:CSCO161007C00028500,2016-10-03,2016-10-07,CSCO,C,28.5,6,0.7,0.7,-9.75,YES,0.7,2.22,0.7,2.22,0.7,0.7,2,1475467200000000000,4,31.31,31.5,31.58,31.2,31.58,31.47,31.6,31.6,0.004,0.7,2.22,,
O:CSCO161007C00030000,2016-10-03,2016-10-07,CSCO,C,30.0,33,0.32,0.38,-5.0,YES,0.35,1.11,0.32,1.01,0.38,0.32,7,1475467200000000000,4,31.31,31.5,31.58,31.2,31.58,31.47,31.6,31.6,0.004,0.35,1.2,,
O:CSCO161007C00030500,2016-10-03,2016-10-07,CSCO,C,30.5,17,0.22,0.25,-3.42,YES,0.23,0.73,0.21,0.66,0.25,0.21,6,1475467200000000000,4,31.31,31.5,31.58,31.2,31.58,31.47,31.6,31.6,0.004,0.23,0.79,,
O:CSCO161007C00031000,2016-10-03,2016-10-07,CSCO,C,31.0,439,0.13,0.15,-1.84,YES,0.12,0.4,0.1,0.32,0.15,0.1,35,1475467200000000000,4,31.31,31.5,31.58,31.2,31.58,31.47,31.6,31.6,0.004,0.12,0.47,,
O:CSCO161007C00031500,2016-10-03,2016-10-07,CSCO,C,31.5,866,0.04,0.06,-0.25,YES,0.04,0.14,0.03,0.09,0.06,0.03,54,1475467200000000000,4,31.31,31.5,31.58,31.2,31.58,31.47,31.6,31.6,0.004,0.04,0.19,,
O:CSCO161007C00032000,2016-10-03,2016-10-07,CSCO,C,32.0,258,0.01,0.01,1.33,NO,0.0,0.02,0.0,0.0,0.01,0.0,20,1475467200000000000,4,31.31,31.5,31.58,31.2,31.58,31.47,31.6,31.6,0.004,0.0,0.03,0.0879,0.0755
O:CSCO161014C00029000,2016-10-10,2016-10-14,CSCO,C,29.0,2,0.61,0.61,-8.46,YES,0.61,1.93,0.61,1.93,0.61,0.61,2,1476072000000000000,4,31.54,31.47,31.68,31.44,31.68,30.18,30.55,30.55,0.004,0.61,1.93,,
O:CSCO161014C00029500,2016-10-10,2016-10-14,CSCO,C,29.5,1,0.49,0.49,-6.88,YES,0.49,1.55,0.49,1.55,0.49,0.49,1,1476072000000000000,4,31.54,31.47,31.68,31.44,31.68,30.18,30.55,30.55,0.004,0.49,1.55,,
O:CSCO161014C00031000,2016-10-10,2016-10-14,CSCO,C,31.0,77,0.15,0.14,-2.15,NO,0.14,0.46,0.14,0.44,0.15,0.14,8,1476072000000000000,4,31.54,31.47,31.68,31.44,31.68,30.18,30.55,30.55,0.004,0.14,0.47,,
O:CSCO161014C00031500,2016-10-10,2016-10-14,CSCO,C,31.5,568,0.06,0.04,-0.57,NO,0.06,0.19,0.04,0.13,0.08,0.04,75,1476072000000000000,4,31.54,31.47,31.68,31.44,31.68,30.18,30.55,30.55,0.004,0.06,0.25,,
O:CSCO161014C00032000,2016-10-10,2016-10-14,CSCO,C,32.0,623,0.02,0.01,1.01,NO,0.02,0.05,0.01,0.03,0.02,0.01,31,1476072000000000000,4,31.54,31.47,31.68,31.44,31.68,30.18,30.55,30.55,0.004,0.02,0.06,0.0715,0.0899
O:CSCO161014C00032500,2016-10-10,2016-10-14,CSCO,C,32.5,2,0.0,0.0,2.59,NO,0.0,0.0,0.0,0.0,0.0,0.0,2,1476072000000000000,4,31.54,31.47,31.68,31.44,31.68,30.18,30.55,30.55,0.004,0.0,0.0,,
O:CSCO161021C00023000,2016-10-17,2016-10-21,CSCO,C,23.0,20,1.85,1.85,-24.39,YES,1.85,6.08,1.85,6.08,1.85,1.85,1,1476676800000000000,4,30.13,30.22,30.42,30.1,30.42,30.15,30.2,30.2,0.004,1.85,6.08,,
O:CSCO161021C00027500,2016-10-17,2016-10-21,CSCO,C,27.5,2,0.71,0.71,-9.6,YES,0.71,2.33,0.71,2.33,0.71,0.71,2,1476676800000000000,4,30.13,30.22,30.42,30.1,30.42,30.15,30.2,30.2,0.004,0.71,2.33,,
O:CSCO161021C00029000,2016-10-17,2016-10-21,CSCO,C,29.0,15,0.3,0.3,-4.67,YES,0.3,0.99,0.3,0.99,0.3,0.3,1,1476676800000000000,4,30.13,30.22,30.42,30.1,30.42,30.15,30.2,30.2,0.004,0.3,0.99,,
O:CSCO161021C00029500,2016-10-17,2016-10-21,CSCO,C,29.5,44,0.22,0.22,-3.02,YES,0.22,0.72,0.22,0.72,0.22,0.22,6,1476676800000000000,4,30.13,30.22,30.42,30.1,30.42,30.15,30.2,30.2,0.004,0.22,0.72,,
O:CSCO161021C00030000,2016-10-17,2016-10-21,CSCO,C,30.0,510,0.1,0.1,-1.38,YES,0.11,0.36,0.1,0.33,0.12,0.1,20,1476676800000000000,4,30.13,30.22,30.42,30.1,30.42,30.15,30.2,30.2,0.004,0.11,0.39,,
O:CSCO161021C00030500,2016-10-17,2016-10-21,CSCO,C,30.5,440,0.03,0.04,0.26,NO,0.04,0.15,0.03,0.1,0.06,0.03,36,1476676800000000000,4,30.13,30.22,30.42,30.1,30.42,30.15,30.2,30.2,0.004,0.04,0.2,0.0571,0.3318
O:CSCO161021C00031000,2016-10-17,2016-10-21,CSCO,C,31.0,922,0.01,0.01,1.91,NO,0.01,0.03,0.0,0.0,0.02,0.0,46,1476676800000000000,4,30.13,30.22,30.42,30.1,30.42,30.15,30.2,30.2,0.004,0.01,0.07,0.1168,0.0609
O:CSCO161021C00031500,2016-10-17,2016-10-21,CSCO,C,31.5,21,0.0,0.0,3.55,NO,0.0,0.0,0.0,0.0,0.0,0.0,5,1476676800000000000,4,30.13,30.22,30.42,30.1,30.42,30.15,30.2,30.2,0.004,0.0,0.0,,
O:CSCO161021C00032000,2016-10-17,2016-10-21,CSCO,C,32.0,21,0.0,0.0,5.19,NO,0.0,0.0,0.0,0.0,0.0,0.0,6,1476676800000000000,4,30.13,30.22,30.42,30.1,30.42,30.15,30.2,30.2,0.004,0.0,0.0,,
O:CSCO161021C00033000,2016-10-17,2016-10-21,CSCO,C,33.0,1,0.0,0.0,8.48,NO,0.0,0.0,0.0,0.0,0.0,0.0,1,1476676800000000000,4,30.13,30.22,30.42,30.1,30.42,30.15,30.2,30.2,0.004,0.0,0.0,,
O:CSCO161021C00034500,2016-10-17,2016-10-21,CSCO,C,34.5,2,0.12,0.12,13.41,NO,0.12,0.39,0.12,0.39,0.12,0.12,1,1476676800000000000,4,30.13,30.22,30.42,30.1,30.42,30.15,30.2,30.2,0.004,0.12,0.39,0.884,0.0799
O:CSCO161028C00029000,2016-10-24,2016-10-28,CSCO,C,29.0,11,0.34,0.34,-4.92,YES,0.34,1.11,0.34,1.11,0.34,0.34,2,1477281600000000000,4,30.34,30.46,30.5,30.3,30.5,30.59,30.8,30.8,0.004,0.34,1.11,,
O:CSCO161028C00029500,2016-10-24,2016-10-28,CSCO,C,29.5,2,0.24,0.24,-3.28,YES,0.24,0.79,0.24,0.79,0.24,0.24,1,1477281600000000000,4,30.34,30.46,30.5,30.3,30.5,30.59,30.8,30.8,0.004,0.24,0.79,,
O:CSCO161028C00030000,2016-10-24,2016-10-28,CSCO,C,30.0,902,0.12,0.11,-1.64,YES,0.12,0.39,0.11,0.36,0.13,0.11,18,1477281600000000000,4,30.34,30.46,30.5,30.3,30.5,30.59,30.8,30.8,0.004,0.12,0.43,,
O:CSCO161028C00030500,2016-10-24,2016-10-28,CSCO,C,30.5,1654,0.04,0.04,0.0,YES,0.04,0.13,0.03,0.1,0.05,0.03,94,1477281600000000000,4,30.34,30.46,30.5,30.3,30.5,30.59,30.8,30.8,0.004,0.04,0.16,0.0309,0.5048
O:CSCO161028C00031000,2016-10-24,2016-10-28,CSCO,C,31.0,680,0.04,0.01,1.64,NO,0.02,0.07,0.0,0.0,0.04,0.0,34,1477281600000000000,4,30.34,30.46,30.5,30.3,30.5,30.59,30.8,30.8,0.004,0.02,0.13,0.1039,0.0673
O:CSCO161028C00031500,2016-10-24,2016-10-28,CSCO,C,31.5,10,0.0,0.0,3.28,NO,0.0,0.0,0.0,0.0,0.0,0.0,2,1477281600000000000,4,30.34,30.46,30.5,30.3,30.5,30.59,30.8,30.8,0.004,0.0,0.0,,
O:CSCO161028C00032000,2016-10-24,2016-10-28,CSCO,C,32.0,1,0.0,0.0,4.92,NO,0.0,0.0,0.0,0.0,0.0,0.0,1,1477281600000000000,4,30.34,30.46,30.5,30.3,30.5,30.59,30.8,30.8,0.004,0.0,0.0,,
O:CSCO161104C00028500,2016-10-31,2016-11-04,CSCO,C,28.5,3,0.54,0.54,-7.38,YES,0.54,1.75,0.54,1.75,0.54,0.54,2,1477886400000000000,4,30.34,30.68,30.77,30.32,30.77,30.19,30.5,30.5,0.004,0.54,1.75,,
O:CSCO161104C00030000,2016-10-31,2016-11-04,CSCO,C,30.0,59,0.16,0.18,-2.5,YES,0.18,0.58,0.16,0.52,0.2,0.16,10,1477886400000000000,4,30.34,30.68,30.77,30.32,30.77,30.19,30.5,30.5,0.004,0.18,0.65,,
O:CSCO161104C00030500,2016-10-31,2016-11-04,CSCO,C,30.5,196,0.08,0.09,-0.88,YES,0.09,0.29,0.08,0.26,0.1,0.08,19,1477886400000000000,4,30.34,30.68,30.77,30.32,30.77,30.19,30.5,30.5,0.004,0.09,0.32,,
O:CSCO161104C00031000,2016-10-31,2016-11-04,CSCO,C,31.0,362,0.02,0.02,0.75,NO,0.03,0.1,0.02,0.06,0.04,0.02,31,1477886400000000000,4,30.34,30.68,30.77,30.32,30.77,30.19,30.5,30.5,0.004,0.03,0.13,0.0719,0.1618
O:CSCO161104C00031500,2016-10-31,2016-11-04,CSCO,C,31.5,6,0.0,0.0,2.37,NO,0.0,0.0,0.0,0.0,0.0,0.0,4,1477886400000000000,4,30.34,30.68,30.77,30.32,30.77,30.19,30.5,30.5,0.004,0.0,0.0,,
O:CSCO161104C00032000,2016-10-31,2016-11-04,CSCO,C,32.0,25,0.0,0.0,4.0,NO,0.0,0.0,0.0,0.0,0.0,0.0,1,1477886400000000000,4,30.34,30.68,30.77,30.32,30.77,30.19,30.5,30.5,0.004,0.0,0.0,,
O:CSCO161111C00029500,2016-11-07,2016-11-11,CSCO,C,29.5,5,0.38,0.38,-5.02,YES,0.38,1.22,0.38,1.22,0.38,0.38,2,1478494800000000000,4,30.71,30.94,31.06,30.61,31.06,31.36,31.47,31.47,0.0041,0.38,1.22,,
O:CSCO161111C00030000,2016-11-07,2016-11-11,CSCO,C,30.0,115,0.22,0.26,-3.41,YES,0.24,0.79,0.22,0.71,0.27,0.22,12,1478494800000000000,4,30.71,30.94,31.06,30.61,31.06,31.36,31.47,31.47,0.0041,0.24,0.87,,
O:CSCO161111C00030500,2016-11-07,2016-11-11,CSCO,C,30.5,354,0.1,0.19,-1.8,YES,0.14,0.47,0.1,0.32,0.19,0.1,34,1478494800000000000,4,30.71,30.94,31.06,30.61,31.06,31.36,31.47,31.47,0.0041,0.14,0.61,,
O:CSCO161111C00031000,2016-11-07,2016-11-11,CSCO,C,31.0,1514,0.04,0.08,-0.19,YES,0.07,0.23,0.04,0.13,0.1,0.04,86,1478494800000000000,4,30.71,30.94,31.06,30.61,31.06,31.36,31.47,31.47,0.0041,0.07,0.32,0.0327,0.7176
O:CSCO161111C00031500,2016-11-07,2016-11-11,CSCO,C,31.5,896,0.02,0.04,1.42,NO,0.03,0.1,0.02,0.06,0.04,0.02,71,1478494800000000000,4,30.71,30.94,31.06,30.61,31.06,31.36,31.47,31.47,0.0041,0.03,0.13,0.1382,0.1645
O:CSCO161111C00032000,2016-11-07,2016-11-11,CSCO,C,32.0,89,0.01,0.01,3.03,NO,0.0,0.02,0.0,0.0,0.01,0.0,13,1478494800000000000,4,30.71,30.94,31.06,30.61,31.06,31.36,31.47,31.47,0.0041,0.0,0.03,0.167,0.0435
O:CSCO161111C00032500,2016-11-07,2016-11-11,CSCO,C,32.5,28,0.0,0.0,4.64,NO,0.0,0.0,0.0,0.0,0.0,0.0,1,1478494800000000000,4,30.71,30.94,31.06,30.61,31.06,31.36,31.47,31.47,0.0041,0.0,0.0,,
O:CSCO161118C00029000,2016-11-14,2016-11-18,CSCO,C,29.0,89,0.6,0.64,-8.43,YES,0.62,1.97,0.6,1.89,0.65,0.6,5,1479099600000000000,4,31.43,31.37,31.67,31.35,31.67,30.18,30.36,30.36,0.0041,0.62,2.05,,
O:CSCO161118C00029500,2016-11-14,2016-11-18,CSCO,C,29.5,2,0.55,0.57,-6.85,YES,0.56,1.77,0.55,1.74,0.57,0.55,2,1479099600000000000,4,31.43,31.37,31.67,31.35,31.67,30.18,30.36,30.36,0.0041,0.56,1.8,,
O:CSCO161118C00030000,2016-11-14,2016-11-18,CSCO,C,30.0,133,0.43,0.41,-5.27,YES,0.42,1.31,0.4,1.26,0.43,0.4,23,1479099600000000000,4,31.43,31.37,31.67,31.35,31.67,30.18,30.36,30.36,0.0041,0.42,1.36,,
O:CSCO161118C00030500,2016-11-14,2016-11-18,CSCO,C,30.5,27,0.3,0.3,-3.69,NO,0.31,0.98,0.3,0.95,0.32,0.3,7,1479099600000000000,4,31.43,31.37,31.67,31.35,31.67,30.18,30.36,30.36,0.0041,0.31,1.01,,
O:CSCO161118C00031000,2016-11-14,2016-11-18,CSCO,C,31.0,1709,0.21,0.21,-2.12,NO,0.22,0.69,0.2,0.63,0.24,0.2,56,1479099600000000000,4,31.43,31.37,31.67,31.35,31.67,30.18,30.36,30.36,0.0041,0.22,0.76,,
O:CSCO161118C00031500,2016-11-14,2016-11-18,CSCO,C,31.5,3120,0.14,0.14,-0.54,NO,0.14,0.46,0.13,0.41,0.16,0.13,180,1479099600000000000,4,31.43,31.37,31.67,31.35,31.67,30.18,30.36,30.36,0.0041,0.14,0.51,,
O:CSCO161118C00032000,2016-11-14,2016-11-18,CSCO,C,32.0,2088,0.08,0.08,1.04,NO,0.09,0.28,0.08,0.25,0.1,0.08,173,1479099600000000000,4,31.43,31.37,31.67,31.35,31.67,30.18,30.36,30.36,0.0041,0.09,0.32,0.153,0.2571
O:CSCO161118C00032500,2016-11-14,2016-11-18,CSCO,C,32.5,389,0.04,0.05,2.62,NO,0.05,0.16,0.04,0.13,0.06,0.04,41,1479099600000000000,4,31.43,31.37,31.67,31.35,31.67,30.18,30.36,30.36,0.0041,0.05,0.19,0.222,0.1307
O:CSCO161118C00033000,2016-11-14,2016-11-18,CSCO,C,33.0,1031,0.02,0.02,4.2,NO,0.02,0.08,0.02,0.06,0.03,0.02,23,1479099600000000000,4,31.43,31.37,31.67,31.35,31.67,30.18,30.36,30.36,0.0041,0.02,0.09,0.2472,0.0547
O:CSCO161118C00033500,2016-11-14,2016-11-18,CSCO,C,33.5,44,0.01,0.01,5.78,NO,0.01,0.03,0.01,0.03,0.01,0.01,3,1479099600000000000,4,31.43,31.37,31.67,31.35,31.67,30.18,30.36,30.36,0.0041,0.01,0.03,0.2793,0.0265
O:CSCO161118C00034000,2016-11-14,2016-11-18,CSCO,C,34.0,40,0.0,0.0,7.36,NO,0.0,0.02,0.0,0.0,0.01,0.0,5,1479099600000000000,4,31.43,31.37,31.67,31.35,31.67,30.18,30.36,30.36,0.0041,0.0,0.03,,
O:CSCO161118C00035000,2016-11-14,2016-11-18,CSCO,C,35.0,13,0.0,0.0,10.51,NO,0.0,0.0,0.0,0.0,0.0,0.0,1,1479099600000000000,4,31.43,31.37,31.67,31.35,31.67,30.18,30.36,30.36,0.0041,0.0,0.0,,
O:CSCO161125C00029000,2016-11-21,2016-11-25,CSCO,C,29.0,5,0.29,0.28,-4.39,YES,0.28,0.94,0.28,0.92,0.29,0.28,5,1479704400000000000,4,30.3,30.05,30.33,30.01,30.33,30.09,30.14,30.14,0.0041,0.28,0.96,,
O:CSCO161125C00029500,2016-11-21,2016-11-25,CSCO,C,29.5,4,0.16,0.16,-2.74,YES,0.16,0.53,0.16,0.53,0.16,0.16,4,1479704400000000000,4,30.3,30.05,30.33,30.01,30.33,30.09,30.14,30.14,0.0041,0.16,0.53,,
O:CSCO161125C00030000,2016-11-21,2016-11-25,CSCO,C,30.0,1522,0.08,0.05,-1.09,YES,0.07,0.23,0.04,0.13,0.1,0.04,59,1479704400000000000,4,30.3,30.05,30.33,30.01,30.33,30.09,30.14,30.14,0.0041,0.07,0.33,,
O:CSCO161125C00030500,2016-11-21,2016-11-25,CSCO,C,30.5,4409,0.03,0.01,0.56,NO,0.02,0.05,0.0,0.0,0.03,0.0,73,1479704400000000000,4,30.3,30.05,30.33,30.01,30.33,30.09,30.14,30.14,0.0041,0.02,0.1,0.0474,0.1314
O:CSCO161125C00031000,2016-11-21,2016-11-25,CSCO,C,31.0,50,0.01,0.01,2.21,NO,0.01,0.03,0.01,0.03,0.01,0.01,2,1479704400000000000,4,30.3,30.05,30.33,30.01,30.33,30.09,30.14,30.14,0.0041,0.01,0.03,0.131,0.0551
O:CSCO161125C00031500,2016-11-21,2016-11-25,CSCO,C,31.5,1,0.0,0.0,3.86,NO,0.0,0.0,0.0,0.0,0.0,0.0,1,1479704400000000000,4,30.3,30.05,30.33,30.01,30.33,30.09,30.14,30.14,0.0041,0.0,0.0,,
O:CSCO161125C00032000,2016-11-21,2016-11-25,CSCO,C,32.0,16,0.0,0.0,5.51,NO,0.0,0.0,0.0,0.0,0.0,0.0,3,1479704400000000000,4,30.3,30.05,30.33,30.01,30.33,30.09,30.14,30.14,0.0041,0.0,0.0,,
O:CSCO161125C00032500,2016-11-21,2016-11-25,CSCO,C,32.5,3,0.0,0.0,7.15,NO,0.0,0.0,0.0,0.0,0.0,0.0,1,1479704400000000000,4,30.3,30.05,30.33,30.01,30.33,30.09,30.14,30.14,0.0041,0.0,0.0,,
O:CSCO161202C00028500,2016-11-28,2016-12-02,CSCO,C,28.5,4,0.35,0.35,-5.28,YES,0.35,1.16,0.35,1.16,0.35,0.35,1,1480309200000000000,4,30.08,29.92,30.09,29.82,30.09,29.25,29.56,29.56,0.0041,0.35,1.16,,
O:CSCO161202C00029000,2016-11-28,2016-12-02,CSCO,C,29.0,415,0.24,0.23,-3.62,YES,0.24,0.78,0.23,0.76,0.24,0.23,21,1480309200000000000,4,30.08,29.92,30.09,29.82,30.09,29.25,29.56,29.56,0.0041,0.24,0.8,,
O:CSCO161202C00029500,2016-11-28,2016-12-02,CSCO,C,29.5,174,0.13,0.11,-1.96,YES,0.13,0.43,0.11,0.37,0.15,0.11,24,1480309200000000000,4,30.08,29.92,30.09,29.82,30.09,29.25,29.56,29.56,0.0041,0.13,0.5,,
O:CSCO161202C00030000,2016-11-28,2016-12-02,CSCO,C,30.0,4919,0.06,0.03,-0.3,NO,0.04,0.15,0.03,0.1,0.06,0.03,152,1480309200000000000,4,30.08,29.92,30.09,29.82,30.09,29.25,29.56,29.56,0.0041,0.04,0.2,,
O:CSCO161202C00030500,2016-11-28,2016-12-02,CSCO,C,30.5,351,0.01,0.01,1.36,NO,0.01,0.03,0.01,0.03,0.01,0.01,12,1480309200000000000,4,30.08,29.92,30.09,29.82,30.09,29.25,29.56,29.56,0.0041,0.01,0.03,0.0905,0.0766
O:CSCO161202C00031000,2016-11-28,2016-12-02,CSCO,C,31.0,300,0.0,0.0,3.02,NO,0.0,0.0,0.0,0.0,0.0,0.0,3,1480309200000000000,4,30.08,29.92,30.09,29.82,30.09,29.25,29.56,29.56,0.0041,0.0,0.0,,
O:CSCO161209C00028000,2016-12-05,2016-12-09,CSCO,C,28.0,27,0.4,0.4,-5.41,YES,0.4,1.35,0.4,1.35,0.4,0.4,2,1480914000000000000,4,29.33,29.53,29.6,29.29,29.6,30.06,30.07,30.07,0.0054,0.4,1.35,,
O:CSCO161209C00029000,2016-12-05,2016-12-09,CSCO,C,29.0,138,0.11,0.15,-2.03,YES,0.13,0.44,0.11,0.37,0.15,0.11,8,1480914000000000000,4,29.33,29.53,29.6,29.29,29.6,30.06,30.07,30.07,0.0054,0.13,0.51,,
O:CSCO161209C00029500,2016-12-05,2016-12-09,CSCO,C,29.5,949,0.04,0.05,-0.34,YES,0.06,0.19,0.04,0.14,0.07,0.04,48,1480914000000000000,4,29.33,29.53,29.6,29.29,29.6,30.06,30.07,30.07,0.0054,0.06,0.24,,
O:CSCO161209C00030000,2016-12-05,2016-12-09,CSCO,C,30.0,898,0.01,0.01,1.35,YES,0.02,0.05,0.01,0.03,0.02,0.01,71,1480914000000000000,4,29.33,29.53,29.6,29.29,29.6,30.06,30.07,30.07,0.0054,0.02,0.07,0.0903,0.0779
O:CSCO161209C00030500,2016-12-05,2016-12-09,CSCO,C,30.5,463,0.0,0.0,3.04,NO,0.0,0.0,0.0,0.0,0.0,0.0,9,1480914000000000000,4,29.33,29.53,29.6,29.29,29.6,30.06,30.07,30.07,0.0054,0.0,0.0,,
O:CSCO161209C00031000,2016-12-05,2016-12-09,CSCO,C,31.0,4,0.0,0.0,4.73,NO,0.0,0.0,0.0,0.0,0.0,0.0,2,1480914000000000000,4,29.33,29.53,29.6,29.29,29.6,30.06,30.07,30.07,0.0054,0.0,0.0,,
O:CSCO161216C00022000,2016-12-12,2016-12-16,CSCO,C,22.0,10,2.04,2.04,-27.15,YES,2.04,6.75,2.04,6.75,2.04,2.04,1,1481518800000000000,4,30.08,30.17,30.2,30.02,30.2,30.59,30.72,30.72,0.0054,2.04,6.75,,
O:CSCO161216C00025000,2016-12-12,2016-12-16,CSCO,C,25.0,1,1.32,1.32,-17.22,YES,1.32,4.37,1.32,4.37,1.32,1.32,1,1481518800000000000,4,30.08,30.17,30.2,30.02,30.2,30.59,30.72,30.72,0.0054,1.32,4.37,,
O:CSCO161216C00026000,2016-12-12,2016-12-16,CSCO,C,26.0,11,1.08,1.03,-13.91,YES,1.06,3.49,1.03,3.41,1.08,1.03,2,1481518800000000000,4,30.08,30.17,30.2,30.02,30.2,30.59,30.72,30.72,0.0054,1.06,3.58,,
O:CSCO161216C00028000,2016-12-12,2016-12-16,CSCO,C,28.0,67,0.52,0.54,-7.28,YES,0.53,1.75,0.52,1.72,0.54,0.52,4,1481518800000000000,4,30.08,30.17,30.2,30.02,30.2,30.59,30.72,30.72,0.0054,0.53,1.79,,
O:CSCO161216C00028500,2016-12-12,2016-12-16,CSCO,C,28.5,1,0.41,0.41,-5.63,YES,0.41,1.36,0.41,1.36,0.41,0.41,1,1481518800000000000,4,30.08,30.17,30.2,30.02,30.2,30.59,30.72,30.72,0.0054,0.41,1.36,,
O:CSCO161216C00029000,2016-12-12,2016-12-16,CSCO,C,29.0,266,0.3,0.3,-3.97,YES,0.28,0.94,0.27,0.89,0.3,0.27,16,1481518800000000000,4,30.08,30.17,30.2,30.02,30.2,30.59,30.72,30.72,0.0054,0.28,0.99,,
O:CSCO161216C00029500,2016-12-12,2016-12-16,CSCO,C,29.5,106,0.17,0.18,-2.32,YES,0.17,0.56,0.16,0.53,0.18,0.16,9,1481518800000000000,4,30.08,30.17,30.2,30.02,30.2,30.59,30.72,30.72,0.0054,0.17,0.6,,
O:CSCO161216C00030000,2016-12-12,2016-12-16,CSCO,C,30.0,856,0.08,0.08,-0.66,YES,0.08,0.25,0.06,0.2,0.09,0.06,56,1481518800000000000,4,30.08,30.17,30.2,30.02,30.2,30.59,30.72,30.72,0.0054,0.08,0.3,,
O:CSCO161216C00030500,2016-12-12,2016-12-16,CSCO,C,30.5,1280,0.03,0.03,0.99,YES,0.02,0.08,0.02,0.07,0.03,0.02,53,1481518800000000000,4,30.08,30.17,30.2,30.02,30.2,30.59,30.72,30.72,0.0054,0.02,0.1,0.1004,0.1735
O:CSCO161216C00031000,2016-12-12,2016-12-16,CSCO,C,31.0,1180,0.01,0.0,2.65,NO,0.0,0.02,0.0,0.0,0.01,0.0,56,1481518800000000000,4,30.08,30.17,30.2,30.02,30.2,30.59,30.72,30.72,0.0054,0.0,0.03,,
O:CSCO161216C00032000,2016-12-12,2016-12-16,CSCO,C,32.0,5,0.0,0.0,5.96,NO,0.0,0.0,0.0,0.0,0.0,0.0,1,1481518800000000000,4,30.08,30.17,30.2,30.02,30.2,30.59,30.72,30.72,0.0054,0.0,0.0,,
O:CSCO161216C00033000,2016-12-12,2016-12-16,CSCO,C,33.0,839,0.0,0.0,9.27,NO,0.0,0.0,0.0,0.0,0.0,0.0,7,1481518800000000000,4,30.08,30.17,30.2,30.02,30.2,30.59,30.72,30.72,0.0054,0.0,0.0,,
O:CSCO161223C00030000,2016-12-19,2016-12-23,CSCO,C,30.0,139,0.16,0.2,-2.82,YES,0.18,0.6,0.16,0.52,0.21,0.16,19,1482123600000000000,4,30.65,30.75,30.87,30.54,30.87,30.53,30.6,30.6,0.0054,0.18,0.68,,
O:CSCO161223C00030500,2016-12-19,2016-12-23,CSCO,C,30.5,354,0.06,0.08,-1.2,YES,0.08,0.26,0.06,0.19,0.1,0.06,27,1482123600000000000,4,30.65,30.75,30.87,30.54,30.87,30.53,30.6,30.6,0.0054,0.08,0.32,,
O:CSCO161223C00031000,2016-12-19,2016-12-23,CSCO,C,31.0,1581,0.02,0.02,0.42,NO,0.03,0.1,0.02,0.06,0.04,0.02,84,1482123600000000000,4,30.65,30.75,30.87,30.54,30.87,30.53,30.6,30.6,0.0054,0.03,0.13,0.0503,0.2147
O:CSCO161223C00031500,2016-12-19,2016-12-23,CSCO,C,31.5,192,0.0,0.0,2.04,NO,0.0,0.0,0.0,0.0,0.0,0.0,5,1482123600000000000,4,30.65,30.75,30.87,30.54,30.87,30.53,30.6,30.6,0.0054,0.0,0.0,,
O:CSCO161223C00032000,2016-12-19,2016-12-23,CSCO,C,32.0,22,0.01,0.01,3.66,NO,0.01,0.03,0.01,0.03,0.01,0.01,4,1482123600000000000,4,30.65,30.75,30.87,30.54,30.87,30.53,30.6,30.6,0.0054,0.01,0.03,0.1944,0.038
O:CSCO161230C00028000,2016-12-27,2016-12-30,CSCO,C,28.0,6,0.69,0.69,-9.15,YES,0.69,2.24,0.69,2.24,0.69,0.69,1,1482814800000000000,3,30.64,30.68,30.82,30.6,30.82,30.22,30.6,30.6,0.0054,0.69,2.24,,
O:CSCO161230C00029000,2016-12-27,2016-12-30,CSCO,C,29.0,6,0.41,0.41,-5.91,YES,0.41,1.33,0.41,1.33,0.41,0.41,1,1482814800000000000,3,30.64,30.68,30.82,30.6,30.82,30.22,30.6,30.6,0.0054,0.41,1.33,,
O:CSCO161230C00029500,2016-12-27,2016-12-30,CSCO,C,29.5,2,0.31,0.31,-4.28,YES,0.31,1.01,0.31,1.01,0.31,0.31,1,1482814800000000000,3,30.64,30.68,30.82,30.6,30.82,30.22,30.6,30.6,0.0054,0.31,1.01,,
O:CSCO161230C00030000,2016-12-27,2016-12-30,CSCO,C,30.0,340,0.16,0.19,-2.66,YES,0.18,0.58,0.16,0.52,0.2,0.16,13,1482814800000000000,3,30.64,30.68,30.82,30.6,30.82,30.22,30.6,30.6,0.0054,0.18,0.65,,
O:CSCO161230C00030500,2016-12-27,2016-12-30,CSCO,C,30.5,520,0.06,0.07,-1.04,YES,0.08,0.26,0.06,0.19,0.1,0.06,31,1482814800000000000,3,30.64,30.68,30.82,30.6,30.82,30.22,30.6,30.6,0.0054,0.08,0.32,,
O:CSCO161230C00031000,2016-12-27,2016-12-30,CSCO,C,31.0,2171,0.01,0.01,0.58,NO,0.02,0.05,0.01,0.03,0.02,0.01,98,1482814800000000000,3,30.64,30.68,30.82,30.6,30.82,30.22,30.6,30.6,0.0054,0.02,0.06,0.056,0.1271
O:CSCO161230C00031500,2016-12-27,2016-12-30,CSCO,C,31.5,60,0.0,0.0,2.21,NO,0.0,0.0,0.0,0.0,0.0,0.0,8,1482814800000000000,3,30.64,30.68,30.82,30.6,30.82,30.22,30.6,30.6,0.0054,0.0,0.0,,
O:CSCO161230C00032000,2016-12-27,2016-12-30,CSCO,C,32.0,200,0.0,0.0,3.83,NO,0.0,0.0,0.0,0.0,0.0,0.0,8,1482814800000000000,3,30.64,30.68,30.82,30.6,30.82,30.22,30.6,30.6,0.0054,0.0,0.0,,
