ticker,date_only,expiration_date,underlying_symbol,option_type,strike,volume,open_price,close_price,otm_pct,ITM,premium,premium_yield_pct,premium_low,premium_yield_pct_low,high_price,low_price,transactions,window_start,days_to_expiry,time_remaining_category,underlying_open,underlying_close,underlying_high,underlying_low,underlying_spot,underlying_close_at_expiry,underlying_high_at_expiry,underlying_spot_at_expiry,fedfunds_rate,mid_price,high_yield_pct
O:INTC170113C00034500,2017-01-09,2017-01-13,INTC,C,34.5,21,2.26,2.16,-6.45,NO,2.2,5.98,2.14,5.8,2.27,2.14,8,1483938000000000000,4,Weekly,36.48,36.61,36.88,36.48,36.88,36.79,36.86,36.86,0.0065,2.2,6.15
O:INTC170113C00035000,2017-01-09,2017-01-13,INTC,C,35.0,20,1.76,1.76,-5.1,NO,1.8,4.89,1.76,4.77,1.85,1.76,7,1483938000000000000,4,Weekly,36.48,36.61,36.88,36.48,36.88,36.79,36.86,36.86,0.0065,1.8,5.02
O:INTC170113C00035500,2017-01-09,2017-01-13,INTC,C,35.5,20,1.23,1.25,-3.74,NO,1.26,3.43,1.23,3.33,1.3,1.23,5,1483938000000000000,4,Weekly,36.48,36.61,36.88,36.48,36.88,36.79,36.86,36.86,0.0065,1.26,3.52
O:INTC170113C00036000,2017-01-09,2017-01-13,INTC,C,36.0,974,0.8,0.68,-2.39,NO,0.79,2.14,0.68,1.84,0.9,0.68,74,1483938000000000000,4,Weekly,36.48,36.61,36.88,36.48,36.88,36.79,36.86,36.86,0.0065,0.79,2.44
O:INTC170113C00036500,2017-01-09,2017-01-13,INTC,C,36.5,1369,0.35,0.35,-1.03,NO,0.42,1.14,0.35,0.95,0.49,0.35,67,1483938000000000000,4,Weekly,36.48,36.61,36.88,36.48,36.88,36.79,36.86,36.86,0.0065,0.42,1.33
O:INTC170113C00037000,2017-01-09,2017-01-13,INTC,C,37.0,1153,0.13,0.12,0.33,NO,0.17,0.46,0.12,0.33,0.22,0.12,125,1483938000000000000,4,Weekly,36.48,36.61,36.88,36.48,36.88,36.79,36.86,36.86,0.0065,0.17,0.6
O:INTC170113C00037500,2017-01-09,2017-01-13,INTC,C,37.5,63,0.05,0.04,1.68,NO,0.05,0.14,0.04,0.11,0.06,0.04,11,1483938000000000000,4,Weekly,36.48,36.61,36.88,36.48,36.88,36.79,36.86,36.86,0.0065,0.05,0.16
O:INTC170113C00038000,2017-01-09,2017-01-13,INTC,C,38.0,70,0.02,0.01,3.04,NO,0.02,0.04,0.01,0.03,0.02,0.01,4,1483938000000000000,4,Weekly,36.48,36.61,36.88,36.48,36.88,36.79,36.86,36.86,0.0065,0.02,0.05
O:INTC170113C00038500,2017-01-09,2017-01-13,INTC,C,38.5,27,0.01,0.01,4.39,NO,0.02,0.04,0.01,0.03,0.02,0.01,3,1483938000000000000,4,Weekly,36.48,36.61,36.88,36.48,36.88,36.79,36.86,36.86,0.0065,0.02,0.05
O:INTC170127C00034500,2017-01-23,2017-01-27,INTC,C,34.5,10,2.58,2.58,-7.28,NO,2.58,6.93,2.58,6.93,2.58,2.58,1,1485147600000000000,4,Weekly,37.07,36.77,37.21,36.55,37.21,37.98,38.45,38.45,0.0065,2.58,6.93
O:INTC170127C00035000,2017-01-23,2017-01-27,INTC,C,35.0,217,1.79,1.9,-5.94,NO,1.85,4.97,1.79,4.81,1.91,1.79,12,1485147600000000000,4,Weekly,37.07,36.77,37.21,36.55,37.21,37.98,38.45,38.45,0.0065,1.85,5.13
O:INTC170127C00035500,2017-01-23,2017-01-27,INTC,C,35.5,153,1.42,1.46,-4.6,NO,1.52,4.08,1.35,3.63,1.69,1.35,11,1485147600000000000,4,Weekly,37.07,36.77,37.21,36.55,37.21,37.98,38.45,38.45,0.0065,1.52,4.54
O:INTC170127C00036000,2017-01-23,2017-01-27,INTC,C,36.0,622,1.38,1.1,-3.25,NO,1.18,3.18,0.99,2.66,1.38,0.99,51,1485147600000000000,4,Weekly,37.07,36.77,37.21,36.55,37.21,37.98,38.45,38.45,0.0065,1.18,3.71
O:INTC170127C00036500,2017-01-23,2017-01-27,INTC,C,36.5,1804,1.11,0.76,-1.91,NO,0.9,2.42,0.69,1.85,1.11,0.69,34,1485147600000000000,4,Weekly,37.07,36.77,37.21,36.55,37.21,37.98,38.45,38.45,0.0065,0.9,2.98
O:INTC170127C00037000,2017-01-23,2017-01-27,INTC,C,37.0,3197,0.62,0.51,-0.56,NO,0.57,1.53,0.44,1.18,0.7,0.44,158,1485147600000000000,4,Weekly,37.07,36.77,37.21,36.55,37.21,37.98,38.45,38.45,0.0065,0.57,1.88
O:INTC170127C00037500,2017-01-23,2017-01-27,INTC,C,37.5,2141,0.4,0.31,0.78,NO,0.36,0.97,0.26,0.7,0.46,0.26,188,1485147600000000000,4,Weekly,37.07,36.77,37.21,36.55,37.21,37.98,38.45,38.45,0.0065,0.36,1.24
O:INTC170127C00038000,2017-01-23,2017-01-27,INTC,C,38.0,946,0.23,0.18,2.12,NO,0.22,0.59,0.16,0.43,0.28,0.16,109,1485147600000000000,4,Weekly,37.07,36.77,37.21,36.55,37.21,37.98,38.45,38.45,0.0065,0.22,0.75
O:INTC170127C00038500,2017-01-23,2017-01-27,INTC,C,38.5,3261,0.11,0.11,3.47,NO,0.12,0.32,0.09,0.24,0.15,0.09,65,1485147600000000000,4,Weekly,37.07,36.77,37.21,36.55,37.21,37.98,38.45,38.45,0.0065,0.12,0.4
O:INTC170127C00039000,2017-01-23,2017-01-27,INTC,C,39.0,167,0.05,0.05,4.81,NO,0.06,0.16,0.04,0.11,0.08,0.04,11,1485147600000000000,4,Weekly,37.07,36.77,37.21,36.55,37.21,37.98,38.45,38.45,0.0065,0.06,0.21
O:INTC170127C00039500,2017-01-23,2017-01-27,INTC,C,39.5,21,0.03,0.03,6.15,NO,0.03,0.08,0.03,0.08,0.03,0.03,5,1485147600000000000,4,Weekly,37.07,36.77,37.21,36.55,37.21,37.98,38.45,38.45,0.0065,0.03,0.08
O:INTC170127C00040000,2017-01-23,2017-01-27,INTC,C,40.0,800,0.02,0.02,7.5,NO,0.02,0.05,0.02,0.05,0.02,0.02,5,1485147600000000000,4,Weekly,37.07,36.77,37.21,36.55,37.21,37.98,38.45,38.45,0.0065,0.02,0.05
O:INTC170203C00034000,2017-01-30,2017-02-03,INTC,C,34.0,100,3.46,3.46,-10.15,NO,3.46,9.14,3.46,9.14,3.46,3.46,1,1485752400000000000,4,Weekly,37.74,37.42,37.84,37.33,37.84,36.52,36.82,36.82,0.0065,3.46,9.14
O:INTC170203C00034500,2017-01-30,2017-02-03,INTC,C,34.5,18,3.05,3.05,-8.83,NO,3.05,8.06,3.05,8.06,3.05,3.05,1,1485752400000000000,4,Weekly,37.74,37.42,37.84,37.33,37.84,36.52,36.82,36.82,0.0065,3.05,8.06
O:INTC170203C00035500,2017-01-30,2017-02-03,INTC,C,35.5,70,1.94,1.93,-6.18,NO,1.98,5.22,1.93,5.1,2.02,1.93,11,1485752400000000000,4,Weekly,37.74,37.42,37.84,37.33,37.84,36.52,36.82,36.82,0.0065,1.98,5.34
O:INTC170203C00036000,2017-01-30,2017-02-03,INTC,C,36.0,228,1.91,1.42,-4.86,NO,1.64,4.33,1.37,3.62,1.91,1.37,21,1485752400000000000,4,Weekly,37.74,37.42,37.84,37.33,37.84,36.52,36.82,36.82,0.0065,1.64,5.05
O:INTC170203C00036500,2017-01-30,2017-02-03,INTC,C,36.5,29,1.36,0.97,-3.54,NO,1.16,3.05,0.95,2.51,1.36,0.95,7,1485752400000000000,4,Weekly,37.74,37.42,37.84,37.33,37.84,36.52,36.82,36.82,0.0065,1.16,3.59
O:INTC170203C00037000,2017-01-30,2017-02-03,INTC,C,37.0,812,0.8,0.5,-2.22,NO,0.64,1.68,0.47,1.24,0.8,0.47,60,1485752400000000000,4,Weekly,37.74,37.42,37.84,37.33,37.84,36.52,36.82,36.82,0.0065,0.64,2.11
O:INTC170203C00037500,2017-01-30,2017-02-03,INTC,C,37.5,3003,0.39,0.19,-0.9,NO,0.28,0.74,0.17,0.45,0.39,0.17,205,1485752400000000000,4,Weekly,37.74,37.42,37.84,37.33,37.84,36.52,36.82,36.82,0.0065,0.28,1.03
O:INTC170203C00038000,2017-01-30,2017-02-03,INTC,C,38.0,747,0.15,0.05,0.42,NO,0.1,0.26,0.05,0.13,0.15,0.05,75,1485752400000000000,4,Weekly,37.74,37.42,37.84,37.33,37.84,36.52,36.82,36.82,0.0065,0.1,0.4
O:INTC170203C00038500,2017-01-30,2017-02-03,INTC,C,38.5,373,0.09,0.02,1.74,NO,0.05,0.13,0.01,0.03,0.09,0.01,25,1485752400000000000,4,Weekly,37.74,37.42,37.84,37.33,37.84,36.52,36.82,36.82,0.0065,0.05,0.24
O:INTC170203C00039000,2017-01-30,2017-02-03,INTC,C,39.0,37,0.02,0.01,3.07,NO,0.02,0.04,0.01,0.03,0.02,0.01,8,1485752400000000000,4,Weekly,37.74,37.42,37.84,37.33,37.84,36.52,36.82,36.82,0.0065,0.02,0.05
O:INTC170203C00039500,2017-01-30,2017-02-03,INTC,C,39.5,3,0.01,0.01,4.39,NO,0.01,0.03,0.01,0.03,0.01,0.01,1,1485752400000000000,4,Weekly,37.74,37.42,37.84,37.33,37.84,36.52,36.82,36.82,0.0065,0.01,0.03
O:INTC170210C00033000,2017-02-06,2017-02-10,INTC,C,33.0,5,3.4,3.4,-9.61,NO,3.4,9.31,3.4,9.31,3.4,3.4,1,1486357200000000000,4,Weekly,36.51,36.27,36.51,36.15,36.51,35.34,35.43,35.43,0.0066,3.4,9.31
O:INTC170210C00034500,2017-02-06,2017-02-10,INTC,C,34.5,3,1.78,1.78,-5.51,NO,1.78,4.88,1.78,4.88,1.78,1.78,2,1486357200000000000,4,Weekly,36.51,36.27,36.51,36.15,36.51,35.34,35.43,35.43,0.0066,1.78,4.88
O:INTC170210C00035000,2017-02-06,2017-02-10,INTC,C,35.0,12,1.41,1.29,-4.14,NO,1.35,3.7,1.29,3.53,1.41,1.29,3,1486357200000000000,4,Weekly,36.51,36.27,36.51,36.15,36.51,35.34,35.43,35.43,0.0066,1.35,3.86
O:INTC170210C00035500,2017-02-06,2017-02-10,INTC,C,35.5,612,0.88,0.81,-2.77,NO,0.84,2.31,0.81,2.22,0.88,0.81,8,1486357200000000000,4,Weekly,36.51,36.27,36.51,36.15,36.51,35.34,35.43,35.43,0.0066,0.84,2.41
O:INTC170210C00036000,2017-02-06,2017-02-10,INTC,C,36.0,979,0.57,0.46,-1.4,NO,0.52,1.44,0.44,1.21,0.61,0.44,52,1486357200000000000,4,Weekly,36.51,36.27,36.51,36.15,36.51,35.34,35.43,35.43,0.0066,0.52,1.67
O:INTC170210C00036500,2017-02-06,2017-02-10,INTC,C,36.5,1754,0.34,0.22,-0.03,NO,0.27,0.74,0.19,0.52,0.35,0.19,128,1486357200000000000,4,Weekly,36.51,36.27,36.51,36.15,36.51,35.34,35.43,35.43,0.0066,0.27,0.96
O:INTC170210C00037000,2017-02-06,2017-02-10,INTC,C,37.0,655,0.12,0.08,1.34,NO,0.1,0.27,0.07,0.19,0.13,0.07,54,1486357200000000000,4,Weekly,36.51,36.27,36.51,36.15,36.51,35.34,35.43,35.43,0.0066,0.1,0.36
O:INTC170210C00037500,2017-02-06,2017-02-10,INTC,C,37.5,1987,0.06,0.03,2.71,NO,0.04,0.12,0.03,0.08,0.06,0.03,167,1486357200000000000,4,Weekly,36.51,36.27,36.51,36.15,36.51,35.34,35.43,35.43,0.0066,0.04,0.16
O:INTC170210C00038000,2017-02-06,2017-02-10,INTC,C,38.0,1611,0.01,0.02,4.08,NO,0.02,0.04,0.01,0.03,0.02,0.01,50,1486357200000000000,4,Weekly,36.51,36.27,36.51,36.15,36.51,35.34,35.43,35.43,0.0066,0.02,0.05
O:INTC170210C00038500,2017-02-06,2017-02-10,INTC,C,38.5,94,0.01,0.01,5.45,NO,0.01,0.03,0.01,0.03,0.01,0.01,2,1486357200000000000,4,Weekly,36.51,36.27,36.51,36.15,36.51,35.34,35.43,35.43,0.0066,0.01,0.03
O:INTC170210C00039000,2017-02-06,2017-02-10,INTC,C,39.0,5,0.01,0.01,6.82,NO,0.01,0.03,0.01,0.03,0.01,0.01,1,1486357200000000000,4,Weekly,36.51,36.27,36.51,36.15,36.51,35.34,35.43,35.43,0.0066,0.01,0.03
O:INTC170303C00030000,2017-02-27,2017-03-03,INTC,C,30.0,30,6.45,6.46,-18.21,NO,6.4,17.46,6.35,17.31,6.46,6.35,8,1488171600000000000,4,Weekly,36.42,36.51,36.68,36.27,36.68,35.9,36.08,36.08,0.0066,6.4,17.61
O:INTC170303C00033500,2017-02-27,2017-03-03,INTC,C,33.5,14,2.92,2.94,-8.67,NO,2.93,7.99,2.92,7.96,2.94,2.92,3,1488171600000000000,4,Weekly,36.42,36.51,36.68,36.27,36.68,35.9,36.08,36.08,0.0066,2.93,8.02
O:INTC170303C00034000,2017-02-27,2017-03-03,INTC,C,34.0,17,2.5,2.39,-7.31,NO,2.45,6.67,2.39,6.52,2.5,2.39,3,1488171600000000000,4,Weekly,36.42,36.51,36.68,36.27,36.68,35.9,36.08,36.08,0.0066,2.45,6.82
O:INTC170303C00034500,2017-02-27,2017-03-03,INTC,C,34.5,59,2.1,1.97,-5.94,NO,2.0,5.47,1.9,5.18,2.11,1.9,12,1488171600000000000,4,Weekly,36.42,36.51,36.68,36.27,36.68,35.9,36.08,36.08,0.0066,2.0,5.75
O:INTC170303C00035000,2017-02-27,2017-03-03,INTC,C,35.0,33,1.36,1.45,-4.58,NO,1.49,4.06,1.36,3.71,1.62,1.36,8,1488171600000000000,4,Weekly,36.42,36.51,36.68,36.27,36.68,35.9,36.08,36.08,0.0066,1.49,4.42
O:INTC170303C00035500,2017-02-27,2017-03-03,INTC,C,35.5,28,1.13,0.98,-3.22,NO,1.06,2.88,0.92,2.51,1.19,0.92,6,1488171600000000000,4,Weekly,36.42,36.51,36.68,36.27,36.68,35.9,36.08,36.08,0.0066,1.06,3.24
O:INTC170303C00036000,2017-02-27,2017-03-03,INTC,C,36.0,169,0.44,0.53,-1.85,NO,0.57,1.55,0.44,1.2,0.7,0.44,28,1488171600000000000,4,Weekly,36.42,36.51,36.68,36.27,36.68,35.9,36.08,36.08,0.0066,0.57,1.91
O:INTC170303C00036500,2017-02-27,2017-03-03,INTC,C,36.5,9040,0.06,0.24,-0.49,NO,0.2,0.55,0.06,0.16,0.34,0.06,144,1488171600000000000,4,Weekly,36.42,36.51,36.68,36.27,36.68,35.9,36.08,36.08,0.0066,0.2,0.93
O:INTC170303C00037000,2017-02-27,2017-03-03,INTC,C,37.0,1017,0.07,0.06,0.87,NO,0.08,0.2,0.04,0.11,0.11,0.04,39,1488171600000000000,4,Weekly,36.42,36.51,36.68,36.27,36.68,35.9,36.08,36.08,0.0066,0.08,0.3
O:INTC170303C00037500,2017-02-27,2017-03-03,INTC,C,37.5,221,0.03,0.01,2.24,NO,0.02,0.05,0.01,0.03,0.03,0.01,18,1488171600000000000,4,Weekly,36.42,36.51,36.68,36.27,36.68,35.9,36.08,36.08,0.0066,0.02,0.08
O:INTC170303C00038000,2017-02-27,2017-03-03,INTC,C,38.0,150,0.01,0.01,3.6,NO,0.01,0.03,0.01,0.03,0.01,0.01,4,1488171600000000000,4,Weekly,36.42,36.51,36.68,36.27,36.68,35.9,36.08,36.08,0.0066,0.01,0.03
O:INTC170303C00039000,2017-02-27,2017-03-03,INTC,C,39.0,2,0.01,0.01,6.32,NO,0.01,0.03,0.01,0.03,0.01,0.01,1,1488171600000000000,4,Weekly,36.42,36.51,36.68,36.27,36.68,35.9,36.08,36.08,0.0066,0.01,0.03
O:INTC170310C00034000,2017-03-06,2017-03-10,INTC,C,34.0,30,1.75,1.59,-5.03,NO,1.6,4.47,1.45,4.05,1.75,1.45,11,1488776400000000000,4,Weekly,35.79,35.57,35.8,35.42,35.8,35.91,36.3,36.3,0.0079,1.6,4.89
O:INTC170310C00034500,2017-03-06,2017-03-10,INTC,C,34.5,12,1.22,1.0,-3.63,NO,1.1,3.07,0.98,2.74,1.22,0.98,4,1488776400000000000,4,Weekly,35.79,35.57,35.8,35.42,35.8,35.91,36.3,36.3,0.0079,1.1,3.41
O:INTC170310C00035000,2017-03-06,2017-03-10,INTC,C,35.0,181,0.88,0.67,-2.23,NO,0.7,1.97,0.53,1.48,0.88,0.53,37,1488776400000000000,4,Weekly,35.79,35.57,35.8,35.42,35.8,35.91,36.3,36.3,0.0079,0.7,2.46
O:INTC170310C00035500,2017-03-06,2017-03-10,INTC,C,35.5,800,0.36,0.29,-0.84,NO,0.3,0.84,0.21,0.59,0.39,0.21,49,1488776400000000000,4,Weekly,35.79,35.57,35.8,35.42,35.8,35.91,36.3,36.3,0.0079,0.3,1.09
O:INTC170310C00036000,2017-03-06,2017-03-10,INTC,C,36.0,1416,0.16,0.07,0.56,NO,0.12,0.32,0.06,0.17,0.17,0.06,70,1488776400000000000,4,Weekly,35.79,35.57,35.8,35.42,35.8,35.91,36.3,36.3,0.0079,0.12,0.47
O:INTC170310C00036500,2017-03-06,2017-03-10,INTC,C,36.5,492,0.01,0.02,1.96,NO,0.13,0.36,0.01,0.03,0.25,0.01,17,1488776400000000000,4,Weekly,35.79,35.57,35.8,35.42,35.8,35.91,36.3,36.3,0.0079,0.13,0.7
O:INTC170310C00037000,2017-03-06,2017-03-10,INTC,C,37.0,6,0.01,0.01,3.35,NO,0.01,0.03,0.01,0.03,0.01,0.01,1,1488776400000000000,4,Weekly,35.79,35.57,35.8,35.42,35.8,35.91,36.3,36.3,0.0079,0.01,0.03
O:INTC170310C00039000,2017-03-06,2017-03-10,INTC,C,39.0,2,0.01,0.02,8.94,NO,0.02,0.04,0.01,0.03,0.02,0.01,2,1488776400000000000,4,Weekly,35.79,35.57,35.8,35.42,35.8,35.91,36.3,36.3,0.0079,0.02,0.06
O:INTC170324C00030000,2017-03-20,2017-03-24,INTC,C,30.0,7,5.6,5.6,-15.8,NO,5.6,15.72,5.6,15.72,5.6,5.6,1,1489982400000000000,4,Weekly,35.37,35.43,35.63,35.26,35.63,35.16,35.73,35.73,0.0079,5.6,15.72
O:INTC170324C00034000,2017-03-20,2017-03-24,INTC,C,34.0,108,1.36,1.44,-4.57,NO,1.49,4.18,1.36,3.82,1.62,1.36,13,1489982400000000000,4,Weekly,35.37,35.43,35.63,35.26,35.63,35.16,35.73,35.73,0.0079,1.49,4.55
O:INTC170324C00034500,2017-03-20,2017-03-24,INTC,C,34.5,144,0.84,1.04,-3.17,NO,0.98,2.75,0.84,2.36,1.12,0.84,10,1489982400000000000,4,Weekly,35.37,35.43,35.63,35.26,35.63,35.16,35.73,35.73,0.0079,0.98,3.14
O:INTC170324C00035000,2017-03-20,2017-03-24,INTC,C,35.0,684,0.41,0.49,-1.77,NO,0.55,1.53,0.41,1.15,0.68,0.41,49,1489982400000000000,4,Weekly,35.37,35.43,35.63,35.26,35.63,35.16,35.73,35.73,0.0079,0.55,1.91
O:INTC170324C00035500,2017-03-20,2017-03-24,INTC,C,35.5,5091,0.15,0.14,-0.36,NO,0.22,0.6,0.14,0.39,0.29,0.14,214,1489982400000000000,4,Weekly,35.37,35.43,35.63,35.26,35.63,35.16,35.73,35.73,0.0079,0.22,0.81
O:INTC170324C00036000,2017-03-20,2017-03-24,INTC,C,36.0,604,0.05,0.03,1.04,NO,0.05,0.14,0.03,0.08,0.07,0.03,38,1489982400000000000,4,Weekly,35.37,35.43,35.63,35.26,35.63,35.16,35.73,35.73,0.0079,0.05,0.2
O:INTC170324C00036500,2017-03-20,2017-03-24,INTC,C,36.5,30,0.01,0.01,2.44,NO,0.01,0.03,0.01,0.03,0.01,0.01,2,1489982400000000000,4,Weekly,35.37,35.43,35.63,35.26,35.63,35.16,35.73,35.73,0.0079,0.01,0.03
O:INTC170331C00033500,2017-03-27,2017-03-31,INTC,C,33.5,1,1.86,1.86,-5.63,NO,1.86,5.24,1.86,5.24,1.86,1.86,1,1490587200000000000,4,Weekly,35.07,35.39,35.5,34.94,35.5,36.07,36.25,36.25,0.0079,1.86,5.24
O:INTC170331C00034000,2017-03-27,2017-03-31,INTC,C,34.0,52,1.06,1.45,-4.23,NO,1.28,3.62,1.06,2.99,1.51,1.06,6,1490587200000000000,4,Weekly,35.07,35.39,35.5,34.94,35.5,36.07,36.25,36.25,0.0079,1.28,4.25
O:INTC170331C00034500,2017-03-27,2017-03-31,INTC,C,34.5,104,0.68,1.0,-2.82,NO,0.85,2.39,0.68,1.92,1.02,0.68,13,1490587200000000000,4,Weekly,35.07,35.39,35.5,34.94,35.5,36.07,36.25,36.25,0.0079,0.85,2.87
O:INTC170331C00035000,2017-03-27,2017-03-31,INTC,C,35.0,1271,0.27,0.59,-1.41,NO,0.44,1.23,0.27,0.76,0.6,0.27,36,1490587200000000000,4,Weekly,35.07,35.39,35.5,34.94,35.5,36.07,36.25,36.25,0.0079,0.44,1.69
O:INTC170331C00035500,2017-03-27,2017-03-31,INTC,C,35.5,4133,0.03,0.23,0.0,NO,0.16,0.44,0.03,0.08,0.28,0.03,182,1490587200000000000,4,Weekly,35.07,35.39,35.5,34.94,35.5,36.07,36.25,36.25,0.0079,0.16,0.79
O:INTC170331C00036000,2017-03-27,2017-03-31,INTC,C,36.0,5163,0.03,0.08,1.41,NO,0.06,0.18,0.03,0.08,0.1,0.03,155,1490587200000000000,4,Weekly,35.07,35.39,35.5,34.94,35.5,36.07,36.25,36.25,0.0079,0.06,0.28
O:INTC170331C00036500,2017-03-27,2017-03-31,INTC,C,36.5,362,0.01,0.02,2.82,NO,0.02,0.04,0.01,0.03,0.02,0.01,14,1490587200000000000,4,Weekly,35.07,35.39,35.5,34.94,35.5,36.07,36.25,36.25,0.0079,0.02,0.06
O:INTC170331C00037500,2017-03-27,2017-03-31,INTC,C,37.5,8,0.01,0.01,5.63,NO,0.01,0.03,0.01,0.03,0.01,0.01,1,1490587200000000000,4,Weekly,35.07,35.39,35.5,34.94,35.5,36.07,36.25,36.25,0.0079,0.01,0.03
O:INTC170407C00034500,2017-04-03,2017-04-07,INTC,C,34.5,60,1.96,1.75,-6.1,NO,1.82,4.94,1.67,4.55,1.96,1.67,8,1491192000000000000,4,Weekly,36.19,36.16,36.74,36.12,36.74,36.03,36.32,36.32,0.009,1.82,5.33
O:INTC170407C00035000,2017-04-03,2017-04-07,INTC,C,35.0,131,1.36,1.19,-4.74,NO,2.3,6.26,1.16,3.16,3.44,1.16,26,1491192000000000000,4,Weekly,36.19,36.16,36.74,36.12,36.74,36.03,36.32,36.32,0.009,2.3,9.36
O:INTC170407C00035500,2017-04-03,2017-04-07,INTC,C,35.5,443,0.87,0.74,-3.38,NO,0.94,2.54,0.67,1.82,1.2,0.67,32,1491192000000000000,4,Weekly,36.19,36.16,36.74,36.12,36.74,36.03,36.32,36.32,0.009,0.94,3.27
O:INTC170407C00036000,2017-04-03,2017-04-07,INTC,C,36.0,3896,0.37,0.32,-2.01,NO,0.52,1.4,0.29,0.79,0.74,0.29,116,1491192000000000000,4,Weekly,36.19,36.16,36.74,36.12,36.74,36.03,36.32,36.32,0.009,0.52,2.01
O:INTC170407C00036500,2017-04-03,2017-04-07,INTC,C,36.5,1723,0.08,0.1,-0.65,NO,0.29,0.79,0.05,0.14,0.53,0.05,134,1491192000000000000,4,Weekly,36.19,36.16,36.74,36.12,36.74,36.03,36.32,36.32,0.009,0.29,1.44
O:INTC170407C00037000,2017-04-03,2017-04-07,INTC,C,37.0,4285,0.03,0.03,0.71,NO,0.09,0.24,0.03,0.08,0.15,0.03,126,1491192000000000000,4,Weekly,36.19,36.16,36.74,36.12,36.74,36.03,36.32,36.32,0.009,0.09,0.41
O:INTC170407C00037500,2017-04-03,2017-04-07,INTC,C,37.5,21,0.02,0.01,2.07,NO,0.02,0.04,0.01,0.03,0.02,0.01,4,1491192000000000000,4,Weekly,36.19,36.16,36.74,36.12,36.74,36.03,36.32,36.32,0.009,0.02,0.05
O:INTC170428C00031000,2017-04-24,2017-04-28,INTC,C,31.0,2,5.66,5.66,-15.88,NO,5.66,15.36,5.66,15.36,5.66,5.66,1,1493006400000000000,4,Weekly,36.67,36.75,36.85,36.46,36.85,36.15,36.48,36.48,0.009,5.66,15.36
O:INTC170428C00034500,2017-04-24,2017-04-28,INTC,C,34.5,5,2.22,2.21,-6.38,NO,2.22,6.01,2.21,6.0,2.22,2.21,3,1493006400000000000,4,Weekly,36.67,36.75,36.85,36.46,36.85,36.15,36.48,36.48,0.009,2.22,6.02
O:INTC170428C00035000,2017-04-24,2017-04-28,INTC,C,35.0,107,2.04,1.9,-5.02,NO,1.84,4.99,1.64,4.45,2.04,1.64,22,1493006400000000000,4,Weekly,36.67,36.75,36.85,36.46,36.85,36.15,36.48,36.48,0.009,1.84,5.54
O:INTC170428C00035500,2017-04-24,2017-04-28,INTC,C,35.5,776,1.35,1.4,-3.66,NO,1.36,3.69,1.23,3.34,1.49,1.23,28,1493006400000000000,4,Weekly,36.67,36.75,36.85,36.46,36.85,36.15,36.48,36.48,0.009,1.36,4.04
O:INTC170428C00036000,2017-04-24,2017-04-28,INTC,C,36.0,1183,1.02,1.11,-2.31,NO,0.87,2.36,0.63,1.71,1.11,0.63,107,1493006400000000000,4,Weekly,36.67,36.75,36.85,36.46,36.85,36.15,36.48,36.48,0.009,0.87,3.01
O:INTC170428C00036500,2017-04-24,2017-04-28,INTC,C,36.5,4109,0.67,0.73,-0.95,NO,0.72,1.95,0.56,1.52,0.88,0.56,171,1493006400000000000,4,Weekly,36.67,36.75,36.85,36.46,36.85,36.15,36.48,36.48,0.009,0.72,2.39
O:INTC170428C00037000,2017-04-24,2017-04-28,INTC,C,37.0,1425,0.53,0.46,0.41,NO,0.44,1.18,0.33,0.9,0.54,0.33,180,1493006400000000000,4,Weekly,36.67,36.75,36.85,36.46,36.85,36.15,36.48,36.48,0.009,0.44,1.47
O:INTC170428C00037500,2017-04-24,2017-04-28,INTC,C,37.5,967,0.17,0.27,1.76,NO,0.24,0.64,0.17,0.46,0.3,0.17,112,1493006400000000000,4,Weekly,36.67,36.75,36.85,36.46,36.85,36.15,36.48,36.48,0.009,0.24,0.81
O:INTC170428C00038000,2017-04-24,2017-04-28,INTC,C,38.0,1127,0.1,0.14,3.12,NO,0.12,0.34,0.08,0.22,0.17,0.08,96,1493006400000000000,4,Weekly,36.67,36.75,36.85,36.46,36.85,36.15,36.48,36.48,0.009,0.12,0.46
O:INTC170428C00038500,2017-04-24,2017-04-28,INTC,C,38.5,105,0.04,0.07,4.48,NO,0.06,0.15,0.04,0.11,0.07,0.04,11,1493006400000000000,4,Weekly,36.67,36.75,36.85,36.46,36.85,36.15,36.48,36.48,0.009,0.06,0.19
O:INTC170428C00039000,2017-04-24,2017-04-28,INTC,C,39.0,229,0.02,0.03,5.83,NO,0.02,0.05,0.01,0.03,0.03,0.01,9,1493006400000000000,4,Weekly,36.67,36.75,36.85,36.46,36.85,36.15,36.48,36.48,0.009,0.02,0.08
O:INTC170505C00033000,2017-05-01,2017-05-05,INTC,C,33.0,4,3.2,3.2,-9.34,NO,3.2,8.79,3.2,8.79,3.2,3.2,2,1493611200000000000,4,Weekly,36.11,36.31,36.4,35.94,36.4,36.82,36.93,36.93,0.0091,3.2,8.79
O:INTC170505C00033500,2017-05-01,2017-05-05,INTC,C,33.5,66,2.61,2.88,-7.97,NO,2.74,7.54,2.61,7.17,2.88,2.61,12,1493611200000000000,4,Weekly,36.11,36.31,36.4,35.94,36.4,36.82,36.93,36.93,0.0091,2.74,7.91
O:INTC170505C00034000,2017-05-01,2017-05-05,INTC,C,34.0,108,2.03,2.37,-6.59,NO,2.21,6.07,2.03,5.58,2.39,2.03,38,1493611200000000000,4,Weekly,36.11,36.31,36.4,35.94,36.4,36.82,36.93,36.93,0.0091,2.21,6.57
O:INTC170505C00034500,2017-05-01,2017-05-05,INTC,C,34.5,148,1.7,1.84,-5.22,NO,1.7,4.66,1.52,4.18,1.87,1.52,44,1493611200000000000,4,Weekly,36.11,36.31,36.4,35.94,36.4,36.82,36.93,36.93,0.0091,1.7,5.14
O:INTC170505C00035000,2017-05-01,2017-05-05,INTC,C,35.0,11501,1.32,1.33,-3.85,NO,1.18,3.26,0.98,2.69,1.39,0.98,1690,1493611200000000000,4,Weekly,36.11,36.31,36.4,35.94,36.4,36.82,36.93,36.93,0.0091,1.18,3.82
O:INTC170505C00035500,2017-05-01,2017-05-05,INTC,C,35.5,235,0.6,0.83,-2.47,NO,0.7,1.92,0.52,1.43,0.88,0.52,50,1493611200000000000,4,Weekly,36.11,36.31,36.4,35.94,36.4,36.82,36.93,36.93,0.0091,0.7,2.42
O:INTC170505C00036000,2017-05-01,2017-05-05,INTC,C,36.0,3176,0.23,0.36,-1.1,NO,0.3,0.81,0.16,0.44,0.43,0.16,144,1493611200000000000,4,Weekly,36.11,36.31,36.4,35.94,36.4,36.82,36.93,36.93,0.0091,0.3,1.18
O:INTC170505C00036500,2017-05-01,2017-05-05,INTC,C,36.5,8057,0.09,0.08,0.27,NO,0.08,0.23,0.03,0.08,0.14,0.03,371,1493611200000000000,4,Weekly,36.11,36.31,36.4,35.94,36.4,36.82,36.93,36.93,0.0091,0.08,0.38
O:INTC170505C00037000,2017-05-01,2017-05-05,INTC,C,37.0,748,0.03,0.03,1.65,NO,0.02,0.05,0.01,0.03,0.03,0.01,42,1493611200000000000,4,Weekly,36.11,36.31,36.4,35.94,36.4,36.82,36.93,36.93,0.0091,0.02,0.08
O:INTC170505C00037500,2017-05-01,2017-05-05,INTC,C,37.5,114,0.01,0.02,3.02,NO,0.02,0.04,0.01,0.03,0.02,0.01,9,1493611200000000000,4,Weekly,36.11,36.31,36.4,35.94,36.4,36.82,36.93,36.93,0.0091,0.02,0.05
O:INTC170505C00038000,2017-05-01,2017-05-05,INTC,C,38.0,56,0.01,0.01,4.4,NO,0.01,0.03,0.01,0.03,0.01,0.01,9,1493611200000000000,4,Weekly,36.11,36.31,36.4,35.94,36.4,36.82,36.93,36.93,0.0091,0.01,0.03
O:INTC170505C00039000,2017-05-01,2017-05-05,INTC,C,39.0,4,0.01,0.01,7.14,NO,0.01,0.03,0.01,0.03,0.01,0.01,2,1493611200000000000,4,Weekly,36.11,36.31,36.4,35.94,36.4,36.82,36.93,36.93,0.0091,0.01,0.03
O:INTC170512C00034500,2017-05-08,2017-05-12,INTC,C,34.5,15,2.0,2.0,-6.38,NO,2.0,5.43,2.0,5.43,2.0,2.0,3,1494216000000000000,4,Weekly,36.73,36.54,36.85,36.48,36.85,35.53,35.74,35.74,0.0091,2.0,5.43
O:INTC170512C00035000,2017-05-08,2017-05-12,INTC,C,35.0,32,1.81,1.75,-5.02,NO,1.78,4.83,1.75,4.75,1.81,1.75,14,1494216000000000000,4,Weekly,36.73,36.54,36.85,36.48,36.85,35.53,35.74,35.74,0.0091,1.78,4.91
O:INTC170512C00035500,2017-05-08,2017-05-12,INTC,C,35.5,32,1.29,1.1,-3.66,NO,1.2,3.24,1.1,2.99,1.29,1.1,9,1494216000000000000,4,Weekly,36.73,36.54,36.85,36.48,36.85,35.53,35.74,35.74,0.0091,1.2,3.5
O:INTC170512C00036000,2017-05-08,2017-05-12,INTC,C,36.0,38,0.8,0.6,-2.31,NO,0.7,1.9,0.6,1.63,0.8,0.6,11,1494216000000000000,4,Weekly,36.73,36.54,36.85,36.48,36.85,35.53,35.74,35.74,0.0091,0.7,2.17
O:INTC170512C00036500,2017-05-08,2017-05-12,INTC,C,36.5,778,0.46,0.23,-0.95,NO,0.34,0.94,0.23,0.62,0.46,0.23,40,1494216000000000000,4,Weekly,36.73,36.54,36.85,36.48,36.85,35.53,35.74,35.74,0.0091,0.34,1.25
O:INTC170512C00037000,2017-05-08,2017-05-12,INTC,C,37.0,579,0.17,0.05,0.41,NO,0.11,0.31,0.05,0.14,0.18,0.05,86,1494216000000000000,4,Weekly,36.73,36.54,36.85,36.48,36.85,35.53,35.74,35.74,0.0091,0.11,0.49
O:INTC170512C00037500,2017-05-08,2017-05-12,INTC,C,37.5,124,0.03,0.01,1.76,NO,0.02,0.05,0.01,0.03,0.03,0.01,10,1494216000000000000,4,Weekly,36.73,36.54,36.85,36.48,36.85,35.53,35.74,35.74,0.0091,0.02,0.08
O:INTC170512C00038000,2017-05-08,2017-05-12,INTC,C,38.0,1,0.01,0.01,3.12,NO,0.01,0.03,0.01,0.03,0.01,0.01,1,1494216000000000000,4,Weekly,36.73,36.54,36.85,36.48,36.85,35.53,35.74,35.74,0.0091,0.01,0.03
O:INTC170526C00033000,2017-05-22,2017-05-26,INTC,C,33.0,7,2.69,2.72,-8.61,NO,2.7,7.49,2.69,7.45,2.72,2.69,2,1495425600000000000,4,Weekly,35.48,35.77,36.11,35.38,36.11,36.26,36.33,36.33,0.0091,2.7,7.53
O:INTC170526C00033500,2017-05-22,2017-05-26,INTC,C,33.5,22,2.09,2.21,-7.23,NO,2.15,5.95,2.09,5.79,2.21,2.09,2,1495425600000000000,4,Weekly,35.48,35.77,36.11,35.38,36.11,36.26,36.33,36.33,0.0091,2.15,6.12
O:INTC170526C00034000,2017-05-22,2017-05-26,INTC,C,34.0,22,1.59,1.79,-5.84,NO,1.66,4.58,1.52,4.21,1.79,1.52,7,1495425600000000000,4,Weekly,35.48,35.77,36.11,35.38,36.11,36.26,36.33,36.33,0.0091,1.66,4.96
O:INTC170526C00034500,2017-05-22,2017-05-26,INTC,C,34.5,152,1.11,1.3,-4.46,NO,1.17,3.24,1.04,2.88,1.3,1.04,21,1495425600000000000,4,Weekly,35.48,35.77,36.11,35.38,36.11,36.26,36.33,36.33,0.0091,1.17,3.6
O:INTC170526C00035000,2017-05-22,2017-05-26,INTC,C,35.0,462,0.67,0.81,-3.07,NO,0.72,2.01,0.6,1.66,0.85,0.6,34,1495425600000000000,4,Weekly,35.48,35.77,36.11,35.38,36.11,36.26,36.33,36.33,0.0091,0.72,2.35
O:INTC170526C00035500,2017-05-22,2017-05-26,INTC,C,35.5,652,0.25,0.42,-1.69,NO,0.34,0.94,0.25,0.69,0.43,0.25,80,1495425600000000000,4,Weekly,35.48,35.77,36.11,35.38,36.11,36.26,36.33,36.33,0.0091,0.34,1.19
O:INTC170526C00036000,2017-05-22,2017-05-26,INTC,C,36.0,622,0.05,0.14,-0.3,NO,0.1,0.26,0.05,0.14,0.14,0.05,69,1495425600000000000,4,Weekly,35.48,35.77,36.11,35.38,36.11,36.26,36.33,36.33,0.0091,0.1,0.39
O:INTC170526C00036500,2017-05-22,2017-05-26,INTC,C,36.5,81,0.02,0.03,1.08,NO,0.02,0.06,0.01,0.03,0.03,0.01,16,1495425600000000000,4,Weekly,35.48,35.77,36.11,35.38,36.11,36.26,36.33,36.33,0.0091,0.02,0.08
O:INTC170526C00037000,2017-05-22,2017-05-26,INTC,C,37.0,27,0.01,0.01,2.46,NO,0.01,0.03,0.01,0.03,0.01,0.01,6,1495425600000000000,4,Weekly,35.48,35.77,36.11,35.38,36.11,36.26,36.33,36.33,0.0091,0.01,0.03
O:INTC170526C00037500,2017-05-22,2017-05-26,INTC,C,37.5,2,0.01,0.01,3.85,NO,0.01,0.03,0.01,0.03,0.01,0.01,1,1495425600000000000,4,Weekly,35.48,35.77,36.11,35.38,36.11,36.26,36.33,36.33,0.0091,0.01,0.03
O:INTC170609C00034500,2017-06-05,2017-06-09,INTC,C,34.5,11,1.82,1.83,-5.48,NO,1.82,5.0,1.82,4.99,1.83,1.82,3,1496635200000000000,4,Weekly,36.3,36.34,36.5,36.2,36.5,35.71,36.56,36.56,0.0104,1.82,5.01
O:INTC170609C00035000,2017-06-05,2017-06-09,INTC,C,35.0,43,1.34,1.35,-4.11,NO,1.36,3.71,1.25,3.42,1.46,1.25,5,1496635200000000000,4,Weekly,36.3,36.34,36.5,36.2,36.5,35.71,36.56,36.56,0.0104,1.36,4.0
O:INTC170609C00035500,2017-06-05,2017-06-09,INTC,C,35.5,34,0.92,0.86,-2.74,NO,0.88,2.42,0.85,2.33,0.92,0.85,5,1496635200000000000,4,Weekly,36.3,36.34,36.5,36.2,36.5,35.71,36.56,36.56,0.0104,0.88,2.52
O:INTC170609C00036000,2017-06-05,2017-06-09,INTC,C,36.0,393,0.45,0.4,-1.37,NO,0.47,1.29,0.37,1.01,0.57,0.37,34,1496635200000000000,4,Weekly,36.3,36.34,36.5,36.2,36.5,35.71,36.56,36.56,0.0104,0.47,1.56
O:INTC170609C00036500,2017-06-05,2017-06-09,INTC,C,36.5,1398,0.15,0.14,0.0,NO,0.17,0.47,0.11,0.3,0.23,0.11,78,1496635200000000000,4,Weekly,36.3,36.34,36.5,36.2,36.5,35.71,36.56,36.56,0.0104,0.17,0.63
O:INTC170609C00037000,2017-06-05,2017-06-09,INTC,C,37.0,354,0.04,0.02,1.37,NO,0.04,0.1,0.02,0.05,0.05,0.02,13,1496635200000000000,4,Weekly,36.3,36.34,36.5,36.2,36.5,35.71,36.56,36.56,0.0104,0.04,0.14
O:INTC170609C00037500,2017-06-05,2017-06-09,INTC,C,37.5,7,0.02,0.02,2.74,NO,0.02,0.05,0.02,0.05,0.02,0.02,3,1496635200000000000,4,Weekly,36.3,36.34,36.5,36.2,36.5,35.71,36.56,36.56,0.0104,0.02,0.05
O:INTC170623C00031000,2017-06-19,2017-06-23,INTC,C,31.0,4,5.75,4.4,-12.95,NO,5.08,14.25,4.4,12.36,5.75,4.4,2,1497844800000000000,4,Weekly,35.61,35.51,35.61,35.32,35.61,34.19,34.55,34.55,0.0104,5.08,16.15
O:INTC170623C00033500,2017-06-19,2017-06-23,INTC,C,33.5,17,2.06,2.05,-5.93,NO,2.03,5.7,2.0,5.62,2.06,2.0,3,1497844800000000000,4,Weekly,35.61,35.51,35.61,35.32,35.61,34.19,34.55,34.55,0.0104,2.03,5.78
O:INTC170623C00034000,2017-06-19,2017-06-23,INTC,C,34.0,25,1.5,1.55,-4.52,NO,1.5,4.2,1.44,4.04,1.55,1.44,5,1497844800000000000,4,Weekly,35.61,35.51,35.61,35.32,35.61,34.19,34.55,34.55,0.0104,1.5,4.35
O:INTC170623C00034500,2017-06-19,2017-06-23,INTC,C,34.5,32,1.05,1.08,-3.12,NO,1.06,2.99,1.03,2.89,1.1,1.03,4,1497844800000000000,4,Weekly,35.61,35.51,35.61,35.32,35.61,34.19,34.55,34.55,0.0104,1.06,3.09
O:INTC170623C00035000,2017-06-19,2017-06-23,INTC,C,35.0,255,0.66,0.6,-1.71,NO,0.62,1.73,0.55,1.54,0.68,0.55,32,1497844800000000000,4,Weekly,35.61,35.51,35.61,35.32,35.61,34.19,34.55,34.55,0.0104,0.62,1.91
O:INTC170623C00035500,2017-06-19,2017-06-23,INTC,C,35.5,1260,0.21,0.26,-0.31,NO,0.26,0.73,0.19,0.53,0.33,0.19,78,1497844800000000000,4,Weekly,35.61,35.51,35.61,35.32,35.61,34.19,34.55,34.55,0.0104,0.26,0.93
O:INTC170623C00036000,2017-06-19,2017-06-23,INTC,C,36.0,842,0.08,0.06,1.1,NO,0.07,0.2,0.06,0.17,0.08,0.06,46,1497844800000000000,4,Weekly,35.61,35.51,35.61,35.32,35.61,34.19,34.55,34.55,0.0104,0.07,0.22
O:INTC170623C00036500,2017-06-19,2017-06-23,INTC,C,36.5,145,0.02,0.02,2.5,NO,0.02,0.04,0.01,0.03,0.02,0.01,8,1497844800000000000,4,Weekly,35.61,35.51,35.61,35.32,35.61,34.19,34.55,34.55,0.0104,0.02,0.06
O:INTC170623C00037000,2017-06-19,2017-06-23,INTC,C,37.0,15,0.01,0.01,3.9,NO,0.01,0.03,0.01,0.03,0.01,0.01,4,1497844800000000000,4,Weekly,35.61,35.51,35.61,35.32,35.61,34.19,34.55,34.55,0.0104,0.01,0.03
O:INTC170623C00037500,2017-06-19,2017-06-23,INTC,C,37.5,5,0.01,0.01,5.31,NO,0.01,0.03,0.01,0.03,0.01,0.01,2,1497844800000000000,4,Weekly,35.61,35.51,35.61,35.32,35.61,34.19,34.55,34.55,0.0104,0.01,0.03
O:INTC170623C00041000,2017-06-19,2017-06-23,INTC,C,41.0,4,0.01,0.01,15.14,NO,0.01,0.03,0.01,0.03,0.01,0.01,2,1497844800000000000,4,Weekly,35.61,35.51,35.61,35.32,35.61,34.19,34.55,34.55,0.0104,0.01,0.03
O:INTC170630C00032000,2017-06-26,2017-06-30,INTC,C,32.0,105,2.21,2.15,-7.27,NO,2.18,6.32,2.15,6.23,2.21,2.15,3,1498449600000000000,4,Weekly,34.26,34.07,34.51,34.03,34.51,33.74,33.93,33.93,0.0104,2.18,6.4
O:INTC170630C00033000,2017-06-26,2017-06-30,INTC,C,33.0,29,1.3,1.23,-4.38,NO,1.23,3.55,1.15,3.33,1.3,1.15,10,1498449600000000000,4,Weekly,34.26,34.07,34.51,34.03,34.51,33.74,33.93,33.93,0.0104,1.23,3.77
O:INTC170630C00033500,2017-06-26,2017-06-30,INTC,C,33.5,10,0.68,0.68,-2.93,NO,0.68,1.97,0.68,1.97,0.68,0.68,1,1498449600000000000,4,Weekly,34.26,34.07,34.51,34.03,34.51,33.74,33.93,33.93,0.0104,0.68,1.97
O:INTC170630C00034000,2017-06-26,2017-06-30,INTC,C,34.0,1184,0.42,0.31,-1.48,NO,0.44,1.27,0.3,0.87,0.58,0.3,60,1498449600000000000,4,Weekly,34.26,34.07,34.51,34.03,34.51,33.74,33.93,33.93,0.0104,0.44,1.68
O:INTC170630C00034500,2017-06-26,2017-06-30,INTC,C,34.5,2779,0.14,0.1,-0.03,NO,0.17,0.49,0.09,0.26,0.25,0.09,92,1498449600000000000,4,Weekly,34.26,34.07,34.51,34.03,34.51,33.74,33.93,33.93,0.0104,0.17,0.72
O:INTC170630C00035000,2017-06-26,2017-06-30,INTC,C,35.0,528,0.05,0.02,1.42,NO,0.04,0.12,0.02,0.06,0.06,0.02,21,1498449600000000000,4,Weekly,34.26,34.07,34.51,34.03,34.51,33.74,33.93,33.93,0.0104,0.04,0.17
O:INTC170630C00035500,2017-06-26,2017-06-30,INTC,C,35.5,150,0.04,0.02,2.87,NO,0.03,0.09,0.02,0.06,0.04,0.02,6,1498449600000000000,4,Weekly,34.26,34.07,34.51,34.03,34.51,33.74,33.93,33.93,0.0104,0.03,0.12
O:INTC170630C00036000,2017-06-26,2017-06-30,INTC,C,36.0,39,0.01,0.01,4.32,NO,0.01,0.03,0.01,0.03,0.01,0.01,7,1498449600000000000,4,Weekly,34.26,34.07,34.51,34.03,34.51,33.74,33.93,33.93,0.0104,0.01,0.03
O:INTC170630C00036500,2017-06-26,2017-06-30,INTC,C,36.5,258,0.02,0.01,5.77,NO,0.02,0.04,0.01,0.03,0.02,0.01,42,1498449600000000000,4,Weekly,34.26,34.07,34.51,34.03,34.51,33.74,33.93,33.93,0.0104,0.02,0.06
O:INTC170630C00037500,2017-06-26,2017-06-30,INTC,C,37.5,1,0.01,0.01,8.66,NO,0.01,0.03,0.01,0.03,0.01,0.01,1,1498449600000000000,4,Weekly,34.26,34.07,34.51,34.03,34.51,33.74,33.93,33.93,0.0104,0.01,0.03
O:INTC170630C00045000,2017-06-26,2017-06-30,INTC,C,45.0,500,0.01,0.01,30.4,NO,0.01,0.03,0.01,0.03,0.01,0.01,6,1498449600000000000,4,Weekly,34.26,34.07,34.51,34.03,34.51,33.74,33.93,33.93,0.0104,0.01,0.03
O:INTC170707C00032000,2017-07-03,2017-07-07,INTC,C,32.0,129,1.89,1.64,-5.97,NO,1.74,5.13,1.6,4.7,1.89,1.6,5,1499054400000000000,4,Weekly,33.51,33.46,34.03,33.43,34.03,33.88,34.12,34.12,0.0115,1.74,5.55
O:INTC170707C00032500,2017-07-03,2017-07-07,INTC,C,32.5,31,1.28,1.07,-4.5,NO,1.18,3.48,1.07,3.14,1.3,1.07,8,1499054400000000000,4,Weekly,33.51,33.46,34.03,33.43,34.03,33.88,34.12,34.12,0.0115,1.18,3.82
O:INTC170707C00033000,2017-07-03,2017-07-07,INTC,C,33.0,140,0.97,0.61,-3.03,NO,0.84,2.45,0.61,1.79,1.06,0.61,3,1499054400000000000,4,Weekly,33.51,33.46,34.03,33.43,34.03,33.88,34.12,34.12,0.0115,0.84,3.11
O:INTC170707C00033500,2017-07-03,2017-07-07,INTC,C,33.5,351,0.5,0.29,-1.56,NO,0.44,1.29,0.28,0.82,0.6,0.28,22,1499054400000000000,4,Weekly,33.51,33.46,34.03,33.43,34.03,33.88,34.12,34.12,0.0115,0.44,1.76
O:INTC170707C00034000,2017-07-03,2017-07-07,INTC,C,34.0,726,0.06,0.08,-0.09,NO,0.17,0.5,0.06,0.18,0.28,0.06,55,1499054400000000000,4,Weekly,33.51,33.46,34.03,33.43,34.03,33.88,34.12,34.12,0.0115,0.17,0.82
O:INTC170707C00034500,2017-07-03,2017-07-07,INTC,C,34.5,539,0.06,0.03,1.38,NO,0.04,0.12,0.01,0.03,0.07,0.01,33,1499054400000000000,4,Weekly,33.51,33.46,34.03,33.43,34.03,33.88,34.12,34.12,0.0115,0.04,0.21
O:INTC170707C00035000,2017-07-03,2017-07-07,INTC,C,35.0,95,0.02,0.01,2.85,NO,0.02,0.04,0.01,0.03,0.02,0.01,8,1499054400000000000,4,Weekly,33.51,33.46,34.03,33.43,34.03,33.88,34.12,34.12,0.0115,0.02,0.06
O:INTC170707C00035500,2017-07-03,2017-07-07,INTC,C,35.5,5,0.01,0.01,4.32,NO,0.01,0.03,0.01,0.03,0.01,0.01,1,1499054400000000000,4,Weekly,33.51,33.46,34.03,33.43,34.03,33.88,34.12,34.12,0.0115,0.01,0.03
O:INTC170714C00031500,2017-07-10,2017-07-14,INTC,C,31.5,17,2.11,1.96,-6.64,NO,2.04,6.03,1.96,5.81,2.11,1.96,3,1499659200000000000,4,Weekly,33.25,33.65,33.74,33.23,33.74,34.68,34.71,34.71,0.0115,2.04,6.25
O:INTC170714C00032000,2017-07-10,2017-07-14,INTC,C,32.0,237,1.37,1.53,-5.16,NO,1.52,4.49,1.35,4.0,1.68,1.35,11,1499659200000000000,4,Weekly,33.25,33.65,33.74,33.23,33.74,34.68,34.71,34.71,0.0115,1.52,4.98
O:INTC170714C00032500,2017-07-10,2017-07-14,INTC,C,32.5,182,0.93,1.16,-3.68,NO,1.06,3.14,0.92,2.73,1.2,0.92,14,1499659200000000000,4,Weekly,33.25,33.65,33.74,33.23,33.74,34.68,34.71,34.71,0.0115,1.06,3.56
O:INTC170714C00033000,2017-07-10,2017-07-14,INTC,C,33.0,790,0.52,0.78,-2.19,NO,0.68,2.0,0.52,1.54,0.83,0.52,53,1499659200000000000,4,Weekly,33.25,33.65,33.74,33.23,33.74,34.68,34.71,34.71,0.0115,0.68,2.46
O:INTC170714C00033500,2017-07-10,2017-07-14,INTC,C,33.5,924,0.28,0.39,-0.71,NO,0.35,1.04,0.25,0.74,0.45,0.25,82,1499659200000000000,4,Weekly,33.25,33.65,33.74,33.23,33.74,34.68,34.71,34.71,0.0115,0.35,1.33
O:INTC170714C00034000,2017-07-10,2017-07-14,INTC,C,34.0,1890,0.1,0.15,0.77,NO,0.13,0.39,0.08,0.24,0.18,0.08,115,1499659200000000000,4,Weekly,33.25,33.65,33.74,33.23,33.74,34.68,34.71,34.71,0.0115,0.13,0.53
O:INTC170714C00034500,2017-07-10,2017-07-14,INTC,C,34.5,907,0.03,0.03,2.25,NO,0.04,0.1,0.02,0.06,0.05,0.02,49,1499659200000000000,4,Weekly,33.25,33.65,33.74,33.23,33.74,34.68,34.71,34.71,0.0115,0.04,0.15
O:INTC170714C00035000,2017-07-10,2017-07-14,INTC,C,35.0,145,0.02,0.02,3.73,NO,0.02,0.04,0.01,0.03,0.02,0.01,8,1499659200000000000,4,Weekly,33.25,33.65,33.74,33.23,33.74,34.68,34.71,34.71,0.0115,0.02,0.06
O:INTC170714C00037500,2017-07-10,2017-07-14,INTC,C,37.5,5,0.02,0.02,11.14,NO,0.02,0.06,0.02,0.06,0.02,0.02,1,1499659200000000000,4,Weekly,33.25,33.65,33.74,33.23,33.74,34.68,34.71,34.71,0.0115,0.02,0.06
O:INTC170728C00032500,2017-07-24,2017-07-28,INTC,C,32.5,24,2.08,2.08,-6.61,NO,2.08,5.98,2.08,5.98,2.08,2.08,2,1500868800000000000,4,Weekly,34.73,34.5,34.8,34.38,34.8,35.31,35.86,35.86,0.0115,2.08,5.98
O:INTC170728C00033000,2017-07-24,2017-07-28,INTC,C,33.0,131,1.67,1.64,-5.17,NO,1.65,4.74,1.63,4.68,1.67,1.63,4,1500868800000000000,4,Weekly,34.73,34.5,34.8,34.38,34.8,35.31,35.86,35.86,0.0115,1.65,4.8
O:INTC170728C00033500,2017-07-24,2017-07-28,INTC,C,33.5,54,1.46,1.26,-3.74,NO,1.32,3.78,1.17,3.36,1.46,1.17,10,1500868800000000000,4,Weekly,34.73,34.5,34.8,34.38,34.8,35.31,35.86,35.86,0.0115,1.32,4.2
O:INTC170728C00034000,2017-07-24,2017-07-28,INTC,C,34.0,196,1.0,0.89,-2.3,NO,0.96,2.77,0.84,2.41,1.09,0.84,19,1500868800000000000,4,Weekly,34.73,34.5,34.8,34.38,34.8,35.31,35.86,35.86,0.0115,0.96,3.13
O:INTC170728C00034500,2017-07-24,2017-07-28,INTC,C,34.5,1639,0.75,0.59,-0.86,NO,0.66,1.91,0.55,1.58,0.78,0.55,195,1500868800000000000,4,Weekly,34.73,34.5,34.8,34.38,34.8,35.31,35.86,35.86,0.0115,0.66,2.24
O:INTC170728C00035000,2017-07-24,2017-07-28,INTC,C,35.0,777,0.48,0.36,0.57,NO,0.44,1.26,0.33,0.95,0.55,0.33,118,1500868800000000000,4,Weekly,34.73,34.5,34.8,34.38,34.8,35.31,35.86,35.86,0.0115,0.44,1.58
O:INTC170728C00035500,2017-07-24,2017-07-28,INTC,C,35.5,1088,0.28,0.21,2.01,NO,0.24,0.68,0.17,0.49,0.3,0.17,64,1500868800000000000,4,Weekly,34.73,34.5,34.8,34.38,34.8,35.31,35.86,35.86,0.0115,0.24,0.86
O:INTC170728C00036000,2017-07-24,2017-07-28,INTC,C,36.0,843,0.15,0.1,3.45,NO,0.13,0.37,0.09,0.26,0.17,0.09,60,1500868800000000000,4,Weekly,34.73,34.5,34.8,34.38,34.8,35.31,35.86,35.86,0.0115,0.13,0.49
O:INTC170728C00036500,2017-07-24,2017-07-28,INTC,C,36.5,201,0.07,0.05,4.89,NO,0.06,0.17,0.04,0.11,0.08,0.04,18,1500868800000000000,4,Weekly,34.73,34.5,34.8,34.38,34.8,35.31,35.86,35.86,0.0115,0.06,0.23
O:INTC170728C00037000,2017-07-24,2017-07-28,INTC,C,37.0,54,0.04,0.02,6.32,NO,0.03,0.09,0.02,0.06,0.04,0.02,6,1500868800000000000,4,Weekly,34.73,34.5,34.8,34.38,34.8,35.31,35.86,35.86,0.0115,0.03,0.11
O:INTC170804C00027500,2017-07-31,2017-08-04,INTC,C,27.5,2,7.85,7.85,-23.06,NO,7.85,21.96,7.85,21.96,7.85,7.85,1,1501473600000000000,4,Weekly,35.47,35.47,35.74,35.32,35.74,36.3,36.56,36.56,0.0115,7.85,21.96
O:INTC170804C00033000,2017-07-31,2017-08-04,INTC,C,33.0,173,2.59,2.51,-7.67,NO,2.55,7.13,2.51,7.02,2.59,2.51,28,1501473600000000000,4,Weekly,35.47,35.47,35.74,35.32,35.74,36.3,36.56,36.56,0.0115,2.55,7.25
O:INTC170804C00033500,2017-07-31,2017-08-04,INTC,C,33.5,26,1.9,2.0,-6.27,NO,1.99,5.57,1.89,5.29,2.09,1.89,7,1501473600000000000,4,Weekly,35.47,35.47,35.74,35.32,35.74,36.3,36.56,36.56,0.0115,1.99,5.85
O:INTC170804C00034000,2017-07-31,2017-08-04,INTC,C,34.0,316,1.66,1.44,-4.87,NO,1.52,4.24,1.37,3.83,1.66,1.37,26,1501473600000000000,4,Weekly,35.47,35.47,35.74,35.32,35.74,36.3,36.56,36.56,0.0115,1.52,4.64
O:INTC170804C00034500,2017-07-31,2017-08-04,INTC,C,34.5,236,1.08,1.01,-3.47,NO,1.02,2.87,0.91,2.55,1.14,0.91,33,1501473600000000000,4,Weekly,35.47,35.47,35.74,35.32,35.74,36.3,36.56,36.56,0.0115,1.02,3.19
O:INTC170804C00035000,2017-07-31,2017-08-04,INTC,C,35.0,7074,0.63,0.55,-2.07,NO,0.57,1.61,0.44,1.23,0.71,0.44,67,1501473600000000000,4,Weekly,35.47,35.47,35.74,35.32,35.74,36.3,36.56,36.56,0.0115,0.57,1.99
O:INTC170804C00035500,2017-07-31,2017-08-04,INTC,C,35.5,2269,0.1,0.15,-0.67,NO,0.22,0.62,0.1,0.28,0.34,0.1,114,1501473600000000000,4,Weekly,35.47,35.47,35.74,35.32,35.74,36.3,36.56,36.56,0.0115,0.22,0.95
O:INTC170804C00036000,2017-07-31,2017-08-04,INTC,C,36.0,1798,0.05,0.05,0.73,NO,0.06,0.17,0.03,0.08,0.09,0.03,60,1501473600000000000,4,Weekly,35.47,35.47,35.74,35.32,35.74,36.3,36.56,36.56,0.0115,0.06,0.25
O:INTC170804C00036500,2017-07-31,2017-08-04,INTC,C,36.5,6035,0.02,0.01,2.13,NO,0.02,0.04,0.01,0.03,0.02,0.01,13,1501473600000000000,4,Weekly,35.47,35.47,35.74,35.32,35.74,36.3,36.56,36.56,0.0115,0.02,0.06
O:INTC170804C00038000,2017-07-31,2017-08-04,INTC,C,38.0,11,0.01,0.01,6.32,NO,0.01,0.03,0.01,0.03,0.01,0.01,1,1501473600000000000,4,Weekly,35.47,35.47,35.74,35.32,35.74,36.3,36.56,36.56,0.0115,0.01,0.03
O:INTC170811C00033500,2017-08-07,2017-08-11,INTC,C,33.5,2,2.91,2.91,-8.34,NO,2.91,7.96,2.91,7.96,2.91,2.91,1,1502078400000000000,4,Weekly,36.39,36.43,36.55,36.22,36.55,35.87,36.4,36.4,0.0116,2.91,7.96
O:INTC170811C00034000,2017-08-07,2017-08-11,INTC,C,34.0,23,2.27,2.42,-6.98,NO,2.35,6.42,2.27,6.21,2.42,2.27,7,1502078400000000000,4,Weekly,36.39,36.43,36.55,36.22,36.55,35.87,36.4,36.4,0.0116,2.35,6.62
O:INTC170811C00034500,2017-08-07,2017-08-11,INTC,C,34.5,191,1.86,1.91,-5.61,NO,1.84,5.02,1.75,4.79,1.92,1.75,20,1502078400000000000,4,Weekly,36.39,36.43,36.55,36.22,36.55,35.87,36.4,36.4,0.0116,1.84,5.25
O:INTC170811C00035000,2017-08-07,2017-08-11,INTC,C,35.0,136,1.49,1.44,-4.24,NO,1.43,3.91,1.37,3.75,1.49,1.37,12,1502078400000000000,4,Weekly,36.39,36.43,36.55,36.22,36.55,35.87,36.4,36.4,0.0116,1.43,4.08
O:INTC170811C00035500,2017-08-07,2017-08-11,INTC,C,35.5,298,0.91,0.93,-2.87,NO,0.93,2.54,0.8,2.19,1.06,0.8,42,1502078400000000000,4,Weekly,36.39,36.43,36.55,36.22,36.55,35.87,36.4,36.4,0.0116,0.93,2.9
O:INTC170811C00036000,2017-08-07,2017-08-11,INTC,C,36.0,512,0.5,0.51,-1.5,NO,0.46,1.27,0.4,1.09,0.53,0.4,33,1502078400000000000,4,Weekly,36.39,36.43,36.55,36.22,36.55,35.87,36.4,36.4,0.0116,0.46,1.45
O:INTC170811C00036500,2017-08-07,2017-08-11,INTC,C,36.5,718,0.21,0.2,-0.14,NO,0.21,0.57,0.15,0.41,0.27,0.15,69,1502078400000000000,4,Weekly,36.39,36.43,36.55,36.22,36.55,35.87,36.4,36.4,0.0116,0.21,0.74
O:INTC170811C00037000,2017-08-07,2017-08-11,INTC,C,37.0,251,0.08,0.05,1.23,NO,0.06,0.15,0.03,0.08,0.08,0.03,14,1502078400000000000,4,Weekly,36.39,36.43,36.55,36.22,36.55,35.87,36.4,36.4,0.0116,0.06,0.22
O:INTC170811C00037500,2017-08-07,2017-08-11,INTC,C,37.5,102,0.01,0.02,2.6,NO,0.02,0.04,0.01,0.03,0.02,0.01,7,1502078400000000000,4,Weekly,36.39,36.43,36.55,36.22,36.55,35.87,36.4,36.4,0.0116,0.02,0.05
O:INTC170825C00028000,2017-08-21,2017-08-25,INTC,C,28.0,126,6.85,6.9,-20.63,NO,6.82,19.35,6.75,19.13,6.9,6.75,20,1503288000000000000,4,Weekly,35.09,34.92,35.28,34.7,35.28,34.67,34.93,34.93,0.0116,6.82,19.56
O:INTC170825C00033000,2017-08-21,2017-08-25,INTC,C,33.0,66,1.84,1.92,-6.46,NO,1.86,5.29,1.81,5.13,1.92,1.81,6,1503288000000000000,4,Weekly,35.09,34.92,35.28,34.7,35.28,34.67,34.93,34.93,0.0116,1.86,5.44
O:INTC170825C00033500,2017-08-21,2017-08-25,INTC,C,33.5,38,1.46,1.43,-5.05,NO,1.38,3.91,1.3,3.68,1.46,1.3,6,1503288000000000000,4,Weekly,35.09,34.92,35.28,34.7,35.28,34.67,34.93,34.93,0.0116,1.38,4.14
O:INTC170825C00034000,2017-08-21,2017-08-25,INTC,C,34.0,45,1.0,0.95,-3.63,NO,0.92,2.59,0.79,2.24,1.04,0.79,10,1503288000000000000,4,Weekly,35.09,34.92,35.28,34.7,35.28,34.67,34.93,34.93,0.0116,0.92,2.95
O:INTC170825C00034500,2017-08-21,2017-08-25,INTC,C,34.5,44,0.62,0.51,-2.21,NO,0.54,1.53,0.46,1.3,0.62,0.46,7,1503288000000000000,4,Weekly,35.09,34.92,35.28,34.7,35.28,34.67,34.93,34.93,0.0116,0.54,1.76
O:INTC170825C00035000,2017-08-21,2017-08-25,INTC,C,35.0,1467,0.34,0.24,-0.79,NO,0.3,0.85,0.16,0.45,0.44,0.16,111,1503288000000000000,4,Weekly,35.09,34.92,35.28,34.7,35.28,34.67,34.93,34.93,0.0116,0.3,1.25
O:INTC170825C00035500,2017-08-21,2017-08-25,INTC,C,35.5,8282,0.11,0.06,0.62,NO,0.14,0.38,0.05,0.14,0.22,0.05,327,1503288000000000000,4,Weekly,35.09,34.92,35.28,34.7,35.28,34.67,34.93,34.93,0.0116,0.14,0.62
O:INTC170825C00036000,2017-08-21,2017-08-25,INTC,C,36.0,5984,0.04,0.03,2.04,NO,0.05,0.14,0.02,0.06,0.08,0.02,76,1503288000000000000,4,Weekly,35.09,34.92,35.28,34.7,35.28,34.67,34.93,34.93,0.0116,0.05,0.23
O:INTC170825C00036500,2017-08-21,2017-08-25,INTC,C,36.5,82,0.02,0.01,3.46,NO,0.02,0.04,0.01,0.03,0.02,0.01,17,1503288000000000000,4,Weekly,35.09,34.92,35.28,34.7,35.28,34.67,34.93,34.93,0.0116,0.02,0.06
O:INTC170825C00037000,2017-08-21,2017-08-25,INTC,C,37.0,580,0.01,0.01,4.88,NO,0.01,0.03,0.01,0.03,0.01,0.01,19,1503288000000000000,4,Weekly,35.09,34.92,35.28,34.7,35.28,34.67,34.93,34.93,0.0116,0.01,0.03
O:INTC170901C00032500,2017-08-28,2017-09-01,INTC,C,32.5,43,2.14,2.15,-6.61,NO,2.14,6.16,2.14,6.15,2.15,2.14,9,1503892800000000000,4,Weekly,34.78,34.65,34.8,34.59,34.8,35.09,35.39,35.39,0.0116,2.14,6.18
O:INTC170901C00033500,2017-08-28,2017-09-01,INTC,C,33.5,50,1.23,1.17,-3.74,NO,1.19,3.43,1.16,3.33,1.23,1.16,10,1503892800000000000,4,Weekly,34.78,34.65,34.8,34.59,34.8,35.09,35.39,35.39,0.0116,1.19,3.53
O:INTC170901C00034000,2017-08-28,2017-09-01,INTC,C,34.0,29,0.7,0.7,-2.3,NO,0.7,2.01,0.7,2.01,0.7,0.7,8,1503892800000000000,4,Weekly,34.78,34.65,34.8,34.59,34.8,35.09,35.39,35.39,0.0116,0.7,2.01
O:INTC170901C00034500,2017-08-28,2017-09-01,INTC,C,34.5,419,0.37,0.3,-0.86,NO,0.35,1.01,0.28,0.8,0.42,0.28,36,1503892800000000000,4,Weekly,34.78,34.65,34.8,34.59,34.8,35.09,35.39,35.39,0.0116,0.35,1.21
O:INTC170901C00035000,2017-08-28,2017-09-01,INTC,C,35.0,595,0.14,0.07,0.57,NO,0.11,0.32,0.07,0.2,0.15,0.07,34,1503892800000000000,4,Weekly,34.78,34.65,34.8,34.59,34.8,35.09,35.39,35.39,0.0116,0.11,0.43
O:INTC170901C00035500,2017-08-28,2017-09-01,INTC,C,35.5,359,0.03,0.02,2.01,NO,0.02,0.06,0.01,0.03,0.03,0.01,16,1503892800000000000,4,Weekly,34.78,34.65,34.8,34.59,34.8,35.09,35.39,35.39,0.0116,0.02,0.09
O:INTC170901C00036000,2017-08-28,2017-09-01,INTC,C,36.0,34,0.01,0.01,3.45,NO,0.01,0.03,0.01,0.03,0.01,0.01,3,1503892800000000000,4,Weekly,34.78,34.65,34.8,34.59,34.8,35.09,35.39,35.39,0.0116,0.01,0.03
O:INTC170901C00036500,2017-08-28,2017-09-01,INTC,C,36.5,4,0.02,0.02,4.89,NO,0.02,0.06,0.02,0.06,0.02,0.02,1,1503892800000000000,4,Weekly,34.78,34.65,34.8,34.59,34.8,35.09,35.39,35.39,0.0116,0.02,0.06
O:INTC170922C00034000,2017-09-18,2017-09-22,INTC,C,34.0,30,2.85,2.85,-8.92,NO,2.85,7.63,2.85,7.63,2.85,2.85,1,1505707200000000000,4,Weekly,37.0,37.0,37.33,36.8,37.33,37.18,37.22,37.22,0.0115,2.85,7.63
O:INTC170922C00034500,2017-09-18,2017-09-22,INTC,C,34.5,77,2.42,2.47,-7.58,NO,2.42,6.47,2.36,6.32,2.47,2.36,4,1505707200000000000,4,Weekly,37.0,37.0,37.33,36.8,37.33,37.18,37.22,37.22,0.0115,2.42,6.62
O:INTC170922C00035000,2017-09-18,2017-09-22,INTC,C,35.0,51,1.88,2.22,-6.24,NO,2.05,5.49,1.88,5.04,2.22,1.88,7,1505707200000000000,4,Weekly,37.0,37.0,37.33,36.8,37.33,37.18,37.22,37.22,0.0115,2.05,5.95
O:INTC170922C00035500,2017-09-18,2017-09-22,INTC,C,35.5,176,1.46,1.59,-4.9,NO,1.64,4.41,1.46,3.91,1.83,1.46,22,1505707200000000000,4,Weekly,37.0,37.0,37.33,36.8,37.33,37.18,37.22,37.22,0.0115,1.64,4.9
O:INTC170922C00036000,2017-09-18,2017-09-22,INTC,C,36.0,191,1.07,1.06,-3.56,NO,1.08,2.88,0.88,2.36,1.27,0.88,29,1505707200000000000,4,Weekly,37.0,37.0,37.33,36.8,37.33,37.18,37.22,37.22,0.0115,1.08,3.4
O:INTC170922C00036500,2017-09-18,2017-09-22,INTC,C,36.5,913,0.59,0.59,-2.22,NO,0.68,1.82,0.5,1.34,0.86,0.5,42,1505707200000000000,4,Weekly,37.0,37.0,37.33,36.8,37.33,37.18,37.22,37.22,0.0115,0.68,2.3
O:INTC170922C00037000,2017-09-18,2017-09-22,INTC,C,37.0,5612,0.24,0.27,-0.88,NO,0.32,0.84,0.18,0.48,0.45,0.18,298,1505707200000000000,4,Weekly,37.0,37.0,37.33,36.8,37.33,37.18,37.22,37.22,0.0115,0.32,1.21
O:INTC170922C00037500,2017-09-18,2017-09-22,INTC,C,37.5,2521,0.08,0.08,0.46,NO,0.12,0.32,0.07,0.19,0.17,0.07,111,1505707200000000000,4,Weekly,37.0,37.0,37.33,36.8,37.33,37.18,37.22,37.22,0.0115,0.12,0.46
O:INTC170922C00038000,2017-09-18,2017-09-22,INTC,C,38.0,3744,0.03,0.04,1.79,NO,0.04,0.09,0.02,0.05,0.05,0.02,173,1505707200000000000,4,Weekly,37.0,37.0,37.33,36.8,37.33,37.18,37.22,37.22,0.0115,0.04,0.13
O:INTC170929C00034000,2017-09-25,2017-09-29,INTC,C,34.0,4,3.06,3.06,-8.68,NO,3.06,8.22,3.06,8.22,3.06,3.06,1,1506312000000000000,4,Weekly,37.05,37.16,37.23,36.85,37.23,38.08,38.15,38.15,0.0115,3.06,8.22
O:INTC170929C00034500,2017-09-25,2017-09-29,INTC,C,34.5,18,2.47,2.47,-7.33,NO,2.47,6.63,2.47,6.63,2.47,2.47,5,1506312000000000000,4,Weekly,37.05,37.16,37.23,36.85,37.23,38.08,38.15,38.15,0.0115,2.47,6.63
O:INTC170929C00035000,2017-09-25,2017-09-29,INTC,C,35.0,128,1.94,2.0,-5.99,NO,1.99,5.35,1.92,5.16,2.06,1.92,12,1506312000000000000,4,Weekly,37.05,37.16,37.23,36.85,37.23,38.08,38.15,38.15,0.0115,1.99,5.53
O:INTC170929C00035500,2017-09-25,2017-09-29,INTC,C,35.5,78,1.7,1.51,-4.65,NO,1.56,4.18,1.41,3.79,1.7,1.41,9,1506312000000000000,4,Weekly,37.05,37.16,37.23,36.85,37.23,38.08,38.15,38.15,0.0115,1.56,4.57
O:INTC170929C00036000,2017-09-25,2017-09-29,INTC,C,36.0,259,1.1,1.2,-3.3,NO,1.08,2.91,0.96,2.58,1.21,0.96,11,1506312000000000000,4,Weekly,37.05,37.16,37.23,36.85,37.23,38.08,38.15,38.15,0.0115,1.08,3.25
O:INTC170929C00036500,2017-09-25,2017-09-29,INTC,C,36.5,385,0.72,0.73,-1.96,NO,0.62,1.68,0.52,1.4,0.73,0.52,12,1506312000000000000,4,Weekly,37.05,37.16,37.23,36.85,37.23,38.08,38.15,38.15,0.0115,0.62,1.96
O:INTC170929C00037000,2017-09-25,2017-09-29,INTC,C,37.0,2022,0.28,0.34,-0.62,NO,0.28,0.74,0.18,0.48,0.37,0.18,99,1506312000000000000,4,Weekly,37.05,37.16,37.23,36.85,37.23,38.08,38.15,38.15,0.0115,0.28,0.99
O:INTC170929C00037500,2017-09-25,2017-09-29,INTC,C,37.5,904,0.14,0.13,0.73,NO,0.1,0.26,0.05,0.13,0.14,0.05,52,1506312000000000000,4,Weekly,37.05,37.16,37.23,36.85,37.23,38.08,38.15,38.15,0.0115,0.1,0.38
O:INTC170929C00038000,2017-09-25,2017-09-29,INTC,C,38.0,198,0.04,0.04,2.07,NO,0.02,0.07,0.01,0.03,0.04,0.01,17,1506312000000000000,4,Weekly,37.05,37.16,37.23,36.85,37.23,38.08,38.15,38.15,0.0115,0.02,0.11
O:INTC171006C00033000,2017-10-02,2017-10-06,INTC,C,33.0,9,5.65,5.77,-15.58,NO,5.72,14.62,5.65,14.45,5.78,5.65,3,1506916800000000000,4,Weekly,38.12,39.04,39.09,38.08,39.09,39.63,39.89,39.89,0.0115,5.72,14.79
O:INTC171006C00033500,2017-10-02,2017-10-06,INTC,C,33.5,21,5.11,5.38,-14.3,NO,5.24,13.42,5.11,13.07,5.38,5.11,3,1506916800000000000,4,Weekly,38.12,39.04,39.09,38.08,39.09,39.63,39.89,39.89,0.0115,5.24,13.76
O:INTC171006C00034000,2017-10-02,2017-10-06,INTC,C,34.0,83,4.53,4.95,-13.02,NO,4.74,12.13,4.53,11.59,4.95,4.53,9,1506916800000000000,4,Weekly,38.12,39.04,39.09,38.08,39.09,39.63,39.89,39.89,0.0115,4.74,12.66
O:INTC171006C00034500,2017-10-02,2017-10-06,INTC,C,34.5,83,4.11,4.42,-11.74,NO,4.27,10.91,4.11,10.51,4.42,4.11,7,1506916800000000000,4,Weekly,38.12,39.04,39.09,38.08,39.09,39.63,39.89,39.89,0.0115,4.27,11.31
O:INTC171006C00035000,2017-10-02,2017-10-06,INTC,C,35.0,57,3.85,3.8,-10.46,NO,3.72,9.53,3.6,9.21,3.85,3.6,7,1506916800000000000,4,Weekly,38.12,39.04,39.09,38.08,39.09,39.63,39.89,39.89,0.0115,3.72,9.85
O:INTC171006C00035500,2017-10-02,2017-10-06,INTC,C,35.5,197,3.1,3.48,-9.18,NO,3.29,8.42,3.1,7.93,3.48,3.1,10,1506916800000000000,4,Weekly,38.12,39.04,39.09,38.08,39.09,39.63,39.89,39.89,0.0115,3.29,8.9
O:INTC171006C00036000,2017-10-02,2017-10-06,INTC,C,36.0,70,2.22,2.63,-7.9,NO,2.48,6.34,2.22,5.68,2.74,2.22,7,1506916800000000000,4,Weekly,38.12,39.04,39.09,38.08,39.09,39.63,39.89,39.89,0.0115,2.48,7.01
O:INTC171006C00036500,2017-10-02,2017-10-06,INTC,C,36.5,438,2.12,2.53,-6.63,NO,2.34,5.99,2.1,5.37,2.58,2.1,15,1506916800000000000,4,Weekly,38.12,39.04,39.09,38.08,39.09,39.63,39.89,39.89,0.0115,2.34,6.6
O:INTC171006C00037000,2017-10-02,2017-10-06,INTC,C,37.0,192,1.35,2.04,-5.35,NO,1.7,4.34,1.35,3.45,2.04,1.35,23,1506916800000000000,4,Weekly,38.12,39.04,39.09,38.08,39.09,39.63,39.89,39.89,0.0115,1.7,5.22
O:INTC171006C00037500,2017-10-02,2017-10-06,INTC,C,37.5,296,0.76,1.52,-4.07,NO,1.14,2.93,0.69,1.77,1.6,0.69,37,1506916800000000000,4,Weekly,38.12,39.04,39.09,38.08,39.09,39.63,39.89,39.89,0.0115,1.14,4.09
O:INTC171006C00038000,2017-10-02,2017-10-06,INTC,C,38.0,1354,0.33,1.05,-2.79,NO,0.72,1.84,0.33,0.84,1.11,0.33,132,1506916800000000000,4,Weekly,38.12,39.04,39.09,38.08,39.09,39.63,39.89,39.89,0.0115,0.72,2.84
O:INTC171006C00038500,2017-10-02,2017-10-06,INTC,C,38.5,2488,0.15,0.71,-1.51,NO,0.42,1.09,0.13,0.33,0.72,0.13,177,1506916800000000000,4,Weekly,38.12,39.04,39.09,38.08,39.09,39.63,39.89,39.89,0.0115,0.42,1.84
O:INTC171006C00039000,2017-10-02,2017-10-06,INTC,C,39.0,3684,0.06,0.38,-0.23,NO,0.22,0.55,0.05,0.13,0.38,0.05,216,1506916800000000000,4,Weekly,38.12,39.04,39.09,38.08,39.09,39.63,39.89,39.89,0.0115,0.22,0.97
O:INTC171006C00039500,2017-10-02,2017-10-06,INTC,C,39.5,3047,0.03,0.18,1.05,NO,0.1,0.27,0.03,0.08,0.18,0.03,188,1506916800000000000,4,Weekly,38.12,39.04,39.09,38.08,39.09,39.63,39.89,39.89,0.0115,0.1,0.46
O:INTC171006C00040000,2017-10-02,2017-10-06,INTC,C,40.0,1042,0.03,0.09,2.33,NO,0.06,0.17,0.03,0.08,0.1,0.03,41,1506916800000000000,4,Weekly,38.12,39.04,39.09,38.08,39.09,39.63,39.89,39.89,0.0115,0.06,0.26
O:INTC171006C00040500,2017-10-02,2017-10-06,INTC,C,40.5,331,0.03,0.05,3.61,NO,0.04,0.12,0.03,0.08,0.06,0.03,13,1506916800000000000,4,Weekly,38.12,39.04,39.09,38.08,39.09,39.63,39.89,39.89,0.0115,0.04,0.15
O:INTC171006C00041000,2017-10-02,2017-10-06,INTC,C,41.0,28,0.01,0.01,4.89,NO,0.01,0.03,0.01,0.03,0.01,0.01,1,1506916800000000000,4,Weekly,38.12,39.04,39.09,38.08,39.09,39.63,39.89,39.89,0.0115,0.01,0.03
O:INTC171013C00028000,2017-10-09,2017-10-13,INTC,C,28.0,5,11.69,11.69,-29.79,NO,11.69,29.31,11.69,29.31,11.69,11.69,1,1507521600000000000,4,Weekly,39.68,39.86,39.88,39.52,39.88,39.67,39.81,39.81,0.0115,11.69,29.31
O:INTC171013C00033500,2017-10-09,2017-10-13,INTC,C,33.5,10,6.24,6.24,-16.0,NO,6.24,15.65,6.24,15.65,6.24,6.24,1,1507521600000000000,4,Weekly,39.68,39.86,39.88,39.52,39.88,39.67,39.81,39.81,0.0115,6.24,15.65
O:INTC171013C00034000,2017-10-09,2017-10-13,INTC,C,34.0,36,5.75,5.78,-14.74,NO,5.76,14.46,5.75,14.42,5.78,5.75,4,1507521600000000000,4,Weekly,39.68,39.86,39.88,39.52,39.88,39.67,39.81,39.81,0.0115,5.76,14.49
O:INTC171013C00034500,2017-10-09,2017-10-13,INTC,C,34.5,37,5.25,5.3,-13.49,NO,5.28,13.23,5.25,13.16,5.3,5.25,5,1507521600000000000,4,Weekly,39.68,39.86,39.88,39.52,39.88,39.67,39.81,39.81,0.0115,5.28,13.29
O:INTC171013C00035000,2017-10-09,2017-10-13,INTC,C,35.0,11,4.81,4.81,-12.24,NO,4.81,12.06,4.81,12.06,4.81,4.81,2,1507521600000000000,4,Weekly,39.68,39.86,39.88,39.52,39.88,39.67,39.81,39.81,0.0115,4.81,12.06
O:INTC171013C00035500,2017-10-09,2017-10-13,INTC,C,35.5,10,4.2,4.2,-10.98,NO,4.2,10.53,4.2,10.53,4.2,4.2,2,1507521600000000000,4,Weekly,39.68,39.86,39.88,39.52,39.88,39.67,39.81,39.81,0.0115,4.2,10.53
O:INTC171013C00036000,2017-10-09,2017-10-13,INTC,C,36.0,60,3.68,3.68,-9.73,NO,3.68,9.23,3.68,9.23,3.68,3.68,2,1507521600000000000,4,Weekly,39.68,39.86,39.88,39.52,39.88,39.67,39.81,39.81,0.0115,3.68,9.23
O:INTC171013C00036500,2017-10-09,2017-10-13,INTC,C,36.5,15,3.25,3.26,-8.48,NO,3.26,8.16,3.25,8.15,3.26,3.25,2,1507521600000000000,4,Weekly,39.68,39.86,39.88,39.52,39.88,39.67,39.81,39.81,0.0115,3.26,8.17
O:INTC171013C00037000,2017-10-09,2017-10-13,INTC,C,37.0,11,2.89,2.74,-7.22,NO,2.82,7.06,2.74,6.87,2.89,2.74,2,1507521600000000000,4,Weekly,39.68,39.86,39.88,39.52,39.88,39.67,39.81,39.81,0.0115,2.82,7.25
O:INTC171013C00037500,2017-10-09,2017-10-13,INTC,C,37.5,54,2.21,2.27,-5.97,NO,2.24,5.6,2.2,5.52,2.27,2.2,8,1507521600000000000,4,Weekly,39.68,39.86,39.88,39.52,39.88,39.67,39.81,39.81,0.0115,2.24,5.69
O:INTC171013C00038000,2017-10-09,2017-10-13,INTC,C,38.0,75,1.8,1.75,-4.71,NO,1.72,4.31,1.64,4.11,1.8,1.64,14,1507521600000000000,4,Weekly,39.68,39.86,39.88,39.52,39.88,39.67,39.81,39.81,0.0115,1.72,4.51
O:INTC171013C00038500,2017-10-09,2017-10-13,INTC,C,38.5,33,1.22,1.26,-3.46,NO,1.22,3.06,1.18,2.96,1.26,1.18,6,1507521600000000000,4,Weekly,39.68,39.86,39.88,39.52,39.88,39.67,39.81,39.81,0.0115,1.22,3.16
O:INTC171013C00039000,2017-10-09,2017-10-13,INTC,C,39.0,419,0.8,0.79,-2.21,NO,0.78,1.94,0.65,1.63,0.9,0.65,29,1507521600000000000,4,Weekly,39.68,39.86,39.88,39.52,39.88,39.67,39.81,39.81,0.0115,0.78,2.26
O:INTC171013C00039500,2017-10-09,2017-10-13,INTC,C,39.5,2243,0.49,0.46,-0.95,NO,0.41,1.03,0.31,0.78,0.51,0.31,101,1507521600000000000,4,Weekly,39.68,39.86,39.88,39.52,39.88,39.67,39.81,39.81,0.0115,0.41,1.28
O:INTC171013C00040000,2017-10-09,2017-10-13,INTC,C,40.0,1847,0.21,0.21,0.3,NO,0.2,0.51,0.12,0.3,0.29,0.12,94,1507521600000000000,4,Weekly,39.68,39.86,39.88,39.52,39.88,39.67,39.81,39.81,0.0115,0.2,0.73
O:INTC171013C00040500,2017-10-09,2017-10-13,INTC,C,40.5,438,0.06,0.06,1.55,NO,0.04,0.11,0.03,0.08,0.06,0.03,16,1507521600000000000,4,Weekly,39.68,39.86,39.88,39.52,39.88,39.67,39.81,39.81,0.0115,0.04,0.15
O:INTC171013C00041000,2017-10-09,2017-10-13,INTC,C,41.0,235,0.02,0.02,2.81,NO,0.02,0.05,0.02,0.05,0.02,0.02,5,1507521600000000000,4,Weekly,39.68,39.86,39.88,39.52,39.88,39.67,39.81,39.81,0.0115,0.02,0.05
O:INTC171013C00042000,2017-10-09,2017-10-13,INTC,C,42.0,100,0.01,0.01,5.32,NO,0.01,0.03,0.01,0.03,0.01,0.01,4,1507521600000000000,4,Weekly,39.68,39.86,39.88,39.52,39.88,39.67,39.81,39.81,0.0115,0.01,0.03
O:INTC171027C00032000,2017-10-23,2017-10-27,INTC,C,32.0,2,8.8,8.8,-22.03,NO,8.8,21.44,8.8,21.44,8.8,8.8,1,1508731200000000000,4,Weekly,40.55,40.83,41.04,40.4,41.04,44.4,45.0,45.0,0.0115,8.8,21.44
O:INTC171027C00033500,2017-10-23,2017-10-27,INTC,C,33.5,32,7.17,7.45,-18.37,NO,7.31,17.81,7.17,17.47,7.45,7.17,3,1508731200000000000,4,Weekly,40.55,40.83,41.04,40.4,41.04,44.4,45.0,45.0,0.0115,7.31,18.15
O:INTC171027C00034000,2017-10-23,2017-10-27,INTC,C,34.0,27,6.98,6.92,-17.15,NO,6.95,16.93,6.92,16.86,6.98,6.92,2,1508731200000000000,4,Weekly,40.55,40.83,41.04,40.4,41.04,44.4,45.0,45.0,0.0115,6.95,17.01
O:INTC171027C00034500,2017-10-23,2017-10-27,INTC,C,34.5,7,6.47,6.47,-15.94,NO,6.47,15.77,6.47,15.77,6.47,6.47,1,1508731200000000000,4,Weekly,40.55,40.83,41.04,40.4,41.04,44.4,45.0,45.0,0.0115,6.47,15.77
O:INTC171027C00035000,2017-10-23,2017-10-27,INTC,C,35.0,7,5.94,5.94,-14.72,NO,5.94,14.47,5.94,14.47,5.94,5.94,1,1508731200000000000,4,Weekly,40.55,40.83,41.04,40.4,41.04,44.4,45.0,45.0,0.0115,5.94,14.47
O:INTC171027C00036000,2017-10-23,2017-10-27,INTC,C,36.0,20,4.86,4.86,-12.28,NO,4.86,11.84,4.86,11.84,4.86,4.86,1,1508731200000000000,4,Weekly,40.55,40.83,41.04,40.4,41.04,44.4,45.0,45.0,0.0115,4.86,11.84
O:INTC171027C00037000,2017-10-23,2017-10-27,INTC,C,37.0,72,3.61,3.82,-9.84,NO,3.78,9.2,3.6,8.77,3.95,3.6,12,1508731200000000000,4,Weekly,40.55,40.83,41.04,40.4,41.04,44.4,45.0,45.0,0.0115,3.78,9.62
O:INTC171027C00037500,2017-10-23,2017-10-27,INTC,C,37.5,19,3.25,3.48,-8.63,NO,3.36,8.2,3.25,7.92,3.48,3.25,3,1508731200000000000,4,Weekly,40.55,40.83,41.04,40.4,41.04,44.4,45.0,45.0,0.0115,3.36,8.48
O:INTC171027C00038000,2017-10-23,2017-10-27,INTC,C,38.0,599,2.58,2.89,-7.41,NO,2.72,6.64,2.4,5.85,3.05,2.4,74,1508731200000000000,4,Weekly,40.55,40.83,41.04,40.4,41.04,44.4,45.0,45.0,0.0115,2.72,7.43
O:INTC171027C00038500,2017-10-23,2017-10-27,INTC,C,38.5,344,2.07,2.45,-6.19,NO,2.34,5.69,2.07,5.04,2.6,2.07,47,1508731200000000000,4,Weekly,40.55,40.83,41.04,40.4,41.04,44.4,45.0,45.0,0.0115,2.34,6.34
O:INTC171027C00039000,2017-10-23,2017-10-27,INTC,C,39.0,875,1.81,2.0,-4.97,NO,1.92,4.69,1.7,4.14,2.15,1.7,85,1508731200000000000,4,Weekly,40.55,40.83,41.04,40.4,41.04,44.4,45.0,45.0,0.0115,1.92,5.24
O:INTC171027C00039500,2017-10-23,2017-10-27,INTC,C,39.5,2013,1.42,1.6,-3.75,NO,1.54,3.74,1.32,3.22,1.75,1.32,304,1508731200000000000,4,Weekly,40.55,40.83,41.04,40.4,41.04,44.4,45.0,45.0,0.0115,1.54,4.26
O:INTC171027C00040000,2017-10-23,2017-10-27,INTC,C,40.0,3090,1.11,1.22,-2.53,NO,1.16,2.83,0.96,2.34,1.36,0.96,389,1508731200000000000,4,Weekly,40.55,40.83,41.04,40.4,41.04,44.4,45.0,45.0,0.0115,1.16,3.31
O:INTC171027C00040500,2017-10-23,2017-10-27,INTC,C,40.5,1313,0.75,0.93,-1.32,NO,0.84,2.03,0.67,1.63,1.0,0.67,137,1508731200000000000,4,Weekly,40.55,40.83,41.04,40.4,41.04,44.4,45.0,45.0,0.0115,0.84,2.44
O:INTC171027C00041000,2017-10-23,2017-10-27,INTC,C,41.0,5183,0.5,0.66,-0.1,NO,0.61,1.49,0.48,1.17,0.74,0.48,462,1508731200000000000,4,Weekly,40.55,40.83,41.04,40.4,41.04,44.4,45.0,45.0,0.0115,0.61,1.8
O:INTC171027C00041500,2017-10-23,2017-10-27,INTC,C,41.5,1188,0.29,0.45,1.12,NO,0.39,0.95,0.29,0.71,0.49,0.29,102,1508731200000000000,4,Weekly,40.55,40.83,41.04,40.4,41.04,44.4,45.0,45.0,0.0115,0.39,1.19
O:INTC171027C00042000,2017-10-23,2017-10-27,INTC,C,42.0,886,0.21,0.28,2.34,NO,0.26,0.63,0.2,0.49,0.32,0.2,81,1508731200000000000,4,Weekly,40.55,40.83,41.04,40.4,41.04,44.4,45.0,45.0,0.0115,0.26,0.78
O:INTC171027C00042500,2017-10-23,2017-10-27,INTC,C,42.5,180,0.1,0.17,3.56,NO,0.14,0.35,0.1,0.24,0.19,0.1,20,1508731200000000000,4,Weekly,40.55,40.83,41.04,40.4,41.04,44.4,45.0,45.0,0.0115,0.14,0.46
O:INTC171027C00043000,2017-10-23,2017-10-27,INTC,C,43.0,272,0.09,0.11,4.78,NO,0.1,0.26,0.09,0.22,0.12,0.09,27,1508731200000000000,4,Weekly,40.55,40.83,41.04,40.4,41.04,44.4,45.0,45.0,0.0115,0.1,0.29
O:INTC171027C00043500,2017-10-23,2017-10-27,INTC,C,43.5,53,0.07,0.06,5.99,NO,0.06,0.16,0.06,0.15,0.07,0.06,2,1508731200000000000,4,Weekly,40.55,40.83,41.04,40.4,41.04,44.4,45.0,45.0,0.0115,0.06,0.17
O:INTC171027C00044000,2017-10-23,2017-10-27,INTC,C,44.0,21,0.03,0.04,7.21,NO,0.04,0.09,0.03,0.07,0.04,0.03,6,1508731200000000000,4,Weekly,40.55,40.83,41.04,40.4,41.04,44.4,45.0,45.0,0.0115,0.04,0.1
O:INTC171027C00046000,2017-10-23,2017-10-27,INTC,C,46.0,5,0.01,0.01,12.09,NO,0.01,0.02,0.01,0.02,0.01,0.01,1,1508731200000000000,4,Weekly,40.55,40.83,41.04,40.4,41.04,44.4,45.0,45.0,0.0115,0.01,0.02
O:INTC171103C00033500,2017-10-30,2017-11-03,INTC,C,33.5,18,11.37,11.32,-25.87,NO,11.35,25.12,11.32,25.05,11.38,11.32,3,1509336000000000000,4,Weekly,44.48,44.37,45.19,43.88,45.19,46.34,47.3,47.3,0.0115,11.35,25.18
O:INTC171103C00034000,2017-10-30,2017-11-03,INTC,C,34.0,50,10.94,10.83,-24.76,NO,10.89,24.1,10.83,23.97,10.95,10.83,7,1509336000000000000,4,Weekly,44.48,44.37,45.19,43.88,45.19,46.34,47.3,47.3,0.0115,10.89,24.23
O:INTC171103C00034500,2017-10-30,2017-11-03,INTC,C,34.5,21,10.43,10.43,-23.66,NO,10.43,23.08,10.43,23.08,10.43,10.43,2,1509336000000000000,4,Weekly,44.48,44.37,45.19,43.88,45.19,46.34,47.3,47.3,0.0115,10.43,23.08
O:INTC171103C00036000,2017-10-30,2017-11-03,INTC,C,36.0,8,9.15,9.15,-20.34,NO,9.15,20.25,9.15,20.25,9.15,9.15,1,1509336000000000000,4,Weekly,44.48,44.37,45.19,43.88,45.19,46.34,47.3,47.3,0.0115,9.15,20.25
O:INTC171103C00037500,2017-10-30,2017-11-03,INTC,C,37.5,2,7.0,7.0,-17.02,NO,7.0,15.49,7.0,15.49,7.0,7.0,1,1509336000000000000,4,Weekly,44.48,44.37,45.19,43.88,45.19,46.34,47.3,47.3,0.0115,7.0,15.49
O:INTC171103C00038000,2017-10-30,2017-11-03,INTC,C,38.0,1,6.1,6.1,-15.91,NO,6.1,13.5,6.1,13.5,6.1,6.1,1,1509336000000000000,4,Weekly,44.48,44.37,45.19,43.88,45.19,46.34,47.3,47.3,0.0115,6.1,13.5
O:INTC171103C00038500,2017-10-30,2017-11-03,INTC,C,38.5,12,6.32,5.57,-14.8,NO,5.95,13.17,5.57,12.33,6.33,5.57,4,1509336000000000000,4,Weekly,44.48,44.37,45.19,43.88,45.19,46.34,47.3,47.3,0.0115,5.95,14.01
O:INTC171103C00039000,2017-10-30,2017-11-03,INTC,C,39.0,15,5.76,5.25,-13.7,NO,5.7,12.6,5.25,11.62,6.14,5.25,4,1509336000000000000,4,Weekly,44.48,44.37,45.19,43.88,45.19,46.34,47.3,47.3,0.0115,5.7,13.59
O:INTC171103C00039500,2017-10-30,2017-11-03,INTC,C,39.5,24,5.45,4.73,-12.59,NO,5.09,11.26,4.73,10.47,5.45,4.73,6,1509336000000000000,4,Weekly,44.48,44.37,45.19,43.88,45.19,46.34,47.3,47.3,0.0115,5.09,12.06
O:INTC171103C00040000,2017-10-30,2017-11-03,INTC,C,40.0,54,4.1,4.1,-11.48,NO,4.53,10.01,4.1,9.07,4.95,4.1,10,1509336000000000000,4,Weekly,44.48,44.37,45.19,43.88,45.19,46.34,47.3,47.3,0.0115,4.53,10.95
O:INTC171103C00040500,2017-10-30,2017-11-03,INTC,C,40.5,66,4.18,3.59,-10.38,NO,4.03,8.91,3.55,7.86,4.5,3.55,8,1509336000000000000,4,Weekly,44.48,44.37,45.19,43.88,45.19,46.34,47.3,47.3,0.0115,4.03,9.96
O:INTC171103C00041000,2017-10-30,2017-11-03,INTC,C,41.0,18146,3.45,3.2,-9.27,NO,3.56,7.88,3.04,6.73,4.08,3.04,93,1509336000000000000,4,Weekly,44.48,44.37,45.19,43.88,45.19,46.34,47.3,47.3,0.0115,3.56,9.03
O:INTC171103C00041500,2017-10-30,2017-11-03,INTC,C,41.5,39,3.27,2.75,-8.17,NO,3.06,6.78,2.48,5.49,3.65,2.48,12,1509336000000000000,4,Weekly,44.48,44.37,45.19,43.88,45.19,46.34,47.3,47.3,0.0115,3.06,8.08
O:INTC171103C00042000,2017-10-30,2017-11-03,INTC,C,42.0,165,2.75,2.1,-7.06,NO,2.58,5.7,1.99,4.4,3.16,1.99,28,1509336000000000000,4,Weekly,44.48,44.37,45.19,43.88,45.19,46.34,47.3,47.3,0.0115,2.58,6.99
O:INTC171103C00042500,2017-10-30,2017-11-03,INTC,C,42.5,202,2.19,1.61,-5.95,NO,2.04,4.53,1.61,3.56,2.48,1.61,25,1509336000000000000,4,Weekly,44.48,44.37,45.19,43.88,45.19,46.34,47.3,47.3,0.0115,2.04,5.49
O:INTC171103C00043000,2017-10-30,2017-11-03,INTC,C,43.0,18993,1.72,1.22,-4.85,NO,1.54,3.41,1.06,2.35,2.02,1.06,118,1509336000000000000,4,Weekly,44.48,44.37,45.19,43.88,45.19,46.34,47.3,47.3,0.0115,1.54,4.47
O:INTC171103C00043500,2017-10-30,2017-11-03,INTC,C,43.5,317,1.2,0.94,-3.74,NO,1.23,2.71,0.73,1.62,1.72,0.73,39,1509336000000000000,4,Weekly,44.48,44.37,45.19,43.88,45.19,46.34,47.3,47.3,0.0115,1.23,3.81
O:INTC171103C00044000,2017-10-30,2017-11-03,INTC,C,44.0,1184,0.91,0.62,-2.63,NO,0.84,1.85,0.41,0.91,1.26,0.41,134,1509336000000000000,4,Weekly,44.48,44.37,45.19,43.88,45.19,46.34,47.3,47.3,0.0115,0.84,2.79
O:INTC171103C00044500,2017-10-30,2017-11-03,INTC,C,44.5,1384,0.58,0.38,-1.53,NO,0.56,1.24,0.22,0.49,0.9,0.22,119,1509336000000000000,4,Weekly,44.48,44.37,45.19,43.88,45.19,46.34,47.3,47.3,0.0115,0.56,1.99
O:INTC171103C00045000,2017-10-30,2017-11-03,INTC,C,45.0,6330,0.31,0.17,-0.42,NO,0.36,0.8,0.12,0.27,0.6,0.12,436,1509336000000000000,4,Weekly,44.48,44.37,45.19,43.88,45.19,46.34,47.3,47.3,0.0115,0.36,1.33
O:INTC171103C00045500,2017-10-30,2017-11-03,INTC,C,45.5,2835,0.27,0.09,0.69,NO,0.21,0.46,0.07,0.15,0.35,0.07,143,1509336000000000000,4,Weekly,44.48,44.37,45.19,43.88,45.19,46.34,47.3,47.3,0.0115,0.21,0.77
O:INTC171103C00046000,2017-10-30,2017-11-03,INTC,C,46.0,1779,0.09,0.07,1.79,NO,0.12,0.27,0.04,0.09,0.2,0.04,96,1509336000000000000,4,Weekly,44.48,44.37,45.19,43.88,45.19,46.34,47.3,47.3,0.0115,0.12,0.44
O:INTC171103C00046500,2017-10-30,2017-11-03,INTC,C,46.5,153,0.1,0.04,2.9,NO,0.08,0.17,0.03,0.07,0.12,0.03,10,1509336000000000000,4,Weekly,44.48,44.37,45.19,43.88,45.19,46.34,47.3,47.3,0.0115,0.08,0.27
O:INTC171103C00047000,2017-10-30,2017-11-03,INTC,C,47.0,271,0.07,0.03,4.01,NO,0.05,0.11,0.02,0.04,0.08,0.02,12,1509336000000000000,4,Weekly,44.48,44.37,45.19,43.88,45.19,46.34,47.3,47.3,0.0115,0.05,0.18
O:INTC171103C00047500,2017-10-30,2017-11-03,INTC,C,47.5,20,0.05,0.05,5.11,NO,0.05,0.11,0.05,0.11,0.05,0.05,1,1509336000000000000,4,Weekly,44.48,44.37,45.19,43.88,45.19,46.34,47.3,47.3,0.0115,0.05,0.11
O:INTC171110C00036000,2017-11-06,2017-11-10,INTC,C,36.0,5,10.34,10.3,-22.98,NO,10.32,22.08,10.3,22.04,10.34,10.3,2,1509944400000000000,4,Weekly,46.6,46.7,46.74,46.09,46.74,45.58,46.09,46.09,0.0116,10.32,22.12
O:INTC171110C00036500,2017-11-06,2017-11-10,INTC,C,36.5,15,9.9,9.9,-21.91,NO,9.9,21.18,9.9,21.18,9.9,9.9,1,1509944400000000000,4,Weekly,46.6,46.7,46.74,46.09,46.74,45.58,46.09,46.09,0.0116,9.9,21.18
O:INTC171110C00037000,2017-11-06,2017-11-10,INTC,C,37.0,31,9.4,9.41,-20.84,NO,9.4,20.12,9.4,20.11,9.41,9.4,5,1509944400000000000,4,Weekly,46.6,46.7,46.74,46.09,46.74,45.58,46.09,46.09,0.0116,9.4,20.13
O:INTC171110C00038000,2017-11-06,2017-11-10,INTC,C,38.0,15,8.25,8.25,-18.7,NO,8.25,17.65,8.25,17.65,8.25,8.25,1,1509944400000000000,4,Weekly,46.6,46.7,46.74,46.09,46.74,45.58,46.09,46.09,0.0116,8.25,17.65
O:INTC171110C00040000,2017-11-06,2017-11-10,INTC,C,40.0,98,6.6,6.65,-14.42,NO,6.45,13.8,6.25,13.37,6.65,6.25,17,1509944400000000000,4,Weekly,46.6,46.7,46.74,46.09,46.74,45.58,46.09,46.09,0.0116,6.45,14.23
O:INTC171110C00040500,2017-11-06,2017-11-10,INTC,C,40.5,14,5.75,6.1,-13.35,NO,5.92,12.68,5.75,12.3,6.1,5.75,2,1509944400000000000,4,Weekly,46.6,46.7,46.74,46.09,46.74,45.58,46.09,46.09,0.0116,5.92,13.05
O:INTC171110C00041000,2017-11-06,2017-11-10,INTC,C,41.0,53,6.05,5.6,-12.28,NO,5.62,12.03,5.2,11.13,6.05,5.2,9,1509944400000000000,4,Weekly,46.6,46.7,46.74,46.09,46.74,45.58,46.09,46.09,0.0116,5.62,12.94
O:INTC171110C00042000,2017-11-06,2017-11-10,INTC,C,42.0,8,4.2,4.2,-10.14,NO,4.2,8.99,4.2,8.99,4.2,4.2,5,1509944400000000000,4,Weekly,46.6,46.7,46.74,46.09,46.74,45.58,46.09,46.09,0.0116,4.2,8.99
O:INTC171110C00042500,2017-11-06,2017-11-10,INTC,C,42.5,1,4.02,4.02,-9.07,NO,4.02,8.6,4.02,8.6,4.02,4.02,1,1509944400000000000,4,Weekly,46.6,46.7,46.74,46.09,46.74,45.58,46.09,46.09,0.0116,4.02,8.6
O:INTC171110C00043000,2017-11-06,2017-11-10,INTC,C,43.0,25,3.56,3.59,-8.0,NO,3.52,7.54,3.46,7.4,3.59,3.46,3,1509944400000000000,4,Weekly,46.6,46.7,46.74,46.09,46.74,45.58,46.09,46.09,0.0116,3.52,7.68
O:INTC171110C00043500,2017-11-06,2017-11-10,INTC,C,43.5,2,3.08,3.2,-6.93,NO,3.14,6.72,3.08,6.59,3.2,3.08,2,1509944400000000000,4,Weekly,46.6,46.7,46.74,46.09,46.74,45.58,46.09,46.09,0.0116,3.14,6.85
O:INTC171110C00044000,2017-11-06,2017-11-10,INTC,C,44.0,84,2.68,2.73,-5.86,NO,2.5,5.36,2.28,4.88,2.73,2.28,16,1509944400000000000,4,Weekly,46.6,46.7,46.74,46.09,46.74,45.58,46.09,46.09,0.0116,2.5,5.84
O:INTC171110C00044500,2017-11-06,2017-11-10,INTC,C,44.5,258,2.2,2.22,-4.79,NO,1.96,4.19,1.7,3.64,2.22,1.7,19,1509944400000000000,4,Weekly,46.6,46.7,46.74,46.09,46.74,45.58,46.09,46.09,0.0116,1.96,4.75
O:INTC171110C00045000,2017-11-06,2017-11-10,INTC,C,45.0,145,1.43,1.69,-3.72,NO,1.58,3.37,1.43,3.06,1.72,1.43,13,1509944400000000000,4,Weekly,46.6,46.7,46.74,46.09,46.74,45.58,46.09,46.09,0.0116,1.58,3.68
O:INTC171110C00045500,2017-11-06,2017-11-10,INTC,C,45.5,328,1.3,1.28,-2.65,NO,1.08,2.32,0.87,1.86,1.3,0.87,36,1509944400000000000,4,Weekly,46.6,46.7,46.74,46.09,46.74,45.58,46.09,46.09,0.0116,1.08,2.78
O:INTC171110C00046000,2017-11-06,2017-11-10,INTC,C,46.0,1610,0.86,0.88,-1.58,NO,0.78,1.66,0.55,1.18,1.0,0.55,109,1509944400000000000,4,Weekly,46.6,46.7,46.74,46.09,46.74,45.58,46.09,46.09,0.0116,0.78,2.14
O:INTC171110C00046500,2017-11-06,2017-11-10,INTC,C,46.5,3146,0.62,0.54,-0.51,NO,0.56,1.19,0.31,0.66,0.8,0.31,168,1509944400000000000,4,Weekly,46.6,46.7,46.74,46.09,46.74,45.58,46.09,46.09,0.0116,0.56,1.71
O:INTC171110C00047000,2017-11-06,2017-11-10,INTC,C,47.0,2343,0.4,0.29,0.56,NO,0.29,0.62,0.16,0.34,0.42,0.16,143,1509944400000000000,4,Weekly,46.6,46.7,46.74,46.09,46.74,45.58,46.09,46.09,0.0116,0.29,0.9
O:INTC171110C00047500,2017-11-06,2017-11-10,INTC,C,47.5,776,0.24,0.13,1.63,NO,0.22,0.48,0.09,0.19,0.36,0.09,41,1509944400000000000,4,Weekly,46.6,46.7,46.74,46.09,46.74,45.58,46.09,46.09,0.0116,0.22,0.77
O:INTC171110C00048000,2017-11-06,2017-11-10,INTC,C,48.0,891,0.09,0.08,2.7,NO,0.1,0.21,0.05,0.11,0.15,0.05,33,1509944400000000000,4,Weekly,46.6,46.7,46.74,46.09,46.74,45.58,46.09,46.09,0.0116,0.1,0.32
O:INTC171110C00048500,2017-11-06,2017-11-10,INTC,C,48.5,86,0.07,0.04,3.77,NO,0.06,0.13,0.04,0.09,0.08,0.04,10,1509944400000000000,4,Weekly,46.6,46.7,46.74,46.09,46.74,45.58,46.09,46.09,0.0116,0.06,0.17
O:INTC171110C00049000,2017-11-06,2017-11-10,INTC,C,49.0,502,0.02,0.03,4.84,NO,0.02,0.05,0.02,0.04,0.03,0.02,10,1509944400000000000,4,Weekly,46.6,46.7,46.74,46.09,46.74,45.58,46.09,46.09,0.0116,0.02,0.06
O:INTC171110C00050000,2017-11-06,2017-11-10,INTC,C,50.0,3,0.03,0.03,6.97,NO,0.03,0.06,0.03,0.06,0.03,0.03,1,1509944400000000000,4,Weekly,46.6,46.7,46.74,46.09,46.74,45.58,46.09,46.09,0.0116,0.03,0.06
O:INTC171124C00036500,2017-11-20,2017-11-24,INTC,C,36.5,15,8.4,8.4,-19.1,NO,8.4,18.62,8.4,18.62,8.4,8.4,1,1511154000000000000,4,Weekly,44.73,44.62,45.12,44.5,45.12,44.75,44.78,44.78,0.0116,8.4,18.62
O:INTC171124C00037000,2017-11-20,2017-11-24,INTC,C,37.0,15,7.91,7.91,-18.0,NO,7.91,17.53,7.91,17.53,7.91,7.91,1,1511154000000000000,4,Weekly,44.73,44.62,45.12,44.5,45.12,44.75,44.78,44.78,0.0116,7.91,17.53
O:INTC171124C00038500,2017-11-20,2017-11-24,INTC,C,38.5,16,6.61,6.61,-14.67,NO,6.61,14.65,6.61,14.65,6.61,6.61,7,1511154000000000000,4,Weekly,44.73,44.62,45.12,44.5,45.12,44.75,44.78,44.78,0.0116,6.61,14.65
O:INTC171124C00039000,2017-11-20,2017-11-24,INTC,C,39.0,16,6.12,6.12,-13.56,NO,6.12,13.57,6.12,13.57,6.12,6.12,7,1511154000000000000,4,Weekly,44.73,44.62,45.12,44.5,45.12,44.75,44.78,44.78,0.0116,6.12,13.57
O:INTC171124C00039500,2017-11-20,2017-11-24,INTC,C,39.5,2,5.15,5.15,-12.46,NO,5.15,11.42,5.15,11.42,5.15,5.15,1,1511154000000000000,4,Weekly,44.73,44.62,45.12,44.5,45.12,44.75,44.78,44.78,0.0116,5.15,11.42
O:INTC171124C00040000,2017-11-20,2017-11-24,INTC,C,40.0,6,4.92,5.1,-11.35,NO,5.01,11.1,4.92,10.91,5.1,4.92,2,1511154000000000000,4,Weekly,44.73,44.62,45.12,44.5,45.12,44.75,44.78,44.78,0.0116,5.01,11.3
O:INTC171124C00042000,2017-11-20,2017-11-24,INTC,C,42.0,22,2.97,2.98,-6.91,NO,2.94,6.52,2.9,6.43,2.98,2.9,6,1511154000000000000,4,Weekly,44.73,44.62,45.12,44.5,45.12,44.75,44.78,44.78,0.0116,2.94,6.61
O:INTC171124C00042500,2017-11-20,2017-11-24,INTC,C,42.5,30,2.39,2.21,-5.81,NO,2.4,5.32,2.21,4.9,2.59,2.21,15,1511154000000000000,4,Weekly,44.73,44.62,45.12,44.5,45.12,44.75,44.78,44.78,0.0116,2.4,5.74
O:INTC171124C00043000,2017-11-20,2017-11-24,INTC,C,43.0,42,1.63,1.99,-4.7,NO,1.81,4.01,1.63,3.61,1.99,1.63,10,1511154000000000000,4,Weekly,44.73,44.62,45.12,44.5,45.12,44.75,44.78,44.78,0.0116,1.81,4.41
O:INTC171124C00043500,2017-11-20,2017-11-24,INTC,C,43.5,48,1.37,1.5,-3.59,NO,1.59,3.52,1.37,3.04,1.81,1.37,17,1511154000000000000,4,Weekly,44.73,44.62,45.12,44.5,45.12,44.75,44.78,44.78,0.0116,1.59,4.01
O:INTC171124C00044000,2017-11-20,2017-11-24,INTC,C,44.0,198,0.68,0.7,-2.48,NO,0.85,1.88,0.68,1.51,1.02,0.68,29,1511154000000000000,4,Weekly,44.73,44.62,45.12,44.5,45.12,44.75,44.78,44.78,0.0116,0.85,2.26
O:INTC171124C00044500,2017-11-20,2017-11-24,INTC,C,44.5,769,0.46,0.38,-1.37,NO,0.64,1.43,0.38,0.84,0.91,0.38,47,1511154000000000000,4,Weekly,44.73,44.62,45.12,44.5,45.12,44.75,44.78,44.78,0.0116,0.64,2.02
O:INTC171124C00045000,2017-11-20,2017-11-24,INTC,C,45.0,2235,0.19,0.15,-0.27,NO,0.24,0.53,0.13,0.29,0.35,0.13,168,1511154000000000000,4,Weekly,44.73,44.62,45.12,44.5,45.12,44.75,44.78,44.78,0.0116,0.24,0.78
O:INTC171124C00045500,2017-11-20,2017-11-24,INTC,C,45.5,1327,0.06,0.05,0.84,NO,0.1,0.21,0.05,0.11,0.14,0.05,74,1511154000000000000,4,Weekly,44.73,44.62,45.12,44.5,45.12,44.75,44.78,44.78,0.0116,0.1,0.31
O:INTC171124C00046000,2017-11-20,2017-11-24,INTC,C,46.0,734,0.07,0.03,1.95,NO,0.05,0.11,0.03,0.07,0.07,0.03,37,1511154000000000000,4,Weekly,44.73,44.62,45.12,44.5,45.12,44.75,44.78,44.78,0.0116,0.05,0.16
O:INTC171124C00046500,2017-11-20,2017-11-24,INTC,C,46.5,135,0.02,0.02,3.06,NO,0.02,0.06,0.02,0.04,0.03,0.02,7,1511154000000000000,4,Weekly,44.73,44.62,45.12,44.5,45.12,44.75,44.78,44.78,0.0116,0.02,0.07
O:INTC171124C00047000,2017-11-20,2017-11-24,INTC,C,47.0,10,0.02,0.02,4.17,NO,0.02,0.04,0.02,0.04,0.02,0.02,1,1511154000000000000,4,Weekly,44.73,44.62,45.12,44.5,45.12,44.75,44.78,44.78,0.0116,0.02,0.04
O:INTC171124C00047500,2017-11-20,2017-11-24,INTC,C,47.5,40,0.02,0.02,5.27,NO,0.02,0.04,0.02,0.04,0.02,0.02,4,1511154000000000000,4,Weekly,44.73,44.62,45.12,44.5,45.12,44.75,44.78,44.78,0.0116,0.02,0.04
O:INTC171124C00048000,2017-11-20,2017-11-24,INTC,C,48.0,5,0.02,0.02,6.38,NO,0.02,0.04,0.02,0.04,0.02,0.02,1,1511154000000000000,4,Weekly,44.73,44.62,45.12,44.5,45.12,44.75,44.78,44.78,0.0116,0.02,0.04
O:INTC171124C00048500,2017-11-20,2017-11-24,INTC,C,48.5,1,0.01,0.01,7.49,NO,0.01,0.02,0.01,0.02,0.01,0.01,1,1511154000000000000,4,Weekly,44.73,44.62,45.12,44.5,45.12,44.75,44.78,44.78,0.0116,0.01,0.02
O:INTC171201C00040000,2017-11-27,2017-12-01,INTC,C,40.0,2,4.57,4.4,-10.33,NO,4.49,10.05,4.4,9.86,4.57,4.4,2,1511758800000000000,4,Weekly,44.42,44.49,44.61,44.27,44.61,44.68,44.84,44.84,0.0116,4.49,10.24
O:INTC171201C00041500,2017-11-27,2017-12-01,INTC,C,41.5,11,2.98,2.98,-6.97,NO,2.98,6.68,2.98,6.68,2.98,2.98,2,1511758800000000000,4,Weekly,44.42,44.49,44.61,44.27,44.61,44.68,44.84,44.84,0.0116,2.98,6.68
O:INTC171201C00043000,2017-11-27,2017-12-01,INTC,C,43.0,24,1.5,1.5,-3.61,NO,1.5,3.36,1.5,3.36,1.5,1.5,3,1511758800000000000,4,Weekly,44.42,44.49,44.61,44.27,44.61,44.68,44.84,44.84,0.0116,1.5,3.36
O:INTC171201C00043500,2017-11-27,2017-12-01,INTC,C,43.5,71,1.04,1.08,-2.49,NO,1.04,2.33,0.96,2.15,1.12,0.96,6,1511758800000000000,4,Weekly,44.42,44.49,44.61,44.27,44.61,44.68,44.84,44.84,0.0116,1.04,2.51
O:INTC171201C00044000,2017-11-27,2017-12-01,INTC,C,44.0,95,0.62,0.66,-1.37,NO,0.62,1.4,0.55,1.23,0.7,0.55,11,1511758800000000000,4,Weekly,44.42,44.49,44.61,44.27,44.61,44.68,44.84,44.84,0.0116,0.62,1.57
O:INTC171201C00044500,2017-11-27,2017-12-01,INTC,C,44.5,1456,0.38,0.37,-0.25,NO,0.32,0.73,0.26,0.58,0.39,0.26,65,1511758800000000000,4,Weekly,44.42,44.49,44.61,44.27,44.61,44.68,44.84,44.84,0.0116,0.32,0.87
O:INTC171201C00045000,2017-11-27,2017-12-01,INTC,C,45.0,2630,0.25,0.17,0.87,NO,0.18,0.41,0.12,0.27,0.25,0.12,136,1511758800000000000,4,Weekly,44.42,44.49,44.61,44.27,44.61,44.68,44.84,44.84,0.0116,0.18,0.56
O:INTC171201C00045500,2017-11-27,2017-12-01,INTC,C,45.5,151,0.06,0.07,2.0,NO,0.06,0.15,0.05,0.11,0.08,0.05,24,1511758800000000000,4,Weekly,44.42,44.49,44.61,44.27,44.61,44.68,44.84,44.84,0.0116,0.06,0.18
O:INTC171201C00046000,2017-11-27,2017-12-01,INTC,C,46.0,185,0.05,0.04,3.12,NO,0.04,0.09,0.03,0.07,0.05,0.03,13,1511758800000000000,4,Weekly,44.42,44.49,44.61,44.27,44.61,44.68,44.84,44.84,0.0116,0.04,0.11
O:INTC171201C00046500,2017-11-27,2017-12-01,INTC,C,46.5,12,0.03,0.03,4.24,NO,0.03,0.07,0.03,0.07,0.03,0.03,3,1511758800000000000,4,Weekly,44.42,44.49,44.61,44.27,44.61,44.68,44.84,44.84,0.0116,0.03,0.07
O:INTC171201C00047000,2017-11-27,2017-12-01,INTC,C,47.0,24,0.02,0.01,5.36,NO,0.02,0.03,0.01,0.02,0.02,0.01,5,1511758800000000000,4,Weekly,44.42,44.49,44.61,44.27,44.61,44.68,44.84,44.84,0.0116,0.02,0.04
O:INTC171201C00047500,2017-11-27,2017-12-01,INTC,C,47.5,9,0.01,0.02,6.48,NO,0.02,0.03,0.01,0.02,0.02,0.01,2,1511758800000000000,4,Weekly,44.42,44.49,44.61,44.27,44.61,44.68,44.84,44.84,0.0116,0.02,0.04
O:INTC171201C00048000,2017-11-27,2017-12-01,INTC,C,48.0,1,0.02,0.02,7.6,NO,0.02,0.04,0.02,0.04,0.02,0.02,1,1511758800000000000,4,Weekly,44.42,44.49,44.61,44.27,44.61,44.68,44.84,44.84,0.0116,0.02,0.04
O:INTC171208C00043000,2017-12-04,2017-12-08,INTC,C,43.0,3,1.64,1.64,-5.08,NO,1.64,3.62,1.64,3.62,1.64,1.64,1,1512363600000000000,4,Weekly,45.02,44.49,45.3,44.33,45.3,43.35,43.58,43.58,0.013,1.64,3.62
O:INTC171208C00044000,2017-12-04,2017-12-08,INTC,C,44.0,101,1.36,0.79,-2.87,NO,1.03,2.27,0.7,1.55,1.36,0.7,12,1512363600000000000,4,Weekly,45.02,44.49,45.3,44.33,45.3,43.35,43.58,43.58,0.013,1.03,3.0
O:INTC171208C00044500,2017-12-04,2017-12-08,INTC,C,44.5,330,0.88,0.53,-1.77,NO,0.68,1.49,0.43,0.95,0.92,0.43,42,1512363600000000000,4,Weekly,45.02,44.49,45.3,44.33,45.3,43.35,43.58,43.58,0.013,0.68,2.03
O:INTC171208C00045000,2017-12-04,2017-12-08,INTC,C,45.0,1372,0.36,0.22,-0.66,NO,0.4,0.89,0.21,0.46,0.6,0.21,84,1512363600000000000,4,Weekly,45.02,44.49,45.3,44.33,45.3,43.35,43.58,43.58,0.013,0.4,1.32
O:INTC171208C00045500,2017-12-04,2017-12-08,INTC,C,45.5,696,0.16,0.14,0.44,NO,0.22,0.5,0.1,0.22,0.35,0.1,47,1512363600000000000,4,Weekly,45.02,44.49,45.3,44.33,45.3,43.35,43.58,43.58,0.013,0.22,0.77
O:INTC171208C00046000,2017-12-04,2017-12-08,INTC,C,46.0,542,0.15,0.05,1.55,NO,0.1,0.21,0.03,0.07,0.16,0.03,33,1512363600000000000,4,Weekly,45.02,44.49,45.3,44.33,45.3,43.35,43.58,43.58,0.013,0.1,0.35
O:INTC171208C00046500,2017-12-04,2017-12-08,INTC,C,46.5,109,0.05,0.02,2.65,NO,0.04,0.08,0.02,0.04,0.05,0.02,4,1512363600000000000,4,Weekly,45.02,44.49,45.3,44.33,45.3,43.35,43.58,43.58,0.013,0.04,0.11
O:INTC171208C00047000,2017-12-04,2017-12-08,INTC,C,47.0,105,0.04,0.03,3.75,NO,0.04,0.09,0.03,0.07,0.05,0.03,3,1512363600000000000,4,Weekly,45.02,44.49,45.3,44.33,45.3,43.35,43.58,43.58,0.013,0.04,0.11
O:INTC171208C00047500,2017-12-04,2017-12-08,INTC,C,47.5,1,0.02,0.02,4.86,NO,0.02,0.04,0.02,0.04,0.02,0.02,1,1512363600000000000,4,Weekly,45.02,44.49,45.3,44.33,45.3,43.35,43.58,43.58,0.013,0.02,0.04
O:INTC171208C00048500,2017-12-04,2017-12-08,INTC,C,48.5,8,0.12,0.12,7.06,NO,0.12,0.26,0.12,0.26,0.12,0.12,1,1512363600000000000,4,Weekly,45.02,44.49,45.3,44.33,45.3,43.35,43.58,43.58,0.013,0.12,0.26
O:INTC171208C00049000,2017-12-04,2017-12-08,INTC,C,49.0,8,0.1,0.1,8.17,NO,0.1,0.22,0.1,0.22,0.1,0.1,1,1512363600000000000,4,Weekly,45.02,44.49,45.3,44.33,45.3,43.35,43.58,43.58,0.013,0.1,0.22
O:INTC171222C00035000,2017-12-18,2017-12-22,INTC,C,35.0,55,10.73,10.88,-24.49,NO,10.8,23.31,10.73,23.15,10.88,10.73,10,1513573200000000000,4,Weekly,45.15,46.26,46.35,45.04,46.35,46.7,47.02,47.02,0.013,10.8,23.47
O:INTC171222C00036000,2017-12-18,2017-12-22,INTC,C,36.0,55,9.72,9.87,-22.33,NO,9.8,21.14,9.72,20.97,9.88,9.72,10,1513573200000000000,4,Weekly,45.15,46.26,46.35,45.04,46.35,46.7,47.02,47.02,0.013,9.8,21.32
O:INTC171222C00037000,2017-12-18,2017-12-22,INTC,C,37.0,16,8.63,8.63,-20.17,NO,8.63,18.62,8.63,18.62,8.63,8.63,1,1513573200000000000,4,Weekly,45.15,46.26,46.35,45.04,46.35,46.7,47.02,47.02,0.013,8.63,18.62
O:INTC171222C00038000,2017-12-18,2017-12-22,INTC,C,38.0,16,7.64,7.64,-18.02,NO,7.64,16.48,7.64,16.48,7.64,7.64,1,1513573200000000000,4,Weekly,45.15,46.26,46.35,45.04,46.35,46.7,47.02,47.02,0.013,7.64,16.48
O:INTC171222C00040000,2017-12-18,2017-12-22,INTC,C,40.0,7,5.62,5.62,-13.7,NO,5.62,12.13,5.62,12.13,5.62,5.62,3,1513573200000000000,4,Weekly,45.15,46.26,46.35,45.04,46.35,46.7,47.02,47.02,0.013,5.62,12.13
O:INTC171222C00042000,2017-12-18,2017-12-22,INTC,C,42.0,7,3.4,3.3,-9.39,NO,3.35,7.23,3.3,7.12,3.4,3.3,3,1513573200000000000,4,Weekly,45.15,46.26,46.35,45.04,46.35,46.7,47.02,47.02,0.013,3.35,7.34
O:INTC171222C00042500,2017-12-18,2017-12-22,INTC,C,42.5,72,2.73,3.25,-8.31,NO,3.06,6.61,2.73,5.89,3.4,2.73,26,1513573200000000000,4,Weekly,45.15,46.26,46.35,45.04,46.35,46.7,47.02,47.02,0.013,3.06,7.34
O:INTC171222C00043000,2017-12-18,2017-12-22,INTC,C,43.0,40,2.25,3.2,-7.23,NO,2.72,5.88,2.25,4.85,3.2,2.25,13,1513573200000000000,4,Weekly,45.15,46.26,46.35,45.04,46.35,46.7,47.02,47.02,0.013,2.72,6.9
O:INTC171222C00043500,2017-12-18,2017-12-22,INTC,C,43.5,184,1.9,2.71,-6.15,NO,2.3,4.97,1.9,4.1,2.71,1.9,24,1513573200000000000,4,Weekly,45.15,46.26,46.35,45.04,46.35,46.7,47.02,47.02,0.013,2.3,5.85
O:INTC171222C00044000,2017-12-18,2017-12-22,INTC,C,44.0,2270,1.3,2.1,-5.07,NO,1.72,3.72,1.3,2.8,2.15,1.3,75,1513573200000000000,4,Weekly,45.15,46.26,46.35,45.04,46.35,46.7,47.02,47.02,0.013,1.72,4.64
O:INTC171222C00044500,2017-12-18,2017-12-22,INTC,C,44.5,1607,1.1,1.64,-3.99,NO,1.4,3.02,0.95,2.05,1.85,0.95,134,1513573200000000000,4,Weekly,45.15,46.26,46.35,45.04,46.35,46.7,47.02,47.02,0.013,1.4,3.99
O:INTC171222C00045000,2017-12-18,2017-12-22,INTC,C,45.0,3761,0.53,1.45,-2.91,NO,0.98,2.11,0.51,1.1,1.45,0.51,238,1513573200000000000,4,Weekly,45.15,46.26,46.35,45.04,46.35,46.7,47.02,47.02,0.013,0.98,3.13
O:INTC171222C00045500,2017-12-18,2017-12-22,INTC,C,45.5,6344,0.03,1.0,-1.83,NO,0.54,1.17,0.03,0.06,1.05,0.03,727,1513573200000000000,4,Weekly,45.15,46.26,46.35,45.04,46.35,46.7,47.02,47.02,0.013,0.54,2.27
O:INTC171222C00046000,2017-12-18,2017-12-22,INTC,C,46.0,13912,0.18,0.7,-0.76,NO,0.46,1.0,0.18,0.39,0.75,0.18,579,1513573200000000000,4,Weekly,45.15,46.26,46.35,45.04,46.35,46.7,47.02,47.02,0.013,0.46,1.62
O:INTC171222C00046500,2017-12-18,2017-12-22,INTC,C,46.5,1798,0.14,0.53,0.32,NO,0.33,0.71,0.12,0.26,0.54,0.12,153,1513573200000000000,4,Weekly,45.15,46.26,46.35,45.04,46.35,46.7,47.02,47.02,0.013,0.33,1.17
O:INTC171222C00047000,2017-12-18,2017-12-22,INTC,C,47.0,11566,0.1,0.34,1.4,NO,0.23,0.5,0.08,0.17,0.38,0.08,326,1513573200000000000,4,Weekly,45.15,46.26,46.35,45.04,46.35,46.7,47.02,47.02,0.013,0.23,0.82
O:INTC171222C00047500,2017-12-18,2017-12-22,INTC,C,47.5,1734,0.08,0.18,2.48,NO,0.16,0.36,0.06,0.13,0.27,0.06,50,1513573200000000000,4,Weekly,45.15,46.26,46.35,45.04,46.35,46.7,47.02,47.02,0.013,0.16,0.58
O:INTC171222C00048000,2017-12-18,2017-12-22,INTC,C,48.0,530,0.07,0.16,3.56,NO,0.11,0.24,0.04,0.09,0.18,0.04,26,1513573200000000000,4,Weekly,45.15,46.26,46.35,45.04,46.35,46.7,47.02,47.02,0.013,0.11,0.39
O:INTC171222C00048500,2017-12-18,2017-12-22,INTC,C,48.5,213,0.03,0.1,4.64,NO,0.07,0.15,0.03,0.06,0.11,0.03,17,1513573200000000000,4,Weekly,45.15,46.26,46.35,45.04,46.35,46.7,47.02,47.02,0.013,0.07,0.24
O:INTC171222C00049000,2017-12-18,2017-12-22,INTC,C,49.0,80,0.11,0.08,5.72,NO,0.1,0.2,0.08,0.17,0.11,0.08,11,1513573200000000000,4,Weekly,45.15,46.26,46.35,45.04,46.35,46.7,47.02,47.02,0.013,0.1,0.24
O:INTC171222C00049500,2017-12-18,2017-12-22,INTC,C,49.5,25,0.05,0.05,6.8,NO,0.05,0.11,0.05,0.11,0.05,0.05,2,1513573200000000000,4,Weekly,45.15,46.26,46.35,45.04,46.35,46.7,47.02,47.02,0.013,0.05,0.11
O:INTC171222C00050000,2017-12-18,2017-12-22,INTC,C,50.0,200,0.03,0.05,7.87,NO,0.04,0.1,0.03,0.06,0.06,0.03,16,1513573200000000000,4,Weekly,45.15,46.26,46.35,45.04,46.35,46.7,47.02,47.02,0.013,0.04,0.13
O:INTC171222C00050500,2017-12-18,2017-12-22,INTC,C,50.5,90,0.04,0.04,8.95,NO,0.04,0.09,0.04,0.09,0.04,0.04,1,1513573200000000000,4,Weekly,45.15,46.26,46.35,45.04,46.35,46.7,47.02,47.02,0.013,0.04,0.09
O:INTC171222C00051000,2017-12-18,2017-12-22,INTC,C,51.0,163,0.03,0.05,10.03,NO,0.04,0.09,0.03,0.06,0.05,0.03,7,1513573200000000000,4,Weekly,45.15,46.26,46.35,45.04,46.35,46.7,47.02,47.02,0.013,0.04,0.11
O:INTC171222C00051500,2017-12-18,2017-12-22,INTC,C,51.5,330,0.02,0.03,11.11,NO,0.02,0.05,0.02,0.04,0.03,0.02,5,1513573200000000000,4,Weekly,45.15,46.26,46.35,45.04,46.35,46.7,47.02,47.02,0.013,0.02,0.06
O:INTC171222C00052000,2017-12-18,2017-12-22,INTC,C,52.0,10,0.02,0.02,12.19,NO,0.02,0.04,0.02,0.04,0.02,0.02,1,1513573200000000000,4,Weekly,45.15,46.26,46.35,45.04,46.35,46.7,47.02,47.02,0.013,0.02,0.04
O:INTC171222C00052500,2017-12-18,2017-12-22,INTC,C,52.5,120,0.02,0.02,13.27,NO,0.02,0.04,0.02,0.04,0.02,0.02,3,1513573200000000000,4,Weekly,45.15,46.26,46.35,45.04,46.35,46.7,47.02,47.02,0.013,0.02,0.04
