ticker,date_only,expiration_date,underlying_symbol,option_type,strike,volume,open_price,close_price,otm_pct,ITM,premium,premium_yield_pct,premium_low,premium_yield_pct_low,high_price,low_price,transactions,window_start,days_to_expiry,time_remaining_category,underlying_open,underlying_close,underlying_high,underlying_low,underlying_spot,underlying_close_at_expiry,underlying_high_at_expiry,underlying_spot_at_expiry,fedfunds_rate,implied_volatility,probability_itm,mid_price,high_yield_pct
O:HOOD230113C00003000,2023-01-09,2023-01-13,HOOD,C,3.0,4.0,5.15,5.5,-64.91,YES,5.325,61.28,5.15,59.26,5.5,5.15,2.0,1673240400000000000,4.0,Weekly,8.44,8.55,8.69,8.39,8.69,9.32,9.44,9.44,0.0433,0.0,,5.325,63.29
O:HOOD230113C00006500,2023-01-09,2023-01-13,HOOD,C,6.5,11.0,1.98,2.11,-23.98,YES,2.05,23.59,1.98,22.78,2.12,1.98,7.0,1673240400000000000,4.0,Weekly,8.44,8.55,8.69,8.39,8.69,9.32,9.44,9.44,0.0433,1.9033,0.8995,2.05,24.4
O:HOOD230113C00007000,2023-01-09,2023-01-13,HOOD,C,7.0,43.0,1.47,1.59,-18.13,YES,1.565,18.01,1.47,16.92,1.66,1.47,6.0,1673240400000000000,4.0,Weekly,8.44,8.55,8.69,8.39,8.69,9.32,9.44,9.44,0.0433,1.3353,0.9138,1.565,19.1
O:HOOD230113C00007500,2023-01-09,2023-01-13,HOOD,C,7.5,18.0,0.98,1.15,-12.28,YES,1.06,12.2,0.97,11.16,1.15,0.97,8.0,1673240400000000000,4.0,Weekly,8.44,8.55,8.69,8.39,8.69,9.32,9.44,9.44,0.0433,1.2992,0.8156,1.06,13.23
O:HOOD230113C00008000,2023-01-09,2023-01-13,HOOD,C,8.0,381.0,0.54,0.64,-6.43,YES,0.63,7.25,0.53,6.1,0.73,0.53,64.0,1673240400000000000,4.0,Weekly,8.44,8.55,8.69,8.39,8.69,9.32,9.44,9.44,0.0433,0.8117,0.772,0.63,8.4
O:HOOD230113C00008500,2023-01-09,2023-01-13,HOOD,C,8.5,2061.0,0.25,0.27,-0.58,YES,0.2799999999999999,3.22,0.21,2.42,0.35,0.21,337.0,1673240400000000000,4.0,Weekly,8.44,8.55,8.69,8.39,8.69,9.32,9.44,9.44,0.0433,0.6801,0.5213,0.2799999999999999,4.03
O:HOOD230113C00009000,2023-01-09,2023-01-13,HOOD,C,9.0,2083.0,0.06,0.09,5.26,YES,0.09,1.04,0.06,0.69,0.12,0.06,366.0,1673240400000000000,4.0,Weekly,8.44,8.55,8.69,8.39,8.69,9.32,9.44,9.44,0.0433,0.6902,0.2298,0.09,1.38
O:HOOD230113C00009500,2023-01-09,2023-01-13,HOOD,C,9.5,2622.0,0.03,0.03,11.11,NO,0.025,0.29,0.02,0.23,0.03,0.02,175.0,1673240400000000000,4.0,Weekly,8.44,8.55,8.69,8.39,8.69,9.32,9.44,9.44,0.0433,0.7512,0.0849,0.025,0.35
O:HOOD230113C00010000,2023-01-09,2023-01-13,HOOD,C,10.0,93.0,0.01,0.01,16.96,NO,0.015,0.17,0.01,0.12,0.02,0.01,40.0,1673240400000000000,4.0,Weekly,8.44,8.55,8.69,8.39,8.69,9.32,9.44,9.44,0.0433,0.8092,0.0296,0.015,0.23
O:HOOD230113C00010500,2023-01-09,2023-01-13,HOOD,C,10.5,5.0,0.01,0.01,22.81,NO,0.01,0.12,0.01,0.12,0.01,0.01,1.0,1673240400000000000,4.0,Weekly,8.44,8.55,8.69,8.39,8.69,9.32,9.44,9.44,0.0433,1.01,0.0232,0.01,0.12
O:HOOD230113C00012000,2023-01-09,2023-01-13,HOOD,C,12.0,2.0,0.01,0.01,40.35,NO,0.01,0.12,0.01,0.12,0.01,0.01,2.0,1673240400000000000,4.0,Weekly,8.44,8.55,8.69,8.39,8.69,9.32,9.44,9.44,0.0433,1.5282,0.014,0.01,0.12
O:HOOD230127C00002500,2023-01-23,2023-01-27,HOOD,C,2.5,1.0,7.0,7.0,-74.25,YES,7.0,71.57,7.0,71.57,7.0,7.0,1.0,1674450000000000000,4.0,Weekly,9.58,9.71,9.78,9.43,9.78,10.39,10.545,10.545,0.0433,,,7.0,71.57
O:HOOD230127C00003000,2023-01-23,2023-01-27,HOOD,C,3.0,2.0,6.65,6.65,-69.1,YES,6.65,68.0,6.65,68.0,6.65,6.65,2.0,1674450000000000000,4.0,Weekly,9.58,9.71,9.78,9.43,9.78,10.39,10.545,10.545,0.0433,0.0001,1.0,6.65,68.0
O:HOOD230127C00008000,2023-01-23,2023-01-27,HOOD,C,8.0,4.0,1.64,1.67,-17.61,YES,1.64,16.77,1.61,16.46,1.67,1.61,4.0,1674450000000000000,4.0,Weekly,9.58,9.71,9.78,9.43,9.78,10.39,10.545,10.545,0.0433,,,1.64,17.08
O:HOOD230127C00008500,2023-01-23,2023-01-27,HOOD,C,8.5,81.0,1.09,1.21,-12.46,YES,1.1800000000000002,12.07,1.09,11.15,1.27,1.09,19.0,1674450000000000000,4.0,Weekly,9.58,9.71,9.78,9.43,9.78,10.39,10.545,10.545,0.0433,0.0,,1.1800000000000002,12.99
O:HOOD230127C00009000,2023-01-23,2023-01-27,HOOD,C,9.0,1231.0,0.65,0.72,-7.31,YES,0.685,7.0,0.56,5.73,0.81,0.56,56.0,1674450000000000000,4.0,Weekly,9.58,9.71,9.78,9.43,9.78,10.39,10.545,10.545,0.0433,0.4064,0.962,0.685,8.28
O:HOOD230127C00009500,2023-01-23,2023-01-27,HOOD,C,9.5,854.0,0.29,0.35,-2.16,YES,0.315,3.22,0.23,2.35,0.4,0.23,187.0,1674450000000000000,4.0,Weekly,9.58,9.71,9.78,9.43,9.78,10.39,10.545,10.545,0.0433,0.5656,0.636,0.315,4.09
O:HOOD230127C00010000,2023-01-23,2023-01-27,HOOD,C,10.0,7599.0,0.11,0.12,2.99,YES,0.1149999999999999,1.18,0.08,0.82,0.15,0.08,463.0,1674450000000000000,4.0,Weekly,9.58,9.71,9.78,9.43,9.78,10.39,10.545,10.545,0.0433,0.5729,0.3041,0.1149999999999999,1.53
O:HOOD230127C00010500,2023-01-23,2023-01-27,HOOD,C,10.5,774.0,0.03,0.02,8.14,NO,0.03,0.31,0.02,0.2,0.04,0.02,147.0,1674450000000000000,4.0,Weekly,9.58,9.71,9.78,9.43,9.78,10.39,10.545,10.545,0.0433,0.527,0.0754,0.03,0.41
O:HOOD230127C00011000,2023-01-23,2023-01-27,HOOD,C,11.0,653.0,0.01,0.01,13.29,NO,0.015,0.15,0.01,0.1,0.02,0.01,97.0,1674450000000000000,4.0,Weekly,9.58,9.71,9.78,9.43,9.78,10.39,10.545,10.545,0.0433,0.6574,0.0329,0.015,0.2
O:HOOD230127C00011500,2023-01-23,2023-01-27,HOOD,C,11.5,90.0,0.01,0.01,18.43,NO,0.01,0.1,0.01,0.1,0.01,0.01,28.0,1674450000000000000,4.0,Weekly,9.58,9.71,9.78,9.43,9.78,10.39,10.545,10.545,0.0433,0.8432,0.0253,0.01,0.1
O:HOOD230127C00012000,2023-01-23,2023-01-27,HOOD,C,12.0,2.0,0.01,0.01,23.58,NO,0.01,0.1,0.01,0.1,0.01,0.01,1.0,1674450000000000000,4.0,Weekly,9.58,9.71,9.78,9.43,9.78,10.39,10.545,10.545,0.0433,1.0145,0.0206,0.01,0.1
O:HOOD230127C00012500,2023-01-23,2023-01-27,HOOD,C,12.5,11.0,0.01,0.01,28.73,NO,0.01,0.1,0.01,0.1,0.01,0.01,2.0,1674450000000000000,4.0,Weekly,9.58,9.71,9.78,9.43,9.78,10.39,10.545,10.545,0.0433,1.1741,0.0173,0.01,0.1
O:HOOD230127C00018000,2023-01-23,2023-01-27,HOOD,C,18.0,7.0,0.01,0.01,85.38,NO,0.02,0.2,0.01,0.1,0.03,0.01,4.0,1674450000000000000,4.0,Weekly,9.58,9.71,9.78,9.43,9.78,10.39,10.545,10.545,0.0433,2.4807,0.0061,0.02,0.31
O:HOOD230203C00002500,2023-01-30,2023-02-03,HOOD,C,2.5,15.0,8.18,7.65,-75.37,YES,7.915,74.32,7.65,71.83,8.18,7.65,2.0,1675054800000000000,4.0,Weekly,10.3,10.15,10.65,10.01,10.65,10.74,11.235,11.235,0.0433,0.0001,1.0,7.915,76.81
O:HOOD230203C00007000,2023-01-30,2023-02-03,HOOD,C,7.0,1.0,3.36,3.36,-31.03,YES,3.36,31.55,3.36,31.55,3.36,3.36,1.0,1675054800000000000,4.0,Weekly,10.3,10.15,10.65,10.01,10.65,10.74,11.235,11.235,0.0433,3.2982,0.8172,3.36,31.55
O:HOOD230203C00008000,2023-01-30,2023-02-03,HOOD,C,8.0,1.0,2.5,2.5,-21.18,YES,2.5,23.47,2.5,23.47,2.5,2.5,1.0,1675054800000000000,4.0,Weekly,10.3,10.15,10.65,10.01,10.65,10.74,11.235,11.235,0.0433,2.9412,0.7326,2.5,23.47
O:HOOD230203C00008500,2023-01-30,2023-02-03,HOOD,C,8.5,12.0,2.1,1.62,-16.26,YES,1.85,17.37,1.6,15.02,2.1,1.6,7.0,1675054800000000000,4.0,Weekly,10.3,10.15,10.65,10.01,10.65,10.74,11.235,11.235,0.0433,,,1.85,19.72
O:HOOD230203C00009000,2023-01-30,2023-02-03,HOOD,C,9.0,106.0,1.4,1.23,-11.33,YES,1.395,13.1,1.08,10.14,1.71,1.08,47.0,1675054800000000000,4.0,Weekly,10.3,10.15,10.65,10.01,10.65,10.74,11.235,11.235,0.0433,1.0658,0.8476,1.395,16.06
O:HOOD230203C00009500,2023-01-30,2023-02-03,HOOD,C,9.5,183.0,1.04,0.72,-6.4,YES,0.8800000000000001,8.26,0.66,6.2,1.1,0.66,57.0,1675054800000000000,4.0,Weekly,10.3,10.15,10.65,10.01,10.65,10.74,11.235,11.235,0.0433,0.6796,0.8163,0.8800000000000001,10.33
O:HOOD230203C00010000,2023-01-30,2023-02-03,HOOD,C,10.0,604.0,0.59,0.38,-1.48,YES,0.555,5.21,0.34,3.19,0.77,0.34,197.0,1675054800000000000,4.0,Weekly,10.3,10.15,10.65,10.01,10.65,10.74,11.235,11.235,0.0433,0.7043,0.5681,0.555,7.23
O:HOOD230203C00010500,2023-01-30,2023-02-03,HOOD,C,10.5,1805.0,0.23,0.17,3.45,YES,0.275,2.58,0.11,1.03,0.44,0.11,304.0,1675054800000000000,4.0,Weekly,10.3,10.15,10.65,10.01,10.65,10.74,11.235,11.235,0.0433,0.7256,0.3163,0.275,4.13
O:HOOD230203C00011000,2023-01-30,2023-02-03,HOOD,C,11.0,6074.0,0.13,0.09,8.37,NO,0.14,1.31,0.06,0.56,0.22,0.06,351.0,1675054800000000000,4.0,Weekly,10.3,10.15,10.65,10.01,10.65,10.74,11.235,11.235,0.0433,0.8342,0.1687,0.14,2.07
O:HOOD230203C00011500,2023-01-30,2023-02-03,HOOD,C,11.5,2084.0,0.04,0.05,13.3,NO,0.065,0.61,0.03,0.28,0.1,0.03,123.0,1675054800000000000,4.0,Weekly,10.3,10.15,10.65,10.01,10.65,10.74,11.235,11.235,0.0433,0.9293,0.0922,0.065,0.94
O:HOOD230203C00012000,2023-01-30,2023-02-03,HOOD,C,12.0,622.0,0.04,0.02,18.23,NO,0.035,0.33,0.02,0.19,0.05,0.02,79.0,1675054800000000000,4.0,Weekly,10.3,10.15,10.65,10.01,10.65,10.74,11.235,11.235,0.0433,0.94,0.0404,0.035,0.47
O:HOOD230203C00012500,2023-01-30,2023-02-03,HOOD,C,12.5,418.0,0.02,0.01,23.15,NO,0.02,0.19,0.01,0.09,0.03,0.01,47.0,1675054800000000000,4.0,Weekly,10.3,10.15,10.65,10.01,10.65,10.74,11.235,11.235,0.0433,0.9936,0.0202,0.02,0.28
O:HOOD230203C00013000,2023-01-30,2023-02-03,HOOD,C,13.0,13.0,0.01,0.01,28.08,NO,0.015,0.14,0.01,0.09,0.02,0.01,11.0,1675054800000000000,4.0,Weekly,10.3,10.15,10.65,10.01,10.65,10.74,11.235,11.235,0.0433,1.1467,0.0171,0.015,0.19
O:HOOD230203C00013500,2023-01-30,2023-02-03,HOOD,C,13.5,2.0,0.01,0.01,33.0,NO,0.01,0.09,0.01,0.09,0.01,0.01,2.0,1675054800000000000,4.0,Weekly,10.3,10.15,10.65,10.01,10.65,10.74,11.235,11.235,0.0433,1.2906,0.0148,0.01,0.09
O:HOOD230203C00014000,2023-01-30,2023-02-03,HOOD,C,14.0,1.0,0.01,0.01,37.93,NO,0.01,0.09,0.01,0.09,0.01,0.01,1.0,1675054800000000000,4.0,Weekly,10.3,10.15,10.65,10.01,10.65,10.74,11.235,11.235,0.0433,1.4268,0.0131,0.01,0.09
O:HOOD230210C00007000,2023-02-06,2023-02-10,HOOD,C,7.0,4.0,3.65,3.6,-33.96,YES,3.625,33.78,3.6,33.55,3.65,3.6,4.0,1675659600000000000,4.0,Weekly,10.63,10.6,10.73,10.42,10.73,9.98,10.325,10.325,0.0457,0.0,,3.625,34.02
O:HOOD230210C00007500,2023-02-06,2023-02-10,HOOD,C,7.5,2.0,3.05,3.18,-29.25,YES,3.115,29.03,3.05,28.42,3.18,3.05,2.0,1675659600000000000,4.0,Weekly,10.63,10.6,10.73,10.42,10.73,9.98,10.325,10.325,0.0457,2.3332,0.9026,3.115,29.64
O:HOOD230210C00008000,2023-02-06,2023-02-10,HOOD,C,8.0,7.0,2.65,2.59,-24.53,YES,2.62,24.42,2.59,24.14,2.65,2.59,3.0,1675659600000000000,4.0,Weekly,10.63,10.6,10.73,10.42,10.73,9.98,10.325,10.325,0.0457,0.0,,2.62,24.7
O:HOOD230210C00008500,2023-02-06,2023-02-10,HOOD,C,8.5,5.0,2.16,2.15,-19.81,YES,2.155,20.08,2.15,20.04,2.16,2.15,2.0,1675659600000000000,4.0,Weekly,10.63,10.6,10.73,10.42,10.73,9.98,10.325,10.325,0.0457,1.4456,0.9172,2.155,20.13
O:HOOD230210C00009000,2023-02-06,2023-02-10,HOOD,C,9.0,132.0,1.65,1.78,-15.09,YES,1.665,15.52,1.55,14.45,1.78,1.55,20.0,1675659600000000000,4.0,Weekly,10.63,10.6,10.73,10.42,10.73,9.98,10.325,10.325,0.0457,1.7313,0.7925,1.665,16.59
O:HOOD230210C00009500,2023-02-06,2023-02-10,HOOD,C,9.5,202.0,1.29,1.33,-10.38,YES,1.27,11.84,1.16,10.81,1.38,1.16,27.0,1675659600000000000,4.0,Weekly,10.63,10.6,10.73,10.42,10.73,9.98,10.325,10.325,0.0457,1.5027,0.7327,1.27,12.86
O:HOOD230210C00010000,2023-02-06,2023-02-10,HOOD,C,10.0,231.0,0.99,0.93,-5.66,NO,0.92,8.57,0.82,7.64,1.02,0.82,70.0,1675659600000000000,4.0,Weekly,10.63,10.6,10.73,10.42,10.73,9.98,10.325,10.325,0.0457,1.3451,0.6357,0.92,9.51
O:HOOD230210C00010500,2023-02-06,2023-02-10,HOOD,C,10.5,1064.0,0.77,0.66,-0.94,NO,0.66,6.15,0.55,5.13,0.77,0.55,181.0,1675659600000000000,4.0,Weekly,10.63,10.6,10.73,10.42,10.73,9.98,10.325,10.325,0.0457,1.3767,0.4989,0.66,7.18
O:HOOD230210C00011000,2023-02-06,2023-02-10,HOOD,C,11.0,1516.0,0.47,0.46,3.77,NO,0.43,4.01,0.35,3.26,0.51,0.35,343.0,1675659600000000000,4.0,Weekly,10.63,10.6,10.73,10.42,10.73,9.98,10.325,10.325,0.0457,1.4162,0.3743,0.43,4.75
O:HOOD230210C00011500,2023-02-06,2023-02-10,HOOD,C,11.5,2062.0,0.34,0.32,8.49,NO,0.295,2.75,0.23,2.14,0.36,0.23,190.0,1675659600000000000,4.0,Weekly,10.63,10.6,10.73,10.42,10.73,9.98,10.325,10.325,0.0457,1.4652,0.2727,0.295,3.36
O:HOOD230210C00012000,2023-02-06,2023-02-10,HOOD,C,12.0,3231.0,0.24,0.22,13.21,NO,0.215,2.0,0.18,1.68,0.25,0.18,294.0,1675659600000000000,4.0,Weekly,10.63,10.6,10.73,10.42,10.73,9.98,10.325,10.325,0.0457,1.5075,0.1944,0.215,2.33
O:HOOD230210C00012500,2023-02-06,2023-02-10,HOOD,C,12.5,744.0,0.18,0.16,17.92,NO,0.155,1.44,0.13,1.21,0.18,0.13,115.0,1675659600000000000,4.0,Weekly,10.63,10.6,10.73,10.42,10.73,9.98,10.325,10.325,0.0457,1.5796,0.1408,0.155,1.68
O:HOOD230210C00013000,2023-02-06,2023-02-10,HOOD,C,13.0,350.0,0.13,0.11,22.64,NO,0.12,1.12,0.1,0.93,0.14,0.1,63.0,1675659600000000000,4.0,Weekly,10.63,10.6,10.73,10.42,10.73,9.98,10.325,10.325,0.0457,1.6146,0.0987,0.12,1.3
O:HOOD230210C00013500,2023-02-06,2023-02-10,HOOD,C,13.5,299.0,0.12,0.1,27.36,NO,0.1,0.93,0.08,0.75,0.12,0.08,52.0,1675659600000000000,4.0,Weekly,10.63,10.6,10.73,10.42,10.73,9.98,10.325,10.325,0.0457,1.7697,0.0815,0.1,1.12
O:HOOD230210C00014000,2023-02-06,2023-02-10,HOOD,C,14.0,188.0,0.08,0.08,32.08,NO,0.07,0.65,0.06,0.56,0.08,0.06,37.0,1675659600000000000,4.0,Weekly,10.63,10.6,10.73,10.42,10.73,9.98,10.325,10.325,0.0457,1.8502,0.0629,0.07,0.75
O:HOOD230210C00014500,2023-02-06,2023-02-10,HOOD,C,14.5,92.0,0.06,0.06,36.79,NO,0.065,0.61,0.06,0.56,0.07,0.06,15.0,1675659600000000000,4.0,Weekly,10.63,10.6,10.73,10.42,10.73,9.98,10.325,10.325,0.0457,1.8941,0.0468,0.065,0.65
O:HOOD230210C00015000,2023-02-06,2023-02-10,HOOD,C,15.0,1148.0,0.03,0.06,41.51,NO,0.045,0.42,0.03,0.28,0.06,0.03,92.0,1675659600000000000,4.0,Weekly,10.63,10.6,10.73,10.42,10.73,9.98,10.325,10.325,0.0457,2.0475,0.0423,0.045,0.56
O:HOOD230210C00015500,2023-02-06,2023-02-10,HOOD,C,15.5,148.0,0.04,0.04,46.23,NO,0.045,0.42,0.04,0.37,0.05,0.04,11.0,1675659600000000000,4.0,Weekly,10.63,10.6,10.73,10.42,10.73,9.98,10.325,10.325,0.0457,2.0289,0.0292,0.045,0.47
O:HOOD230210C00016000,2023-02-06,2023-02-10,HOOD,C,16.0,1414.0,0.04,0.04,50.94,NO,0.035,0.33,0.03,0.28,0.04,0.03,36.0,1675659600000000000,4.0,Weekly,10.63,10.6,10.73,10.42,10.73,9.98,10.325,10.325,0.0457,2.161,0.0267,0.035,0.37
O:HOOD230210C00016500,2023-02-06,2023-02-10,HOOD,C,16.5,13.0,0.03,0.03,55.66,NO,0.03,0.28,0.03,0.28,0.03,0.03,6.0,1675659600000000000,4.0,Weekly,10.63,10.6,10.73,10.42,10.73,9.98,10.325,10.325,0.0457,2.1783,0.0201,0.03,0.28
O:HOOD230210C00017000,2023-02-06,2023-02-10,HOOD,C,17.0,485.0,0.02,0.03,60.38,NO,0.03,0.28,0.02,0.19,0.04,0.02,38.0,1675659600000000000,4.0,Weekly,10.63,10.6,10.73,10.42,10.73,9.98,10.325,10.325,0.0457,2.2955,0.0186,0.03,0.37
O:HOOD230210C00017500,2023-02-06,2023-02-10,HOOD,C,17.5,19.0,0.02,0.03,65.09,NO,0.025,0.23,0.02,0.19,0.03,0.02,7.0,1675659600000000000,4.0,Weekly,10.63,10.6,10.73,10.42,10.73,9.98,10.325,10.325,0.0457,2.408,0.0173,0.025,0.28
O:HOOD230210C00018000,2023-02-06,2023-02-10,HOOD,C,18.0,23.0,0.01,0.02,69.81,NO,0.015,0.14,0.01,0.09,0.02,0.01,11.0,1675659600000000000,4.0,Weekly,10.63,10.6,10.73,10.42,10.73,9.98,10.325,10.325,0.0457,2.3676,0.012,0.015,0.19
O:HOOD230210C00018500,2023-02-06,2023-02-10,HOOD,C,18.5,4757.0,0.02,0.02,74.53,NO,0.02,0.19,0.02,0.19,0.02,0.02,68.0,1675659600000000000,4.0,Weekly,10.63,10.6,10.73,10.42,10.73,9.98,10.325,10.325,0.0457,2.4677,0.0112,0.02,0.19
O:HOOD230210C00019000,2023-02-06,2023-02-10,HOOD,C,19.0,60.0,0.02,0.02,79.25,NO,0.015,0.14,0.01,0.09,0.02,0.01,16.0,1675659600000000000,4.0,Weekly,10.63,10.6,10.73,10.42,10.73,9.98,10.325,10.325,0.0457,2.5643,0.0105,0.015,0.19
O:HOOD230303C00004000,2023-02-27,2023-03-03,HOOD,C,4.0,9.0,5.81,5.84,-58.85,YES,5.824999999999999,58.99,5.81,58.84,5.84,5.81,3.0,1677474000000000000,4.0,Weekly,9.72,9.72,9.88,9.61,9.875,9.9,9.95,9.95,0.0457,5.8156,0.8759,5.824999999999999,59.14
O:HOOD230303C00007500,2023-02-27,2023-03-03,HOOD,C,7.5,2.0,2.35,2.26,-22.84,YES,2.3049999999999997,23.34,2.26,22.89,2.35,2.26,2.0,1677474000000000000,4.0,Weekly,9.72,9.72,9.88,9.61,9.875,9.9,9.95,9.95,0.0457,1.5913,0.9301,2.3049999999999997,23.8
O:HOOD230303C00008000,2023-02-27,2023-03-03,HOOD,C,8.0,8.0,1.7,1.86,-17.7,YES,1.78,18.03,1.7,17.22,1.86,1.7,4.0,1677474000000000000,4.0,Weekly,9.72,9.72,9.88,9.61,9.875,9.9,9.95,9.95,0.0457,1.8334,0.8216,1.78,18.84
O:HOOD230303C00008500,2023-02-27,2023-03-03,HOOD,C,8.5,3.0,1.24,1.24,-12.55,YES,1.24,12.56,1.24,12.56,1.24,1.24,1.0,1677474000000000000,4.0,Weekly,9.72,9.72,9.88,9.61,9.875,9.9,9.95,9.95,0.0457,0.784,0.9451,1.24,12.56
O:HOOD230303C00009000,2023-02-27,2023-03-03,HOOD,C,9.0,48.0,0.73,0.73,-7.41,YES,0.8049999999999999,8.15,0.7,7.09,0.91,0.7,21.0,1677474000000000000,4.0,Weekly,9.72,9.72,9.88,9.61,9.875,9.9,9.95,9.95,0.0457,0.4078,0.9635,0.8049999999999999,9.22
O:HOOD230303C00009500,2023-02-27,2023-03-03,HOOD,C,9.5,531.0,0.34,0.36,-2.26,YES,0.4,4.05,0.33,3.34,0.47,0.33,66.0,1677474000000000000,4.0,Weekly,9.72,9.72,9.88,9.61,9.875,9.9,9.95,9.95,0.0457,0.5743,0.6402,0.4,4.76
O:HOOD230303C00010000,2023-02-27,2023-03-03,HOOD,C,10.0,3838.0,0.14,0.14,2.88,NO,0.145,1.47,0.11,1.11,0.18,0.11,336.0,1677474000000000000,4.0,Weekly,9.72,9.72,9.88,9.61,9.875,9.9,9.95,9.95,0.0457,0.6176,0.3214,0.145,1.82
O:HOOD230303C00010500,2023-02-27,2023-03-03,HOOD,C,10.5,1325.0,0.05,0.03,8.02,NO,0.045,0.46,0.02,0.2,0.07,0.02,170.0,1677474000000000000,4.0,Weekly,9.72,9.72,9.88,9.61,9.875,9.9,9.95,9.95,0.0457,0.5791,0.0976,0.045,0.71
O:HOOD230303C00011000,2023-02-27,2023-03-03,HOOD,C,11.0,951.0,0.02,0.02,13.17,NO,0.02,0.2,0.01,0.1,0.03,0.01,104.0,1677474000000000000,4.0,Weekly,9.72,9.72,9.88,9.61,9.875,9.9,9.95,9.95,0.0457,0.7479,0.0534,0.02,0.3
O:HOOD230303C00011500,2023-02-27,2023-03-03,HOOD,C,11.5,24.0,0.02,0.01,18.31,NO,0.015,0.15,0.01,0.1,0.02,0.01,10.0,1677474000000000000,4.0,Weekly,9.72,9.72,9.88,9.61,9.875,9.9,9.95,9.95,0.0457,0.8387,0.0254,0.015,0.2
O:HOOD230303C00012000,2023-02-27,2023-03-03,HOOD,C,12.0,30.0,0.01,0.01,23.46,NO,0.01,0.1,0.01,0.1,0.01,0.01,3.0,1677474000000000000,4.0,Weekly,9.72,9.72,9.88,9.61,9.875,9.9,9.95,9.95,0.0457,1.0101,0.0206,0.01,0.1
O:HOOD230303C00012500,2023-02-27,2023-03-03,HOOD,C,12.5,10.0,0.01,0.01,28.6,NO,0.01,0.1,0.01,0.1,0.01,0.01,2.0,1677474000000000000,4.0,Weekly,9.72,9.72,9.88,9.61,9.875,9.9,9.95,9.95,0.0457,1.1699,0.0174,0.01,0.1
O:HOOD230310C00004000,2023-03-06,2023-03-10,HOOD,C,4.0,2.0,5.95,5.95,-58.85,YES,5.95,59.26,5.95,59.26,5.95,5.95,1.0,1678078800000000000,4.0,Weekly,9.95,9.72,10.04,9.68,10.04,9.01,9.37,9.37,0.0465,6.9063,0.8071,5.95,59.26
O:HOOD230310C00004500,2023-03-06,2023-03-10,HOOD,C,4.5,1.0,5.45,5.45,-53.7,YES,5.45,54.28,5.45,54.28,5.45,5.45,1.0,1678078800000000000,4.0,Weekly,9.95,9.72,10.04,9.68,10.04,9.01,9.37,9.37,0.0465,6.1157,0.8115,5.45,54.28
O:HOOD230310C00005500,2023-03-06,2023-03-10,HOOD,C,5.5,2.0,4.55,4.2,-43.42,YES,4.375,43.58,4.2,41.83,4.55,4.2,2.0,1678078800000000000,4.0,Weekly,9.95,9.72,10.04,9.68,10.04,9.01,9.37,9.37,0.0465,0.0,,4.375,45.32
O:HOOD230310C00008000,2023-03-06,2023-03-10,HOOD,C,8.0,6.0,1.76,1.76,-17.7,YES,1.76,17.53,1.76,17.53,1.76,1.76,3.0,1678078800000000000,4.0,Weekly,9.95,9.72,10.04,9.68,10.04,9.01,9.37,9.37,0.0465,1.2628,0.9209,1.76,17.53
O:HOOD230310C00008500,2023-03-06,2023-03-10,HOOD,C,8.5,10.0,1.33,1.29,-12.55,YES,1.31,13.05,1.28,12.75,1.34,1.28,6.0,1678078800000000000,4.0,Weekly,9.95,9.72,10.04,9.68,10.04,9.01,9.37,9.37,0.0465,1.1166,0.8629,1.31,13.35
O:HOOD230310C00009000,2023-03-06,2023-03-10,HOOD,C,9.0,245.0,0.96,0.76,-7.41,YES,0.875,8.72,0.76,7.57,0.99,0.76,18.0,1678078800000000000,4.0,Weekly,9.95,9.72,10.04,9.68,10.04,9.01,9.37,9.37,0.0465,0.6248,0.8753,0.875,9.86
O:HOOD230310C00009500,2023-03-06,2023-03-10,HOOD,C,9.5,173.0,0.57,0.35,-2.26,NO,0.4599999999999999,4.58,0.32,3.19,0.6,0.32,54.0,1678078800000000000,4.0,Weekly,9.95,9.72,10.04,9.68,10.04,9.01,9.37,9.37,0.0465,0.5472,0.648,0.4599999999999999,5.98
O:HOOD230310C00010000,2023-03-06,2023-03-10,HOOD,C,10.0,2849.0,0.21,0.1,2.88,NO,0.18,1.79,0.1,1.0,0.26,0.1,437.0,1678078800000000000,4.0,Weekly,9.95,9.72,10.04,9.68,10.04,9.01,9.37,9.37,0.0465,0.5087,0.291,0.18,2.59
O:HOOD230310C00010500,2023-03-06,2023-03-10,HOOD,C,10.5,1540.0,0.06,0.03,8.02,NO,0.045,0.45,0.02,0.2,0.07,0.02,257.0,1678078800000000000,4.0,Weekly,9.95,9.72,10.04,9.68,10.04,9.01,9.37,9.37,0.0465,0.579,0.0976,0.045,0.7
O:HOOD230310C00011000,2023-03-06,2023-03-10,HOOD,C,11.0,479.0,0.02,0.01,13.17,NO,0.015,0.15,0.01,0.1,0.02,0.01,75.0,1678078800000000000,4.0,Weekly,9.95,9.72,10.04,9.68,10.04,9.01,9.37,9.37,0.0465,0.6527,0.0331,0.015,0.2
O:HOOD230310C00011500,2023-03-06,2023-03-10,HOOD,C,11.5,103.0,0.05,0.01,18.31,NO,0.03,0.3,0.01,0.1,0.05,0.01,16.0,1678078800000000000,4.0,Weekly,9.95,9.72,10.04,9.68,10.04,9.01,9.37,9.37,0.0465,0.8387,0.0254,0.03,0.5
O:HOOD230310C00012000,2023-03-06,2023-03-10,HOOD,C,12.0,5.0,0.01,0.01,23.46,NO,0.01,0.1,0.01,0.1,0.01,0.01,2.0,1678078800000000000,4.0,Weekly,9.95,9.72,10.04,9.68,10.04,9.01,9.37,9.37,0.0465,1.0101,0.0206,0.01,0.1
O:HOOD230310C00013000,2023-03-06,2023-03-10,HOOD,C,13.0,2.0,0.01,0.01,33.74,NO,0.01,0.1,0.01,0.1,0.01,0.01,1.0,1678078800000000000,4.0,Weekly,9.95,9.72,10.04,9.68,10.04,9.01,9.37,9.37,0.0465,1.3198,0.015,0.01,0.1
O:HOOD230324C00007500,2023-03-20,2023-03-24,HOOD,C,7.5,34.0,1.57,1.59,-14.77,YES,1.58,17.19,1.57,17.08,1.59,1.57,9.0,1679284800000000000,4.0,Weekly,9.16,8.8,9.19,8.8,9.19,8.68,8.735,8.735,0.0465,2.2685,0.7111,1.58,17.3
O:HOOD230324C00008000,2023-03-20,2023-03-24,HOOD,C,8.0,38.0,1.07,0.93,-9.09,YES,1.025,11.15,0.93,10.12,1.12,0.93,14.0,1679284800000000000,4.0,Weekly,9.16,8.8,9.19,8.8,9.19,8.68,8.735,8.735,0.0465,1.1648,0.7657,1.025,12.19
O:HOOD230324C00008500,2023-03-20,2023-03-24,HOOD,C,8.5,64.0,0.67,0.5,-3.41,YES,0.625,6.8,0.5,5.44,0.75,0.5,22.0,1679284800000000000,4.0,Weekly,9.16,8.8,9.19,8.8,9.19,8.68,8.735,8.735,0.0465,0.9015,0.6277,0.625,8.16
O:HOOD230324C00009000,2023-03-20,2023-03-24,HOOD,C,9.0,670.0,0.41,0.2,2.27,NO,0.325,3.54,0.2,2.18,0.45,0.2,158.0,1679284800000000000,4.0,Weekly,9.16,8.8,9.19,8.8,9.19,8.68,8.735,8.735,0.0465,0.7731,0.3776,0.325,4.9
O:HOOD230324C00009500,2023-03-20,2023-03-24,HOOD,C,9.5,1752.0,0.14,0.06,7.95,NO,0.125,1.36,0.06,0.65,0.19,0.06,298.0,1679284800000000000,4.0,Weekly,9.16,8.8,9.19,8.8,9.19,8.68,8.735,8.735,0.0465,0.7354,0.1524,0.125,2.07
O:HOOD230324C00010000,2023-03-20,2023-03-24,HOOD,C,10.0,1193.0,0.07,0.01,13.64,NO,0.04,0.44,0.01,0.11,0.07,0.01,206.0,1679284800000000000,4.0,Weekly,9.16,8.8,9.19,8.8,9.19,8.68,8.735,8.735,0.0465,0.6825,0.0345,0.04,0.76
O:HOOD230324C00010500,2023-03-20,2023-03-24,HOOD,C,10.5,4643.0,0.03,0.01,19.32,NO,0.025,0.27,0.01,0.11,0.04,0.01,114.0,1679284800000000000,4.0,Weekly,9.16,8.8,9.19,8.8,9.19,8.68,8.735,8.735,0.0465,0.8879,0.0261,0.025,0.44
O:HOOD230324C00011000,2023-03-20,2023-03-24,HOOD,C,11.0,140.0,0.01,0.01,25.0,NO,0.015,0.16,0.01,0.11,0.02,0.01,20.0,1679284800000000000,4.0,Weekly,9.16,8.8,9.19,8.8,9.19,8.68,8.735,8.735,0.0465,1.0759,0.021,0.015,0.22
O:HOOD230324C00011500,2023-03-20,2023-03-24,HOOD,C,11.5,13.0,0.01,0.02,30.68,NO,0.015,0.16,0.01,0.11,0.02,0.01,4.0,1679284800000000000,4.0,Weekly,9.16,8.8,9.19,8.8,9.19,8.68,8.735,8.735,0.0465,1.4019,0.0292,0.015,0.22
O:HOOD230324C00012000,2023-03-20,2023-03-24,HOOD,C,12.0,20.0,0.01,0.01,36.36,NO,0.01,0.11,0.01,0.11,0.01,0.01,2.0,1679284800000000000,4.0,Weekly,9.16,8.8,9.19,8.8,9.19,8.68,8.735,8.735,0.0465,1.4132,0.0151,0.01,0.11
O:HOOD230324C00013500,2023-03-20,2023-03-24,HOOD,C,13.5,10.0,0.01,0.01,53.41,NO,0.01,0.11,0.01,0.11,0.01,0.01,5.0,1679284800000000000,4.0,Weekly,9.16,8.8,9.19,8.8,9.19,8.68,8.735,8.735,0.0465,1.8482,0.0106,0.01,0.11
O:HOOD230331C00003500,2023-03-27,2023-03-31,HOOD,C,3.5,1.0,5.35,5.35,-59.35,YES,5.35,60.52,5.35,60.52,5.35,5.35,1.0,1679889600000000000,4.0,Weekly,8.76,8.61,8.84,8.52,8.84,9.71,9.73,9.73,0.0465,7.3384,0.7847,5.35,60.52
O:HOOD230331C00006500,2023-03-27,2023-03-31,HOOD,C,6.5,4.0,2.13,2.04,-24.51,YES,2.085,23.59,2.04,23.08,2.13,2.04,2.0,1679889600000000000,4.0,Weekly,8.76,8.61,8.84,8.52,8.84,9.71,9.73,9.73,0.0465,,,2.085,24.1
O:HOOD230331C00007500,2023-03-27,2023-03-31,HOOD,C,7.5,19.0,1.19,1.12,-12.89,YES,1.125,12.73,1.05,11.88,1.2,1.05,9.0,1679889600000000000,4.0,Weekly,8.76,8.61,8.84,8.52,8.84,9.71,9.73,9.73,0.0465,0.6911,0.9699,1.125,13.57
O:HOOD230331C00008000,2023-03-27,2023-03-31,HOOD,C,8.0,34.0,0.81,0.72,-7.08,YES,0.775,8.77,0.65,7.35,0.9,0.65,13.0,1679889600000000000,4.0,Weekly,8.76,8.61,8.84,8.52,8.84,9.71,9.73,9.73,0.0465,0.9372,0.7596,0.775,10.18
O:HOOD230331C00008500,2023-03-27,2023-03-31,HOOD,C,8.5,324.0,0.38,0.29,-1.28,YES,0.375,4.24,0.26,2.94,0.49,0.26,70.0,1679889600000000000,4.0,Weekly,8.76,8.61,8.84,8.52,8.84,9.71,9.73,9.73,0.0465,0.6393,0.566,0.375,5.54
O:HOOD230331C00009000,2023-03-27,2023-03-31,HOOD,C,9.0,2235.0,0.16,0.07,4.53,YES,0.12,1.36,0.07,0.79,0.17,0.07,360.0,1679889600000000000,4.0,Weekly,8.76,8.61,8.84,8.52,8.84,9.71,9.73,9.73,0.0465,0.5671,0.2214,0.12,1.92
O:HOOD230331C00009500,2023-03-27,2023-03-31,HOOD,C,9.5,787.0,0.05,0.02,10.34,YES,0.04,0.45,0.01,0.11,0.07,0.01,180.0,1679889600000000000,4.0,Weekly,8.76,8.61,8.84,8.52,8.84,9.71,9.73,9.73,0.0465,0.6446,0.0689,0.04,0.79
O:HOOD230331C00010000,2023-03-27,2023-03-31,HOOD,C,10.0,279.0,0.01,0.01,16.14,NO,0.015,0.17,0.01,0.11,0.02,0.01,51.0,1679889600000000000,4.0,Weekly,8.76,8.61,8.84,8.52,8.84,9.71,9.73,9.73,0.0465,0.7786,0.0307,0.015,0.23
O:HOOD230331C00010500,2023-03-27,2023-03-31,HOOD,C,10.5,45.0,0.01,0.01,21.95,NO,0.015,0.17,0.01,0.11,0.02,0.01,18.0,1679889600000000000,4.0,Weekly,8.76,8.61,8.84,8.52,8.84,9.71,9.73,9.73,0.0465,0.9804,0.0239,0.015,0.23
O:HOOD230331C00011000,2023-03-27,2023-03-31,HOOD,C,11.0,45.0,0.01,0.01,27.76,NO,0.015,0.17,0.01,0.11,0.02,0.01,5.0,1679889600000000000,4.0,Weekly,8.76,8.61,8.84,8.52,8.84,9.71,9.73,9.73,0.0465,1.1661,0.0195,0.015,0.23
O:HOOD230331C00011500,2023-03-27,2023-03-31,HOOD,C,11.5,19.0,0.01,0.01,33.57,NO,0.01,0.11,0.01,0.11,0.01,0.01,3.0,1679889600000000000,4.0,Weekly,8.76,8.61,8.84,8.52,8.84,9.71,9.73,9.73,0.0465,1.3387,0.0165,0.01,0.11
O:HOOD230414C00002000,2023-04-10,2023-04-14,HOOD,C,2.0,2.0,7.85,7.85,-79.96,YES,7.85,78.5,7.85,78.5,7.85,7.85,1.0,1681099200000000000,4.0,Weekly,9.93,9.98,10.0,9.64,10.0,10.0,10.105,10.105,0.0483,,,7.85,78.5
O:HOOD230414C00005000,2023-04-10,2023-04-14,HOOD,C,5.0,2.0,4.8,4.8,-49.9,YES,4.8,48.0,4.8,48.0,4.8,4.8,1.0,1681099200000000000,4.0,Weekly,9.93,9.98,10.0,9.64,10.0,10.0,10.105,10.105,0.0483,,,4.8,48.0
O:HOOD230414C00007000,2023-04-10,2023-04-14,HOOD,C,7.0,1.0,2.97,2.97,-29.86,YES,2.97,29.7,2.97,29.7,2.97,2.97,1.0,1681099200000000000,4.0,Weekly,9.93,9.98,10.0,9.64,10.0,10.0,10.105,10.105,0.0483,0.0,,2.97,29.7
O:HOOD230414C00008500,2023-04-10,2023-04-14,HOOD,C,8.5,1.0,1.49,1.49,-14.83,YES,1.49,14.9,1.49,14.9,1.49,1.49,1.0,1681099200000000000,4.0,Weekly,9.93,9.98,10.0,9.64,10.0,10.0,10.105,10.105,0.0483,0.7534,0.9774,1.49,14.9
O:HOOD230414C00009000,2023-04-10,2023-04-14,HOOD,C,9.0,43.0,0.9,0.99,-9.82,YES,0.915,9.15,0.8,8.0,1.03,0.8,22.0,1681099200000000000,4.0,Weekly,9.93,9.98,10.0,9.64,10.0,10.0,10.105,10.105,0.0483,0.5146,0.9714,0.915,10.3
O:HOOD230414C00009500,2023-04-10,2023-04-14,HOOD,C,9.5,128.0,0.52,0.56,-4.81,YES,0.4499999999999999,4.5,0.33,3.3,0.57,0.33,45.0,1681099200000000000,4.0,Weekly,9.93,9.98,10.0,9.64,10.0,10.0,10.105,10.105,0.0483,0.6021,0.776,0.4499999999999999,5.7
O:HOOD230414C00010000,2023-04-10,2023-04-14,HOOD,C,10.0,1999.0,0.25,0.23,0.2,YES,0.195,1.95,0.1,1.0,0.29,0.1,409.0,1681099200000000000,4.0,Weekly,9.93,9.98,10.0,9.64,10.0,10.0,10.105,10.105,0.0483,0.569,0.4783,0.195,2.9
O:HOOD230414C00010500,2023-04-10,2023-04-14,HOOD,C,10.5,1701.0,0.07,0.06,5.21,NO,0.04,0.4,0.01,0.1,0.07,0.01,141.0,1681099200000000000,4.0,Weekly,9.93,9.98,10.0,9.64,10.0,10.0,10.105,10.105,0.0483,0.5426,0.1805,0.04,0.7
O:HOOD230414C00011000,2023-04-10,2023-04-14,HOOD,C,11.0,619.0,0.01,0.02,10.22,NO,0.015,0.15,0.01,0.1,0.02,0.01,65.0,1681099200000000000,4.0,Weekly,9.93,9.98,10.0,9.64,10.0,10.0,10.105,10.105,0.0483,0.6178,0.0632,0.015,0.2
O:HOOD230414C00011500,2023-04-10,2023-04-14,HOOD,C,11.5,586.0,0.01,0.02,15.23,NO,0.015,0.15,0.01,0.1,0.02,0.01,58.0,1681099200000000000,4.0,Weekly,9.93,9.98,10.0,9.64,10.0,10.0,10.105,10.105,0.0483,0.8271,0.047,0.015,0.2
O:HOOD230414C00012000,2023-04-10,2023-04-14,HOOD,C,12.0,131.0,0.01,0.02,20.24,NO,0.015,0.15,0.01,0.1,0.02,0.01,23.0,1681099200000000000,4.0,Weekly,9.93,9.98,10.0,9.64,10.0,10.0,10.105,10.105,0.0483,1.0175,0.0376,0.015,0.2
O:HOOD230428C00006500,2023-04-24,2023-04-28,HOOD,C,6.5,16.0,2.98,2.98,-30.85,YES,2.98,30.75,2.98,30.75,2.98,2.98,6.0,1682308800000000000,4.0,Weekly,9.63,9.4,9.69,9.38,9.69,8.85,8.94,8.94,0.0483,2.5323,0.8964,2.98,30.75
O:HOOD230428C00007000,2023-04-24,2023-04-28,HOOD,C,7.0,59.0,2.48,2.53,-25.53,YES,2.505,25.85,2.48,25.59,2.53,2.48,16.0,1682308800000000000,4.0,Weekly,9.63,9.4,9.69,9.38,9.69,8.85,8.94,8.94,0.0483,2.4396,0.8482,2.505,26.11
O:HOOD230428C00007500,2023-04-24,2023-04-28,HOOD,C,7.5,50.0,1.95,1.99,-20.21,YES,1.99,20.54,1.95,20.12,2.03,1.95,7.0,1682308800000000000,4.0,Weekly,9.63,9.4,9.69,9.38,9.69,8.85,8.94,8.94,0.0483,1.7868,0.8679,1.99,20.95
O:HOOD230428C00008000,2023-04-24,2023-04-28,HOOD,C,8.0,3.0,1.42,1.45,-14.89,YES,1.49,15.38,1.42,14.65,1.56,1.42,3.0,1682308800000000000,4.0,Weekly,9.63,9.4,9.69,9.38,9.69,8.85,8.94,8.94,0.0483,1.1674,0.8967,1.49,16.1
O:HOOD230428C00009000,2023-04-24,2023-04-28,HOOD,C,9.0,354.0,0.66,0.46,-4.26,NO,0.575,5.93,0.46,4.75,0.69,0.46,39.0,1682308800000000000,4.0,Weekly,9.63,9.4,9.69,9.38,9.69,8.85,8.94,8.94,0.0483,0.5053,0.7898,0.575,7.12
O:HOOD230428C00009500,2023-04-24,2023-04-28,HOOD,C,9.5,741.0,0.31,0.12,1.06,NO,0.215,2.22,0.12,1.24,0.31,0.12,96.0,1682308800000000000,4.0,Weekly,9.63,9.4,9.69,9.38,9.69,8.85,8.94,8.94,0.0483,0.4134,0.3998,0.215,3.2
O:HOOD230428C00010000,2023-04-24,2023-04-28,HOOD,C,10.0,2311.0,0.07,0.04,6.38,NO,0.05,0.52,0.02,0.21,0.08,0.02,210.0,1682308800000000000,4.0,Weekly,9.63,9.4,9.69,9.38,9.69,8.85,8.94,8.94,0.0483,0.5457,0.1351,0.05,0.83
O:HOOD230428C00010500,2023-04-24,2023-04-28,HOOD,C,10.5,374.0,0.01,0.01,11.7,NO,0.015,0.15,0.01,0.1,0.02,0.01,57.0,1682308800000000000,4.0,Weekly,9.63,9.4,9.69,9.38,9.69,8.85,8.94,8.94,0.0483,0.6,0.0371,0.015,0.21
O:HOOD230428C00011000,2023-04-24,2023-04-28,HOOD,C,11.0,127.0,0.01,0.03,17.02,NO,0.02,0.21,0.01,0.1,0.03,0.01,29.0,1682308800000000000,4.0,Weekly,9.63,9.4,9.69,9.38,9.69,8.85,8.94,8.94,0.0483,0.9897,0.0589,0.02,0.31
O:HOOD230428C00011500,2023-04-24,2023-04-28,HOOD,C,11.5,9.0,0.02,0.01,22.34,NO,0.015,0.15,0.01,0.1,0.02,0.01,2.0,1682308800000000000,4.0,Weekly,9.63,9.4,9.69,9.38,9.69,8.85,8.94,8.94,0.0483,0.9791,0.022,0.015,0.21
O:HOOD230505C00006500,2023-05-01,2023-05-05,HOOD,C,6.5,2.0,2.43,2.23,-26.3,YES,2.33,26.33,2.23,25.2,2.43,2.23,2.0,1682913600000000000,4.0,Weekly,8.8,8.82,8.85,8.64,8.85,8.85,8.86,8.86,0.0506,,,2.33,27.46
O:HOOD230505C00007000,2023-05-01,2023-05-05,HOOD,C,7.0,1.0,1.74,1.74,-20.63,YES,1.74,19.66,1.74,19.66,1.74,1.74,1.0,1682913600000000000,4.0,Weekly,8.8,8.82,8.85,8.64,8.85,8.85,8.86,8.86,0.0506,,,1.74,19.66
O:HOOD230505C00007500,2023-05-01,2023-05-05,HOOD,C,7.5,5.0,1.31,1.27,-14.97,YES,1.26,14.24,1.2,13.56,1.32,1.2,5.0,1682913600000000000,4.0,Weekly,8.8,8.82,8.85,8.64,8.85,8.85,8.86,8.86,0.0506,,,1.26,14.92
O:HOOD230505C00008000,2023-05-01,2023-05-05,HOOD,C,8.0,20.0,0.82,0.73,-9.3,YES,0.7749999999999999,8.76,0.73,8.25,0.82,0.73,5.0,1682913600000000000,4.0,Weekly,8.8,8.82,8.85,8.64,8.85,8.85,8.86,8.86,0.0506,,,0.7749999999999999,9.27
O:HOOD230505C00008500,2023-05-01,2023-05-05,HOOD,C,8.5,345.0,0.37,0.38,-3.63,YES,0.36,4.07,0.3,3.39,0.42,0.3,38.0,1682913600000000000,4.0,Weekly,8.8,8.82,8.85,8.64,8.85,8.85,8.86,8.86,0.0506,0.4723,0.7685,0.36,4.75
O:HOOD230505C00009000,2023-05-01,2023-05-05,HOOD,C,9.0,2117.0,0.15,0.1,2.04,NO,0.105,1.19,0.06,0.68,0.15,0.06,256.0,1682913600000000000,4.0,Weekly,8.8,8.82,8.85,8.64,8.85,8.85,8.86,8.86,0.0506,0.4669,0.3349,0.105,1.69
O:HOOD230505C00009500,2023-05-01,2023-05-05,HOOD,C,9.5,1634.0,0.04,0.01,7.71,NO,0.025,0.28,0.01,0.11,0.04,0.01,101.0,1682913600000000000,4.0,Weekly,8.8,8.82,8.85,8.64,8.85,8.85,8.86,8.86,0.0506,0.442,0.053,0.025,0.45
O:HOOD230505C00010000,2023-05-01,2023-05-05,HOOD,C,10.0,211.0,0.02,0.01,13.38,NO,0.02,0.23,0.01,0.11,0.03,0.01,28.0,1682913600000000000,4.0,Weekly,8.8,8.82,8.85,8.64,8.85,8.85,8.86,8.86,0.0506,0.6722,0.035,0.02,0.34
O:HOOD230505C00010500,2023-05-01,2023-05-05,HOOD,C,10.5,27.0,0.01,0.01,19.05,NO,0.01,0.11,0.01,0.11,0.01,0.01,13.0,1682913600000000000,4.0,Weekly,8.8,8.82,8.85,8.64,8.85,8.85,8.86,8.86,0.0506,0.878,0.0264,0.01,0.11
O:HOOD230505C00011500,2023-05-01,2023-05-05,HOOD,C,11.5,44.0,0.01,0.01,30.39,NO,0.01,0.11,0.01,0.11,0.01,0.01,2.0,1682913600000000000,4.0,Weekly,8.8,8.82,8.85,8.64,8.85,8.85,8.86,8.86,0.0506,1.2409,0.0177,0.01,0.11
O:HOOD230505C00012000,2023-05-01,2023-05-05,HOOD,C,12.0,6.0,0.01,0.01,36.05,NO,0.01,0.11,0.01,0.11,0.01,0.01,1.0,1682913600000000000,4.0,Weekly,8.8,8.82,8.85,8.64,8.85,8.85,8.86,8.86,0.0506,1.404,0.0152,0.01,0.11
O:HOOD230505C00017000,2023-05-01,2023-05-05,HOOD,C,17.0,15.0,0.01,0.01,92.74,NO,0.01,0.11,0.01,0.11,0.01,0.01,2.0,1682913600000000000,4.0,Weekly,8.8,8.82,8.85,8.64,8.85,8.85,8.86,8.86,0.0506,2.6425,0.0061,0.01,0.11
O:HOOD230512C00005000,2023-05-08,2023-05-12,HOOD,C,5.0,1.0,3.85,3.85,-43.88,YES,3.85,43.02,3.85,43.02,3.85,3.85,1.0,1683518400000000000,4.0,Weekly,8.82,8.91,8.95,8.76,8.95,8.74,9.64,9.64,0.0506,,,3.85,43.02
O:HOOD230512C00006000,2023-05-08,2023-05-12,HOOD,C,6.0,176.0,2.85,2.92,-32.66,YES,2.87,32.07,2.82,31.51,2.92,2.82,73.0,1683518400000000000,4.0,Weekly,8.82,8.91,8.95,8.76,8.95,8.74,9.64,9.64,0.0506,1.729,0.982,2.87,32.63
O:HOOD230512C00006500,2023-05-08,2023-05-12,HOOD,C,6.5,4.0,2.35,2.39,-27.05,YES,2.37,26.48,2.35,26.26,2.39,2.35,4.0,1683518400000000000,4.0,Weekly,8.82,8.91,8.95,8.76,8.95,8.74,9.64,9.64,0.0506,0.0,,2.37,26.7
O:HOOD230512C00007000,2023-05-08,2023-05-12,HOOD,C,7.0,9.0,1.87,1.91,-21.44,YES,1.875,20.95,1.84,20.56,1.91,1.84,9.0,1683518400000000000,4.0,Weekly,8.82,8.91,8.95,8.76,8.95,8.74,9.64,9.64,0.0506,0.0,,1.875,21.34
O:HOOD230512C00008000,2023-05-08,2023-05-12,HOOD,C,8.0,408.0,0.99,1.05,-10.21,YES,0.985,11.01,0.92,10.28,1.05,0.92,77.0,1683518400000000000,4.0,Weekly,8.82,8.91,8.95,8.76,8.95,8.74,9.64,9.64,0.0506,1.2868,0.7693,0.985,11.73
O:HOOD230512C00008500,2023-05-08,2023-05-12,HOOD,C,8.5,205.0,0.62,0.65,-4.6,YES,0.6000000000000001,6.7,0.55,6.15,0.65,0.55,73.0,1683518400000000000,4.0,Weekly,8.82,8.91,8.95,8.76,8.95,8.74,9.64,9.64,0.0506,1.1281,0.6348,0.6000000000000001,7.26
O:HOOD230512C00009000,2023-05-08,2023-05-12,HOOD,C,9.0,2696.0,0.35,0.36,1.01,NO,0.3399999999999999,3.8,0.29,3.24,0.39,0.29,341.0,1683518400000000000,4.0,Weekly,8.82,8.91,8.95,8.76,8.95,8.74,9.64,9.64,0.0506,1.0733,0.4441,0.3399999999999999,4.36
O:HOOD230512C00009500,2023-05-08,2023-05-12,HOOD,C,9.5,3887.0,0.18,0.2,6.62,NO,0.175,1.96,0.15,1.68,0.2,0.15,281.0,1683518400000000000,4.0,Weekly,8.82,8.91,8.95,8.76,8.95,8.74,9.64,9.64,0.0506,1.1217,0.2742,0.175,2.23
O:HOOD230512C00010000,2023-05-08,2023-05-12,HOOD,C,10.0,1622.0,0.08,0.09,12.23,NO,0.085,0.95,0.07,0.78,0.1,0.07,222.0,1683518400000000000,4.0,Weekly,8.82,8.91,8.95,8.76,8.95,8.74,9.64,9.64,0.0506,1.0963,0.145,0.085,1.12
O:HOOD230512C00010500,2023-05-08,2023-05-12,HOOD,C,10.5,333.0,0.04,0.05,17.85,NO,0.04,0.45,0.03,0.34,0.05,0.03,51.0,1683518400000000000,4.0,Weekly,8.82,8.91,8.95,8.76,8.95,8.74,9.64,9.64,0.0506,1.1709,0.0813,0.04,0.56
O:HOOD230512C00011000,2023-05-08,2023-05-12,HOOD,C,11.0,240.0,0.02,0.02,23.46,NO,0.025,0.28,0.02,0.22,0.03,0.02,36.0,1683518400000000000,4.0,Weekly,8.82,8.91,8.95,8.76,8.95,8.74,9.64,9.64,0.0506,1.1561,0.0362,0.025,0.34
O:HOOD230512C00011500,2023-05-08,2023-05-12,HOOD,C,11.5,125.0,0.01,0.01,29.07,NO,0.015,0.17,0.01,0.11,0.02,0.01,15.0,1683518400000000000,4.0,Weekly,8.82,8.91,8.95,8.76,8.95,8.74,9.64,9.64,0.0506,1.1995,0.0183,0.015,0.22
O:HOOD230512C00012000,2023-05-08,2023-05-12,HOOD,C,12.0,152.0,0.01,0.01,34.68,NO,0.015,0.17,0.01,0.11,0.02,0.01,18.0,1683518400000000000,4.0,Weekly,8.82,8.91,8.95,8.76,8.95,8.74,9.64,9.64,0.0506,1.3633,0.0156,0.015,0.22
O:HOOD230512C00012500,2023-05-08,2023-05-12,HOOD,C,12.5,1.0,0.01,0.01,40.29,NO,0.01,0.11,0.01,0.11,0.01,0.01,1.0,1683518400000000000,4.0,Weekly,8.82,8.91,8.95,8.76,8.95,8.74,9.64,9.64,0.0506,1.5172,0.0136,0.01,0.11
O:HOOD230526C00005500,2023-05-22,2023-05-26,HOOD,C,5.5,1.0,3.18,3.18,-37.21,YES,3.18,36.2,3.18,36.2,3.18,3.18,1.0,1684728000000000000,4.0,Weekly,8.47,8.76,8.79,8.45,8.785,8.82,8.88,8.88,0.0506,,,3.18,36.2
O:HOOD230526C00006500,2023-05-22,2023-05-26,HOOD,C,6.5,1.0,2.23,2.23,-25.8,YES,2.23,25.38,2.23,25.38,2.23,2.23,1.0,1684728000000000000,4.0,Weekly,8.47,8.76,8.79,8.45,8.785,8.82,8.88,8.88,0.0506,,,2.23,25.38
O:HOOD230526C00007500,2023-05-22,2023-05-26,HOOD,C,7.5,7.0,1.08,1.26,-14.38,YES,1.17,13.32,1.08,12.29,1.26,1.08,7.0,1684728000000000000,4.0,Weekly,8.47,8.76,8.79,8.45,8.785,8.82,8.88,8.88,0.0506,0.0,,1.17,14.34
O:HOOD230526C00008000,2023-05-22,2023-05-26,HOOD,C,8.0,163.0,0.54,0.77,-8.68,YES,0.67,7.63,0.54,6.15,0.8,0.54,49.0,1684728000000000000,4.0,Weekly,8.47,8.76,8.79,8.45,8.785,8.82,8.88,8.88,0.0506,0.4773,0.9643,0.67,9.11
O:HOOD230526C00008500,2023-05-22,2023-05-26,HOOD,C,8.5,2412.0,0.2,0.35,-2.97,YES,0.26,2.96,0.15,1.71,0.37,0.15,214.0,1684728000000000000,4.0,Weekly,8.47,8.76,8.79,8.45,8.785,8.82,8.88,8.88,0.0506,0.5243,0.7025,0.26,4.21
O:HOOD230526C00009000,2023-05-22,2023-05-26,HOOD,C,9.0,8106.0,0.05,0.09,2.74,NO,0.075,0.85,0.04,0.46,0.11,0.04,487.0,1684728000000000000,4.0,Weekly,8.47,8.76,8.79,8.45,8.785,8.82,8.88,8.88,0.0506,0.4967,0.2963,0.075,1.25
O:HOOD230526C00009500,2023-05-22,2023-05-26,HOOD,C,9.5,1362.0,0.02,0.02,8.45,NO,0.02,0.23,0.01,0.11,0.03,0.01,159.0,1684728000000000000,4.0,Weekly,8.47,8.76,8.79,8.45,8.785,8.82,8.88,8.88,0.0506,0.5549,0.0785,0.02,0.34
O:HOOD230526C00010000,2023-05-22,2023-05-26,HOOD,C,10.0,305.0,0.01,0.01,14.16,NO,0.015,0.17,0.01,0.11,0.02,0.01,63.0,1684728000000000000,4.0,Weekly,8.47,8.76,8.79,8.45,8.785,8.82,8.88,8.88,0.0506,0.7025,0.0337,0.015,0.23
O:HOOD230526C00010500,2023-05-22,2023-05-26,HOOD,C,10.5,14.0,0.01,0.01,19.86,NO,0.01,0.11,0.01,0.11,0.01,0.01,5.0,1684728000000000000,4.0,Weekly,8.47,8.76,8.79,8.45,8.785,8.82,8.88,8.88,0.0506,0.9071,0.0256,0.01,0.11
O:HOOD230609C00007000,2023-06-05,2023-06-09,HOOD,C,7.0,2.0,2.04,2.09,-22.48,YES,2.065,22.14,2.04,21.88,2.09,2.04,2.0,1685937600000000000,4.0,Weekly,9.29,9.03,9.32,8.98,9.325,9.41,9.7993,9.7993,0.0508,1.7662,0.9011,2.065,22.41
O:HOOD230609C00007500,2023-06-05,2023-06-09,HOOD,C,7.5,1.0,1.58,1.58,-16.94,YES,1.58,16.94,1.58,16.94,1.58,1.58,1.0,1685937600000000000,4.0,Weekly,9.29,9.03,9.32,8.98,9.325,9.41,9.7993,9.7993,0.0508,1.3139,0.9006,1.58,16.94
O:HOOD230609C00008000,2023-06-05,2023-06-09,HOOD,C,8.0,29.0,1.33,1.05,-11.41,YES,1.17,12.55,1.01,10.83,1.33,1.01,7.0,1685937600000000000,4.0,Weekly,9.29,9.03,9.32,8.98,9.325,9.41,9.7993,9.7993,0.0508,0.7318,0.9394,1.17,14.26
O:HOOD230609C00008500,2023-06-05,2023-06-09,HOOD,C,8.5,25.0,0.8,0.61,-5.87,YES,0.7050000000000001,7.56,0.61,6.54,0.8,0.61,11.0,1685937600000000000,4.0,Weekly,9.29,9.03,9.32,8.98,9.325,9.41,9.7993,9.7993,0.0508,0.7098,0.7836,0.7050000000000001,8.58
O:HOOD230609C00009000,2023-06-05,2023-06-09,HOOD,C,9.0,768.0,0.37,0.21,-0.33,YES,0.29,3.11,0.19,2.04,0.39,0.19,152.0,1685937600000000000,4.0,Weekly,9.29,9.03,9.32,8.98,9.325,9.41,9.7993,9.7993,0.0508,0.5101,0.5184,0.29,4.18
O:HOOD230609C00009500,2023-06-05,2023-06-09,HOOD,C,9.5,1222.0,0.12,0.05,5.2,NO,0.09,0.97,0.04,0.43,0.14,0.04,207.0,1685937600000000000,4.0,Weekly,9.29,9.03,9.32,8.98,9.325,9.41,9.7993,9.7993,0.0508,0.5255,0.1737,0.09,1.5
O:HOOD230609C00010000,2023-06-05,2023-06-09,HOOD,C,10.0,7665.0,0.04,0.02,10.74,NO,0.025,0.27,0.01,0.11,0.04,0.01,191.0,1685937600000000000,4.0,Weekly,9.29,9.03,9.32,8.98,9.325,9.41,9.7993,9.7993,0.0508,0.6552,0.065,0.025,0.43
O:HOOD230609C00010500,2023-06-05,2023-06-09,HOOD,C,10.5,200.0,0.01,0.01,16.28,NO,0.02,0.21,0.01,0.11,0.03,0.01,34.0,1685937600000000000,4.0,Weekly,9.29,9.03,9.32,8.98,9.325,9.41,9.7993,9.7993,0.0508,0.7768,0.0295,0.02,0.32
O:HOOD230609C00011000,2023-06-05,2023-06-09,HOOD,C,11.0,4.0,0.01,0.01,21.82,NO,0.01,0.11,0.01,0.11,0.01,0.01,4.0,1685937600000000000,4.0,Weekly,9.29,9.03,9.32,8.98,9.325,9.41,9.7993,9.7993,0.0508,0.9681,0.0232,0.01,0.11
O:HOOD230609C00011500,2023-06-05,2023-06-09,HOOD,C,11.5,5.0,0.01,0.02,27.35,NO,0.015,0.16,0.01,0.11,0.02,0.01,2.0,1685937600000000000,4.0,Weekly,9.29,9.03,9.32,8.98,9.325,9.41,9.7993,9.7993,0.0508,1.2866,0.0316,0.015,0.21
O:HOOD230630C00007000,2023-06-26,2023-06-30,HOOD,C,7.0,1.0,2.63,2.63,-27.31,YES,2.63,27.0,2.63,27.0,2.63,2.63,1.0,1687752000000000000,4.0,Weekly,9.47,9.63,9.74,9.38,9.74,9.98,10.14,10.14,0.0508,0.0,,2.63,27.0
O:HOOD230630C00007500,2023-06-26,2023-06-30,HOOD,C,7.5,14.0,2.13,2.13,-22.12,YES,2.13,21.87,2.13,21.87,2.13,2.13,3.0,1687752000000000000,4.0,Weekly,9.47,9.63,9.74,9.38,9.74,9.98,10.14,10.14,0.0508,0.0,,2.13,21.87
O:HOOD230630C00008000,2023-06-26,2023-06-30,HOOD,C,8.0,3.0,1.69,1.68,-16.93,YES,1.685,17.3,1.68,17.25,1.69,1.68,2.0,1687752000000000000,4.0,Weekly,9.47,9.63,9.74,9.38,9.74,9.98,10.14,10.14,0.0508,1.2897,0.9049,1.685,17.35
O:HOOD230630C00008500,2023-06-26,2023-06-30,HOOD,C,8.5,11.0,1.06,1.14,-11.73,YES,1.12,11.5,1.06,10.88,1.18,1.06,6.0,1687752000000000000,4.0,Weekly,9.47,9.63,9.74,9.38,9.74,9.98,10.14,10.14,0.0508,0.6075,0.9738,1.12,12.11
O:HOOD230630C00009000,2023-06-26,2023-06-30,HOOD,C,9.0,462.0,0.56,0.73,-6.54,YES,0.63,6.47,0.51,5.24,0.75,0.51,45.0,1687752000000000000,4.0,Weekly,9.47,9.63,9.74,9.38,9.74,9.98,10.14,10.14,0.0508,0.8133,0.776,0.63,7.7
O:HOOD230630C00009500,2023-06-26,2023-06-30,HOOD,C,9.5,2283.0,0.25,0.25,-1.35,YES,0.25,2.57,0.17,1.75,0.33,0.17,267.0,1687752000000000000,4.0,Weekly,9.47,9.63,9.74,9.38,9.74,9.98,10.14,10.14,0.0508,0.4359,0.613,0.25,3.39
O:HOOD230630C00010000,2023-06-26,2023-06-30,HOOD,C,10.0,8338.0,0.08,0.06,3.84,NO,0.075,0.77,0.05,0.51,0.1,0.05,537.0,1687752000000000000,4.0,Weekly,9.47,9.63,9.74,9.38,9.74,9.98,10.14,10.14,0.0508,0.461,0.2136,0.075,1.03
O:HOOD230630C00010500,2023-06-26,2023-06-30,HOOD,C,10.5,2135.0,0.03,0.03,9.03,NO,0.02,0.21,0.01,0.1,0.03,0.01,180.0,1687752000000000000,4.0,Weekly,9.47,9.63,9.74,9.38,9.74,9.98,10.14,10.14,0.0508,0.6301,0.0908,0.02,0.31
O:HOOD230630C00011000,2023-06-26,2023-06-30,HOOD,C,11.0,3270.0,0.02,0.01,14.23,NO,0.015,0.15,0.01,0.1,0.02,0.01,81.0,1687752000000000000,4.0,Weekly,9.47,9.63,9.74,9.38,9.74,9.98,10.14,10.14,0.0508,0.6933,0.0314,0.015,0.21
O:HOOD230630C00011500,2023-06-26,2023-06-30,HOOD,C,11.5,22.0,0.01,0.01,19.42,NO,0.01,0.1,0.01,0.1,0.01,0.01,13.0,1687752000000000000,4.0,Weekly,9.47,9.63,9.74,9.38,9.74,9.98,10.14,10.14,0.0508,0.8778,0.0244,0.01,0.1
O:HOOD230630C00012000,2023-06-26,2023-06-30,HOOD,C,12.0,44.0,0.01,0.01,24.61,NO,0.01,0.1,0.01,0.1,0.01,0.01,15.0,1687752000000000000,4.0,Weekly,9.47,9.63,9.74,9.38,9.74,9.98,10.14,10.14,0.0508,1.0482,0.0199,0.01,0.1
O:HOOD230630C00013000,2023-06-26,2023-06-30,HOOD,C,13.0,2.0,0.01,0.02,34.99,NO,0.015,0.15,0.01,0.1,0.02,0.01,2.0,1687752000000000000,4.0,Weekly,9.47,9.63,9.74,9.38,9.74,9.98,10.14,10.14,0.0508,1.513,0.0244,0.015,0.21
O:HOOD230707C00003000,2023-07-03,2023-07-07,HOOD,C,3.0,3.0,7.18,7.18,-71.86,YES,7.18,66.48,7.18,66.48,7.18,7.18,1.0,1688356800000000000,4.0,Weekly,10.0,10.66,10.8,9.98,10.8,10.79,10.91,10.91,0.0512,,,7.18,66.48
O:HOOD230707C00005000,2023-07-03,2023-07-07,HOOD,C,5.0,18.0,5.58,5.6,-53.1,YES,5.59,51.76,5.58,51.67,5.6,5.58,2.0,1688356800000000000,4.0,Weekly,10.0,10.66,10.8,9.98,10.8,10.79,10.91,10.91,0.0512,,,5.59,51.85
O:HOOD230707C00005500,2023-07-03,2023-07-07,HOOD,C,5.5,7.0,4.65,4.65,-48.41,YES,4.65,43.06,4.65,43.06,4.65,4.65,2.0,1688356800000000000,4.0,Weekly,10.0,10.66,10.8,9.98,10.8,10.79,10.91,10.91,0.0512,,,4.65,43.06
O:HOOD230707C00008000,2023-07-03,2023-07-07,HOOD,C,8.0,25.0,2.07,2.72,-24.95,YES,2.395,22.18,2.07,19.17,2.72,2.07,5.0,1688356800000000000,4.0,Weekly,10.0,10.66,10.8,9.98,10.8,10.79,10.91,10.91,0.0512,1.8616,0.916,2.395,25.19
O:HOOD230707C00008500,2023-07-03,2023-07-07,HOOD,C,8.5,5.0,1.59,2.23,-20.26,YES,1.91,17.69,1.59,14.72,2.23,1.59,5.0,1688356800000000000,4.0,Weekly,10.0,10.66,10.8,9.98,10.8,10.79,10.91,10.91,0.0512,1.6059,0.8973,1.91,20.65
O:HOOD230707C00009000,2023-07-03,2023-07-07,HOOD,C,9.0,257.0,1.04,1.79,-15.57,YES,1.415,13.1,1.04,9.63,1.79,1.04,41.0,1688356800000000000,4.0,Weekly,10.0,10.66,10.8,9.98,10.8,10.79,10.91,10.91,0.0512,1.5676,0.8297,1.415,16.57
O:HOOD230707C00009500,2023-07-03,2023-07-07,HOOD,C,9.5,282.0,0.55,1.2,-10.88,YES,0.925,8.56,0.55,5.09,1.3,0.55,52.0,1688356800000000000,4.0,Weekly,10.0,10.66,10.8,9.98,10.8,10.79,10.91,10.91,0.0512,0.8157,0.9054,0.925,12.04
O:HOOD230707C00010000,2023-07-03,2023-07-07,HOOD,C,10.0,5627.0,0.22,0.71,-6.19,YES,0.52,4.81,0.2,1.85,0.84,0.2,1011.0,1688356800000000000,4.0,Weekly,10.0,10.66,10.8,9.98,10.8,10.79,10.91,10.91,0.0512,0.572,0.8524,0.52,7.78
O:HOOD230707C00010500,2023-07-03,2023-07-07,HOOD,C,10.5,9981.0,0.08,0.32,-1.5,YES,0.2299999999999999,2.13,0.05,0.46,0.41,0.05,1444.0,1688356800000000000,4.0,Weekly,10.0,10.66,10.8,9.98,10.8,10.79,10.91,10.91,0.0512,0.5151,0.6041,0.2299999999999999,3.8
O:HOOD230707C00011000,2023-07-03,2023-07-07,HOOD,C,11.0,11792.0,0.03,0.12,3.19,NO,0.0999999999999999,0.93,0.02,0.19,0.18,0.02,1331.0,1688356800000000000,4.0,Weekly,10.0,10.66,10.8,9.98,10.8,10.79,10.91,10.91,0.0512,0.5588,0.289,0.0999999999999999,1.67
O:HOOD230707C00011500,2023-07-03,2023-07-07,HOOD,C,11.5,13755.0,0.02,0.05,7.88,NO,0.045,0.42,0.01,0.09,0.08,0.01,708.0,1688356800000000000,4.0,Weekly,10.0,10.66,10.8,9.98,10.8,10.79,10.91,10.91,0.0512,0.646,0.1257,0.045,0.74
O:HOOD230707C00012000,2023-07-03,2023-07-07,HOOD,C,12.0,1255.0,0.02,0.04,12.57,NO,0.025,0.23,0.01,0.09,0.04,0.01,146.0,1688356800000000000,4.0,Weekly,10.0,10.66,10.8,9.98,10.8,10.79,10.91,10.91,0.0512,0.8321,0.0813,0.025,0.37
O:HOOD230707C00012500,2023-07-03,2023-07-07,HOOD,C,12.5,392.0,0.03,0.03,17.26,NO,0.02,0.19,0.01,0.09,0.03,0.01,66.0,1688356800000000000,4.0,Weekly,10.0,10.66,10.8,9.98,10.8,10.79,10.91,10.91,0.0512,0.9721,0.0537,0.02,0.28
O:HOOD230707C00013000,2023-07-03,2023-07-07,HOOD,C,13.0,1282.0,0.02,0.02,21.95,NO,0.02,0.19,0.01,0.09,0.03,0.01,154.0,1688356800000000000,4.0,Weekly,10.0,10.66,10.8,9.98,10.8,10.79,10.91,10.91,0.0512,1.0658,0.0337,0.02,0.28
O:HOOD230707C00013500,2023-07-03,2023-07-07,HOOD,C,13.5,10.0,0.01,0.01,26.64,NO,0.01,0.09,0.01,0.09,0.01,0.01,3.0,1688356800000000000,4.0,Weekly,10.0,10.66,10.8,9.98,10.8,10.79,10.91,10.91,0.0512,1.0945,0.0173,0.01,0.09
O:HOOD230707C00015000,2023-07-03,2023-07-07,HOOD,C,15.0,18.0,0.02,0.01,40.71,NO,0.015,0.14,0.01,0.09,0.02,0.01,6.0,1688356800000000000,4.0,Weekly,10.0,10.66,10.8,9.98,10.8,10.79,10.91,10.91,0.0512,1.49,0.0118,0.015,0.19
O:HOOD230714C00002500,2023-07-10,2023-07-14,HOOD,C,2.5,1.0,8.49,8.49,-77.7,YES,8.49,75.33,8.49,75.33,8.49,8.49,1.0,1688961600000000000,4.0,Weekly,10.88,11.21,11.27,10.54,11.27,12.38,12.505,12.505,0.0512,,,8.49,75.33
O:HOOD230714C00008500,2023-07-10,2023-07-14,HOOD,C,8.5,3.0,2.3,2.51,-24.17,YES,2.405,21.34,2.3,20.41,2.51,2.3,3.0,1688961600000000000,4.0,Weekly,10.88,11.21,11.27,10.54,11.27,12.38,12.505,12.505,0.0512,,,2.405,22.27
O:HOOD230714C00009000,2023-07-10,2023-07-14,HOOD,C,9.0,22.0,1.64,2.2,-19.71,YES,1.89,16.77,1.58,14.02,2.2,1.58,12.0,1688961600000000000,4.0,Weekly,10.88,11.21,11.27,10.54,11.27,12.38,12.505,12.505,0.0512,0.0,,1.89,19.52
O:HOOD230714C00009500,2023-07-10,2023-07-14,HOOD,C,9.5,64.0,1.33,1.76,-15.25,YES,1.47,13.04,1.18,10.47,1.76,1.18,19.0,1688961600000000000,4.0,Weekly,10.88,11.21,11.27,10.54,11.27,12.38,12.505,12.505,0.0512,1.1322,0.9102,1.47,15.62
O:HOOD230714C00010000,2023-07-10,2023-07-14,HOOD,C,10.0,538.0,0.95,1.25,-10.79,YES,0.95,8.43,0.63,5.59,1.27,0.63,90.0,1688961600000000000,4.0,Weekly,10.88,11.21,11.27,10.54,11.27,12.38,12.505,12.505,0.0512,0.7985,0.9085,0.95,11.27
O:HOOD230714C00010500,2023-07-10,2023-07-14,HOOD,C,10.5,1975.0,0.51,0.77,-6.33,YES,0.545,4.84,0.28,2.48,0.81,0.28,289.0,1688961600000000000,4.0,Weekly,10.88,11.21,11.27,10.54,11.27,12.38,12.505,12.505,0.0512,0.61,0.8417,0.545,7.19
O:HOOD230714C00011000,2023-07-10,2023-07-14,HOOD,C,11.0,17085.0,0.21,0.37,-1.87,YES,0.255,2.26,0.1,0.89,0.41,0.1,1418.0,1688961600000000000,4.0,Weekly,10.88,11.21,11.27,10.54,11.27,12.38,12.505,12.505,0.0512,0.5328,0.626,0.255,3.64
O:HOOD230714C00011500,2023-07-10,2023-07-14,HOOD,C,11.5,8296.0,0.1,0.16,2.59,YES,0.11,0.98,0.04,0.35,0.18,0.04,789.0,1688961600000000000,4.0,Weekly,10.88,11.21,11.27,10.54,11.27,12.38,12.505,12.505,0.0512,0.589,0.3314,0.11,1.6
O:HOOD230714C00012000,2023-07-10,2023-07-14,HOOD,C,12.0,11134.0,0.05,0.07,7.05,YES,0.05,0.44,0.02,0.18,0.08,0.02,561.0,1688961600000000000,4.0,Weekly,10.88,11.21,11.27,10.54,11.27,12.38,12.505,12.505,0.0512,0.6612,0.1562,0.05,0.71
O:HOOD230714C00012500,2023-07-10,2023-07-14,HOOD,C,12.5,6905.0,0.02,0.04,11.51,NO,0.025,0.22,0.01,0.09,0.04,0.01,209.0,1688961600000000000,4.0,Weekly,10.88,11.21,11.27,10.54,11.27,12.38,12.505,12.505,0.0512,0.7726,0.0838,0.025,0.35
O:HOOD230714C00013000,2023-07-10,2023-07-14,HOOD,C,13.0,661.0,0.01,0.02,15.97,NO,0.02,0.18,0.01,0.09,0.03,0.01,84.0,1688961600000000000,4.0,Weekly,10.88,11.21,11.27,10.54,11.27,12.38,12.505,12.505,0.0512,0.8364,0.0419,0.02,0.27
O:HOOD230714C00013500,2023-07-10,2023-07-14,HOOD,C,13.5,148.0,0.01,0.01,20.43,NO,0.015,0.13,0.01,0.09,0.02,0.01,25.0,1688961600000000000,4.0,Weekly,10.88,11.21,11.27,10.54,11.27,12.38,12.505,12.505,0.0512,0.8899,0.0209,0.015,0.18
O:HOOD230714C00014000,2023-07-10,2023-07-14,HOOD,C,14.0,424.0,0.01,0.01,24.89,NO,0.015,0.13,0.01,0.09,0.02,0.01,100.0,1688961600000000000,4.0,Weekly,10.88,11.21,11.27,10.54,11.27,12.38,12.505,12.505,0.0512,1.0325,0.0176,0.015,0.18
O:HOOD230714C00014500,2023-07-10,2023-07-14,HOOD,C,14.5,10.0,0.02,0.02,29.35,NO,0.02,0.18,0.02,0.18,0.02,0.02,3.0,1688961600000000000,4.0,Weekly,10.88,11.21,11.27,10.54,11.27,12.38,12.505,12.505,0.0512,1.3022,0.0255,0.02,0.18
O:HOOD230714C00015000,2023-07-10,2023-07-14,HOOD,C,15.0,506.0,0.02,0.01,33.81,NO,0.015,0.13,0.01,0.09,0.02,0.01,94.0,1688961600000000000,4.0,Weekly,10.88,11.21,11.27,10.54,11.27,12.38,12.505,12.505,0.0512,1.2944,0.0135,0.015,0.18
O:HOOD230714C00020000,2023-07-10,2023-07-14,HOOD,C,20.0,60.0,0.01,0.01,78.41,NO,0.01,0.09,0.01,0.09,0.01,0.01,9.0,1688961600000000000,4.0,Weekly,10.88,11.21,11.27,10.54,11.27,12.38,12.505,12.505,0.0512,2.309,0.006,0.01,0.09
O:HOOD230728C00009000,2023-07-24,2023-07-28,HOOD,C,9.0,5.0,3.75,3.74,-29.36,YES,3.74,28.92,3.73,28.85,3.75,3.73,4.0,1690171200000000000,4.0,Weekly,12.68,12.74,12.93,12.64,12.93,12.73,12.74,12.74,0.0512,0.0,,3.74,29.0
O:HOOD230728C00009500,2023-07-24,2023-07-28,HOOD,C,9.5,9.0,3.4,3.24,-25.43,YES,3.3200000000000003,25.68,3.24,25.06,3.4,3.24,3.0,1690171200000000000,4.0,Weekly,12.68,12.74,12.93,12.64,12.93,12.73,12.74,12.74,0.0512,0.0,,3.3200000000000003,26.3
O:HOOD230728C00010000,2023-07-24,2023-07-28,HOOD,C,10.0,87.0,2.95,2.76,-21.51,YES,2.825,21.85,2.7,20.88,2.95,2.7,14.0,1690171200000000000,4.0,Weekly,12.68,12.74,12.93,12.64,12.93,12.73,12.74,12.74,0.0512,1.2001,0.9692,2.825,22.82
O:HOOD230728C00010500,2023-07-24,2023-07-28,HOOD,C,10.5,24.0,2.26,2.34,-17.58,YES,2.3049999999999997,17.83,2.25,17.4,2.36,2.25,14.0,1690171200000000000,4.0,Weekly,12.68,12.74,12.93,12.64,12.93,12.73,12.74,12.74,0.0512,1.498,0.8766,2.3049999999999997,18.25
O:HOOD230728C00011000,2023-07-24,2023-07-28,HOOD,C,11.0,55.0,1.79,1.71,-13.66,YES,1.7999999999999998,13.92,1.71,13.23,1.89,1.71,23.0,1690171200000000000,4.0,Weekly,12.68,12.74,12.93,12.64,12.93,12.73,12.74,12.74,0.0512,,,1.7999999999999998,14.62
O:HOOD230728C00011500,2023-07-24,2023-07-28,HOOD,C,11.5,47.0,1.41,1.29,-9.73,YES,1.33,10.29,1.25,9.67,1.41,1.25,18.0,1690171200000000000,4.0,Weekly,12.68,12.74,12.93,12.64,12.93,12.73,12.74,12.74,0.0512,0.7563,0.8963,1.33,10.9
O:HOOD230728C00012000,2023-07-24,2023-07-28,HOOD,C,12.0,824.0,0.9,0.83,-5.81,YES,0.875,6.77,0.78,6.03,0.97,0.78,55.0,1690171200000000000,4.0,Weekly,12.68,12.74,12.93,12.64,12.93,12.73,12.74,12.74,0.0512,0.641,0.8069,0.875,7.5
O:HOOD230728C00012500,2023-07-24,2023-07-28,HOOD,C,12.5,1716.0,0.49,0.46,-1.88,YES,0.505,3.91,0.38,2.94,0.63,0.38,260.0,1690171200000000000,4.0,Weekly,12.68,12.74,12.93,12.64,12.93,12.73,12.74,12.74,0.0512,0.6103,0.6082,0.505,4.87
O:HOOD230728C00013000,2023-07-24,2023-07-28,HOOD,C,13.0,16587.0,0.25,0.25,2.04,NO,0.265,2.05,0.17,1.31,0.36,0.17,1370.0,1690171200000000000,4.0,Weekly,12.68,12.74,12.93,12.64,12.93,12.73,12.74,12.74,0.0512,0.6746,0.377,0.265,2.78
O:HOOD230728C00013500,2023-07-24,2023-07-28,HOOD,C,13.5,3657.0,0.15,0.12,5.97,NO,0.15,1.16,0.09,0.7,0.21,0.09,432.0,1690171200000000000,4.0,Weekly,12.68,12.74,12.93,12.64,12.93,12.73,12.74,12.74,0.0512,0.7027,0.207,0.15,1.62
O:HOOD230728C00014000,2023-07-24,2023-07-28,HOOD,C,14.0,1612.0,0.1,0.06,9.89,NO,0.0849999999999999,0.66,0.05,0.39,0.12,0.05,225.0,1690171200000000000,4.0,Weekly,12.68,12.74,12.93,12.64,12.93,12.73,12.74,12.74,0.0512,0.7518,0.1092,0.0849999999999999,0.93
O:HOOD230728C00014500,2023-07-24,2023-07-28,HOOD,C,14.5,430.0,0.07,0.04,13.81,NO,0.055,0.43,0.03,0.23,0.08,0.03,41.0,1690171200000000000,4.0,Weekly,12.68,12.74,12.93,12.64,12.93,12.73,12.74,12.74,0.0512,0.8509,0.068,0.055,0.62
O:HOOD230728C00015000,2023-07-24,2023-07-28,HOOD,C,15.0,3373.0,0.03,0.02,17.74,NO,0.035,0.27,0.02,0.15,0.05,0.02,101.0,1690171200000000000,4.0,Weekly,12.68,12.74,12.93,12.64,12.93,12.73,12.74,12.74,0.0512,0.8821,0.0353,0.035,0.39
O:HOOD230728C00015500,2023-07-24,2023-07-28,HOOD,C,15.5,247.0,0.03,0.01,21.66,NO,0.025,0.19,0.01,0.08,0.04,0.01,31.0,1690171200000000000,4.0,Weekly,12.68,12.74,12.93,12.64,12.93,12.73,12.74,12.74,0.0512,0.9121,0.0181,0.025,0.31
O:HOOD230728C00016000,2023-07-24,2023-07-28,HOOD,C,16.0,62.0,0.02,0.01,25.59,NO,0.015,0.12,0.01,0.08,0.02,0.01,18.0,1690171200000000000,4.0,Weekly,12.68,12.74,12.93,12.64,12.93,12.73,12.74,12.74,0.0512,1.0342,0.0156,0.015,0.15
O:HOOD230728C00016500,2023-07-24,2023-07-28,HOOD,C,16.5,680.0,0.01,0.02,29.51,NO,0.02,0.15,0.01,0.08,0.03,0.01,42.0,1690171200000000000,4.0,Weekly,12.68,12.74,12.93,12.64,12.93,12.73,12.74,12.74,0.0512,1.2796,0.0231,0.02,0.23
O:HOOD230728C00017500,2023-07-24,2023-07-28,HOOD,C,17.5,1.0,0.01,0.01,37.36,NO,0.01,0.08,0.01,0.08,0.01,0.01,1.0,1690171200000000000,4.0,Weekly,12.68,12.74,12.93,12.64,12.93,12.73,12.74,12.74,0.0512,1.367,0.0111,0.01,0.08
O:HOOD230728C00018000,2023-07-24,2023-07-28,HOOD,C,18.0,89.0,0.01,0.01,41.29,NO,0.015,0.12,0.01,0.08,0.02,0.01,9.0,1690171200000000000,4.0,Weekly,12.68,12.74,12.93,12.64,12.93,12.73,12.74,12.74,0.0512,1.4688,0.0101,0.015,0.15
O:HOOD230728C00019500,2023-07-24,2023-07-28,HOOD,C,19.5,10.0,0.01,0.01,53.06,NO,0.01,0.08,0.01,0.08,0.01,0.01,6.0,1690171200000000000,4.0,Weekly,12.68,12.74,12.93,12.64,12.93,12.73,12.74,12.74,0.0512,1.7518,0.008,0.01,0.08
O:HOOD230728C00020000,2023-07-24,2023-07-28,HOOD,C,20.0,50.0,0.01,0.01,56.99,NO,0.01,0.08,0.01,0.08,0.01,0.01,10.0,1690171200000000000,4.0,Weekly,12.68,12.74,12.93,12.64,12.93,12.73,12.74,12.74,0.0512,1.8397,0.0074,0.01,0.08
O:HOOD230804C00005000,2023-07-31,2023-08-04,HOOD,C,5.0,1.0,7.82,7.82,-61.12,YES,7.82,60.08,7.82,60.08,7.82,7.82,1.0,1690776000000000000,4.0,Weekly,12.8,12.86,13.02,12.71,13.015,11.28,11.76,11.76,0.0512,0.0001,1.0,7.82,60.08
O:HOOD230804C00005500,2023-07-31,2023-08-04,HOOD,C,5.5,2.0,7.31,7.31,-57.23,YES,7.31,56.17,7.31,56.17,7.31,7.31,1.0,1690776000000000000,4.0,Weekly,12.8,12.86,13.02,12.71,13.015,11.28,11.76,11.76,0.0512,0.0001,1.0,7.31,56.17
O:HOOD230804C00008000,2023-07-31,2023-08-04,HOOD,C,8.0,19.0,4.93,4.9,-37.79,YES,4.9,37.65,4.8,36.88,5.0,4.8,16.0,1690776000000000000,4.0,Weekly,12.8,12.86,13.02,12.71,13.015,11.28,11.76,11.76,0.0512,2.492,0.9546,4.9,38.42
O:HOOD230804C00008500,2023-07-31,2023-08-04,HOOD,C,8.5,2.0,4.35,4.35,-33.9,YES,4.35,33.42,4.35,33.42,4.35,4.35,1.0,1690776000000000000,4.0,Weekly,12.8,12.86,13.02,12.71,13.015,11.28,11.76,11.76,0.0512,0.0,,4.35,33.42
O:HOOD230804C00009000,2023-07-31,2023-08-04,HOOD,C,9.0,2.0,3.82,3.82,-30.02,YES,3.82,29.35,3.82,29.35,3.82,3.82,2.0,1690776000000000000,4.0,Weekly,12.8,12.86,13.02,12.71,13.015,11.28,11.76,11.76,0.0512,,,3.82,29.35
O:HOOD230804C00009500,2023-07-31,2023-08-04,HOOD,C,9.5,5.0,3.34,3.37,-26.13,YES,3.35,25.74,3.33,25.59,3.37,3.33,5.0,1690776000000000000,4.0,Weekly,12.8,12.86,13.02,12.71,13.015,11.28,11.76,11.76,0.0512,1.2391,0.9885,3.35,25.89
O:HOOD230804C00010000,2023-07-31,2023-08-04,HOOD,C,10.0,543.0,2.81,2.88,-22.24,YES,2.885,22.17,2.81,21.59,2.96,2.81,49.0,1690776000000000000,4.0,Weekly,12.8,12.86,13.02,12.71,13.015,11.28,11.76,11.76,0.0512,1.2378,0.97,2.885,22.74
O:HOOD230804C00010500,2023-07-31,2023-08-04,HOOD,C,10.5,28.0,2.49,2.4,-18.35,YES,2.425,18.63,2.36,18.13,2.49,2.36,5.0,1690776000000000000,4.0,Weekly,12.8,12.86,13.02,12.71,13.015,11.28,11.76,11.76,0.0512,1.2127,0.938,2.425,19.13
O:HOOD230804C00011000,2023-07-31,2023-08-04,HOOD,C,11.0,167.0,1.91,1.93,-14.46,YES,1.955,15.02,1.83,14.06,2.08,1.83,31.0,1690776000000000000,4.0,Weekly,12.8,12.86,13.02,12.71,13.015,11.28,11.76,11.76,0.0512,1.1456,0.8939,1.955,15.98
O:HOOD230804C00011500,2023-07-31,2023-08-04,HOOD,C,11.5,171.0,1.46,1.52,-10.58,NO,1.52,11.68,1.46,11.22,1.58,1.46,23.0,1690776000000000000,4.0,Weekly,12.8,12.86,13.02,12.71,13.015,11.28,11.76,11.76,0.0512,1.1962,0.798,1.52,12.14
O:HOOD230804C00012000,2023-07-31,2023-08-04,HOOD,C,12.0,415.0,1.18,1.16,-6.69,NO,1.16,8.91,1.08,8.3,1.24,1.08,118.0,1690776000000000000,4.0,Weekly,12.8,12.86,13.02,12.71,13.015,11.28,11.76,11.76,0.0512,1.2243,0.6845,1.16,9.53
O:HOOD230804C00012500,2023-07-31,2023-08-04,HOOD,C,12.5,1381.0,0.8,0.87,-2.8,NO,0.845,6.49,0.77,5.92,0.92,0.77,238.0,1690776000000000000,4.0,Weekly,12.8,12.86,13.02,12.71,13.015,11.28,11.76,11.76,0.0512,1.2677,0.5603,0.845,7.07
O:HOOD230804C00013000,2023-07-31,2023-08-04,HOOD,C,13.0,7011.0,0.6,0.64,1.09,NO,0.625,4.8,0.56,4.3,0.69,0.56,1063.0,1690776000000000000,4.0,Weekly,12.8,12.86,13.02,12.71,13.015,11.28,11.76,11.76,0.0512,1.3058,0.443,0.625,5.3
O:HOOD230804C00013500,2023-07-31,2023-08-04,HOOD,C,13.5,2526.0,0.39,0.48,4.98,NO,0.44,3.38,0.39,3.0,0.49,0.39,367.0,1690776000000000000,4.0,Weekly,12.8,12.86,13.02,12.71,13.015,11.28,11.76,11.76,0.0512,1.3724,0.3424,0.44,3.76
O:HOOD230804C00014000,2023-07-31,2023-08-04,HOOD,C,14.0,4206.0,0.29,0.34,8.86,NO,0.3199999999999999,2.46,0.29,2.23,0.35,0.29,462.0,1690776000000000000,4.0,Weekly,12.8,12.86,13.02,12.71,13.015,11.28,11.76,11.76,0.0512,1.3907,0.2571,0.3199999999999999,2.69
O:HOOD230804C00014500,2023-07-31,2023-08-04,HOOD,C,14.5,1801.0,0.22,0.25,12.75,NO,0.225,1.73,0.2,1.54,0.25,0.2,144.0,1690776000000000000,4.0,Weekly,12.8,12.86,13.02,12.71,13.015,11.28,11.76,11.76,0.0512,1.4394,0.1927,0.225,1.92
O:HOOD230804C00015000,2023-07-31,2023-08-04,HOOD,C,15.0,5598.0,0.16,0.17,16.64,NO,0.1649999999999999,1.27,0.15,1.15,0.18,0.15,340.0,1690776000000000000,4.0,Weekly,12.8,12.86,13.02,12.71,13.015,11.28,11.76,11.76,0.0512,1.4447,0.1379,0.1649999999999999,1.38
O:HOOD230804C00015500,2023-07-31,2023-08-04,HOOD,C,15.5,456.0,0.12,0.13,20.53,NO,0.125,0.96,0.11,0.85,0.14,0.11,78.0,1690776000000000000,4.0,Weekly,12.8,12.86,13.02,12.71,13.015,11.28,11.76,11.76,0.0512,1.5075,0.1041,0.125,1.08
O:HOOD230804C00016000,2023-07-31,2023-08-04,HOOD,C,16.0,496.0,0.07,0.09,24.42,NO,0.09,0.69,0.07,0.54,0.11,0.07,78.0,1690776000000000000,4.0,Weekly,12.8,12.86,13.02,12.71,13.015,11.28,11.76,11.76,0.0512,1.5231,0.074,0.09,0.85
O:HOOD230804C00016500,2023-07-31,2023-08-04,HOOD,C,16.5,202.0,0.07,0.08,28.3,NO,0.07,0.54,0.06,0.46,0.08,0.06,39.0,1690776000000000000,4.0,Weekly,12.8,12.86,13.02,12.71,13.015,11.28,11.76,11.76,0.0512,1.63,0.0615,0.07,0.61
O:HOOD230804C00017000,2023-07-31,2023-08-04,HOOD,C,17.0,177.0,0.05,0.06,32.19,NO,0.05,0.38,0.04,0.31,0.06,0.04,32.0,1690776000000000000,4.0,Weekly,12.8,12.86,13.02,12.71,13.015,11.28,11.76,11.76,0.0512,1.665,0.046,0.05,0.46
O:HOOD230804C00017500,2023-07-31,2023-08-04,HOOD,C,17.5,165.0,0.04,0.05,36.08,NO,0.04,0.31,0.03,0.23,0.05,0.03,24.0,1690776000000000000,4.0,Weekly,12.8,12.86,13.02,12.71,13.015,11.28,11.76,11.76,0.0512,1.7316,0.037,0.04,0.38
O:HOOD230804C00018000,2023-07-31,2023-08-04,HOOD,C,18.0,76.0,0.03,0.04,39.97,NO,0.035,0.27,0.03,0.23,0.04,0.03,11.0,1690776000000000000,4.0,Weekly,12.8,12.86,13.02,12.71,13.015,11.28,11.76,11.76,0.0512,1.7786,0.029,0.035,0.31
O:HOOD230804C00018500,2023-07-31,2023-08-04,HOOD,C,18.5,70.0,0.03,0.04,43.86,NO,0.03,0.23,0.02,0.15,0.04,0.02,12.0,1690776000000000000,4.0,Weekly,12.8,12.86,13.02,12.71,13.015,11.28,11.76,11.76,0.0512,1.8925,0.0267,0.03,0.31
O:HOOD230804C00019000,2023-07-31,2023-08-04,HOOD,C,19.0,162.0,0.02,0.02,47.74,NO,0.025,0.19,0.02,0.15,0.03,0.02,19.0,1690776000000000000,4.0,Weekly,12.8,12.86,13.02,12.71,13.015,11.28,11.76,11.76,0.0512,1.7907,0.0149,0.025,0.23
O:HOOD230804C00019500,2023-07-31,2023-08-04,HOOD,C,19.5,12.0,0.02,0.04,51.63,NO,0.03,0.23,0.02,0.15,0.04,0.02,10.0,1690776000000000000,4.0,Weekly,12.8,12.86,13.02,12.71,13.015,11.28,11.76,11.76,0.0512,2.1073,0.023,0.03,0.31
O:HOOD230804C00020000,2023-07-31,2023-08-04,HOOD,C,20.0,220.0,0.02,0.02,55.52,NO,0.02,0.15,0.01,0.08,0.03,0.01,40.0,1690776000000000000,4.0,Weekly,12.8,12.86,13.02,12.71,13.015,11.28,11.76,11.76,0.0512,1.9827,0.0129,0.02,0.23
O:HOOD230804C00021000,2023-07-31,2023-08-04,HOOD,C,21.0,39.0,0.01,0.01,63.3,NO,0.03,0.23,0.01,0.08,0.05,0.01,13.0,1690776000000000000,4.0,Weekly,12.8,12.86,13.02,12.71,13.015,11.28,11.76,11.76,0.0512,1.9728,0.0067,0.03,0.38
O:HOOD230804C00021500,2023-07-31,2023-08-04,HOOD,C,21.5,1.0,0.04,0.04,67.19,NO,0.04,0.31,0.04,0.31,0.04,0.04,1.0,1690776000000000000,4.0,Weekly,12.8,12.86,13.02,12.71,13.015,11.28,11.76,11.76,0.0512,2.4935,0.018,0.04,0.31
O:HOOD230811C00008500,2023-08-07,2023-08-11,HOOD,C,8.5,1.0,2.86,2.86,-25.04,YES,2.86,24.87,2.86,24.87,2.86,2.86,1.0,1691380800000000000,4.0,Weekly,11.31,11.34,11.5,11.07,11.5,10.72,10.79,10.79,0.0533,1.4306,0.9681,2.86,24.87
O:HOOD230811C00009000,2023-08-07,2023-08-11,HOOD,C,9.0,1.0,2.49,2.49,-20.63,YES,2.49,21.65,2.49,21.65,2.49,2.49,1.0,1691380800000000000,4.0,Weekly,11.31,11.34,11.5,11.07,11.5,10.72,10.79,10.79,0.0533,2.009,0.8405,2.49,21.65
O:HOOD230811C00009500,2023-08-07,2023-08-11,HOOD,C,9.5,32.0,1.93,1.93,-16.23,YES,1.93,16.78,1.93,16.78,1.93,1.93,5.0,1691380800000000000,4.0,Weekly,11.31,11.34,11.5,11.07,11.5,10.72,10.79,10.79,0.0533,1.4066,0.8713,1.93,16.78
O:HOOD230811C00010000,2023-08-07,2023-08-11,HOOD,C,10.0,493.0,1.16,1.4,-11.82,YES,1.315,11.43,1.13,9.83,1.5,1.13,34.0,1691380800000000000,4.0,Weekly,11.31,11.34,11.5,11.07,11.5,10.72,10.79,10.79,0.0533,0.9644,0.8851,1.315,13.04
O:HOOD230811C00010500,2023-08-07,2023-08-11,HOOD,C,10.5,39.0,0.8,0.95,-7.41,YES,0.8200000000000001,7.13,0.66,5.74,0.98,0.66,22.0,1691380800000000000,4.0,Weekly,11.31,11.34,11.5,11.07,11.5,10.72,10.79,10.79,0.0533,0.854,0.7947,0.8200000000000001,8.52
O:HOOD230811C00011000,2023-08-07,2023-08-11,HOOD,C,11.0,956.0,0.47,0.46,-3.0,NO,0.425,3.7,0.28,2.43,0.57,0.28,189.0,1691380800000000000,4.0,Weekly,11.31,11.34,11.5,11.07,11.5,10.72,10.79,10.79,0.0533,0.535,0.7005,0.425,4.96
O:HOOD230811C00011500,2023-08-07,2023-08-11,HOOD,C,11.5,4554.0,0.17,0.17,1.41,NO,0.175,1.52,0.1,0.87,0.25,0.1,466.0,1691380800000000000,4.0,Weekly,11.31,11.34,11.5,11.07,11.5,10.72,10.79,10.79,0.0533,0.501,0.3889,0.175,2.17
O:HOOD230811C00012000,2023-08-07,2023-08-11,HOOD,C,12.0,4231.0,0.09,0.06,5.82,NO,0.065,0.57,0.04,0.35,0.09,0.04,395.0,1691380800000000000,4.0,Weekly,11.31,11.34,11.5,11.07,11.5,10.72,10.79,10.79,0.0533,0.5535,0.1598,0.065,0.78
O:HOOD230811C00012500,2023-08-07,2023-08-11,HOOD,C,12.5,1006.0,0.05,0.03,10.23,NO,0.035,0.3,0.02,0.17,0.05,0.02,150.0,1691380800000000000,4.0,Weekly,11.31,11.34,11.5,11.07,11.5,10.72,10.79,10.79,0.0533,0.6596,0.0754,0.035,0.43
O:HOOD230811C00013000,2023-08-07,2023-08-11,HOOD,C,13.0,1034.0,0.03,0.01,14.64,NO,0.02,0.17,0.01,0.09,0.03,0.01,111.0,1691380800000000000,4.0,Weekly,11.31,11.34,11.5,11.07,11.5,10.72,10.79,10.79,0.0533,0.6886,0.0272,0.02,0.26
O:HOOD230811C00013500,2023-08-07,2023-08-11,HOOD,C,13.5,265.0,0.01,0.02,19.05,NO,0.015,0.13,0.01,0.09,0.02,0.01,55.0,1691380800000000000,4.0,Weekly,11.31,11.34,11.5,11.07,11.5,10.72,10.79,10.79,0.0533,0.9499,0.0362,0.015,0.17
O:HOOD230811C00014000,2023-08-07,2023-08-11,HOOD,C,14.0,349.0,0.01,0.01,23.46,NO,0.015,0.13,0.01,0.09,0.02,0.01,42.0,1691380800000000000,4.0,Weekly,11.31,11.34,11.5,11.07,11.5,10.72,10.79,10.79,0.0533,0.9858,0.0184,0.015,0.17
O:HOOD230811C00014500,2023-08-07,2023-08-11,HOOD,C,14.5,152.0,0.01,0.01,27.87,NO,0.01,0.09,0.01,0.09,0.01,0.01,18.0,1691380800000000000,4.0,Weekly,11.31,11.34,11.5,11.07,11.5,10.72,10.79,10.79,0.0533,1.121,0.0158,0.01,0.09
O:HOOD230811C00015000,2023-08-07,2023-08-11,HOOD,C,15.0,9.0,0.01,0.01,32.28,NO,0.01,0.09,0.01,0.09,0.01,0.01,3.0,1691380800000000000,4.0,Weekly,11.31,11.34,11.5,11.07,11.5,10.72,10.79,10.79,0.0533,1.2491,0.0139,0.01,0.09
O:HOOD230825C00004000,2023-08-21,2023-08-25,HOOD,C,4.0,11.0,6.32,6.32,-61.5,YES,6.32,60.51,6.32,60.51,6.32,6.32,1.0,1692590400000000000,4.0,Weekly,10.29,10.39,10.45,10.13,10.445,10.54,10.6,10.6,0.0533,,,6.32,60.51
O:HOOD230825C00008500,2023-08-21,2023-08-25,HOOD,C,8.5,2.0,1.73,1.73,-18.19,YES,1.73,16.56,1.73,16.56,1.73,1.73,1.0,1692590400000000000,4.0,Weekly,10.29,10.39,10.45,10.13,10.445,10.54,10.6,10.6,0.0533,,,1.73,16.56
O:HOOD230825C00009000,2023-08-21,2023-08-25,HOOD,C,9.0,117.0,1.52,1.43,-13.38,YES,1.32,12.64,1.12,10.72,1.52,1.12,18.0,1692590400000000000,4.0,Weekly,10.29,10.39,10.45,10.13,10.445,10.54,10.6,10.6,0.0533,0.9723,0.914,1.32,14.55
O:HOOD230825C00009500,2023-08-21,2023-08-25,HOOD,C,9.5,79.0,0.75,0.91,-8.57,YES,0.825,7.9,0.7,6.7,0.95,0.7,16.0,1692590400000000000,4.0,Weekly,10.29,10.39,10.45,10.13,10.445,10.54,10.6,10.6,0.0533,0.5504,0.9377,0.825,9.1
O:HOOD230825C00010000,2023-08-21,2023-08-25,HOOD,C,10.0,349.0,0.44,0.46,-3.75,YES,0.395,3.78,0.29,2.78,0.5,0.29,124.0,1692590400000000000,4.0,Weekly,10.29,10.39,10.45,10.13,10.445,10.54,10.6,10.6,0.0533,0.4789,0.7733,0.395,4.79
O:HOOD230825C00010500,2023-08-21,2023-08-25,HOOD,C,10.5,2536.0,0.13,0.15,1.06,YES,0.125,1.2,0.08,0.77,0.17,0.08,298.0,1692590400000000000,4.0,Weekly,10.29,10.39,10.45,10.13,10.445,10.54,10.6,10.6,0.0533,0.4532,0.4077,0.125,1.63
O:HOOD230825C00011000,2023-08-21,2023-08-25,HOOD,C,11.0,883.0,0.03,0.03,5.87,NO,0.03,0.29,0.02,0.19,0.04,0.02,142.0,1692590400000000000,4.0,Weekly,10.29,10.39,10.45,10.13,10.445,10.54,10.6,10.6,0.0533,0.4576,0.1145,0.03,0.38
O:HOOD230825C00011500,2023-08-21,2023-08-25,HOOD,C,11.5,3592.0,0.01,0.01,10.68,NO,0.02,0.19,0.01,0.1,0.03,0.01,88.0,1692590400000000000,4.0,Weekly,10.29,10.39,10.45,10.13,10.445,10.54,10.6,10.6,0.0533,0.5489,0.0371,0.02,0.29
O:HOOD230825C00012000,2023-08-21,2023-08-25,HOOD,C,12.0,60.0,0.01,0.02,15.5,NO,0.015,0.14,0.01,0.1,0.02,0.01,14.0,1692590400000000000,4.0,Weekly,10.29,10.39,10.45,10.13,10.445,10.54,10.6,10.6,0.0533,0.8305,0.0452,0.015,0.19
O:HOOD230825C00012500,2023-08-21,2023-08-25,HOOD,C,12.5,21.0,0.01,0.01,20.31,NO,0.01,0.1,0.01,0.1,0.01,0.01,6.0,1692590400000000000,4.0,Weekly,10.29,10.39,10.45,10.13,10.445,10.54,10.6,10.6,0.0533,0.8966,0.0222,0.01,0.1
O:HOOD230825C00013500,2023-08-21,2023-08-25,HOOD,C,13.5,1.0,0.01,0.01,29.93,NO,0.01,0.1,0.01,0.1,0.01,0.01,1.0,1692590400000000000,4.0,Weekly,10.29,10.39,10.45,10.13,10.445,10.54,10.6,10.6,0.0533,1.1972,0.0159,0.01,0.1
O:HOOD230901C00003000,2023-08-28,2023-09-01,HOOD,C,3.0,1.0,7.55,7.55,-71.56,YES,7.55,70.43,7.55,70.43,7.55,7.55,1.0,1693195200000000000,4.0,Weekly,10.62,10.55,10.72,10.5,10.72,11.11,11.37,11.37,0.0533,0.0001,1.0,7.55,70.43
O:HOOD230901C00008500,2023-08-28,2023-09-01,HOOD,C,8.5,1.0,2.15,2.15,-19.43,YES,2.15,20.06,2.15,20.06,2.15,2.15,1.0,1693195200000000000,4.0,Weekly,10.62,10.55,10.72,10.5,10.72,11.11,11.37,11.37,0.0533,1.7215,0.8669,2.15,20.06
O:HOOD230901C00009000,2023-08-28,2023-09-01,HOOD,C,9.0,2.0,1.6,1.6,-14.69,YES,1.6,14.93,1.6,14.93,1.6,1.6,2.0,1693195200000000000,4.0,Weekly,10.62,10.55,10.72,10.5,10.72,11.11,11.37,11.37,0.0533,1.1145,0.9047,1.6,14.93
O:HOOD230901C00009500,2023-08-28,2023-09-01,HOOD,C,9.5,8.0,1.16,1.07,-9.95,YES,1.115,10.4,1.07,9.98,1.16,1.07,5.0,1693195200000000000,4.0,Weekly,10.62,10.55,10.72,10.5,10.72,11.11,11.37,11.37,0.0533,0.6218,0.9437,1.115,10.82
O:HOOD230901C00010000,2023-08-28,2023-09-01,HOOD,C,10.0,158.0,0.57,0.6,-5.21,YES,0.64,5.97,0.55,5.13,0.73,0.55,17.0,1693195200000000000,4.0,Weekly,10.62,10.55,10.72,10.5,10.72,11.11,11.37,11.37,0.0533,0.5088,0.8388,0.64,6.81
O:HOOD230901C00010500,2023-08-28,2023-09-01,HOOD,C,10.5,1198.0,0.25,0.22,-0.47,YES,0.265,2.47,0.19,1.77,0.34,0.19,105.0,1693195200000000000,4.0,Weekly,10.62,10.55,10.72,10.5,10.72,11.11,11.37,11.37,0.0533,0.4338,0.5377,0.265,3.17
O:HOOD230901C00011000,2023-08-28,2023-09-01,HOOD,C,11.0,1836.0,0.07,0.05,4.27,YES,0.065,0.61,0.04,0.37,0.09,0.04,185.0,1693195200000000000,4.0,Weekly,10.62,10.55,10.72,10.5,10.72,11.11,11.37,11.37,0.0533,0.4388,0.1789,0.065,0.84
O:HOOD230901C00011500,2023-08-28,2023-09-01,HOOD,C,11.5,365.0,0.02,0.01,9.0,NO,0.015,0.14,0.01,0.09,0.02,0.01,74.0,1693195200000000000,4.0,Weekly,10.62,10.55,10.72,10.5,10.72,11.11,11.37,11.37,0.0533,0.4799,0.0418,0.015,0.19
O:HOOD230901C00012000,2023-08-28,2023-09-01,HOOD,C,12.0,178.0,0.01,0.01,13.74,NO,0.015,0.14,0.01,0.09,0.02,0.01,28.0,1693195200000000000,4.0,Weekly,10.62,10.55,10.72,10.5,10.72,11.11,11.37,11.37,0.0533,0.6643,0.0302,0.015,0.19
O:HOOD230901C00012500,2023-08-28,2023-09-01,HOOD,C,12.5,16.0,0.01,0.01,18.48,NO,0.01,0.09,0.01,0.09,0.01,0.01,10.0,1693195200000000000,4.0,Weekly,10.62,10.55,10.72,10.5,10.72,11.11,11.37,11.37,0.0533,0.8329,0.0237,0.01,0.09
O:HOOD230922C00003000,2023-09-18,2023-09-22,HOOD,C,3.0,1.0,7.58,7.58,-71.7,YES,7.58,70.25,7.58,70.25,7.58,7.58,1.0,1695009600000000000,4.0,Weekly,10.65,10.6,10.79,10.58,10.79,9.7,9.97,9.97,0.0533,0.0001,1.0,7.58,70.25
O:HOOD230922C00008000,2023-09-18,2023-09-22,HOOD,C,8.0,3.0,2.7,2.7,-24.53,YES,2.7,25.02,2.7,25.02,2.7,2.7,1.0,1695009600000000000,4.0,Weekly,10.65,10.6,10.79,10.58,10.79,9.7,9.97,9.97,0.0533,2.1009,0.8794,2.7,25.02
O:HOOD230922C00009500,2023-09-18,2023-09-22,HOOD,C,9.5,3.0,1.19,1.21,-10.38,YES,1.165,10.8,1.12,10.38,1.21,1.12,3.0,1695009600000000000,4.0,Weekly,10.65,10.6,10.79,10.58,10.79,9.7,9.97,9.97,0.0533,1.1003,0.8156,1.165,11.21
O:HOOD230922C00010000,2023-09-18,2023-09-22,HOOD,C,10.0,96.0,0.7,0.74,-5.66,NO,0.735,6.81,0.7,6.49,0.77,0.7,10.0,1695009600000000000,4.0,Weekly,10.65,10.6,10.79,10.58,10.79,9.7,9.97,9.97,0.0533,0.8343,0.7357,0.735,7.14
O:HOOD230922C00010500,2023-09-18,2023-09-22,HOOD,C,10.5,329.0,0.28,0.23,-0.94,NO,0.285,2.64,0.22,2.04,0.35,0.22,60.0,1695009600000000000,4.0,Weekly,10.65,10.6,10.79,10.58,10.79,9.7,9.97,9.97,0.0533,0.3899,0.5894,0.285,3.24
O:HOOD230922C00011000,2023-09-18,2023-09-22,HOOD,C,11.0,1870.0,0.08,0.05,3.77,NO,0.06,0.56,0.04,0.37,0.08,0.04,205.0,1695009600000000000,4.0,Weekly,10.65,10.6,10.79,10.58,10.79,9.7,9.97,9.97,0.0533,0.4068,0.1901,0.06,0.74
O:HOOD230922C00011500,2023-09-18,2023-09-22,HOOD,C,11.5,523.0,0.02,0.02,8.49,NO,0.015,0.14,0.01,0.09,0.02,0.01,61.0,1695009600000000000,4.0,Weekly,10.65,10.6,10.79,10.58,10.79,9.7,9.97,9.97,0.0533,0.5318,0.0693,0.015,0.19
O:HOOD230922C00012000,2023-09-18,2023-09-22,HOOD,C,12.0,370.0,0.01,0.01,13.21,NO,0.01,0.09,0.01,0.09,0.01,0.01,29.0,1695009600000000000,4.0,Weekly,10.65,10.6,10.79,10.58,10.79,9.7,9.97,9.97,0.0533,0.6438,0.031,0.01,0.09
O:HOOD230922C00012500,2023-09-18,2023-09-22,HOOD,C,12.5,4.0,0.01,0.01,17.92,NO,0.01,0.09,0.01,0.09,0.01,0.01,2.0,1695009600000000000,4.0,Weekly,10.65,10.6,10.79,10.58,10.79,9.7,9.97,9.97,0.0533,0.8131,0.0243,0.01,0.09
O:HOOD230922C00020500,2023-09-18,2023-09-22,HOOD,C,20.5,1.0,0.01,0.01,93.4,NO,0.01,0.09,0.01,0.09,0.01,0.01,1.0,1695009600000000000,4.0,Weekly,10.65,10.6,10.79,10.58,10.79,9.7,9.97,9.97,0.0533,2.5951,0.0052,0.01,0.09
O:HOOD230929C00003000,2023-09-25,2023-09-29,HOOD,C,3.0,1.0,6.45,6.45,-69.01,YES,6.45,66.02,6.45,66.02,6.45,6.45,1.0,1695614400000000000,4.0,Weekly,9.57,9.68,9.77,9.55,9.77,9.81,10.01,10.01,0.0533,,,6.45,66.02
O:HOOD230929C00007000,2023-09-25,2023-09-29,HOOD,C,7.0,1.0,2.63,2.63,-27.69,YES,2.63,26.92,2.63,26.92,2.63,2.63,1.0,1695614400000000000,4.0,Weekly,9.57,9.68,9.77,9.55,9.77,9.81,10.01,10.01,0.0533,,,2.63,26.92
O:HOOD230929C00007500,2023-09-25,2023-09-29,HOOD,C,7.5,2.0,2.19,2.19,-22.52,YES,2.19,22.42,2.19,22.42,2.19,2.19,2.0,1695614400000000000,4.0,Weekly,9.57,9.68,9.77,9.55,9.77,9.81,10.01,10.01,0.0533,1.1342,0.9819,2.19,22.42
O:HOOD230929C00008500,2023-09-25,2023-09-29,HOOD,C,8.5,1.0,1.27,1.27,-12.19,YES,1.27,13.0,1.27,13.0,1.27,1.27,1.0,1695614400000000000,4.0,Weekly,9.57,9.68,9.77,9.55,9.77,9.81,10.01,10.01,0.0533,1.187,0.8386,1.27,13.0
O:HOOD230929C00009000,2023-09-25,2023-09-29,HOOD,C,9.0,130.0,0.74,0.69,-7.02,YES,0.71,7.27,0.64,6.55,0.78,0.64,14.0,1695614400000000000,4.0,Weekly,9.57,9.68,9.77,9.55,9.77,9.81,10.01,10.01,0.0533,0.3804,0.9659,0.71,7.98
O:HOOD230929C00009500,2023-09-25,2023-09-29,HOOD,C,9.5,159.0,0.35,0.27,-1.86,YES,0.255,2.61,0.16,1.64,0.35,0.16,44.0,1695614400000000000,4.0,Weekly,9.57,9.68,9.77,9.55,9.77,9.81,10.01,10.01,0.0533,0.4008,0.6701,0.255,3.58
O:HOOD230929C00010000,2023-09-25,2023-09-29,HOOD,C,10.0,1317.0,0.06,0.07,3.31,NO,0.075,0.77,0.05,0.51,0.1,0.05,176.0,1695614400000000000,4.0,Weekly,9.57,9.68,9.77,9.55,9.77,9.81,10.01,10.01,0.0533,0.454,0.2433,0.075,1.02
O:HOOD230929C00010500,2023-09-25,2023-09-29,HOOD,C,10.5,482.0,0.03,0.02,8.47,NO,0.02,0.2,0.01,0.1,0.03,0.01,72.0,1695614400000000000,4.0,Weekly,9.57,9.68,9.77,9.55,9.77,9.81,10.01,10.01,0.0533,0.5424,0.0735,0.02,0.31
O:HOOD230929C00011000,2023-09-25,2023-09-29,HOOD,C,11.0,559.0,0.01,0.01,13.64,NO,0.015,0.15,0.01,0.1,0.02,0.01,73.0,1695614400000000000,4.0,Weekly,9.57,9.68,9.77,9.55,9.77,9.81,10.01,10.01,0.0533,0.6705,0.0323,0.015,0.2
O:HOOD230929C00011500,2023-09-25,2023-09-29,HOOD,C,11.5,256.0,0.01,0.01,18.8,NO,0.015,0.15,0.01,0.1,0.02,0.01,21.0,1695614400000000000,4.0,Weekly,9.57,9.68,9.77,9.55,9.77,9.81,10.01,10.01,0.0533,0.8558,0.0249,0.015,0.2
O:HOOD230929C00012000,2023-09-25,2023-09-29,HOOD,C,12.0,25.0,0.01,0.01,23.97,NO,0.01,0.1,0.01,0.1,0.01,0.01,8.0,1695614400000000000,4.0,Weekly,9.57,9.68,9.77,9.55,9.77,9.81,10.01,10.01,0.0533,1.0268,0.0203,0.01,0.1
O:HOOD230929C00012500,2023-09-25,2023-09-29,HOOD,C,12.5,50.0,0.01,0.01,29.13,NO,0.01,0.1,0.01,0.1,0.01,0.01,8.0,1695614400000000000,4.0,Weekly,9.57,9.68,9.77,9.55,9.77,9.81,10.01,10.01,0.0533,1.1862,0.0172,0.01,0.1
O:HOOD231006C00007500,2023-10-02,2023-10-06,HOOD,C,7.5,1.0,2.21,2.21,-22.92,YES,2.21,22.32,2.21,22.32,2.21,2.21,1.0,1696219200000000000,4.0,Weekly,9.77,9.73,9.9,9.59,9.9,9.93,9.99,9.99,0.0533,,,2.21,22.32
O:HOOD231006C00008000,2023-10-02,2023-10-06,HOOD,C,8.0,2.0,1.83,1.75,-17.78,YES,1.79,18.08,1.75,17.68,1.83,1.75,2.0,1696219200000000000,4.0,Weekly,9.77,9.73,9.9,9.59,9.9,9.93,9.99,9.99,0.0533,1.0634,0.9562,1.79,18.48
O:HOOD231006C00008500,2023-10-02,2023-10-06,HOOD,C,8.5,20.0,1.12,1.17,-12.64,YES,1.16,11.72,1.12,11.31,1.2,1.12,9.0,1696219200000000000,4.0,Weekly,9.77,9.73,9.9,9.59,9.9,9.93,9.99,9.99,0.0533,,,1.16,12.12
O:HOOD231006C00009000,2023-10-02,2023-10-06,HOOD,C,9.0,12.0,0.8,0.68,-7.5,YES,0.74,7.47,0.68,6.87,0.8,0.68,5.0,1696219200000000000,4.0,Weekly,9.77,9.73,9.9,9.59,9.9,9.93,9.99,9.99,0.0533,,,0.74,8.08
O:HOOD231006C00009500,2023-10-02,2023-10-06,HOOD,C,9.5,201.0,0.42,0.32,-2.36,YES,0.36,3.64,0.25,2.53,0.47,0.25,45.0,1696219200000000000,4.0,Weekly,9.77,9.73,9.9,9.59,9.9,9.93,9.99,9.99,0.0533,0.4434,0.6931,0.36,4.75
O:HOOD231006C00010000,2023-10-02,2023-10-06,HOOD,C,10.0,1426.0,0.37,0.09,2.77,NO,0.21,2.12,0.05,0.51,0.37,0.05,238.0,1696219200000000000,4.0,Weekly,9.77,9.73,9.9,9.59,9.9,9.93,9.99,9.99,0.0533,0.4715,0.2852,0.21,3.74
O:HOOD231006C00010500,2023-10-02,2023-10-06,HOOD,C,10.5,627.0,0.04,0.02,7.91,NO,0.025,0.25,0.01,0.1,0.04,0.01,90.0,1696219200000000000,4.0,Weekly,9.77,9.73,9.9,9.59,9.9,9.93,9.99,9.99,0.0533,0.5157,0.0768,0.025,0.4
O:HOOD231006C00011000,2023-10-02,2023-10-06,HOOD,C,11.0,295.0,0.02,0.01,13.05,NO,0.015,0.15,0.01,0.1,0.02,0.01,59.0,1696219200000000000,4.0,Weekly,9.77,9.73,9.9,9.59,9.9,9.93,9.99,9.99,0.0533,0.6478,0.0333,0.015,0.2
O:HOOD231006C00011500,2023-10-02,2023-10-06,HOOD,C,11.5,25.0,0.01,0.01,18.19,NO,0.01,0.1,0.01,0.1,0.01,0.01,6.0,1696219200000000000,4.0,Weekly,9.77,9.73,9.9,9.59,9.9,9.93,9.99,9.99,0.0533,0.834,0.0255,0.01,0.1
O:HOOD231013C00008500,2023-10-09,2023-10-13,HOOD,C,8.5,3.0,1.4,1.33,-13.88,YES,1.365,13.7,1.33,13.35,1.4,1.33,2.0,1696824000000000000,4.0,Weekly,9.8,9.87,9.96,9.71,9.96,9.14,9.365,9.365,0.0533,,,1.365,14.06
O:HOOD231013C00009000,2023-10-09,2023-10-13,HOOD,C,9.0,3.0,0.87,0.87,-8.81,YES,0.835,8.38,0.8,8.03,0.87,0.8,3.0,1696824000000000000,4.0,Weekly,9.8,9.87,9.96,9.71,9.96,9.14,9.365,9.365,0.0533,0.0,,0.835,8.73
O:HOOD231013C00009500,2023-10-09,2023-10-13,HOOD,C,9.5,522.0,0.51,0.46,-3.75,NO,0.435,4.37,0.36,3.61,0.51,0.36,39.0,1696824000000000000,4.0,Weekly,9.8,9.87,9.96,9.71,9.96,9.14,9.365,9.365,0.0533,0.5538,0.739,0.435,5.12
O:HOOD231013C00010000,2023-10-09,2023-10-13,HOOD,C,10.0,1094.0,0.14,0.12,1.32,NO,0.135,1.36,0.08,0.8,0.19,0.08,177.0,1696824000000000000,4.0,Weekly,9.8,9.87,9.96,9.71,9.96,9.14,9.365,9.365,0.0533,0.4222,0.3802,0.135,1.91
O:HOOD231013C00010500,2023-10-09,2023-10-13,HOOD,C,10.5,894.0,0.04,0.03,6.38,NO,0.025,0.25,0.01,0.1,0.04,0.01,98.0,1696824000000000000,4.0,Weekly,9.8,9.87,9.96,9.71,9.96,9.14,9.365,9.365,0.0533,0.492,0.112,0.025,0.4
O:HOOD231013C00011000,2023-10-09,2023-10-13,HOOD,C,11.0,284.0,0.01,0.01,11.45,NO,0.015,0.15,0.01,0.1,0.02,0.01,35.0,1696824000000000000,4.0,Weekly,9.8,9.87,9.96,9.71,9.96,9.14,9.365,9.365,0.0533,0.5845,0.0365,0.015,0.2
O:HOOD231013C00011500,2023-10-09,2023-10-13,HOOD,C,11.5,2.0,0.01,0.01,16.51,NO,0.01,0.1,0.01,0.1,0.01,0.01,2.0,1696824000000000000,4.0,Weekly,9.8,9.87,9.96,9.71,9.96,9.14,9.365,9.365,0.0533,0.7732,0.0273,0.01,0.1
O:HOOD231027C00006500,2023-10-23,2023-10-27,HOOD,C,6.5,4.0,2.77,2.64,-29.12,YES,2.705,28.81,2.64,28.12,2.77,2.64,4.0,1698033600000000000,4.0,Weekly,9.05,9.17,9.39,8.97,9.39,8.9,9.2,9.2,0.0533,,,2.705,29.5
O:HOOD231027C00007000,2023-10-23,2023-10-27,HOOD,C,7.0,4.0,2.27,2.13,-23.66,YES,2.2,23.43,2.13,22.68,2.27,2.13,4.0,1698033600000000000,4.0,Weekly,9.05,9.17,9.39,8.97,9.39,8.9,9.2,9.2,0.0533,,,2.2,24.17
O:HOOD231027C00008000,2023-10-23,2023-10-27,HOOD,C,8.0,33.0,1.07,1.16,-12.76,YES,1.115,11.87,1.07,11.4,1.16,1.07,3.0,1698033600000000000,4.0,Weekly,9.05,9.17,9.39,8.97,9.39,8.9,9.2,9.2,0.0533,,,1.115,12.35
O:HOOD231027C00008500,2023-10-23,2023-10-27,HOOD,C,8.5,151.0,0.71,0.78,-7.31,YES,0.7050000000000001,7.51,0.55,5.86,0.86,0.55,15.0,1698033600000000000,4.0,Weekly,9.05,9.17,9.39,8.97,9.39,8.9,9.2,9.2,0.0533,0.9267,0.7702,0.7050000000000001,9.16
O:HOOD231027C00009000,2023-10-23,2023-10-27,HOOD,C,9.0,590.0,0.31,0.27,-1.85,NO,0.33,3.51,0.21,2.24,0.45,0.21,70.0,1698033600000000000,4.0,Weekly,9.05,9.17,9.39,8.97,9.39,8.9,9.2,9.2,0.0533,0.4431,0.6528,0.33,4.79
O:HOOD231027C00009500,2023-10-23,2023-10-27,HOOD,C,9.5,3363.0,0.06,0.08,3.6,NO,0.095,1.01,0.05,0.53,0.14,0.05,241.0,1698033600000000000,4.0,Weekly,9.05,9.17,9.39,8.97,9.39,8.9,9.2,9.2,0.0533,0.5188,0.2523,0.095,1.49
O:HOOD231027C00010000,2023-10-23,2023-10-27,HOOD,C,10.0,1053.0,0.03,0.01,9.05,NO,0.02,0.21,0.01,0.11,0.03,0.01,118.0,1698033600000000000,4.0,Weekly,9.05,9.17,9.39,8.97,9.39,8.9,9.2,9.2,0.0533,0.4953,0.0459,0.02,0.32
O:HOOD231027C00010500,2023-10-23,2023-10-27,HOOD,C,10.5,68.0,0.01,0.01,14.5,NO,0.01,0.11,0.01,0.11,0.01,0.01,14.0,1698033600000000000,4.0,Weekly,9.05,9.17,9.39,8.97,9.39,8.9,9.2,9.2,0.0533,0.7096,0.032,0.01,0.11
O:HOOD231027C00011000,2023-10-23,2023-10-27,HOOD,C,11.0,6.0,0.01,0.01,19.96,NO,0.01,0.11,0.01,0.11,0.01,0.01,5.0,1698033600000000000,4.0,Weekly,9.05,9.17,9.39,8.97,9.39,8.9,9.2,9.2,0.0533,0.9032,0.0247,0.01,0.11
O:HOOD231027C00011500,2023-10-23,2023-10-27,HOOD,C,11.5,4.0,0.01,0.01,25.41,NO,0.01,0.11,0.01,0.11,0.01,0.01,4.0,1698033600000000000,4.0,Weekly,9.05,9.17,9.39,8.97,9.39,8.9,9.2,9.2,0.0533,1.0815,0.0201,0.01,0.11
O:HOOD231027C00012000,2023-10-23,2023-10-27,HOOD,C,12.0,4.0,0.01,0.01,30.86,NO,0.01,0.11,0.01,0.11,0.01,0.01,4.0,1698033600000000000,4.0,Weekly,9.05,9.17,9.39,8.97,9.39,8.9,9.2,9.2,0.0533,1.2474,0.017,0.01,0.11
O:HOOD231103C00006500,2023-10-30,2023-11-03,HOOD,C,6.5,1.0,2.49,2.49,-28.41,YES,2.49,27.24,2.49,27.24,2.49,2.49,1.0,1698638400000000000,4.0,Weekly,9.0,9.08,9.14,8.9,9.14,9.69,9.79,9.79,0.0533,,,2.49,27.24
O:HOOD231103C00007000,2023-10-30,2023-11-03,HOOD,C,7.0,1.0,2.01,2.01,-22.91,YES,2.01,21.99,2.01,21.99,2.01,2.01,1.0,1698638400000000000,4.0,Weekly,9.0,9.08,9.14,8.9,9.14,9.69,9.79,9.79,0.0533,,,2.01,21.99
O:HOOD231103C00008000,2023-10-30,2023-11-03,HOOD,C,8.0,14.0,1.02,1.02,-11.89,YES,1.0699999999999998,11.71,1.0,10.94,1.14,1.0,7.0,1698638400000000000,4.0,Weekly,9.0,9.08,9.14,8.9,9.14,9.69,9.79,9.79,0.0533,,,1.0699999999999998,12.47
O:HOOD231103C00008500,2023-10-30,2023-11-03,HOOD,C,8.5,128.0,0.64,0.65,-6.39,YES,0.5700000000000001,6.24,0.49,5.36,0.65,0.49,25.0,1698638400000000000,4.0,Weekly,9.0,9.08,9.14,8.9,9.14,9.69,9.79,9.79,0.0533,0.706,0.8062,0.5700000000000001,7.11
O:HOOD231103C00009000,2023-10-30,2023-11-03,HOOD,C,9.0,669.0,0.22,0.27,-0.88,YES,0.225,2.46,0.17,1.86,0.28,0.17,128.0,1698638400000000000,4.0,Weekly,9.0,9.08,9.14,8.9,9.14,9.69,9.79,9.79,0.0533,0.5957,0.5478,0.225,3.06
O:HOOD231103C00009500,2023-10-30,2023-11-03,HOOD,C,9.5,1161.0,0.07,0.05,4.63,YES,0.06,0.66,0.03,0.33,0.09,0.03,171.0,1698638400000000000,4.0,Weekly,9.0,9.08,9.14,8.9,9.14,9.69,9.79,9.79,0.0533,0.4881,0.1843,0.06,0.98
O:HOOD231103C00010000,2023-10-30,2023-11-03,HOOD,C,10.0,2219.0,0.02,0.01,10.13,NO,0.02,0.22,0.01,0.11,0.03,0.01,99.0,1698638400000000000,4.0,Weekly,9.0,9.08,9.14,8.9,9.14,9.69,9.79,9.79,0.0533,0.5409,0.0425,0.02,0.33
O:HOOD231103C00010500,2023-10-30,2023-11-03,HOOD,C,10.5,13.0,0.01,0.01,15.64,NO,0.01,0.11,0.01,0.11,0.01,0.01,5.0,1698638400000000000,4.0,Weekly,9.0,9.08,9.14,8.9,9.14,9.69,9.79,9.79,0.0533,0.7527,0.0303,0.01,0.11
O:HOOD231103C00011000,2023-10-30,2023-11-03,HOOD,C,11.0,1.0,0.01,0.01,21.15,NO,0.01,0.11,0.01,0.11,0.01,0.01,1.0,1698638400000000000,4.0,Weekly,9.0,9.08,9.14,8.9,9.14,9.69,9.79,9.79,0.0533,0.9448,0.0237,0.01,0.11
O:HOOD231110C00004500,2023-11-06,2023-11-10,HOOD,C,4.5,3.0,5.22,5.22,-53.08,YES,5.22,53.16,5.22,53.16,5.22,5.22,1.0,1699246800000000000,4.0,Weekly,9.78,9.59,9.82,9.52,9.82,8.23,8.3,8.3,0.0533,5.1712,0.8704,5.22,53.16
O:HOOD231110C00005500,2023-11-06,2023-11-10,HOOD,C,5.5,1.0,4.2,4.2,-42.65,YES,4.2,42.77,4.2,42.77,4.2,4.2,1.0,1699246800000000000,4.0,Weekly,9.78,9.59,9.82,9.52,9.82,8.23,8.3,8.3,0.0533,3.8191,0.8834,4.2,42.77
O:HOOD231110C00007500,2023-11-06,2023-11-10,HOOD,C,7.5,51.0,2.21,2.07,-21.79,YES,2.135,21.74,2.06,20.98,2.21,2.06,5.0,1699246800000000000,4.0,Weekly,9.78,9.59,9.82,9.52,9.82,8.23,8.3,8.3,0.0533,,,2.135,22.51
O:HOOD231110C00008000,2023-11-06,2023-11-10,HOOD,C,8.0,16.0,1.68,1.6,-16.58,YES,1.64,16.7,1.6,16.29,1.68,1.6,6.0,1699246800000000000,4.0,Weekly,9.78,9.59,9.82,9.52,9.82,8.23,8.3,8.3,0.0533,0.8376,0.9788,1.64,17.11
O:HOOD231110C00008500,2023-11-06,2023-11-10,HOOD,C,8.5,20.0,1.38,1.13,-11.37,NO,1.255,12.78,1.13,11.51,1.38,1.13,5.0,1699246800000000000,4.0,Weekly,9.78,9.59,9.82,9.52,9.82,8.23,8.3,8.3,0.0533,0.8703,0.9006,1.255,14.05
O:HOOD231110C00009000,2023-11-06,2023-11-10,HOOD,C,9.0,112.0,0.84,0.8,-6.15,NO,0.855,8.71,0.74,7.54,0.97,0.74,25.0,1699246800000000000,4.0,Weekly,9.78,9.59,9.82,9.52,9.82,8.23,8.3,8.3,0.0533,1.1342,0.6845,0.855,9.88
O:HOOD231110C00009500,2023-11-06,2023-11-10,HOOD,C,9.5,738.0,0.6,0.49,-0.94,NO,0.515,5.24,0.43,4.38,0.6,0.43,113.0,1699246800000000000,4.0,Weekly,9.78,9.59,9.82,9.52,9.82,8.23,8.3,8.3,0.0533,1.1062,0.5114,0.515,6.11
O:HOOD231110C00010000,2023-11-06,2023-11-10,HOOD,C,10.0,3292.0,0.34,0.27,4.28,NO,0.31,3.16,0.24,2.44,0.38,0.24,421.0,1699246800000000000,4.0,Weekly,9.78,9.59,9.82,9.52,9.82,8.23,8.3,8.3,0.0533,1.0842,0.3371,0.31,3.87
O:HOOD231110C00010500,2023-11-06,2023-11-10,HOOD,C,10.5,2609.0,0.18,0.14,9.49,NO,0.1649999999999999,1.68,0.12,1.22,0.21,0.12,208.0,1699246800000000000,4.0,Weekly,9.78,9.59,9.82,9.52,9.82,8.23,8.3,8.3,0.0533,1.0898,0.1986,0.1649999999999999,2.14
O:HOOD231110C00011000,2023-11-06,2023-11-10,HOOD,C,11.0,819.0,0.1,0.07,14.7,NO,0.09,0.92,0.07,0.71,0.11,0.07,135.0,1699246800000000000,4.0,Weekly,9.78,9.59,9.82,9.52,9.82,8.23,8.3,8.3,0.0533,1.1086,0.1084,0.09,1.12
O:HOOD231110C00011500,2023-11-06,2023-11-10,HOOD,C,11.5,198.0,0.05,0.05,19.92,NO,0.05,0.51,0.04,0.41,0.06,0.04,39.0,1699246800000000000,4.0,Weekly,9.78,9.59,9.82,9.52,9.82,8.23,8.3,8.3,0.0533,1.2371,0.0718,0.05,0.61
O:HOOD231110C00012000,2023-11-06,2023-11-10,HOOD,C,12.0,259.0,0.04,0.03,25.13,NO,0.03,0.31,0.02,0.2,0.04,0.02,62.0,1699246800000000000,4.0,Weekly,9.78,9.59,9.82,9.52,9.82,8.23,8.3,8.3,0.0533,1.295,0.043,0.03,0.41
O:HOOD231110C00012500,2023-11-06,2023-11-10,HOOD,C,12.5,271.0,0.02,0.02,30.34,NO,0.025,0.25,0.02,0.2,0.03,0.02,31.0,1699246800000000000,4.0,Weekly,9.78,9.59,9.82,9.52,9.82,8.23,8.3,8.3,0.0533,1.3698,0.0277,0.025,0.31
O:HOOD231110C00013000,2023-11-06,2023-11-10,HOOD,C,13.0,163.0,0.01,0.02,35.56,NO,0.02,0.2,0.01,0.1,0.03,0.01,45.0,1699246800000000000,4.0,Weekly,9.78,9.59,9.82,9.52,9.82,8.23,8.3,8.3,0.0533,1.5309,0.0241,0.02,0.31
O:HOOD231110C00014000,2023-11-06,2023-11-10,HOOD,C,14.0,1.0,0.01,0.01,45.99,NO,0.01,0.1,0.01,0.1,0.01,0.01,1.0,1699246800000000000,4.0,Weekly,9.78,9.59,9.82,9.52,9.82,8.23,8.3,8.3,0.0533,1.6473,0.0114,0.01,0.1
O:HOOD231110C00015000,2023-11-06,2023-11-10,HOOD,C,15.0,58.0,0.02,0.01,56.41,NO,0.015,0.15,0.01,0.1,0.02,0.01,3.0,1699246800000000000,4.0,Weekly,9.78,9.59,9.82,9.52,9.82,8.23,8.3,8.3,0.0533,1.8956,0.0094,0.015,0.2
O:HOOD231124C00006000,2023-11-20,2023-11-24,HOOD,C,6.0,2.0,2.17,2.19,-26.2,YES,2.1799999999999997,26.36,2.17,26.24,2.19,2.17,2.0,1700456400000000000,4.0,Weekly,8.1,8.13,8.27,7.99,8.27,8.29,8.3,8.3,0.0533,2.0866,0.9005,2.1799999999999997,26.48
O:HOOD231124C00007000,2023-11-20,2023-11-24,HOOD,C,7.0,8.0,1.09,1.11,-13.9,YES,1.135,13.72,1.03,12.45,1.24,1.03,7.0,1700456400000000000,4.0,Weekly,8.1,8.13,8.27,7.99,8.27,8.29,8.3,8.3,0.0533,,,1.135,14.99
O:HOOD231124C00007500,2023-11-20,2023-11-24,HOOD,C,7.5,232.0,0.63,0.73,-7.75,YES,0.645,7.8,0.53,6.41,0.76,0.53,21.0,1700456400000000000,4.0,Weekly,8.1,8.13,8.27,7.99,8.27,8.29,8.3,8.3,0.0533,0.9718,0.7727,0.645,9.19
O:HOOD231124C00008000,2023-11-20,2023-11-24,HOOD,C,8.0,3084.0,0.2,0.21,-1.6,YES,0.2299999999999999,2.78,0.16,1.93,0.3,0.16,276.0,1700456400000000000,4.0,Weekly,8.1,8.13,8.27,7.99,8.27,8.29,8.3,8.3,0.0533,0.3917,0.6506,0.2299999999999999,3.63
O:HOOD231124C00008500,2023-11-20,2023-11-24,HOOD,C,8.5,6468.0,0.04,0.05,4.55,NO,0.035,0.42,0.02,0.24,0.05,0.02,361.0,1700456400000000000,4.0,Weekly,8.1,8.13,8.27,7.99,8.27,8.29,8.3,8.3,0.0533,0.505,0.1957,0.035,0.6
O:HOOD231124C00009000,2023-11-20,2023-11-24,HOOD,C,9.0,1905.0,0.02,0.02,10.7,NO,0.015,0.18,0.01,0.12,0.02,0.01,134.0,1700456400000000000,4.0,Weekly,8.1,8.13,8.27,7.99,8.27,8.29,8.3,8.3,0.0533,0.6695,0.0698,0.015,0.24
O:HOOD231124C00009500,2023-11-20,2023-11-24,HOOD,C,9.5,8.0,0.01,0.01,16.85,NO,0.01,0.12,0.01,0.12,0.01,0.01,5.0,1700456400000000000,4.0,Weekly,8.1,8.13,8.27,7.99,8.27,8.29,8.3,8.3,0.0533,0.812,0.0309,0.01,0.12
O:HOOD231124C00010000,2023-11-20,2023-11-24,HOOD,C,10.0,13.0,0.01,0.01,23.0,NO,0.01,0.12,0.01,0.12,0.01,0.01,2.0,1700456400000000000,4.0,Weekly,8.1,8.13,8.27,7.99,8.27,8.29,8.3,8.3,0.0533,1.0244,0.0239,0.01,0.12
O:HOOD231201C00005500,2023-11-27,2023-12-01,HOOD,C,5.5,1.0,2.79,2.79,-34.45,YES,2.79,32.98,2.79,32.98,2.79,2.79,1.0,1701061200000000000,4.0,Weekly,8.27,8.39,8.46,8.21,8.46,9.32,9.39,9.39,0.0533,,,2.79,32.98
O:HOOD231201C00006000,2023-11-27,2023-12-01,HOOD,C,6.0,5.0,2.29,2.33,-28.49,YES,2.31,27.3,2.29,27.07,2.33,2.29,2.0,1701061200000000000,4.0,Weekly,8.27,8.39,8.46,8.21,8.46,9.32,9.39,9.39,0.0533,,,2.31,27.54
O:HOOD231201C00007000,2023-11-27,2023-12-01,HOOD,C,7.0,3.0,1.41,1.42,-16.57,YES,1.415,16.73,1.41,16.67,1.42,1.41,2.0,1701061200000000000,4.0,Weekly,8.27,8.39,8.46,8.21,8.46,9.32,9.39,9.39,0.0533,1.145,0.9273,1.415,16.78
O:HOOD231201C00007500,2023-11-27,2023-12-01,HOOD,C,7.5,90.0,0.88,0.93,-10.61,YES,0.865,10.22,0.8,9.46,0.93,0.8,12.0,1701061200000000000,4.0,Weekly,8.27,8.39,8.46,8.21,8.46,9.32,9.39,9.39,0.0533,0.8579,0.8869,0.865,10.99
O:HOOD231201C00008000,2023-11-27,2023-12-01,HOOD,C,8.0,740.0,0.33,0.42,-4.65,YES,0.395,4.67,0.3,3.55,0.49,0.3,102.0,1701061200000000000,4.0,Weekly,8.27,8.39,8.46,8.21,8.46,9.32,9.39,9.39,0.0533,0.4222,0.8573,0.395,5.79
O:HOOD231201C00008500,2023-11-27,2023-12-01,HOOD,C,8.5,5260.0,0.08,0.09,1.31,YES,0.09,1.06,0.05,0.59,0.13,0.05,541.0,1701061200000000000,4.0,Weekly,8.27,8.39,8.46,8.21,8.46,9.32,9.39,9.39,0.0533,0.3861,0.3714,0.09,1.54
O:HOOD231201C00009000,2023-11-27,2023-12-01,HOOD,C,9.0,2300.0,0.03,0.02,7.27,YES,0.02,0.24,0.01,0.12,0.03,0.01,181.0,1701061200000000000,4.0,Weekly,8.27,8.39,8.46,8.21,8.46,9.32,9.39,9.39,0.0533,0.5038,0.0891,0.02,0.35
O:HOOD231201C00009500,2023-11-27,2023-12-01,HOOD,C,9.5,55.0,0.01,0.01,13.23,NO,0.01,0.12,0.01,0.12,0.01,0.01,16.0,1701061200000000000,4.0,Weekly,8.27,8.39,8.46,8.21,8.46,9.32,9.39,9.39,0.0533,0.6726,0.0366,0.01,0.12
O:HOOD231201C00010000,2023-11-27,2023-12-01,HOOD,C,10.0,1.0,0.01,0.01,19.19,NO,0.01,0.12,0.01,0.12,0.01,0.01,1.0,1701061200000000000,4.0,Weekly,8.27,8.39,8.46,8.21,8.46,9.32,9.39,9.39,0.0533,0.8903,0.0272,0.01,0.12
O:HOOD231201C00010500,2023-11-27,2023-12-01,HOOD,C,10.5,13.0,0.01,0.01,25.15,NO,0.01,0.12,0.01,0.12,0.01,0.01,4.0,1701061200000000000,4.0,Weekly,8.27,8.39,8.46,8.21,8.46,9.32,9.39,9.39,0.0533,1.0887,0.0217,0.01,0.12
O:HOOD231208C00007500,2023-12-04,2023-12-08,HOOD,C,7.5,4.0,1.93,1.93,-21.47,YES,1.93,19.83,1.93,19.83,1.93,1.93,1.0,1701666000000000000,4.0,Weekly,9.46,9.55,9.73,9.33,9.735,11.73,11.74,11.74,0.0533,,,1.93,19.83
O:HOOD231208C00008000,2023-12-04,2023-12-08,HOOD,C,8.0,32.0,1.67,1.58,-16.23,YES,1.5299999999999998,15.72,1.39,14.28,1.67,1.39,6.0,1701666000000000000,4.0,Weekly,9.46,9.55,9.73,9.33,9.735,11.73,11.74,11.74,0.0533,1.0876,0.9337,1.5299999999999998,17.15
O:HOOD231208C00008500,2023-12-04,2023-12-08,HOOD,C,8.5,326.0,0.9,1.08,-10.99,YES,1.055,10.84,0.9,9.24,1.21,0.9,61.0,1701666000000000000,4.0,Weekly,9.46,9.55,9.73,9.33,9.735,11.73,11.74,11.74,0.0533,0.7801,0.9181,1.055,12.43
O:HOOD231208C00009000,2023-12-04,2023-12-08,HOOD,C,9.0,1896.0,0.45,0.58,-5.76,YES,0.615,6.32,0.44,4.52,0.79,0.44,232.0,1701666000000000000,4.0,Weekly,9.46,9.55,9.73,9.33,9.735,11.73,11.74,11.74,0.0533,0.4704,0.8833,0.615,8.12
O:HOOD231208C00009500,2023-12-04,2023-12-08,HOOD,C,9.5,9108.0,0.17,0.27,-0.52,YES,0.295,3.03,0.17,1.75,0.42,0.17,912.0,1701666000000000000,4.0,Weekly,9.46,9.55,9.73,9.33,9.735,11.73,11.74,11.74,0.0533,0.6066,0.524,0.295,4.31
O:HOOD231208C00010000,2023-12-04,2023-12-08,HOOD,C,10.0,28461.0,0.06,0.14,4.71,YES,0.13,1.34,0.06,0.62,0.2,0.06,1963.0,1701666000000000000,4.0,Weekly,9.46,9.55,9.73,9.33,9.735,11.73,11.74,11.74,0.0533,0.7679,0.2724,0.13,2.05
O:HOOD231208C00010500,2023-12-04,2023-12-08,HOOD,C,10.5,18377.0,0.04,0.09,9.95,YES,0.075,0.77,0.04,0.41,0.11,0.04,725.0,1701666000000000000,4.0,Weekly,9.46,9.55,9.73,9.33,9.735,11.73,11.74,11.74,0.0533,0.9445,0.158,0.075,1.13
O:HOOD231208C00011000,2023-12-04,2023-12-08,HOOD,C,11.0,3730.0,0.03,0.05,15.18,YES,0.0349999999999999,0.36,0.01,0.1,0.06,0.01,260.0,1701666000000000000,4.0,Weekly,9.46,9.55,9.73,9.33,9.735,11.73,11.74,11.74,0.0533,1.0319,0.0874,0.0349999999999999,0.62
O:HOOD231208C00011500,2023-12-04,2023-12-08,HOOD,C,11.5,855.0,0.01,0.03,20.42,YES,0.025,0.26,0.01,0.1,0.04,0.01,79.0,1701666000000000000,4.0,Weekly,9.46,9.55,9.73,9.33,9.735,11.73,11.74,11.74,0.0533,1.1208,0.0508,0.025,0.41
O:HOOD231208C00012000,2023-12-04,2023-12-08,HOOD,C,12.0,77.0,0.01,0.02,25.65,NO,0.015,0.15,0.01,0.1,0.02,0.01,29.0,1701666000000000000,4.0,Weekly,9.46,9.55,9.73,9.33,9.735,11.73,11.74,11.74,0.0533,1.2166,0.032,0.015,0.21
O:HOOD231208C00012500,2023-12-04,2023-12-08,HOOD,C,12.5,4.0,0.01,0.01,30.89,NO,0.01,0.1,0.01,0.1,0.01,0.01,3.0,1701666000000000000,4.0,Weekly,9.46,9.55,9.73,9.33,9.735,11.73,11.74,11.74,0.0533,1.2407,0.0165,0.01,0.1
O:HOOD231208C00013500,2023-12-04,2023-12-08,HOOD,C,13.5,1.0,0.18,0.18,41.36,NO,0.18,1.85,0.18,1.85,0.18,0.18,1.0,1701666000000000000,4.0,Weekly,9.46,9.55,9.73,9.33,9.735,11.73,11.74,11.74,0.0533,2.7416,0.0889,0.18,1.85
O:HOOD231208C00014000,2023-12-04,2023-12-08,HOOD,C,14.0,1.0,0.01,0.01,46.6,NO,0.01,0.1,0.01,0.1,0.01,0.01,1.0,1701666000000000000,4.0,Weekly,9.46,9.55,9.73,9.33,9.735,11.73,11.74,11.74,0.0533,1.6635,0.0113,0.01,0.1
O:HOOD231208C00017500,2023-12-04,2023-12-08,HOOD,C,17.5,8.0,0.01,0.02,83.25,NO,0.015,0.15,0.01,0.1,0.02,0.01,3.0,1701666000000000000,4.0,Weekly,9.46,9.55,9.73,9.33,9.735,11.73,11.74,11.74,0.0533,2.6825,0.0109,0.015,0.21
O:HOOD231222C00003000,2023-12-18,2023-12-22,HOOD,C,3.0,1.0,8.9,8.9,-74.85,YES,8.9,74.29,8.9,74.29,8.9,8.9,1.0,1702875600000000000,4.0,Weekly,11.55,11.93,11.98,11.44,11.98,12.95,13.15,13.15,0.0533,0.0001,1.0,8.9,74.29
O:HOOD231222C00005500,2023-12-18,2023-12-22,HOOD,C,5.5,1.0,6.35,6.35,-53.9,YES,6.35,53.01,6.35,53.01,6.35,6.35,1.0,1702875600000000000,4.0,Weekly,11.55,11.93,11.98,11.44,11.98,12.95,13.15,13.15,0.0533,,,6.35,53.01
O:HOOD231222C00008500,2023-12-18,2023-12-22,HOOD,C,8.5,601.0,3.05,3.37,-28.75,YES,3.21,26.79,3.05,25.46,3.37,3.05,29.0,1702875600000000000,4.0,Weekly,11.55,11.93,11.98,11.44,11.98,12.95,13.15,13.15,0.0533,,,3.21,28.13
O:HOOD231222C00009000,2023-12-18,2023-12-22,HOOD,C,9.0,21.0,2.66,2.9,-24.56,YES,2.745,22.91,2.59,21.62,2.9,2.59,9.0,1702875600000000000,4.0,Weekly,11.55,11.93,11.98,11.44,11.98,12.95,13.15,13.15,0.0533,,,2.745,24.21
O:HOOD231222C00009500,2023-12-18,2023-12-22,HOOD,C,9.5,22.0,2.08,2.46,-20.37,YES,2.27,18.95,2.08,17.36,2.46,2.08,5.0,1702875600000000000,4.0,Weekly,11.55,11.93,11.98,11.44,11.98,12.95,13.15,13.15,0.0533,1.2671,0.9511,2.27,20.53
O:HOOD231222C00010000,2023-12-18,2023-12-22,HOOD,C,10.0,55.0,1.6,1.98,-16.18,YES,1.755,14.65,1.53,12.77,1.98,1.53,16.0,1702875600000000000,4.0,Weekly,11.55,11.93,11.98,11.44,11.98,12.95,13.15,13.15,0.0533,1.1694,0.917,1.755,16.53
O:HOOD231222C00010500,2023-12-18,2023-12-22,HOOD,C,10.5,183.0,1.2,1.47,-11.99,YES,1.265,10.56,1.06,8.85,1.47,1.06,24.0,1702875600000000000,4.0,Weekly,11.55,11.93,11.98,11.44,11.98,12.95,13.15,13.15,0.0533,0.8536,0.9178,1.265,12.27
O:HOOD231222C00011000,2023-12-18,2023-12-22,HOOD,C,11.0,439.0,0.6,1.0,-7.8,YES,0.8,6.68,0.6,5.01,1.0,0.6,60.0,1702875600000000000,4.0,Weekly,11.55,11.93,11.98,11.44,11.98,12.95,13.15,13.15,0.0533,0.7295,0.849,0.8,8.35
O:HOOD231222C00011500,2023-12-18,2023-12-22,HOOD,C,11.5,3951.0,0.49,0.54,-3.6,YES,0.475,3.96,0.33,2.75,0.62,0.33,387.0,1702875600000000000,4.0,Weekly,11.55,11.93,11.98,11.44,11.98,12.95,13.15,13.15,0.0533,0.5453,0.7339,0.475,5.18
O:HOOD231222C00012000,2023-12-18,2023-12-22,HOOD,C,12.0,15720.0,0.26,0.31,0.59,YES,0.275,2.3,0.18,1.5,0.37,0.18,1474.0,1702875600000000000,4.0,Weekly,11.55,11.93,11.98,11.44,11.98,12.95,13.15,13.15,0.0533,0.6819,0.4564,0.275,3.09
O:HOOD231222C00012500,2023-12-18,2023-12-22,HOOD,C,12.5,3556.0,0.15,0.16,4.78,YES,0.18,1.5,0.11,0.92,0.25,0.11,354.0,1702875600000000000,4.0,Weekly,11.55,11.93,11.98,11.44,11.98,12.95,13.15,13.15,0.0533,0.7382,0.2627,0.18,2.09
O:HOOD231222C00013000,2023-12-18,2023-12-22,HOOD,C,13.0,3708.0,0.12,0.1,8.97,NO,0.11,0.92,0.05,0.42,0.17,0.05,349.0,1702875600000000000,4.0,Weekly,11.55,11.93,11.98,11.44,11.98,12.95,13.15,13.15,0.0533,0.8508,0.1581,0.11,1.42
O:HOOD231222C00013500,2023-12-18,2023-12-22,HOOD,C,13.5,775.0,0.09,0.05,13.16,NO,0.08,0.67,0.05,0.42,0.11,0.05,81.0,1702875600000000000,4.0,Weekly,11.55,11.93,11.98,11.44,11.98,12.95,13.15,13.15,0.0533,0.8834,0.0843,0.08,0.92
O:HOOD231222C00014000,2023-12-18,2023-12-22,HOOD,C,14.0,665.0,0.07,0.04,17.35,NO,0.05,0.42,0.03,0.25,0.07,0.03,68.0,1702875600000000000,4.0,Weekly,11.55,11.93,11.98,11.44,11.98,12.95,13.15,13.15,0.0533,1.0141,0.06,0.05,0.58
O:HOOD231222C00015000,2023-12-18,2023-12-22,HOOD,C,15.0,3112.0,0.06,0.03,25.73,NO,0.0349999999999999,0.29,0.01,0.08,0.06,0.01,92.0,1702875600000000000,4.0,Weekly,11.55,11.93,11.98,11.44,11.98,12.95,13.15,13.15,0.0533,1.2616,0.0363,0.0349999999999999,0.5
O:HOOD231222C00015500,2023-12-18,2023-12-22,HOOD,C,15.5,1650.0,0.03,0.01,29.92,NO,0.02,0.17,0.01,0.08,0.03,0.01,51.0,1702875600000000000,4.0,Weekly,11.55,11.93,11.98,11.44,11.98,12.95,13.15,13.15,0.0533,1.173,0.0143,0.02,0.25
O:HOOD231222C00016000,2023-12-18,2023-12-22,HOOD,C,16.0,998.0,0.01,0.01,34.12,NO,0.01,0.08,0.01,0.08,0.01,0.01,20.0,1702875600000000000,4.0,Weekly,11.55,11.93,11.98,11.44,11.98,12.95,13.15,13.15,0.0533,1.2914,0.0127,0.01,0.08
O:HOOD231222C00017000,2023-12-18,2023-12-22,HOOD,C,17.0,4.0,0.01,0.01,42.5,NO,0.01,0.08,0.01,0.08,0.01,0.01,3.0,1702875600000000000,4.0,Weekly,11.55,11.93,11.98,11.44,11.98,12.95,13.15,13.15,0.0533,1.5125,0.0104,0.01,0.08
O:HOOD231222C00017500,2023-12-18,2023-12-22,HOOD,C,17.5,23.0,0.01,0.01,46.69,NO,0.015,0.13,0.01,0.08,0.02,0.01,11.0,1702875600000000000,4.0,Weekly,11.55,11.93,11.98,11.44,11.98,12.95,13.15,13.15,0.0533,1.6164,0.0095,0.015,0.17
O:HOOD231222C00021000,2023-12-18,2023-12-22,HOOD,C,21.0,20.0,0.01,0.01,76.03,NO,0.01,0.08,0.01,0.08,0.01,0.01,1.0,1702875600000000000,4.0,Weekly,11.55,11.93,11.98,11.44,11.98,12.95,13.15,13.15,0.0533,2.2463,0.0059,0.01,0.08
