symbol,year,date_only,expiration_date,strike,underlying_spot,underlying_spot_at_expiry,probability_itm,actually_itm,premium,premium_yield_pct
AAPL,2022,2022-01-31,2022-02-04,182.5,175.0,174.1,0.0558,False,0.125,0.07
AAPL,2022,2022-03-07,2022-03-11,170.0,165.02,159.28,0.0514,False,0.39,0.24
AAPL,2022,2022-04-25,2022-04-29,177.5,163.17,166.2,0.0564,False,0.22,0.13
AAPL,2022,2022-05-23,2022-05-27,152.5,143.26,149.68,0.0586,False,0.155,0.11
AAPL,2022,2022-10-10,2022-10-14,150.0,141.89,144.52,0.0555,False,0.19,0.13
AAPL,2022,2022-10-24,2022-10-28,162.5,150.23,157.5,0.0503,False,0.155,0.1
AAPL,2022,2022-11-07,2022-11-11,149.0,139.145,150.01,0.0559,True,0.175,0.13
AAPL,2022,2022-11-21,2022-11-25,155.0,150.37,148.88,0.0566,False,0.31,0.21
AAPL,2022,2022-11-28,2022-12-02,152.5,146.64,148.0,0.0589,False,0.285,0.19
AAPL,2023,2023-01-09,2023-01-13,139.0,133.41,134.92,0.0504,False,0.245,0.18
AAPL,2023,2023-05-01,2023-05-05,182.5,170.45,174.3,0.0512,False,0.185,0.11
AAPL,2023,2023-07-31,2023-08-04,210.0,196.49,187.38,0.0535,False,0.195,0.1
AAPL,2023,2023-08-07,2023-08-11,187.5,183.13,178.62,0.0549,False,0.39,0.21
AAPL,2023,2023-10-09,2023-10-13,185.0,179.05,181.93,0.0596,False,0.0849999999999999,0.05
AAPL,2023,2023-10-30,2023-11-03,182.5,171.17,176.82,0.0533,False,0.19,0.11
AAPL,2023,2023-12-04,2023-12-08,195.0,190.05,195.99,0.0586,True,0.13,0.07
AAPL,2024,2024-04-08,2024-04-12,175.0,169.2,178.36,0.0521,True,0.1699999999999999,0.1
AAPL,2024,2024-05-06,2024-05-10,190.0,184.2,185.09,0.0595,False,0.245,0.13
AAPL,2024,2024-06-10,2024-06-14,202.5,197.3,215.17,0.0572,True,0.7450000000000001,0.38
AAPL,2024,2024-07-01,2024-07-05,225.0,217.51,226.45,0.0571,True,0.175,0.08
AAPL,2024,2024-07-08,2024-07-12,237.5,227.85,232.64,0.0538,False,0.175,0.08
AAPL,2024,2024-07-22,2024-07-26,235.0,227.78,219.49,0.0512,False,0.375,0.16
AAPL,2024,2024-11-04,2024-11-08,232.5,222.79,228.66,0.0577,False,0.25,0.11
AAPL,2024,2024-11-25,2024-11-29,240.0,233.245,237.81,0.0532,False,0.06,0.03
AAPL,2024,2024-12-02,2024-12-06,247.5,240.79,244.63,0.0589,False,0.175,0.07
AAPL,2024,2024-12-09,2024-12-13,255.0,247.24,249.2902,0.0512,False,0.11,0.04
AAPL,2025,2025-02-03,2025-02-07,242.5,231.83,234.0,0.0529,False,0.355,0.15
AAPL,2025,2025-02-10,2025-02-14,237.5,230.585,245.55,0.058,True,0.34,0.15
AAPL,2025,2025-04-07,2025-04-11,207.5,194.15,199.54,0.0575,False,1.19,0.61
AAPL,2025,2025-05-05,2025-05-09,212.5,204.1,200.5399,0.0568,False,0.44,0.22
AAPL,2025,2025-05-19,2025-05-23,220.0,209.48,197.7,0.0504,False,0.165,0.08
AAPL,2025,2025-06-09,2025-06-13,215.0,206.0,200.37,0.0552,False,0.4,0.19
AAPL,2025,2025-07-21,2025-07-25,222.5,215.78,215.24,0.0595,False,0.325,0.15
AAPL,2025,2025-07-28,2025-08-01,230.0,214.845,213.58,0.0583,False,0.335,0.16
AAPL,2025,2025-08-04,2025-08-08,215.0,207.88,231.0,0.0555,True,0.315,0.15
AAPL,2025,2025-08-18,2025-08-22,242.5,233.12,229.09,0.0559,False,0.285,0.12
AAPL,2025,2025-09-08,2025-09-12,250.0,240.15,234.51,0.0583,False,0.245,0.1
AAPL,2025,2025-10-27,2025-10-31,290.0,269.12,277.32,0.0583,False,0.305,0.11
AAPL,2025,2025-11-10,2025-11-14,280.0,273.73,275.96,0.06,False,0.4599999999999999,0.17
AMZN,2023,2023-01-23,2023-01-27,105.0,97.78,103.485,0.0593,False,0.13,0.13
AMZN,2023,2023-01-30,2023-02-03,118.0,101.74,108.78,0.0579,False,0.3349999999999999,0.33
AMZN,2023,2023-02-06,2023-02-10,112.0,103.9484,98.8163,0.0561,False,0.255,0.25
AMZN,2023,2023-02-27,2023-03-03,100.0,94.78,94.94,0.0527,False,0.13,0.14
AMZN,2023,2023-05-01,2023-05-05,109.0,105.23,105.76,0.0526,False,0.345,0.33
AMZN,2023,2023-05-22,2023-05-26,122.0,116.77,121.5,0.0561,False,0.19,0.16
AMZN,2023,2023-06-26,2023-06-30,136.0,131.49,131.245,0.0568,False,0.385,0.29
AMZN,2023,2023-07-10,2023-07-14,135.0,129.28,136.65,0.0549,True,0.2,0.15
AMZN,2023,2023-07-24,2023-07-28,139.0,131.66,133.01,0.0576,False,0.29,0.22
AMZN,2023,2023-08-28,2023-09-01,140.0,133.95,139.96,0.05,False,0.095,0.07
AMZN,2023,2023-09-25,2023-09-29,138.0,131.78,129.15,0.058,False,0.16,0.12
AMZN,2023,2023-10-09,2023-10-13,135.0,128.79,133.3145,0.0579,False,0.1,0.08
AMZN,2023,2023-10-23,2023-10-27,142.0,127.88,130.02,0.0579,False,0.285,0.22
AMZN,2023,2023-10-23,2023-10-27,143.0,127.88,130.02,0.0525,False,0.235,0.18
AMZN,2023,2023-12-18,2023-12-22,162.5,154.855,154.35,0.0527,False,0.11,0.07
AMZN,2024,2024-04-22,2024-04-26,187.5,178.87,180.82,0.0582,False,0.3,0.17
AMZN,2024,2024-05-20,2024-05-24,192.5,186.665,182.435,0.0508,False,0.27,0.14
AMZN,2024,2024-06-10,2024-06-14,195.0,187.23,183.72,0.0522,False,0.12,0.06
AMZN,2024,2024-07-01,2024-07-05,207.5,198.2957,200.55,0.056,False,0.205,0.1
AMZN,2024,2024-07-29,2024-08-02,207.5,184.75,168.77,0.058,False,0.47,0.25
AMZN,2024,2024-08-26,2024-08-30,185.0,177.4682,178.9,0.054,False,0.215,0.12
AMZN,2024,2024-09-23,2024-09-27,202.5,194.45,190.9,0.0552,False,0.1,0.05
AMZN,2024,2024-10-21,2024-10-25,197.5,189.46,190.45,0.056,False,0.14,0.07
AMZN,2024,2024-12-02,2024-12-06,222.5,212.99,227.15,0.0509,True,0.235,0.11
AMZN,2024,2024-12-09,2024-12-13,240.0,230.08,230.2,0.0527,False,0.36,0.16
AMZN,2025,2025-02-03,2025-02-07,267.5,239.25,234.81,0.055,False,0.45,0.19
AMZN,2025,2025-02-10,2025-02-14,245.0,233.92,229.89,0.053,False,0.195,0.08
AMZN,2025,2025-02-24,2025-02-28,227.5,217.715,212.62,0.0569,False,0.305,0.14
AMZN,2025,2025-03-10,2025-03-14,212.5,196.73,198.65,0.0506,False,0.285,0.14
AMZN,2025,2025-04-21,2025-04-25,182.5,169.6,189.94,0.0536,True,0.285,0.17
AMZN,2025,2025-05-19,2025-05-23,217.5,206.62,202.37,0.0566,False,0.205,0.1
AMZN,2025,2025-07-21,2025-07-25,240.0,229.69,232.48,0.0524,False,0.14,0.06
AMZN,2025,2025-07-28,2025-08-01,255.0,234.29,220.4399,0.0538,False,0.38,0.16
AMZN,2025,2025-09-29,2025-10-03,235.0,222.6,224.2,0.0539,False,0.2,0.09
AMZN,2025,2025-10-06,2025-10-10,235.0,221.73,228.25,0.0539,False,0.21,0.09
AMZN,2025,2025-10-20,2025-10-24,230.0,216.69,225.4,0.0537,False,0.185,0.09
AMZN,2025,2025-10-27,2025-10-31,257.5,228.4,250.5,0.0564,False,0.55,0.24
AMZN,2025,2025-11-03,2025-11-07,270.0,258.6,244.9,0.0571,False,0.66,0.26
AMZN,2025,2025-11-24,2025-11-28,237.5,227.33,233.285,0.0593,False,0.175,0.08
AMZN,2025,2025-12-08,2025-12-12,240.0,230.83,230.08,0.0568,False,0.4049999999999999,0.18
AMZN,2025,2025-12-22,2025-12-26,237.5,229.48,232.99,0.0505,False,0.17,0.07
GOOG,2022,2022-01-03,2022-01-07,150.5,145.55,138.2547,0.0541,False,0.0849999999999999,0.06
GOOG,2022,2022-01-10,2022-01-14,145.0,138.64,141.2005,0.0558,False,0.09,0.06
GOOG,2022,2022-01-10,2022-01-14,145.5,138.64,141.2005,0.0598,False,0.08,0.06
GOOG,2022,2022-01-10,2022-01-14,145.75,138.64,141.2005,0.055,False,0.07,0.05
GOOG,2022,2022-01-24,2022-01-28,140.0,130.7785,133.3705,0.0524,False,0.1149999999999999,0.09
GOOG,2022,2022-01-31,2022-02-04,147.75,135.8435,144.5352,0.0568,False,0.17,0.13
GOOG,2022,2022-01-31,2022-02-04,148.0,135.8435,144.5352,0.0578,False,0.1649999999999999,0.12
GOOG,2022,2022-02-07,2022-02-11,147.5,143.8465,139.2833,0.0544,False,0.385,0.27
GOOG,2022,2022-02-28,2022-03-04,142.5,135.6405,134.199,0.0528,False,0.155,0.11
GOOG,2022,2022-03-07,2022-03-11,135.25,131.904,134.2,0.0559,False,0.37,0.28
GOOG,2022,2022-03-21,2022-03-25,142.75,137.5825,141.9595,0.0567,False,0.18,0.13
GOOG,2022,2022-03-21,2022-03-25,143.0,137.5825,141.9595,0.0514,False,0.17,0.12
GOOG,2022,2022-03-28,2022-04-01,148.5,141.9765,140.95,0.0551,False,0.12,0.08
GOOG,2022,2022-03-28,2022-04-01,148.75,141.9765,140.95,0.0572,False,0.12,0.08
GOOG,2022,2022-03-28,2022-04-01,149.0,141.9765,140.95,0.0523,False,0.11,0.08
GOOG,2022,2022-04-04,2022-04-08,149.5,144.0438,136.25,0.0555,False,0.09,0.06
GOOG,2022,2022-04-04,2022-04-08,149.75,144.0438,136.25,0.0578,False,0.115,0.08
GOOG,2022,2022-04-18,2022-04-22,134.75,128.712,125.452,0.0571,False,0.14,0.11
GOOG,2022,2022-04-18,2022-04-22,135.0,128.712,125.452,0.0557,False,0.13,0.1
GOOG,2022,2022-04-25,2022-04-29,140.25,123.278,118.96,0.0523,False,0.32,0.26
GOOG,2022,2022-04-25,2022-04-29,140.5,123.278,118.96,0.0517,False,0.325,0.26
GOOG,2022,2022-04-25,2022-04-29,141.25,123.278,118.96,0.0501,False,0.27,0.22
GOOG,2022,2022-05-02,2022-05-06,124.5,117.3395,117.4985,0.0539,False,0.165,0.14
GOOG,2022,2022-05-02,2022-05-06,125.25,117.3395,117.4985,0.0533,False,0.12,0.1
GOOG,2022,2022-05-09,2022-05-13,122.75,115.5629,118.085,0.0568,False,0.25,0.22
GOOG,2022,2022-05-09,2022-05-13,123.0,115.5629,118.085,0.051,False,0.22,0.19
GOOG,2022,2022-05-09,2022-05-13,123.25,115.5629,118.085,0.0548,False,0.2299999999999999,0.2
GOOG,2022,2022-05-09,2022-05-13,124.25,115.5629,118.085,0.0594,False,0.16,0.14
GOOG,2022,2022-05-23,2022-05-27,118.0,112.0055,112.868,0.0597,False,0.175,0.16
GOOG,2022,2022-05-23,2022-05-27,118.25,112.0055,112.868,0.0545,False,0.15,0.13
GOOG,2022,2022-05-23,2022-05-27,118.5,112.0055,112.868,0.0531,False,0.14,0.12
GOOG,2022,2022-06-06,2022-06-10,125.0,119.3985,113.497,0.0568,False,0.275,0.23
GOOG,2022,2022-06-27,2022-07-01,124.0,119.25,109.8064,0.0537,False,0.245,0.21
GOOG,2022,2022-06-27,2022-07-01,124.5,119.25,109.8064,0.0513,False,0.205,0.17
GOOG,2022,2022-07-18,2022-07-22,117.5,114.8,113.18,0.0588,False,0.5349999999999999,0.47
GOOG,2022,2022-07-18,2022-07-22,118.0,114.8,113.18,0.0562,False,0.475,0.41
GOOG,2022,2022-07-25,2022-07-29,122.5,110.58,116.9,0.0574,False,0.3,0.27
GOOG,2022,2022-07-25,2022-07-29,123.0,110.58,116.9,0.0514,False,0.235,0.21
GOOG,2022,2022-08-01,2022-08-05,121.5,117.12,118.86,0.0583,False,0.15,0.13
GOOG,2022,2022-08-08,2022-08-12,124.5,120.86,122.65,0.0561,False,0.2249999999999999,0.19
GOOG,2022,2022-08-08,2022-08-12,125.0,120.86,122.65,0.0532,False,0.1999999999999999,0.17
GOOG,2022,2022-08-22,2022-08-26,121.5,116.5,116.6,0.0557,False,0.165,0.14
GOOG,2022,2022-08-29,2022-09-02,117.0,111.96,111.675,0.0577,False,0.2249999999999999,0.2
GOOG,2022,2022-09-19,2022-09-23,110.0,104.02,100.11,0.0572,False,0.125,0.12
GOOG,2022,2022-09-26,2022-09-30,106.0,100.44,99.494,0.0511,False,0.18,0.18
GOOG,2022,2022-10-03,2022-10-07,106.0,99.97,101.42,0.0538,False,0.075,0.08
GOOG,2022,2022-10-24,2022-10-28,115.0,103.1,96.86,0.0597,False,0.19,0.18
GOOG,2022,2022-11-21,2022-11-25,101.0,98.72,98.94,0.0508,False,0.25,0.25
GOOG,2022,2022-11-28,2022-12-02,102.0,97.83,101.15,0.0558,False,0.145,0.15
GOOG,2022,2022-12-05,2022-12-09,106.0,101.7499,94.49,0.0535,False,0.125,0.12
GOOG,2022,2022-12-19,2022-12-23,95.0,91.2,90.1,0.0508,False,0.175,0.19
GOOG,2023,2023-01-30,2023-02-03,111.0,99.4088,108.02,0.0544,False,0.23,0.23
GOOG,2023,2023-02-06,2023-02-10,112.0,104.7,97.02,0.0595,False,0.155,0.15
GOOG,2023,2023-02-27,2023-03-03,95.0,90.4499,94.11,0.0577,False,0.11,0.12
GOOG,2023,2023-03-20,2023-03-24,109.0,102.58,106.16,0.0586,False,0.145,0.14
GOOG,2023,2023-04-10,2023-04-14,113.0,107.97,109.58,0.0581,False,0.19,0.18
GOOG,2023,2023-04-24,2023-04-28,118.0,107.32,108.29,0.0592,False,0.195,0.18
GOOG,2023,2023-05-01,2023-05-05,113.0,108.68,106.44,0.0596,False,0.1149999999999999,0.11
GOOG,2023,2023-05-08,2023-05-12,115.0,108.42,118.26,0.0538,True,0.08,0.07
GOOG,2023,2023-05-22,2023-05-26,134.0,127.05,126.0,0.0505,False,0.165,0.13
GOOG,2023,2023-06-26,2023-06-30,126.0,122.72,122.03,0.0531,False,0.24,0.2
GOOG,2023,2023-07-03,2023-07-07,126.0,121.02,121.75,0.0542,False,0.09,0.07
GOOG,2023,2023-07-24,2023-07-28,138.0,123.35,134.07,0.0545,False,0.355,0.29
GOOG,2023,2023-08-07,2023-08-11,138.0,132.06,130.44,0.0504,False,0.07,0.05
GOOG,2023,2023-08-28,2023-09-01,139.0,133.24,138.58,0.0517,False,0.135,0.1
GOOG,2023,2023-09-25,2023-09-29,138.0,132.22,134.89,0.0518,False,0.08,0.06
GOOG,2023,2023-10-09,2023-10-13,145.0,139.97,141.34,0.0586,False,0.095,0.07
GOOG,2023,2023-11-27,2023-12-01,143.0,139.63,133.5,0.0583,False,0.19,0.14
GOOG,2024,2024-01-08,2024-01-12,146.0,140.64,144.74,0.0588,False,0.075,0.05
GOOG,2024,2024-01-29,2024-02-02,172.5,155.2,143.88,0.0532,False,0.225,0.14
GOOG,2024,2024-02-05,2024-02-09,152.5,146.67,150.695,0.0535,False,0.18,0.12
GOOG,2024,2024-02-26,2024-03-01,147.0,143.84,140.0,0.0591,False,0.265,0.18
GOOG,2024,2024-04-08,2024-04-12,165.0,156.655,161.7,0.0509,False,0.14,0.09
GOOG,2024,2024-04-22,2024-04-26,175.0,159.185,176.42,0.0519,True,0.29,0.18
GOOG,2024,2024-04-29,2024-05-03,177.5,171.38,169.85,0.0535,False,0.325,0.19
GOOG,2024,2024-06-03,2024-06-07,182.5,175.86,179.42,0.0546,False,0.125,0.07
GOOG,2024,2024-06-10,2024-06-14,185.0,178.47,178.73,0.0502,False,0.2199999999999999,0.12
GOOG,2024,2024-07-22,2024-07-26,205.0,184.3,169.84,0.0582,False,0.36,0.2
GOOG,2024,2024-09-23,2024-09-27,170.0,166.61,166.97,0.0572,False,0.355,0.21
GOOG,2024,2024-10-21,2024-10-25,172.5,166.22,167.4,0.055,False,0.13,0.08
GOOG,2024,2024-11-04,2024-11-08,180.0,171.92,182.35,0.0519,True,0.2299999999999999,0.13
GOOG,2024,2024-11-18,2024-11-22,185.0,176.91,168.2645,0.0599,False,0.125,0.07
GOOG,2024,2024-12-02,2024-12-06,180.0,173.6,176.8389,0.0567,False,0.115,0.07
GOOG,2024,2024-12-09,2024-12-13,185.0,178.04,194.34,0.0554,True,0.145,0.08
GOOG,2024,2024-12-23,2024-12-27,205.0,196.49,196.8,0.0562,False,0.26,0.13
GOOG,2025,2025-01-27,2025-01-31,207.5,198.67,207.08,0.0597,False,0.385,0.19
GOOG,2025,2025-02-03,2025-02-07,227.5,205.22,193.015,0.0565,False,0.5549999999999999,0.27
GOOG,2025,2025-02-10,2025-02-14,197.5,189.99,188.15,0.0599,False,0.255,0.13
GOOG,2025,2025-03-03,2025-03-07,180.0,175.0,176.9,0.054,False,0.505,0.29
GOOG,2025,2025-05-05,2025-05-09,175.0,167.1,156.43,0.0534,False,0.175,0.1
GOOG,2025,2025-06-02,2025-06-06,180.0,171.0624,175.83,0.0507,False,0.21,0.12
GOOG,2025,2025-06-23,2025-06-27,175.0,168.48,178.84,0.0504,True,0.24,0.14
GOOG,2025,2025-07-07,2025-07-11,187.5,180.34,182.61,0.0522,False,0.25,0.14
GOOG,2025,2025-07-21,2025-07-25,212.5,191.26,195.275,0.0547,False,0.3,0.16
GOOG,2025,2025-08-04,2025-08-08,207.5,196.08,203.43,0.0591,False,0.16,0.08
GOOG,2025,2025-08-25,2025-08-29,225.0,211.09,215.34,0.0526,False,0.22,0.1
GOOG,2025,2025-09-22,2025-09-26,267.5,256.31,250.12,0.0577,False,0.395,0.15
GOOG,2025,2025-09-29,2025-10-03,260.0,251.6483,247.1177,0.0502,False,0.495,0.2
GOOG,2025,2025-10-06,2025-10-10,270.0,252.2,244.84,0.0554,False,0.215,0.09
GOOG,2025,2025-10-20,2025-10-24,272.5,257.88,262.51,0.0523,False,0.2299999999999999,0.09
GOOG,2025,2025-11-24,2025-11-28,340.0,319.8,326.88,0.0525,False,0.31,0.1
GOOG,2025,2025-12-01,2025-12-05,335.0,319.63,323.83,0.0519,False,0.595,0.19
GOOG,2025,2025-12-08,2025-12-12,335.0,321.23,316.14,0.0531,False,0.5700000000000001,0.18
HOOD,2022,2022-01-10,2022-01-14,18.5,16.0,15.73,0.0553,False,0.095,0.59
HOOD,2022,2022-02-28,2022-03-04,14.0,12.095,11.6727,0.051,False,0.04,0.33
HOOD,2022,2022-03-07,2022-03-11,14.0,12.03,12.46,0.0503,False,0.07,0.58
HOOD,2022,2022-03-21,2022-03-25,15.5,13.3,12.98,0.0532,False,0.055,0.41
HOOD,2022,2022-03-28,2022-04-01,15.0,13.02,13.75,0.0577,False,0.045,0.35
HOOD,2022,2022-04-04,2022-04-08,17.0,13.93,11.69,0.0508,False,0.055,0.39
HOOD,2022,2022-04-18,2022-04-22,13.0,11.39,10.66,0.0502,False,0.045,0.4
HOOD,2022,2022-05-23,2022-05-27,12.0,10.115,10.42,0.0512,False,0.045,0.44
HOOD,2022,2022-06-27,2022-07-01,13.5,9.72,8.395,0.0572,False,0.165,1.7
HOOD,2022,2022-06-27,2022-07-01,14.0,9.72,8.395,0.0523,False,0.2,2.06
HOOD,2022,2022-08-01,2022-08-05,11.5,9.04,10.615,0.0587,False,0.045,0.5
HOOD,2022,2022-09-19,2022-09-23,12.0,10.295,9.58,0.0557,False,0.035,0.34
HOOD,2022,2022-09-26,2022-09-30,11.0,9.74,10.4787,0.0547,False,0.05,0.51
HOOD,2022,2022-10-10,2022-10-14,12.5,10.84,11.02,0.0506,False,0.035,0.32
HOOD,2022,2022-11-28,2022-12-02,10.5,9.54,10.05,0.0522,False,0.03,0.31
HOOD,2022,2022-12-05,2022-12-09,11.0,10.17,9.49,0.0518,False,0.035,0.34
HOOD,2022,2022-12-19,2022-12-23,9.5,8.56,8.0,0.052,False,0.03,0.35
HOOD,2023,2023-02-27,2023-03-03,11.0,9.875,9.95,0.0534,False,0.02,0.2
HOOD,2023,2023-04-24,2023-04-28,11.0,9.69,8.94,0.0589,False,0.02,0.21
HOOD,2023,2023-05-01,2023-05-05,9.5,8.85,8.86,0.053,False,0.025,0.28
HOOD,2023,2023-07-03,2023-07-07,12.5,10.8,10.91,0.0537,False,0.02,0.19
HOOD,2023,2023-12-04,2023-12-08,11.5,9.735,11.74,0.0508,True,0.025,0.26
HOOD,2023,2023-12-18,2023-12-22,14.0,11.98,13.15,0.06,False,0.05,0.42
HOOD,2024,2024-01-29,2024-02-02,13.0,11.33,11.0199,0.0575,False,0.02,0.18
HOOD,2024,2024-02-26,2024-03-01,18.5,15.61,16.6,0.0551,False,0.035,0.22
HOOD,2024,2024-02-26,2024-03-01,25.0,15.61,16.6,0.0552,False,0.22,1.41
HOOD,2024,2024-03-18,2024-03-22,21.0,18.41,18.946,0.0578,False,0.085,0.46
HOOD,2024,2024-04-08,2024-04-12,21.0,19.1,18.89,0.0552,False,0.1,0.52
HOOD,2024,2024-04-29,2024-05-03,19.5,18.29,18.135,0.06,False,0.11,0.6
HOOD,2024,2024-05-20,2024-05-24,25.0,20.89,20.565,0.054,False,0.1,0.48
HOOD,2024,2024-06-03,2024-06-07,25.5,22.4,23.69,0.0585,False,0.1,0.45
HOOD,2024,2024-06-10,2024-06-14,28.0,23.525,23.57,0.0555,False,0.055,0.23
HOOD,2024,2024-07-22,2024-07-26,26.5,24.02,21.985,0.0548,False,0.095,0.4
HOOD,2024,2024-07-29,2024-08-02,24.0,21.84,19.29,0.05,False,0.09,0.41
HOOD,2024,2024-08-19,2024-08-23,22.0,20.31,21.21,0.0591,False,0.04,0.2
HOOD,2024,2024-09-09,2024-09-13,22.0,19.83,22.43,0.0571,True,0.045,0.23
HOOD,2024,2024-10-07,2024-10-11,25.5,23.425,26.65,0.0502,True,0.04,0.17
HOOD,2024,2024-10-21,2024-10-25,29.5,27.105,27.75,0.0551,False,0.04,0.15
HOOD,2024,2024-10-28,2024-11-01,33.5,28.23,24.1178,0.0596,False,0.13,0.46
HOOD,2024,2024-10-28,2024-11-01,34.0,28.23,24.1178,0.0524,False,0.11,0.39
HOOD,2024,2024-11-04,2024-11-08,27.5,24.56,30.63,0.0537,True,0.075,0.31
HOOD,2024,2024-11-18,2024-11-22,41.5,35.615,36.835,0.0513,False,0.075,0.21
HOOD,2024,2024-11-25,2024-11-29,43.0,39.74,39.145,0.0574,False,0.28,0.7
HOOD,2024,2024-12-02,2024-12-06,45.0,38.79,41.71,0.0529,False,0.175,0.45
HOOD,2024,2024-12-23,2024-12-27,41.5,38.5,40.44,0.0527,False,0.1699999999999999,0.44
HOOD,2024,2024-12-30,2025-01-03,42.5,38.96,41.38,0.0563,False,0.1,0.26
HOOD,2025,2025-01-06,2025-01-10,47.5,43.12,40.53,0.0565,False,0.095,0.22
HOOD,2025,2025-01-06,2025-01-10,48.0,43.12,40.53,0.0525,False,0.08,0.19
HOOD,2025,2025-01-27,2025-01-31,54.0,50.145,53.49,0.0505,False,0.3349999999999999,0.67
HOOD,2025,2025-02-10,2025-02-14,71.0,57.27,66.0799,0.0539,False,0.305,0.53
HOOD,2025,2025-03-03,2025-03-07,56.0,54.8399,45.37,0.0557,False,0.915,1.67
HOOD,2025,2025-03-10,2025-03-14,45.0,41.1974,39.46,0.0569,False,0.505,1.23
HOOD,2025,2025-03-31,2025-04-04,48.5,41.95,36.25,0.0563,False,0.08,0.19
HOOD,2025,2025-04-21,2025-04-25,46.0,41.559,49.99,0.0576,True,0.16,0.38
HOOD,2025,2025-05-05,2025-05-09,55.0,48.34,56.315,0.0566,True,0.105,0.22
HOOD,2025,2025-05-19,2025-05-23,73.0,64.36,64.46,0.0592,False,0.145,0.23
HOOD,2025,2025-06-09,2025-06-13,85.0,73.73,74.8197,0.0523,False,0.26,0.35
HOOD,2025,2025-06-23,2025-06-27,85.0,79.045,84.88,0.0552,False,0.315,0.4
HOOD,2025,2025-07-07,2025-07-11,107.0,95.7,101.5,0.056,False,0.41,0.43
HOOD,2025,2025-07-21,2025-07-25,118.0,110.31,106.39,0.0511,False,0.635,0.58
HOOD,2025,2025-07-21,2025-07-25,119.0,110.31,106.39,0.0501,False,0.4549999999999999,0.41
HOOD,2025,2025-07-28,2025-08-01,129.0,107.13,104.59,0.0534,False,0.35,0.33
HOOD,2025,2025-08-04,2025-08-08,121.0,106.79,117.0,0.0519,False,0.14,0.13
HOOD,2025,2025-08-18,2025-08-22,127.0,115.09,111.8825,0.0508,False,0.26,0.23
HOOD,2025,2025-08-25,2025-08-29,123.0,109.85,104.4,0.0553,False,0.325,0.3
HOOD,2025,2025-09-22,2025-09-26,140.0,126.64,125.06,0.0543,False,0.245,0.19
HOOD,2025,2025-09-29,2025-10-03,157.5,136.84,150.21,0.05,False,0.175,0.13
HOOD,2025,2025-10-20,2025-10-24,152.5,140.198,142.1999,0.0521,False,0.44,0.31
HOOD,2025,2025-10-27,2025-10-31,165.0,149.2,150.47,0.0535,False,0.505,0.34
HOOD,2025,2025-11-03,2025-11-07,177.5,149.4124,132.2,0.0515,False,0.7350000000000001,0.49
HOOD,2025,2025-11-10,2025-11-14,152.5,138.99,126.5,0.0577,False,0.47,0.34
HOOD,2025,2025-12-01,2025-12-05,138.0,125.2899,135.24,0.0567,False,0.295,0.24
HOOD,2025,2025-12-01,2025-12-05,139.0,125.2899,135.24,0.054,False,0.305,0.24
HOOD,2025,2025-12-08,2025-12-12,152.5,138.09,125.65,0.0551,False,0.31,0.22
HOOD,2025,2025-12-22,2025-12-26,133.0,124.55,121.03,0.0534,False,0.345,0.28
IWM,2022,2022-01-03,2022-01-07,248.0,226.69,220.38,0.0547,False,0.36,0.16
IWM,2022,2022-01-24,2022-01-28,216.0,202.39,195.31,0.0589,False,0.15,0.07
IWM,2022,2022-01-31,2022-02-04,212.0,201.24,200.1,0.0539,False,0.12,0.06
IWM,2022,2022-02-28,2022-03-04,214.0,204.6,200.86,0.0519,False,0.21,0.1
IWM,2022,2022-04-18,2022-04-22,206.0,199.18,197.37,0.0559,False,0.2,0.1
IWM,2022,2022-04-25,2022-04-29,204.0,194.11,191.73,0.0537,False,0.155,0.08
IWM,2022,2022-05-09,2022-05-13,188.0,182.6534,179.41,0.0577,False,0.5,0.27
IWM,2022,2022-05-09,2022-05-13,189.0,182.6534,179.41,0.0514,False,0.35,0.19
IWM,2022,2022-05-23,2022-05-27,188.0,178.96,187.65,0.0598,False,0.225,0.13
IWM,2022,2022-05-23,2022-05-27,189.0,178.96,187.65,0.0513,False,0.205,0.11
IWM,2022,2022-06-27,2022-07-01,185.0,176.99,171.84,0.0546,False,0.2,0.11
IWM,2022,2022-08-01,2022-08-05,196.0,188.32,191.02,0.0511,False,0.095,0.05
IWM,2022,2022-08-08,2022-08-12,201.0,194.625,200.43,0.054,False,0.22,0.11
IWM,2022,2022-08-22,2022-08-26,199.0,192.35,195.44,0.056,False,0.22,0.11
IWM,2022,2022-08-22,2022-08-26,200.0,192.35,195.44,0.0518,False,0.15,0.08
IWM,2022,2022-08-29,2022-09-02,196.0,188.99,183.95,0.0514,False,0.225,0.12
IWM,2022,2022-10-24,2022-10-28,184.0,174.0,183.41,0.0568,False,0.18,0.1
IWM,2022,2022-12-19,2022-12-23,180.0,175.0529,174.45,0.0517,False,0.28,0.16
IWM,2023,2023-01-09,2023-01-13,187.0,180.12,187.34,0.0528,True,0.24,0.13
IWM,2023,2023-02-06,2023-02-10,202.0,196.38,190.63,0.0558,False,0.205,0.1
IWM,2023,2023-02-27,2023-03-03,195.0,190.2,191.93,0.0544,False,0.205,0.11
IWM,2023,2023-03-06,2023-03-10,196.0,191.74,180.39,0.0587,False,0.295,0.15
IWM,2023,2023-04-10,2023-04-14,183.0,175.88,179.22,0.0556,False,0.095,0.05
IWM,2023,2023-04-24,2023-04-28,183.0,178.45,175.825,0.0585,False,0.155,0.09
IWM,2023,2023-05-01,2023-05-05,182.0,177.34,175.1,0.0551,False,0.17,0.1
IWM,2023,2023-05-22,2023-05-26,185.0,179.02,176.38,0.0511,False,0.095,0.05
IWM,2023,2023-07-10,2023-07-14,195.0,188.05,193.4887,0.0564,False,0.09,0.05
IWM,2023,2023-07-24,2023-07-28,202.0,196.255,196.95,0.0533,False,0.175,0.09
IWM,2023,2023-07-24,2023-07-28,202.5,196.255,196.95,0.0541,False,0.14,0.07
IWM,2023,2023-08-21,2023-08-25,191.0,185.275,185.0,0.0593,False,0.15,0.08
IWM,2023,2023-09-18,2023-09-22,188.0,183.76,178.37,0.0582,False,0.1699999999999999,0.09
IWM,2023,2023-11-06,2023-11-10,179.0,174.775,169.71,0.0551,False,0.325,0.19
IWM,2023,2023-11-20,2023-11-24,186.0,179.65,179.73,0.0515,False,0.09,0.05
IWM,2023,2023-11-27,2023-12-01,185.0,179.11,185.18,0.0538,True,0.1149999999999999,0.06
IWM,2023,2023-12-18,2023-12-22,205.0,198.77,202.81,0.0588,False,0.245,0.12
IWM,2024,2024-01-22,2024-01-26,205.0,196.82,197.89,0.05,False,0.11,0.06
IWM,2024,2024-02-26,2024-03-01,209.0,201.64,206.325,0.059,False,0.16,0.08
IWM,2024,2024-04-08,2024-04-12,214.0,206.4197,201.91,0.0562,False,0.195,0.09
IWM,2024,2024-04-22,2024-04-26,202.5,196.295,198.89,0.0594,False,0.14,0.07
IWM,2024,2024-04-29,2024-05-03,208.0,200.41,204.16,0.0581,False,0.19,0.09
IWM,2024,2024-05-06,2024-05-10,211.0,204.78,206.62,0.0528,False,0.12,0.06
IWM,2024,2024-06-03,2024-06-07,212.0,207.555,203.17,0.0517,False,0.245,0.12
IWM,2024,2024-07-01,2024-07-05,207.0,203.82,201.625,0.0527,False,0.29,0.14
IWM,2024,2024-07-08,2024-07-12,210.0,203.7,214.94,0.0567,True,0.15,0.07
IWM,2024,2024-08-05,2024-08-09,217.0,204.74,207.12,0.0599,False,0.18,0.09
IWM,2024,2024-08-19,2024-08-23,224.0,215.21,221.08,0.0517,False,0.09,0.04
IWM,2024,2024-08-26,2024-08-30,230.0,222.45,220.5,0.0542,False,0.25,0.11
IWM,2024,2024-09-09,2024-09-13,218.0,210.255,217.25,0.0593,False,0.245,0.12
IWM,2024,2024-09-23,2024-09-27,228.0,223.11,222.599,0.0525,False,0.275,0.12
IWM,2024,2024-11-04,2024-11-08,237.0,221.74,238.465,0.0546,True,0.3399999999999999,0.15
IWM,2024,2024-11-04,2024-11-08,238.0,221.74,238.465,0.0524,True,0.28,0.13
IWM,2024,2024-11-18,2024-11-22,237.0,230.6,239.235,0.0551,True,0.205,0.09
IWM,2024,2024-12-02,2024-12-06,252.0,242.66,239.89,0.0589,False,0.155,0.06
IWM,2024,2024-12-02,2024-12-06,252.5,242.66,239.89,0.0523,False,0.14,0.06
IWM,2024,2024-12-09,2024-12-13,247.5,241.38,234.86,0.0584,False,0.325,0.13
IWM,2024,2024-12-30,2025-01-03,229.0,221.81,224.82,0.0538,False,0.135,0.06
IWM,2025,2025-01-06,2025-01-10,233.0,227.17,218.71,0.0531,False,0.235,0.1
IWM,2025,2025-01-27,2025-01-31,236.0,229.62,230.32,0.0544,False,0.275,0.12
IWM,2025,2025-02-03,2025-02-07,234.0,225.55,229.2499,0.059,False,0.215,0.1
IWM,2025,2025-02-10,2025-02-14,235.0,227.52,227.98,0.0522,False,0.15,0.07
IWM,2025,2025-02-24,2025-02-28,225.0,218.79,214.66,0.0574,False,0.22,0.1
IWM,2025,2025-03-10,2025-03-14,214.0,204.74,203.07,0.0525,False,0.33,0.16
IWM,2025,2025-03-24,2025-03-28,217.0,209.23,204.58,0.0575,False,0.105,0.05
IWM,2025,2025-03-31,2025-04-04,211.0,200.64,184.05,0.058,False,0.15,0.07
IWM,2025,2025-03-31,2025-04-04,212.0,200.64,184.05,0.0507,False,0.12,0.06
IWM,2025,2025-04-07,2025-04-11,199.0,190.25,184.85,0.0583,False,0.695,0.37
IWM,2025,2025-04-07,2025-04-11,200.0,190.25,184.85,0.0584,False,0.74,0.39
IWM,2025,2025-04-21,2025-04-25,194.0,185.29,194.26,0.0587,True,0.24,0.13
IWM,2025,2025-05-19,2025-05-23,217.0,209.09,203.255,0.0519,False,0.0849999999999999,0.04
IWM,2025,2025-06-02,2025-06-06,214.0,205.84,212.1284,0.0507,False,0.14,0.07
IWM,2025,2025-07-21,2025-07-25,229.0,224.41,224.595,0.0542,False,0.265,0.12
IWM,2025,2025-07-28,2025-08-01,233.0,225.44,216.56,0.0597,False,0.195,0.09
IWM,2025,2025-08-18,2025-08-22,237.0,228.46,235.42,0.0536,False,0.15,0.07
IWM,2025,2025-08-25,2025-08-29,241.0,234.3,237.02,0.0554,False,0.235,0.1
IWM,2025,2025-09-29,2025-10-03,250.0,242.93,248.09,0.0506,False,0.165,0.07
IWM,2025,2025-10-20,2025-10-24,258.0,248.33,251.11,0.0506,False,0.15,0.06
IWM,2025,2025-10-27,2025-10-31,261.0,252.21,246.79,0.0548,False,0.19,0.08
IWM,2025,2025-11-10,2025-11-14,253.0,245.24,238.725,0.0594,False,0.19,0.08
IWM,2025,2025-11-24,2025-11-28,247.5,240.385,248.81,0.0508,True,0.11,0.05
JPM,2022,2022-01-10,2022-01-14,177.5,169.31,161.03,0.0509,False,0.225,0.13
JPM,2022,2022-02-07,2022-02-11,160.0,153.62,158.19,0.0566,False,0.12,0.08
JPM,2022,2022-03-07,2022-03-11,140.0,132.69,134.08,0.055,False,0.35,0.26
JPM,2022,2022-03-28,2022-04-01,147.0,140.97,137.41,0.0577,False,0.15,0.11
JPM,2022,2022-04-18,2022-04-22,135.0,129.24,130.52,0.0512,False,0.09,0.07
JPM,2022,2022-04-25,2022-04-29,134.0,127.115,123.61,0.0512,False,0.09,0.07
JPM,2022,2022-05-02,2022-05-06,128.0,120.71,124.29,0.0591,False,0.14,0.12
JPM,2022,2022-05-09,2022-05-13,130.0,123.33,120.25,0.0532,False,0.175,0.14
JPM,2022,2022-06-06,2022-06-10,136.0,132.39,123.4,0.0529,False,0.235,0.18
JPM,2022,2022-07-25,2022-07-29,121.0,116.46,116.5,0.0516,False,0.13,0.11
JPM,2022,2022-08-08,2022-08-12,120.0,116.7,122.25,0.0568,True,0.24,0.21
JPM,2022,2022-08-29,2022-09-02,120.0,114.86,117.45,0.0527,False,0.135,0.12
JPM,2022,2022-10-10,2022-10-14,117.0,107.31,115.24,0.0504,False,0.135,0.13
JPM,2022,2022-11-07,2022-11-11,139.0,132.29,136.17,0.0592,False,0.185,0.14
JPM,2023,2023-01-09,2023-01-13,147.0,138.88,143.49,0.0577,False,0.185,0.13
JPM,2023,2023-01-30,2023-02-03,145.0,140.09,142.33,0.0599,False,0.14,0.1
JPM,2023,2023-02-06,2023-02-10,147.0,142.24,141.28,0.0572,False,0.07,0.05
JPM,2023,2023-03-06,2023-03-10,148.0,144.04,135.26,0.0516,False,0.1,0.07
JPM,2023,2023-03-27,2023-03-31,135.0,129.38,130.34,0.0556,False,0.085,0.07
JPM,2023,2023-04-10,2023-04-14,137.0,128.23,139.12,0.0574,True,0.145,0.11
JPM,2023,2023-04-24,2023-04-28,145.0,141.1,138.32,0.0532,False,0.095,0.07
JPM,2023,2023-05-01,2023-05-05,147.0,143.37,137.88,0.0521,False,0.21,0.15
JPM,2023,2023-05-08,2023-05-12,142.0,137.97,136.99,0.0583,False,0.12,0.09
JPM,2023,2023-05-22,2023-05-26,144.0,141.64,137.6,0.0552,False,0.38,0.27
JPM,2023,2023-07-10,2023-07-14,155.0,145.99,152.89,0.0521,False,0.18,0.12
JPM,2023,2023-08-21,2023-08-25,155.0,150.105,148.6199,0.0586,False,0.105,0.07
JPM,2023,2023-08-28,2023-09-01,152.5,148.61,148.08,0.0534,False,0.125,0.08
JPM,2023,2023-10-23,2023-10-27,147.0,143.68,139.1,0.0591,False,0.26,0.18
JPM,2023,2023-10-30,2023-11-03,143.0,138.04,143.77,0.0579,True,0.1149999999999999,0.08
JPM,2023,2023-11-20,2023-11-24,157.5,153.75,154.438,0.054,False,0.07,0.05
JPM,2023,2023-11-27,2023-12-01,157.5,153.53,157.86,0.0589,True,0.095,0.06
JPM,2024,2024-01-08,2024-01-12,182.5,172.36,176.31,0.055,False,0.1699999999999999,0.1
JPM,2024,2024-04-08,2024-04-12,212.5,198.98,188.93,0.0556,False,0.215,0.11
JPM,2024,2024-05-06,2024-05-10,197.5,192.2,199.3399,0.0592,True,0.085,0.04
JPM,2024,2024-06-24,2024-06-28,207.5,199.23,202.6,0.0524,False,0.105,0.05
JPM,2024,2024-07-08,2024-07-12,217.5,206.9,207.45,0.0554,False,0.305,0.15
JPM,2024,2024-09-09,2024-09-13,225.0,218.15,207.8482,0.0574,False,0.16,0.07
JPM,2024,2024-10-21,2024-10-25,230.0,225.7,225.62,0.0538,False,0.235,0.1
JPM,2024,2024-11-04,2024-11-08,235.0,223.76,239.34,0.0527,True,0.38,0.17
JPM,2024,2024-11-18,2024-11-22,255.0,247.93,249.15,0.0501,False,0.325,0.13
JPM,2024,2024-12-09,2024-12-13,255.0,247.8699,242.715,0.0531,False,0.31,0.13
JPM,2025,2025-01-06,2025-01-10,250.0,245.69,243.81,0.0532,False,0.385,0.16
JPM,2025,2025-01-27,2025-01-31,275.0,265.97,270.82,0.0505,False,0.105,0.04
JPM,2025,2025-02-24,2025-02-28,272.5,267.0,264.81,0.0511,False,0.515,0.19
JPM,2025,2025-03-10,2025-03-14,250.0,237.51,233.143,0.0581,False,0.47,0.2
JPM,2025,2025-03-24,2025-03-28,257.5,248.69,249.505,0.0599,False,0.12,0.05
JPM,2025,2025-04-07,2025-04-11,242.5,222.053,238.575,0.0519,False,0.58,0.26
JPM,2025,2025-04-21,2025-04-25,242.5,231.81,245.62,0.0539,True,0.27,0.12
JPM,2025,2025-05-19,2025-05-23,275.0,268.32,261.99,0.0548,False,0.525,0.2
JPM,2025,2025-06-23,2025-06-27,287.5,278.55,288.6962,0.0503,True,0.08,0.03
JPM,2025,2025-07-07,2025-07-11,302.5,296.04,287.38,0.0581,False,0.37,0.12
JPM,2025,2025-09-08,2025-09-12,305.0,296.46,307.55,0.0568,True,0.33,0.11
JPM,2025,2025-09-22,2025-09-26,325.0,313.7,317.81,0.0514,False,0.225,0.07
JPM,2025,2025-12-08,2025-12-12,327.5,316.47,320.27,0.0521,False,0.265,0.08
META,2022,2022-01-10,2022-01-14,347.5,328.34,332.73,0.0575,False,0.295,0.09
META,2022,2022-01-31,2022-02-04,345.0,313.79,242.6099,0.0587,False,0.39,0.12
META,2022,2022-02-07,2022-02-11,252.5,238.3,230.42,0.0575,False,1.31,0.55
META,2022,2022-03-07,2022-03-11,205.0,200.89,193.56,0.0591,False,1.475,0.73
META,2022,2022-03-21,2022-03-25,227.5,214.71,225.5,0.0549,False,0.425,0.2
META,2022,2022-03-28,2022-04-01,240.0,224.04,227.28,0.057,False,0.42,0.19
META,2022,2022-04-25,2022-04-29,232.5,187.18,212.48,0.0546,False,0.8899999999999999,0.48
META,2022,2022-05-23,2022-05-27,212.5,196.9924,195.3329,0.0598,False,0.345,0.18
META,2023,2023-01-09,2023-01-13,141.0,132.95,137.39,0.0547,False,0.415,0.31
META,2023,2023-03-27,2023-03-31,217.5,205.86,212.17,0.0587,False,0.4649999999999999,0.23
META,2023,2023-04-24,2023-04-28,252.5,213.92,240.43,0.0534,False,0.6599999999999999,0.31
META,2023,2023-06-05,2023-06-09,290.0,275.57,267.949,0.058,False,0.3899999999999999,0.14
META,2023,2023-06-26,2023-06-30,300.0,289.79,289.05,0.0522,False,1.045,0.36
META,2023,2023-07-03,2023-07-07,302.5,289.4,296.2,0.0503,False,0.365,0.13
META,2023,2023-07-10,2023-07-14,317.5,298.13,314.88,0.0556,False,0.645,0.22
META,2023,2023-07-24,2023-07-28,352.5,297.52,326.2,0.055,False,1.415,0.48
META,2023,2023-08-21,2023-08-25,310.0,290.5,288.386,0.055,False,0.31,0.11
META,2023,2023-08-28,2023-09-01,307.5,291.45,301.74,0.0588,False,0.36,0.12
META,2023,2023-09-18,2023-09-22,320.0,303.6,305.38,0.0556,False,0.305,0.1
META,2023,2023-09-25,2023-09-29,322.5,300.95,310.64,0.0534,False,0.285,0.09
META,2023,2023-10-02,2023-10-06,325.0,307.18,316.31,0.054,False,0.255,0.08
META,2023,2023-10-23,2023-10-27,362.5,317.36,299.31,0.0533,False,0.915,0.29
META,2023,2023-10-30,2023-11-03,322.5,309.3967,315.55,0.052,False,0.81,0.26
META,2023,2023-11-06,2023-11-10,332.5,318.33,329.1,0.05,False,0.355,0.11
META,2023,2023-11-20,2023-11-24,355.0,341.87,341.8556,0.0525,False,0.33,0.1
META,2023,2023-11-27,2023-12-01,350.0,339.9,326.86,0.0567,False,0.515,0.15
META,2024,2024-01-08,2024-01-12,375.0,358.98,377.06,0.0511,True,0.225,0.06
META,2024,2024-01-22,2024-01-26,405.0,390.3525,396.79,0.0502,False,0.755,0.19
META,2024,2024-01-29,2024-02-02,460.0,402.93,485.96,0.0513,True,0.8700000000000001,0.22
META,2024,2024-02-26,2024-03-01,510.0,486.14,504.25,0.0583,False,0.73,0.15
META,2024,2024-03-18,2024-03-22,530.0,497.42,509.97,0.0594,False,0.435,0.09
META,2024,2024-04-01,2024-04-05,517.5,497.43,530.7,0.0581,True,0.635,0.13
META,2024,2024-04-22,2024-04-26,570.0,492.01,446.44,0.0531,False,1.975,0.4
META,2024,2024-04-29,2024-05-03,467.5,439.76,454.17,0.0513,False,0.91,0.21
META,2024,2024-05-06,2024-05-10,495.0,466.16,477.5,0.0599,False,0.355,0.08
META,2024,2024-05-20,2024-05-24,495.0,473.2,479.8499,0.0552,False,0.66,0.14
META,2024,2024-06-10,2024-06-14,530.0,502.66,507.15,0.058,False,0.45,0.09
META,2024,2024-06-24,2024-06-28,527.5,507.8,521.88,0.0502,False,0.885,0.17
META,2024,2024-07-08,2024-07-12,570.0,542.81,508.09,0.0572,False,1.23,0.23
META,2024,2024-07-22,2024-07-26,525.0,492.06,469.77,0.0535,False,0.86,0.17
META,2024,2024-07-29,2024-08-02,550.0,473.96,501.145,0.0551,False,1.735,0.37
META,2024,2024-08-05,2024-08-09,520.0,483.48,518.34,0.0519,False,0.77,0.16
META,2024,2024-10-07,2024-10-11,620.0,602.95,591.21,0.0509,False,1.8,0.3
META,2024,2024-10-28,2024-11-01,670.0,583.7499,573.67,0.0581,False,1.72,0.29
META,2024,2024-11-04,2024-11-08,597.5,568.69,593.1,0.0591,False,1.18,0.21
META,2024,2024-11-18,2024-11-22,587.5,559.9,563.8273,0.0567,False,0.84,0.15
META,2024,2024-12-09,2024-12-13,650.0,626.4,631.08,0.0585,False,1.385,0.22
META,2024,2024-12-23,2024-12-27,627.5,601.09,601.85,0.0535,False,0.64,0.11
META,2025,2025-01-27,2025-01-31,760.0,663.87,705.2999,0.056,False,1.46,0.22
META,2025,2025-01-27,2025-01-31,765.0,663.87,705.2999,0.0503,False,1.295,0.2
META,2025,2025-02-03,2025-02-07,742.5,704.0,725.01,0.0549,False,0.8899999999999999,0.13
META,2025,2025-02-10,2025-02-14,755.0,721.2,740.91,0.0537,False,0.895,0.12
META,2025,2025-02-24,2025-02-28,710.0,687.27,669.63,0.0531,False,1.465,0.21
META,2025,2025-03-03,2025-03-07,702.5,681.25,634.79,0.0506,False,2.015,0.3
META,2025,2025-03-10,2025-03-14,660.0,610.1059,608.86,0.0528,False,1.04,0.17
META,2025,2025-03-24,2025-03-28,655.0,622.54,601.75,0.0575,False,0.895,0.14
META,2025,2025-03-24,2025-03-28,657.5,622.54,601.75,0.0504,False,0.75,0.12
META,2025,2025-03-31,2025-04-04,622.5,578.7,518.0,0.0514,False,0.5,0.09
META,2025,2025-04-07,2025-04-11,587.5,539.37,547.4,0.0577,False,1.565,0.29
META,2025,2025-04-07,2025-04-11,590.0,539.37,547.4,0.0554,False,1.265,0.23
META,2025,2025-04-21,2025-04-25,530.0,493.5,549.86,0.0592,True,1.18,0.24
META,2025,2025-04-21,2025-04-25,532.5,493.5,549.86,0.0511,True,0.99,0.2
META,2025,2025-04-28,2025-05-02,645.0,558.4899,604.34,0.0556,False,1.745,0.31
META,2025,2025-05-19,2025-05-23,680.0,643.0,632.445,0.0571,False,0.845,0.13
META,2025,2025-05-19,2025-05-23,682.5,643.0,632.445,0.0505,False,0.71,0.11
META,2025,2025-06-02,2025-06-06,710.0,673.26,702.806,0.052,False,0.3999999999999999,0.06
META,2025,2025-06-09,2025-06-13,732.5,705.19,694.57,0.059,False,1.345,0.19
META,2025,2025-06-23,2025-06-27,730.0,699.05,735.43,0.0563,True,0.38,0.05
META,2025,2025-07-07,2025-07-11,755.0,727.0,725.16,0.0547,False,1.185,0.16
META,2025,2025-07-21,2025-07-25,750.0,717.0,720.6499,0.0542,False,0.92,0.13
META,2025,2025-07-28,2025-08-01,800.0,724.7352,765.9999,0.0597,False,1.645,0.23
META,2025,2025-08-04,2025-08-08,817.5,776.85,769.9,0.0571,False,0.415,0.05
META,2025,2025-08-18,2025-08-22,807.5,775.81,756.9,0.0526,False,0.965,0.12
META,2025,2025-09-08,2025-09-12,790.0,766.51,757.5703,0.0523,False,1.4,0.18
META,2025,2025-09-29,2025-10-03,782.5,750.78,731.0,0.0535,False,0.92,0.12
META,2025,2025-10-06,2025-10-10,767.5,716.88,735.27,0.0567,False,0.785,0.11
META,2025,2025-10-20,2025-10-24,770.0,733.77,741.21,0.0554,False,0.62,0.08
META,2025,2025-10-27,2025-10-31,850.0,755.75,674.89,0.0576,False,1.735,0.23
META,2025,2025-10-27,2025-10-31,855.0,755.75,674.89,0.0505,False,1.47,0.19
META,2025,2025-11-03,2025-11-07,692.5,659.3299,622.1348,0.055,False,1.875,0.28
META,2025,2025-11-03,2025-11-07,695.0,659.3299,622.1348,0.0503,False,1.88,0.29
META,2025,2025-11-10,2025-11-14,670.0,635.0,613.68,0.0596,False,1.115,0.18
META,2025,2025-11-10,2025-11-14,672.5,635.0,613.68,0.051,False,0.95,0.15
META,2025,2025-11-24,2025-11-28,647.5,616.7,648.05,0.0525,True,0.44,0.07
META,2025,2025-12-01,2025-12-05,672.5,645.32,674.69,0.0566,True,0.975,0.15
META,2025,2025-12-08,2025-12-12,702.5,676.71,711.0,0.0581,True,1.255,0.19
META,2025,2025-12-22,2025-12-26,687.5,673.58,668.9499,0.0541,False,1.23,0.18
MSFT,2022,2022-01-24,2022-01-28,332.5,297.11,308.48,0.0506,False,0.335,0.11
MSFT,2022,2022-03-21,2022-03-25,312.5,300.14,305.5,0.0526,False,0.31,0.1
MSFT,2022,2022-03-28,2022-04-01,325.0,310.8,310.13,0.0501,False,0.25,0.08
MSFT,2022,2022-04-18,2022-04-22,295.0,282.46,283.2,0.0564,False,0.33,0.12
MSFT,2022,2022-04-25,2022-04-29,312.5,281.11,289.88,0.0519,False,0.395,0.14
MSFT,2022,2022-07-18,2022-07-22,267.5,260.84,265.33,0.0527,False,0.55,0.21
MSFT,2022,2022-08-29,2022-09-02,280.0,267.4,264.74,0.0557,False,0.275,0.1
MSFT,2022,2022-10-24,2022-10-28,272.5,247.84,236.6,0.0501,False,0.295,0.12
MSFT,2022,2022-10-31,2022-11-04,247.5,234.92,221.59,0.057,False,0.435,0.19
MSFT,2022,2022-11-28,2022-12-02,255.0,246.65,256.06,0.0529,True,0.41,0.17
MSFT,2022,2022-12-05,2022-12-09,262.5,253.819,248.31,0.0577,False,0.33,0.13
MSFT,2023,2023-01-09,2023-01-13,242.5,231.2366,239.37,0.0523,False,0.345,0.15
MSFT,2023,2023-01-30,2023-02-03,257.5,245.6,264.2,0.0523,True,0.365,0.15
MSFT,2023,2023-03-20,2023-03-24,290.0,277.48,280.63,0.0519,False,0.645,0.23
MSFT,2023,2023-04-10,2023-04-14,302.5,289.6,288.48,0.0537,False,0.25,0.09
MSFT,2023,2023-04-24,2023-04-28,307.5,284.95,308.93,0.0508,True,0.36,0.13
MSFT,2023,2023-05-01,2023-05-05,317.5,308.6,311.97,0.0554,False,0.395,0.13
MSFT,2023,2023-05-08,2023-05-12,320.0,310.2,310.65,0.0596,False,0.26,0.08
MSFT,2023,2023-07-03,2023-07-07,350.0,340.9,341.79,0.0594,False,0.35,0.1
MSFT,2023,2023-07-24,2023-07-28,392.5,346.92,340.01,0.0522,False,0.8200000000000001,0.24
MSFT,2023,2023-08-07,2023-08-11,345.0,331.11,322.41,0.051,False,0.3349999999999999,0.1
MSFT,2023,2023-08-21,2023-08-25,337.5,322.77,325.36,0.0573,False,0.205,0.06
MSFT,2023,2023-10-23,2023-10-27,357.5,332.725,336.72,0.0582,False,0.5,0.15
MSFT,2023,2023-11-20,2023-11-24,395.0,378.87,377.97,0.0516,False,0.28,0.07
MSFT,2023,2023-12-18,2023-12-22,387.5,373.0,375.18,0.0548,False,0.285,0.08
MSFT,2024,2024-01-08,2024-01-12,387.5,375.2,388.68,0.0551,True,0.14,0.04
MSFT,2024,2024-01-29,2024-02-02,450.0,409.98,412.65,0.0522,False,0.525,0.13
MSFT,2024,2024-02-26,2024-03-01,422.5,412.16,415.87,0.0546,False,0.485,0.12
MSFT,2024,2024-04-08,2024-04-12,440.0,427.28,425.1794,0.0552,False,0.335,0.08
MSFT,2024,2024-04-22,2024-04-26,437.5,402.85,413.0,0.0534,False,0.58,0.14
MSFT,2024,2024-06-03,2024-06-07,430.0,416.43,426.28,0.0586,False,0.35,0.08
MSFT,2024,2024-06-24,2024-06-28,462.5,452.75,455.38,0.0552,False,0.535,0.12
MSFT,2024,2024-07-08,2024-07-12,482.5,467.7,456.36,0.0564,False,0.315,0.07
MSFT,2024,2024-07-22,2024-07-26,462.5,444.6,428.915,0.0571,False,0.45,0.1
MSFT,2024,2024-07-29,2024-08-02,467.5,432.15,415.0,0.057,False,0.845,0.2
MSFT,2024,2024-08-05,2024-08-09,422.5,401.04,408.05,0.0575,False,0.745,0.19
MSFT,2024,2024-10-07,2024-10-11,427.5,417.11,417.13,0.0591,False,0.685,0.16
MSFT,2024,2024-10-28,2024-11-01,462.5,431.94,415.5,0.0562,False,0.815,0.19
MSFT,2024,2024-11-04,2024-11-08,427.5,410.415,426.5,0.0554,False,0.4049999999999999,0.1
MSFT,2024,2024-12-09,2024-12-13,465.0,448.33,451.43,0.0503,False,0.315,0.07
MSFT,2024,2024-12-30,2025-01-03,440.0,427.55,424.03,0.0524,False,0.325,0.08
MSFT,2025,2025-01-06,2025-01-10,442.5,434.32,424.71,0.0554,False,0.58,0.13
MSFT,2025,2025-01-27,2025-01-31,472.5,435.2,420.69,0.0534,False,0.43,0.1
MSFT,2025,2025-02-10,2025-02-14,427.5,415.4624,408.91,0.0585,False,0.375,0.09
MSFT,2025,2025-02-24,2025-02-28,422.5,409.37,397.63,0.0539,False,0.4449999999999999,0.11
MSFT,2025,2025-03-10,2025-03-14,405.0,386.4,390.23,0.0558,False,0.6499999999999999,0.17
MSFT,2025,2025-03-24,2025-03-28,407.5,395.4,389.13,0.0575,False,0.35,0.09
MSFT,2025,2025-03-31,2025-04-04,395.0,377.07,374.59,0.059,False,0.3299999999999999,0.09
MSFT,2025,2025-05-05,2025-05-09,455.0,439.5,440.74,0.0506,False,0.37,0.08
MSFT,2025,2025-07-28,2025-08-01,555.0,515.0,535.8,0.0502,False,0.615,0.12
MSFT,2025,2025-08-25,2025-08-29,522.5,508.19,509.6,0.0548,False,0.445,0.09
MSFT,2025,2025-09-22,2025-09-26,535.0,517.74,513.94,0.0529,False,0.395,0.08
MSFT,2025,2025-10-06,2025-10-10,550.0,531.03,523.58,0.0594,False,0.33,0.06
MSFT,2025,2025-10-27,2025-10-31,585.0,534.58,529.32,0.0563,False,0.835,0.16
MSFT,2025,2025-12-29,2026-01-02,500.0,488.35,484.66,0.055,False,0.355,0.07
NVDA,2022,2022-01-10,2022-01-14,33.5,27.469,27.1969,0.0523,False,0.08,0.29
NVDA,2022,2022-01-24,2022-01-28,29.5,23.38,22.858,0.0511,False,0.065,0.28
NVDA,2022,2022-01-31,2022-02-04,28.75,24.509,24.635,0.0538,False,0.06,0.24
NVDA,2022,2022-02-07,2022-02-11,29.0,25.182,26.152,0.0587,False,0.115,0.46
NVDA,2022,2022-03-07,2022-03-11,25.75,23.033,23.145,0.0565,False,0.25,1.09
NVDA,2022,2022-03-21,2022-03-25,32.5,27.152,28.358,0.058,False,0.145,0.53
NVDA,2022,2022-03-28,2022-04-01,33.5,28.25,27.496,0.0506,False,0.13,0.46
NVDA,2022,2022-05-02,2022-05-06,23.75,19.574,19.512,0.0578,False,0.07,0.36
NVDA,2022,2022-05-02,2022-05-06,24.0,19.574,19.512,0.0553,False,0.05,0.26
NVDA,2022,2022-05-09,2022-05-13,21.75,18.255,17.9284,0.0554,False,0.2,1.1
NVDA,2022,2022-05-09,2022-05-13,22.0,18.255,17.9284,0.057,False,0.16,0.88
NVDA,2022,2022-05-23,2022-05-27,22.5,16.915,18.881,0.0524,False,0.14,0.83
NVDA,2022,2022-05-23,2022-05-27,22.75,16.915,18.881,0.0506,False,0.12,0.71
NVDA,2022,2022-06-06,2022-06-10,22.0,19.337,17.697,0.052,False,0.11,0.57
NVDA,2022,2022-06-27,2022-07-01,19.75,17.33,15.0629,0.0559,False,0.08,0.46
NVDA,2022,2022-07-18,2022-07-22,19.25,16.897,17.967,0.052,False,0.08,0.47
NVDA,2022,2022-08-01,2022-08-05,21.5,18.846,19.2289,0.0539,False,0.09,0.48
NVDA,2022,2022-08-08,2022-08-12,21.0,18.239,18.718,0.0584,False,0.075,0.41
NVDA,2022,2022-08-22,2022-08-26,21.0,17.558,17.924,0.0546,False,0.115,0.65
NVDA,2022,2022-09-19,2022-09-23,16.0,13.463,12.611,0.0507,False,0.055,0.41
NVDA,2022,2022-09-26,2022-09-30,14.5,12.659,12.633,0.056,False,0.09,0.71
NVDA,2022,2022-09-26,2022-09-30,14.7,12.659,12.633,0.0525,False,0.075,0.59
NVDA,2022,2022-09-26,2022-09-30,14.8,12.659,12.633,0.0509,False,0.055,0.43
NVDA,2022,2022-10-03,2022-10-07,14.5,12.678,12.67,0.0513,False,0.045,0.35
NVDA,2022,2022-10-24,2022-10-28,14.8,12.71,13.85,0.0576,False,0.045,0.35
NVDA,2022,2022-11-07,2022-11-11,16.75,14.412,16.389,0.0537,False,0.05,0.35
NVDA,2022,2022-11-28,2022-12-02,18.25,16.357,16.9326,0.0547,False,0.09,0.55
NVDA,2022,2022-12-05,2022-12-09,19.25,16.995,17.583,0.0515,False,0.05,0.29
NVDA,2023,2023-01-23,2023-01-27,22.5,19.245,20.628,0.0576,False,0.04,0.21
NVDA,2023,2023-01-30,2023-02-03,23.0,20.14,21.745,0.0514,False,0.215,1.07
NVDA,2023,2023-02-06,2023-02-10,25.0,21.57,22.0776,0.0567,False,0.11,0.51
NVDA,2023,2023-02-27,2023-03-03,26.75,23.8799,23.9,0.0594,False,0.165,0.69
NVDA,2023,2023-02-27,2023-03-03,27.0,23.8799,23.9,0.0562,False,0.125,0.52
NVDA,2023,2023-03-06,2023-03-10,26.75,24.248,23.627,0.0533,False,0.14,0.58
NVDA,2023,2023-03-06,2023-03-10,27.0,24.248,23.627,0.0503,False,0.1,0.41
NVDA,2023,2023-03-20,2023-03-24,30.25,26.024,27.167,0.0583,False,0.095,0.37
NVDA,2023,2023-03-27,2023-03-31,30.25,27.0,27.8343,0.0543,False,0.09,0.33
NVDA,2023,2023-04-10,2023-04-14,31.0,27.621,26.883,0.0579,False,0.04,0.14
NVDA,2023,2023-04-24,2023-04-28,30.25,27.366,27.758,0.0537,False,0.065,0.24
NVDA,2023,2023-05-01,2023-05-05,32.5,29.0584,28.755,0.0561,False,0.075,0.26
NVDA,2023,2023-05-08,2023-05-12,32.5,29.22,28.78,0.0523,False,0.045,0.15
NVDA,2023,2023-05-22,2023-05-26,39.5,31.52,39.17,0.0546,False,0.195,0.62
NVDA,2023,2023-05-22,2023-05-26,39.75,31.52,39.17,0.0533,False,0.175,0.56
NVDA,2023,2023-06-05,2023-06-09,46.0,39.565,39.711,0.0563,False,0.215,0.54
NVDA,2023,2023-06-26,2023-06-30,47.0,42.764,42.55,0.0596,False,0.355,0.83
NVDA,2023,2023-07-03,2023-07-07,47.0,42.898,43.214,0.0533,False,0.21,0.49
NVDA,2023,2023-07-10,2023-07-14,47.0,42.811,48.088,0.0562,True,0.205,0.48
NVDA,2023,2023-07-24,2023-07-28,52.0,45.109,47.027,0.0567,False,0.24,0.53
NVDA,2023,2023-08-07,2023-08-11,51.5,45.54,42.018,0.0515,False,0.105,0.23
NVDA,2023,2023-08-28,2023-09-01,53.5,46.98,49.8,0.0584,False,0.245,0.52
NVDA,2023,2023-09-25,2023-09-29,47.25,42.536,44.144,0.0544,False,0.135,0.32
NVDA,2023,2023-10-23,2023-10-27,48.0,43.248,41.206,0.0546,False,0.07,0.16
NVDA,2023,2023-10-30,2023-11-03,46.0,41.766,45.309,0.0559,False,0.17,0.41
NVDA,2023,2023-11-06,2023-11-10,52.0,45.935,48.472,0.0541,False,0.155,0.34
NVDA,2023,2023-11-20,2023-11-24,66.0,50.548,48.921,0.0557,False,0.195,0.39
NVDA,2023,2023-11-27,2023-12-01,53.75,48.53,47.2,0.0556,False,0.115,0.24
NVDA,2023,2023-12-04,2023-12-08,51.5,46.077,47.7409,0.0595,False,0.14,0.3
NVDA,2023,2023-12-04,2023-12-08,52.0,46.077,47.7409,0.0526,False,0.105,0.23
NVDA,2024,2024-01-08,2024-01-12,58.5,52.275,54.97,0.0582,False,0.11,0.21
NVDA,2024,2024-01-08,2024-01-12,58.75,52.275,54.97,0.0531,False,0.105,0.2
NVDA,2024,2024-02-05,2024-02-09,86.0,69.497,72.185,0.0588,False,0.19,0.27
NVDA,2024,2024-02-26,2024-03-01,92.5,80.646,82.3,0.0572,False,0.75,0.93
NVDA,2024,2024-02-26,2024-03-01,93.0,80.646,82.3,0.0525,False,0.6849999999999999,0.85
NVDA,2024,2024-03-04,2024-03-08,104.0,87.695,97.4,0.0528,False,0.415,0.47
NVDA,2024,2024-03-18,2024-03-22,118.0,92.405,94.778,0.0594,False,1.04,1.13
NVDA,2024,2024-03-18,2024-03-22,119.0,92.405,94.778,0.0572,False,0.915,0.99
NVDA,2024,2024-03-18,2024-03-22,120.0,92.405,94.778,0.0505,False,0.8250000000000001,0.89
NVDA,2024,2024-04-01,2024-04-05,103.0,92.225,88.481,0.0554,False,0.525,0.57
NVDA,2024,2024-04-08,2024-04-12,98.0,88.83,90.175,0.0515,False,0.37,0.42
NVDA,2024,2024-04-22,2024-04-26,92.5,80.073,88.3309,0.057,False,0.595,0.74
NVDA,2024,2024-04-22,2024-04-26,93.0,80.073,88.3309,0.0505,False,0.545,0.68
NVDA,2024,2024-04-29,2024-05-03,105.0,87.992,89.281,0.0541,False,0.39,0.44
NVDA,2024,2024-05-06,2024-05-10,104.0,92.22,91.401,0.0581,False,0.35,0.38
NVDA,2024,2024-05-20,2024-05-24,124.0,95.2,106.475,0.0537,False,0.745,0.78
NVDA,2024,2024-05-20,2024-05-24,125.0,95.2,106.475,0.0509,False,0.6799999999999999,0.71
NVDA,2024,2024-06-03,2024-06-07,134.0,115.0,121.6917,0.0562,False,0.6,0.52
NVDA,2024,2024-06-10,2024-06-14,131.5,123.1,132.84,0.0571,True,0.325,0.26
NVDA,2024,2024-06-10,2024-06-14,132.0,123.1,132.84,0.0528,True,0.32,0.26
NVDA,2024,2024-06-24,2024-06-28,135.0,124.46,127.71,0.0565,False,0.5449999999999999,0.44
NVDA,2024,2024-07-01,2024-07-05,133.0,124.84,128.85,0.0566,False,0.235,0.19
NVDA,2024,2024-07-22,2024-07-26,134.0,124.07,116.2,0.0542,False,0.215,0.17
NVDA,2024,2024-08-05,2024-08-09,118.0,103.41,106.6,0.0516,False,0.4,0.39
NVDA,2024,2024-08-19,2024-08-23,142.0,130.0,129.6,0.059,False,0.14,0.11
NVDA,2024,2024-09-30,2024-10-04,131.0,121.5,125.04,0.0528,False,0.195,0.16
NVDA,2024,2024-10-07,2024-10-11,138.0,130.64,135.78,0.0594,False,0.32,0.24
NVDA,2024,2024-10-28,2024-11-01,152.5,143.14,137.31,0.0515,False,0.315,0.22
NVDA,2024,2024-11-18,2024-11-22,167.5,141.55,147.16,0.0572,False,0.585,0.41
NVDA,2024,2024-11-25,2024-11-29,148.0,142.05,139.35,0.0592,False,0.45,0.32
NVDA,2024,2024-11-25,2024-11-29,149.0,142.05,139.35,0.0541,False,0.37,0.26
NVDA,2024,2024-12-02,2024-12-06,148.0,140.45,145.7,0.0564,False,0.23,0.16
NVDA,2024,2024-12-09,2024-12-13,149.0,139.95,139.6,0.0578,False,0.175,0.13
NVDA,2024,2024-12-30,2025-01-03,147.0,140.27,144.9,0.0558,False,0.22,0.16
NVDA,2025,2025-01-06,2025-01-10,165.0,152.156,139.92,0.0507,False,0.255,0.17
NVDA,2025,2025-01-27,2025-01-31,140.0,128.4,127.85,0.0562,False,0.5950000000000001,0.46
NVDA,2025,2025-01-27,2025-01-31,141.0,128.4,127.85,0.0504,False,0.575,0.45
NVDA,2025,2025-02-03,2025-02-07,134.0,118.57,130.37,0.054,False,0.31,0.26
NVDA,2025,2025-02-10,2025-02-14,146.0,135.0,139.25,0.0519,False,0.16,0.12
NVDA,2025,2025-02-24,2025-02-28,155.0,138.59,125.09,0.0588,False,0.615,0.44
NVDA,2025,2025-03-03,2025-03-07,130.0,123.7,113.48,0.0588,False,0.935,0.76
NVDA,2025,2025-03-03,2025-03-07,131.0,123.7,113.48,0.0509,False,0.775,0.63
NVDA,2025,2025-03-10,2025-03-14,123.0,111.85,121.88,0.0595,False,0.39,0.35
NVDA,2025,2025-03-10,2025-03-14,124.0,111.85,121.88,0.0504,False,0.335,0.3
NVDA,2025,2025-03-31,2025-04-04,119.0,110.955,100.13,0.0509,False,0.13,0.12
NVDA,2025,2025-04-07,2025-04-11,113.0,101.75,111.5499,0.0555,False,0.435,0.43
NVDA,2025,2025-04-21,2025-04-25,109.0,99.44,111.92,0.0538,True,0.275,0.28
NVDA,2025,2025-05-05,2025-05-09,123.0,114.665,118.23,0.0567,False,0.19,0.17
NVDA,2025,2025-05-19,2025-05-23,147.0,135.87,132.68,0.0552,False,0.215,0.16
NVDA,2025,2025-06-02,2025-06-06,147.0,138.12,143.27,0.0503,False,0.185,0.13
NVDA,2025,2025-06-09,2025-06-13,152.5,145.0,143.58,0.0592,False,0.2799999999999999,0.19
NVDA,2025,2025-07-07,2025-07-11,167.5,159.31,167.89,0.0572,True,0.23,0.14
NVDA,2025,2025-08-18,2025-08-22,192.5,182.9375,178.59,0.0526,False,0.245,0.13
NVDA,2025,2025-09-22,2025-09-26,200.0,184.55,179.77,0.0524,False,0.21,0.11
NVDA,2025,2025-10-20,2025-10-24,195.0,185.2,187.47,0.0568,False,0.315,0.17
NVDA,2025,2025-10-27,2025-10-31,212.5,192.0,207.97,0.0564,False,0.26,0.14
NVDA,2025,2025-11-03,2025-11-07,222.5,211.335,188.32,0.0591,False,0.5700000000000001,0.27
NVDA,2025,2025-11-10,2025-11-14,215.0,199.94,191.01,0.0552,False,0.23,0.12
NVDA,2025,2025-11-24,2025-11-28,195.0,183.5,179.29,0.0546,False,0.305,0.17
NVDA,2025,2025-12-01,2025-12-05,192.5,180.3,184.66,0.056,False,0.245,0.14
NVDA,2025,2025-12-08,2025-12-12,200.0,188.0,182.82,0.0525,False,0.31,0.16
QQQ,2022,2022-01-31,2022-02-04,168.0,157.3,157.3,0.0513,False,0.165,0.1
QQQ,2022,2022-02-07,2022-02-11,166.0,157.3,157.3,0.0594,False,0.24,0.15
QQQ,2022,2022-02-28,2022-03-04,162.0,157.3,157.3,0.0548,False,0.115,0.07
QQQ,2022,2022-03-07,2022-03-11,161.0,157.3,157.3,0.0514,False,0.05,0.03
QQQ,2023,2023-06-26,2023-06-30,181.0,178.75,178.75,0.053,False,0.03,0.02
QQQ,2023,2023-08-07,2023-08-11,181.0,178.75,178.75,0.0529,False,0.025,0.01
QQQ,2023,2023-11-27,2023-12-01,189.0,178.75,178.75,0.0512,False,0.145,0.08
QQQ,2024,2024-06-24,2024-06-28,237.5,233.75,233.75,0.0525,False,0.07,0.03
QQQ,2024,2024-07-29,2024-08-02,237.5,233.75,233.75,0.0525,False,0.04,0.02
QQQ,2024,2024-10-07,2024-10-11,240.0,233.75,233.75,0.0544,False,0.0499999999999999,0.02
QQQ,2024,2024-10-28,2024-11-01,240.0,233.75,233.75,0.0544,False,0.205,0.09
QQQ,2024,2024-11-25,2024-11-29,240.0,233.75,233.75,0.0501,False,0.255,0.11
QQQ,2024,2024-12-02,2024-12-06,242.5,233.75,233.75,0.052,False,0.17,0.07
QQQ,2024,2024-12-02,2024-12-06,245.0,233.75,233.75,0.0528,False,0.095,0.04
QQQ,2025,2025-07-07,2025-07-11,265.0,261.25,261.25,0.0594,False,0.16,0.06
QQQ,2025,2025-08-04,2025-08-08,270.0,261.25,261.25,0.0521,False,0.11,0.04
QQQ,2025,2025-08-18,2025-08-22,272.5,261.25,261.25,0.0508,False,0.195,0.07
QQQ,2025,2025-11-10,2025-11-14,302.5,261.25,261.25,0.0529,False,0.38,0.15
QQQ,2025,2025-12-01,2025-12-05,292.5,261.25,261.25,0.0531,False,0.51,0.2
TSLA,2022,2022-01-03,2022-01-07,1175.0,400.3566,360.3099,0.0586,False,33.675,8.41
TSLA,2022,2022-01-03,2022-01-07,1180.0,400.3566,360.3099,0.0568,False,32.0,7.99
TSLA,2022,2022-01-03,2022-01-07,1185.0,400.3566,360.3099,0.0547,False,29.51,7.37
TSLA,2022,2022-01-03,2022-01-07,1190.0,400.3566,360.3099,0.0532,False,27.75,6.93
TSLA,2022,2022-01-03,2022-01-07,1195.0,400.3566,360.3099,0.0515,False,25.925,6.48
TSLA,2022,2022-01-10,2022-01-14,1035.0,353.0333,350.6666,0.0597,False,29.375,8.32
TSLA,2022,2022-01-10,2022-01-14,1040.0,353.0333,350.6666,0.0577,False,27.26,7.72
TSLA,2022,2022-01-10,2022-01-14,1045.0,353.0333,350.6666,0.0558,False,25.25,7.15
TSLA,2022,2022-01-10,2022-01-14,1050.0,353.0333,350.6666,0.0535,False,23.225,6.58
TSLA,2022,2022-01-10,2022-01-14,1055.0,353.0333,350.6666,0.0515,False,21.4,6.06
TSLA,2022,2022-01-24,2022-01-28,960.0,311.171,285.8333,0.0541,False,27.295,8.77
TSLA,2022,2022-01-24,2022-01-28,965.0,311.171,285.8333,0.0532,False,25.755000000000003,8.28
TSLA,2022,2022-01-24,2022-01-28,970.0,311.171,285.8333,0.0518,False,24.3,7.81
TSLA,2022,2022-01-24,2022-01-28,975.0,311.171,285.8333,0.0504,False,22.985,7.39
TSLA,2022,2022-01-31,2022-02-04,920.0,312.6633,312.1666,0.0581,False,24.555,7.85
TSLA,2022,2022-01-31,2022-02-04,925.0,312.6633,312.1666,0.0555,False,22.775,7.28
TSLA,2022,2022-01-31,2022-02-04,930.0,312.6633,312.1666,0.0536,False,20.925,6.69
TSLA,2022,2022-01-31,2022-02-04,935.0,312.6633,312.1666,0.051,False,19.35,6.19
TSLA,2022,2022-02-07,2022-02-11,890.0,315.9233,305.32,0.0589,False,49.825,15.77
TSLA,2022,2022-02-07,2022-02-11,895.0,315.9233,305.32,0.0577,False,47.015,14.88
TSLA,2022,2022-02-07,2022-02-11,900.0,315.9233,305.32,0.0552,False,43.735,13.84
TSLA,2022,2022-02-07,2022-02-11,905.0,315.9233,305.32,0.0524,False,40.37,12.78
TSLA,2022,2022-02-28,2022-03-04,855.0,292.2866,285.2166,0.0583,False,24.475,8.37
TSLA,2022,2022-02-28,2022-03-04,860.0,292.2866,285.2166,0.0557,False,22.3,7.63
TSLA,2022,2022-02-28,2022-03-04,865.0,292.2866,285.2166,0.0532,False,20.2,6.91
TSLA,2022,2022-02-28,2022-03-04,870.0,292.2866,285.2166,0.0509,False,18.325,6.27
TSLA,2022,2022-03-07,2022-03-11,800.0,288.7133,281.2673,0.0588,False,51.05,17.68
TSLA,2022,2022-03-07,2022-03-11,805.0,288.7133,281.2673,0.0559,False,46.15,15.98
TSLA,2022,2022-03-07,2022-03-11,810.0,288.7133,281.2673,0.0527,False,42.7,14.79
TSLA,2022,2022-03-21,2022-03-25,900.0,314.2833,340.5999,0.0597,False,41.425,13.18
TSLA,2022,2022-03-21,2022-03-25,905.0,314.2833,340.5999,0.0571,False,37.9,12.06
TSLA,2022,2022-03-21,2022-03-25,910.0,314.2833,340.5999,0.0538,False,35.175,11.19
TSLA,2022,2022-03-21,2022-03-25,915.0,314.2833,340.5999,0.0513,False,32.24,10.26
TSLA,2022,2022-03-28,2022-04-01,1065.0,365.9599,364.9166,0.0598,False,38.504999999999995,10.52
TSLA,2022,2022-03-28,2022-04-01,1070.0,365.9599,364.9166,0.0579,False,36.06,9.85
TSLA,2022,2022-03-28,2022-04-01,1075.0,365.9599,364.9166,0.056,False,33.629999999999995,9.19
TSLA,2022,2022-03-28,2022-04-01,1080.0,365.9599,364.9166,0.054,False,31.450000000000003,8.59
TSLA,2022,2022-03-28,2022-04-01,1090.0,365.9599,364.9166,0.05,False,27.4,7.49
TSLA,2022,2022-04-04,2022-04-08,1115.0,383.3033,349.48,0.0595,False,31.840000000000003,8.31
TSLA,2022,2022-04-04,2022-04-08,1120.0,383.3033,349.48,0.0575,False,29.825,7.78
TSLA,2022,2022-04-04,2022-04-08,1125.0,383.3033,349.48,0.0555,False,27.65,7.21
TSLA,2022,2022-04-04,2022-04-08,1130.0,383.3033,349.48,0.0534,False,25.6,6.68
TSLA,2022,2022-04-04,2022-04-08,1135.0,383.3033,349.48,0.0513,False,23.625,6.16
TSLA,2022,2022-04-18,2022-04-22,990.0,338.3066,344.95,0.059,False,36.97,10.93
TSLA,2022,2022-04-18,2022-04-22,995.0,338.3066,344.95,0.057,False,34.435,10.18
TSLA,2022,2022-04-18,2022-04-22,1000.0,338.3066,344.95,0.055,False,32.2,9.52
TSLA,2022,2022-04-18,2022-04-22,1005.0,338.3066,344.95,0.053,False,29.75,8.79
TSLA,2022,2022-04-18,2022-04-22,1010.0,338.3066,344.95,0.0508,False,27.9,8.25
TSLA,2022,2022-04-25,2022-04-29,975.0,336.2066,311.4666,0.06,False,40.445,12.03
TSLA,2022,2022-04-25,2022-04-29,980.0,336.2066,311.4666,0.0579,False,37.75,11.23
TSLA,2022,2022-04-25,2022-04-29,985.0,336.2066,311.4666,0.0555,False,35.225,10.48
TSLA,2022,2022-04-25,2022-04-29,990.0,336.2066,311.4666,0.0529,False,32.5,9.67
TSLA,2022,2022-04-25,2022-04-29,995.0,336.2066,311.4666,0.0507,False,30.025,8.93
TSLA,2022,2022-05-02,2022-05-06,890.0,302.1199,296.0,0.0593,False,28.825,9.54
TSLA,2022,2022-05-02,2022-05-06,895.0,302.1199,296.0,0.0567,False,26.525,8.78
TSLA,2022,2022-05-02,2022-05-06,900.0,302.1199,296.0,0.0546,False,24.05,7.96
TSLA,2022,2022-05-02,2022-05-06,905.0,302.1199,296.0,0.0524,False,22.17,7.34
TSLA,2022,2022-05-09,2022-05-13,790.0,281.8766,262.4499,0.0593,False,45.21,16.04
TSLA,2022,2022-05-09,2022-05-13,795.0,281.8766,262.4499,0.0562,False,43.120000000000005,15.3
TSLA,2022,2022-05-09,2022-05-13,800.0,281.8766,262.4499,0.0541,False,41.15,14.6
TSLA,2022,2022-05-09,2022-05-13,805.0,281.8766,262.4499,0.0514,False,36.75,13.04
TSLA,2022,2022-05-23,2022-05-27,670.0,226.6517,253.2666,0.0584,False,25.049999999999997,11.05
TSLA,2022,2022-05-23,2022-05-27,675.0,226.6517,253.2666,0.0555,False,22.75,10.04
TSLA,2022,2022-05-23,2022-05-27,680.0,226.6517,253.2666,0.0521,False,20.645,9.11
TSLA,2022,2022-06-06,2022-06-10,710.0,244.8666,239.5,0.0579,False,32.975,13.47
TSLA,2022,2022-06-06,2022-06-10,715.0,244.8666,239.5,0.0553,False,29.775,12.16
TSLA,2022,2022-06-06,2022-06-10,720.0,244.8666,239.5,0.0521,False,27.67,11.3
TSLA,2022,2022-06-27,2022-07-01,722.5,252.07,230.23,0.0595,False,36.925,14.65
TSLA,2022,2022-06-27,2022-07-01,725.0,252.07,230.23,0.0583,False,35.235,13.98
TSLA,2022,2022-06-27,2022-07-01,727.5,252.07,230.23,0.0569,False,33.43,13.26
TSLA,2022,2022-06-27,2022-07-01,730.0,252.07,230.23,0.0552,False,32.225,12.78
TSLA,2022,2022-06-27,2022-07-01,732.5,252.07,230.23,0.0537,False,30.525,12.11
TSLA,2022,2022-06-27,2022-07-01,735.0,252.07,230.23,0.0524,False,29.725,11.79
TSLA,2022,2022-07-18,2022-07-22,720.0,250.5166,280.7866,0.0589,False,36.525,14.58
TSLA,2022,2022-07-18,2022-07-22,722.5,250.5166,280.7866,0.0576,False,35.05,13.99
TSLA,2022,2022-07-18,2022-07-22,725.0,250.5166,280.7866,0.056,False,33.65,13.43
TSLA,2022,2022-07-18,2022-07-22,727.5,250.5166,280.7866,0.0551,False,32.15,12.83
TSLA,2022,2022-07-18,2022-07-22,730.0,250.5166,280.7866,0.0534,False,30.85,12.31
TSLA,2022,2022-07-18,2022-07-22,732.5,250.5166,280.7866,0.0519,False,29.575000000000003,11.81
TSLA,2022,2022-07-18,2022-07-22,735.0,250.5166,280.7866,0.0506,False,28.25,11.28
TSLA,2022,2022-07-25,2022-07-29,785.0,274.1466,298.32,0.0598,False,37.725,13.76
TSLA,2022,2022-07-25,2022-07-29,790.0,274.1466,298.32,0.0565,False,35.675,13.01
TSLA,2022,2022-07-25,2022-07-29,795.0,274.1466,298.32,0.0528,False,32.13,11.72
TSLA,2022,2022-07-25,2022-07-29,800.0,274.1466,298.32,0.05,False,28.845,10.52
TSLA,2022,2022-08-01,2022-08-05,875.0,311.8782,304.6066,0.0596,False,48.46,15.54
TSLA,2022,2022-08-01,2022-08-05,880.0,311.8782,304.6066,0.057,False,44.68,14.33
TSLA,2022,2022-08-01,2022-08-05,885.0,311.8782,304.6066,0.0543,False,41.585,13.33
TSLA,2022,2022-08-01,2022-08-05,890.0,311.8782,304.6066,0.0508,False,38.445,12.33
TSLA,2022,2022-08-08,2022-08-12,855.0,305.2,300.16,0.0591,False,46.175,15.13
TSLA,2022,2022-08-08,2022-08-12,860.0,305.2,300.16,0.0561,False,43.805,14.35
TSLA,2022,2022-08-08,2022-08-12,865.0,305.2,300.16,0.0536,False,40.56,13.29
TSLA,2022,2022-08-08,2022-08-12,870.0,305.2,300.16,0.0507,False,37.17,12.18
TSLA,2022,2022-08-22,2022-08-26,850.0,292.4,302.0,0.0582,False,34.3,11.73
TSLA,2022,2022-08-22,2022-08-26,855.0,292.4,302.0,0.0555,False,31.1,10.64
TSLA,2022,2022-08-22,2022-08-26,860.0,292.4,302.0,0.0526,False,28.365,9.7
TSLA,2022,2022-08-29,2022-09-02,310.0,287.74,282.35,0.0584,False,0.72,0.25
TSLA,2022,2022-08-29,2022-09-02,310.83,287.74,282.35,0.0549,False,0.665,0.23
TSLA,2022,2022-08-29,2022-09-02,311.67,287.74,282.35,0.0514,False,0.615,0.21
TSLA,2022,2022-09-19,2022-09-23,335.0,309.84,284.5,0.0592,False,0.47,0.15
TSLA,2022,2022-09-26,2022-09-30,305.0,284.09,275.57,0.0555,False,0.62,0.22
TSLA,2022,2022-10-03,2022-10-07,275.0,255.16,234.5715,0.0597,False,1.555,0.61
TSLA,2022,2022-10-24,2022-10-28,237.5,213.5,228.86,0.0525,False,0.37,0.17
TSLA,2022,2022-10-31,2022-11-04,252.5,229.85,223.8,0.06,False,0.61,0.27
TSLA,2022,2022-11-07,2022-11-11,227.5,208.9,196.52,0.0596,False,0.795,0.38
TSLA,2022,2022-11-21,2022-11-25,192.5,176.77,185.2,0.0539,False,0.785,0.44
TSLA,2022,2022-11-28,2022-12-02,207.5,188.5,196.25,0.0571,False,0.555,0.29
TSLA,2023,2023-01-09,2023-01-13,139.0,123.52,122.63,0.0562,False,0.43,0.35
TSLA,2023,2023-01-23,2023-01-27,172.5,145.3793,180.68,0.0547,True,0.395,0.27
TSLA,2023,2023-01-30,2023-02-03,200.0,179.77,199.0,0.0599,False,1.875,1.04
TSLA,2023,2023-02-06,2023-02-10,230.0,198.17,206.2,0.0555,False,0.98,0.49
TSLA,2023,2023-02-27,2023-03-03,240.0,209.42,200.48,0.0574,False,0.52,0.25
TSLA,2023,2023-03-06,2023-03-10,217.5,198.6,178.29,0.0587,False,0.655,0.33
TSLA,2023,2023-03-27,2023-03-31,215.0,197.39,207.79,0.0527,False,0.5,0.25
TSLA,2023,2023-05-22,2023-05-26,207.5,189.32,198.6,0.0553,False,0.22,0.12
TSLA,2023,2023-06-05,2023-06-09,245.0,221.29,252.42,0.0512,True,0.55,0.25
TSLA,2023,2023-06-26,2023-06-30,277.5,258.37,264.45,0.053,False,0.9,0.35
TSLA,2023,2023-07-03,2023-07-07,310.0,284.25,280.78,0.0554,False,0.795,0.28
TSLA,2023,2023-07-10,2023-07-14,297.5,277.52,285.3,0.0598,False,0.76,0.27
TSLA,2023,2023-07-24,2023-07-28,295.0,269.85,267.25,0.0572,False,0.375,0.14
TSLA,2023,2023-07-31,2023-08-04,290.0,269.08,264.77,0.0533,False,0.475,0.18
TSLA,2023,2023-08-07,2023-08-11,272.5,253.6511,243.79,0.0597,False,0.585,0.23
TSLA,2023,2023-08-21,2023-08-25,255.0,232.1343,239.0,0.0538,False,0.285,0.12
TSLA,2023,2023-09-18,2023-09-22,290.0,271.44,257.7888,0.0556,False,0.67,0.25
TSLA,2023,2023-09-25,2023-09-29,270.0,247.1,254.77,0.0528,False,0.395,0.16
TSLA,2023,2023-10-02,2023-10-06,275.0,254.2799,261.65,0.0535,False,0.36,0.14
TSLA,2023,2023-10-30,2023-11-03,225.0,210.88,226.3701,0.0503,True,0.5599999999999999,0.27
TSLA,2023,2023-12-18,2023-12-22,277.5,258.74,258.22,0.0511,False,0.505,0.2
TSLA,2024,2024-01-22,2024-01-26,242.5,217.8,186.78,0.0589,False,0.65,0.3
TSLA,2024,2024-01-29,2024-02-02,210.0,191.48,188.69,0.0559,False,0.21,0.11
TSLA,2024,2024-02-05,2024-02-09,200.0,184.68,194.12,0.0581,False,0.315,0.17
TSLA,2024,2024-03-04,2024-03-08,212.5,199.75,182.73,0.0559,False,0.43,0.22
TSLA,2024,2024-03-18,2024-03-22,192.5,174.72,171.2,0.052,False,0.275,0.16
TSLA,2024,2024-04-22,2024-04-26,170.0,144.44,172.12,0.0588,True,0.5249999999999999,0.36
TSLA,2024,2024-05-06,2024-05-10,202.5,187.56,173.0599,0.0577,False,0.4049999999999999,0.22
TSLA,2024,2024-06-24,2024-06-28,202.5,188.8,203.2,0.0511,True,0.425,0.23
TSLA,2024,2024-07-29,2024-08-02,257.5,234.27,216.13,0.0532,False,0.425,0.18
TSLA,2024,2024-08-19,2024-08-23,245.0,222.98,221.48,0.0592,False,0.51,0.23
TSLA,2024,2024-09-09,2024-09-13,240.0,219.87,232.67,0.0506,False,0.56,0.25
TSLA,2024,2024-09-30,2024-10-04,295.0,264.86,250.96,0.0554,False,0.7649999999999999,0.29
TSLA,2024,2024-10-07,2024-10-11,282.5,249.83,223.34,0.052,False,0.99,0.4
TSLA,2024,2024-10-28,2024-11-01,295.0,273.536,254.0,0.0535,False,0.925,0.34
TSLA,2024,2024-11-04,2024-11-08,282.5,248.9,328.71,0.0516,True,0.545,0.22
TSLA,2024,2024-11-18,2024-11-22,397.5,348.5499,361.53,0.0552,False,1.21,0.35
TSLA,2024,2024-11-25,2024-11-29,387.5,361.93,345.45,0.0573,False,1.855,0.51
TSLA,2024,2024-11-25,2024-11-29,390.0,361.93,345.45,0.0501,False,1.68,0.46
TSLA,2024,2024-12-02,2024-12-06,400.0,360.0,389.49,0.0549,False,0.78,0.22
TSLA,2024,2024-12-09,2024-12-13,452.5,404.8,436.3,0.0578,False,1.23,0.3
TSLA,2024,2024-12-09,2024-12-13,455.0,404.8,436.3,0.0506,False,1.105,0.27
TSLA,2024,2024-12-23,2024-12-27,475.0,434.51,450.0,0.0595,False,1.435,0.33
TSLA,2024,2024-12-23,2024-12-27,477.5,434.51,450.0,0.0505,False,1.3,0.3
TSLA,2024,2024-12-30,2025-01-03,480.0,427.0,411.8799,0.0554,False,1.38,0.32
TSLA,2025,2025-01-06,2025-01-10,472.5,426.43,399.28,0.0551,False,1.11,0.26
TSLA,2025,2025-01-27,2025-01-31,475.0,406.69,419.99,0.0568,False,1.54,0.38
TSLA,2025,2025-01-27,2025-01-31,477.5,406.69,419.99,0.0519,False,1.415,0.35
TSLA,2025,2025-02-03,2025-02-07,435.0,389.17,380.5459,0.0579,False,0.87,0.22
TSLA,2025,2025-02-03,2025-02-07,437.5,389.17,380.5459,0.051,False,0.76,0.2
TSLA,2025,2025-02-10,2025-02-14,397.5,362.7,362.0,0.0529,False,0.745,0.21
TSLA,2025,2025-02-24,2025-02-28,372.5,342.3973,293.88,0.0524,False,0.8049999999999999,0.24
TSLA,2025,2025-03-03,2025-03-07,332.5,303.94,266.2499,0.0541,False,1.2,0.39
TSLA,2025,2025-03-10,2025-03-14,280.0,253.37,251.58,0.0588,False,1.275,0.5
TSLA,2025,2025-03-31,2025-04-04,302.5,260.56,261.0,0.0522,False,0.585,0.22
TSLA,2025,2025-04-07,2025-04-11,287.5,252.0,257.74,0.0596,False,1.5550000000000002,0.62
TSLA,2025,2025-04-07,2025-04-11,290.0,252.0,257.74,0.052,False,1.36,0.54
TSLA,2025,2025-04-21,2025-04-25,277.5,232.21,286.85,0.059,True,0.8700000000000001,0.37
TSLA,2025,2025-04-21,2025-04-25,280.0,232.21,286.85,0.0536,True,0.765,0.33
TSLA,2025,2025-04-28,2025-05-02,330.0,294.86,294.78,0.0589,False,1.095,0.37
TSLA,2025,2025-04-28,2025-05-02,332.5,294.86,294.78,0.0512,False,0.965,0.33
TSLA,2025,2025-05-05,2025-05-09,315.0,284.849,307.04,0.0593,False,1.005,0.35
TSLA,2025,2025-05-19,2025-05-23,390.0,343.0,343.18,0.0568,False,0.96,0.28
TSLA,2025,2025-05-19,2025-05-23,392.5,343.0,343.18,0.051,False,0.8600000000000001,0.25
TSLA,2025,2025-06-09,2025-06-13,357.5,309.83,332.99,0.0553,False,0.625,0.2
TSLA,2025,2025-06-23,2025-06-27,395.0,357.54,329.3393,0.0533,False,0.935,0.26
TSLA,2025,2025-07-07,2025-07-11,327.5,296.15,314.09,0.0564,False,0.7849999999999999,0.27
TSLA,2025,2025-07-21,2025-07-25,382.5,338.0,323.63,0.0546,False,1.075,0.32
TSLA,2025,2025-08-04,2025-08-08,337.5,312.1186,335.15,0.0544,False,0.515,0.17
TSLA,2025,2025-09-08,2025-09-12,380.0,358.44,396.6899,0.055,True,1.21,0.34
TSLA,2025,2025-09-22,2025-09-26,490.0,444.98,440.47,0.0531,False,1.12,0.25
TSLA,2025,2025-09-29,2025-10-03,500.0,450.98,446.77,0.0589,False,1.47,0.33
TSLA,2025,2025-09-29,2025-10-03,502.5,450.98,446.77,0.0524,False,1.315,0.29
TSLA,2025,2025-10-06,2025-10-10,512.5,453.55,443.13,0.0583,False,0.7899999999999999,0.17
TSLA,2025,2025-10-06,2025-10-10,515.0,453.55,443.13,0.0529,False,0.7150000000000001,0.16
TSLA,2025,2025-10-20,2025-10-24,515.0,449.8,451.68,0.0594,False,1.35,0.3
TSLA,2025,2025-10-27,2025-10-31,502.5,460.16,458.0,0.0534,False,0.835,0.18
TSLA,2025,2025-11-03,2025-11-07,525.0,474.07,439.36,0.0552,False,1.25,0.26
TSLA,2025,2025-11-10,2025-11-14,490.0,449.6715,412.19,0.057,False,1.12,0.25
TSLA,2025,2025-11-24,2025-11-28,455.0,421.72,432.93,0.0537,False,0.515,0.12
TSLA,2025,2025-12-01,2025-12-05,465.0,433.6599,458.87,0.0553,False,0.825,0.19
TSLA,2025,2025-12-08,2025-12-12,482.5,449.7463,463.01,0.0573,False,1.035,0.23
TSLA,2025,2025-12-22,2025-12-26,527.5,498.83,489.09,0.0526,False,1.045,0.21
TSLA,2025,2025-12-29,2026-01-02,500.0,469.4,458.34,0.0595,False,1.155,0.25
TSLA,2025,2025-12-29,2026-01-02,502.5,469.4,458.34,0.0519,False,0.96,0.2
XLE,2022,2022-01-31,2022-02-04,35.5,33.17,35.0,0.0552,False,0.065,0.2
XLE,2022,2022-03-21,2022-03-25,42.0,38.185,39.425,0.0589,False,0.05,0.13
XLE,2022,2022-04-25,2022-04-29,40.25,37.0375,38.87,0.0522,False,0.045,0.12
XLE,2022,2022-05-09,2022-05-13,42.0,40.605,40.55,0.0586,False,0.305,0.75
XLE,2022,2022-05-23,2022-05-27,45.5,42.11,44.385,0.0512,False,0.04,0.09
XLE,2022,2022-06-27,2022-07-01,40.25,37.0975,36.445,0.059,False,0.07,0.19
XLE,2022,2022-07-18,2022-07-22,38.0,35.66,36.365,0.0583,False,0.0849999999999999,0.24
XLE,2022,2022-08-01,2022-08-05,41.5,38.6375,36.855,0.0561,False,0.065,0.17
XLE,2022,2022-08-08,2022-08-12,39.5,37.06,39.255,0.0523,False,0.06,0.16
XLE,2022,2022-10-10,2022-10-14,43.75,41.41,41.8351,0.0561,False,0.18,0.43
XLE,2022,2022-10-24,2022-10-28,47.5,43.975,45.315,0.0548,False,0.105,0.24
XLE,2022,2022-11-21,2022-11-25,48.0,45.315,46.46,0.0524,False,0.05,0.11
XLE,2022,2022-12-05,2022-12-09,47.0,45.78,42.7,0.0554,False,0.25,0.55
XLE,2022,2022-12-19,2022-12-23,44.5,42.325,43.54,0.0528,False,0.08,0.19
XLE,2023,2023-01-09,2023-01-13,46.5,44.51,45.0827,0.0513,False,0.07,0.16
XLE,2023,2023-02-06,2023-02-10,45.5,43.345,45.195,0.0534,False,0.0699999999999999,0.16
XLE,2023,2023-04-10,2023-04-14,45.25,43.32,43.8694,0.0581,False,0.075,0.17
XLE,2023,2023-05-22,2023-05-26,42.25,40.059,39.89,0.0552,False,0.03,0.07
XLE,2023,2023-06-05,2023-06-09,42.25,40.3075,41.07,0.0557,False,0.12,0.3
XLE,2023,2023-06-05,2023-06-09,42.5,40.3075,41.07,0.0521,False,0.115,0.29
XLE,2023,2023-07-03,2023-07-07,42.5,40.985,40.7675,0.0586,False,0.035,0.09
XLE,2023,2023-07-10,2023-07-14,42.75,40.79,41.6,0.054,False,0.04,0.1
XLE,2023,2023-07-24,2023-07-28,45.5,43.14,42.9325,0.0542,False,0.025,0.06
XLE,2023,2023-08-21,2023-08-25,46.5,44.765,44.015,0.0589,False,0.07,0.16
XLE,2023,2023-08-28,2023-09-01,46.0,44.42,45.4175,0.0568,False,0.055,0.12
XLE,2023,2023-10-02,2023-10-06,46.75,45.255,43.255,0.0577,False,0.105,0.23
XLE,2023,2023-10-02,2023-10-06,47.0,45.255,43.255,0.0539,False,0.065,0.14
XLE,2023,2023-10-09,2023-10-13,47.25,44.48,45.01,0.0505,False,0.04,0.09
XLE,2023,2023-10-23,2023-10-27,47.25,44.875,43.4725,0.0518,False,0.09,0.2
XLE,2023,2023-10-23,2023-10-27,47.5,44.875,43.4725,0.0567,False,0.06,0.13
XLE,2023,2023-11-06,2023-11-10,44.75,43.685,41.805,0.057,False,0.11,0.25
XLE,2023,2023-11-06,2023-11-10,45.0,43.685,41.805,0.0521,False,0.08,0.18
XLE,2023,2023-11-20,2023-11-24,44.25,42.77,42.78,0.0582,False,0.04,0.09
XLE,2023,2023-11-27,2023-12-01,44.75,42.39,43.0125,0.0578,False,0.05,0.12
XLE,2024,2024-01-08,2024-01-12,43.75,41.9,41.6725,0.0569,False,0.035,0.08
XLE,2024,2024-01-08,2024-01-12,44.0,41.9,41.6725,0.0521,False,0.02,0.05
XLE,2024,2024-01-22,2024-01-26,42.5,40.3225,42.14,0.05,False,0.02,0.05
XLE,2024,2024-01-29,2024-02-02,44.25,42.125,42.09,0.0515,False,0.03,0.07
XLE,2024,2024-02-26,2024-03-01,45.25,43.4125,43.77,0.0527,False,0.035,0.08
XLE,2024,2024-03-04,2024-03-08,45.0,43.66,44.095,0.057,False,0.08,0.18
XLE,2024,2024-03-04,2024-03-08,45.25,43.66,44.095,0.0522,False,0.05,0.11
XLE,2024,2024-04-01,2024-04-05,49.5,47.695,49.2334,0.0561,False,0.02,0.04
XLE,2024,2024-04-08,2024-04-12,51.0,49.205,49.485,0.0504,False,0.085,0.17
XLE,2024,2024-04-22,2024-04-26,50.5,48.12,48.0575,0.0541,False,0.04,0.08
XLE,2024,2024-07-01,2024-07-05,47.5,46.09,45.71,0.0571,False,0.045,0.1
XLE,2024,2024-07-22,2024-07-26,48.0,46.16,46.2875,0.0532,False,0.07,0.15
XLE,2024,2024-07-29,2024-08-02,47.75,46.135,45.095,0.0541,False,0.07,0.15
XLE,2024,2024-08-19,2024-08-23,47.5,45.925,45.27,0.0558,False,0.04,0.09
XLE,2024,2024-09-30,2024-10-04,46.25,43.9775,46.7325,0.0594,True,0.045,0.1
XLE,2024,2024-11-04,2024-11-08,48.0,44.855,46.9425,0.0552,False,0.05,0.11
XLE,2024,2024-11-25,2024-11-29,49.5,48.87,47.845,0.0586,False,0.1699999999999999,0.35
XLE,2024,2024-12-02,2024-12-06,49.25,47.83,46.205,0.0552,False,0.03,0.06
XLE,2024,2024-12-09,2024-12-13,48.5,46.1325,44.96,0.0572,False,0.05,0.11
XLE,2024,2024-12-23,2024-12-27,43.5,42.105,42.74,0.0504,False,0.045,0.11
XLE,2025,2025-01-06,2025-01-10,50.5,44.285,45.1,0.056,False,0.12,0.27
XLE,2025,2025-02-03,2025-02-07,46.5,44.2725,44.6825,0.0583,False,0.045,0.1
XLE,2025,2025-02-10,2025-02-14,47.25,45.33,45.6625,0.0551,False,0.03,0.07
XLE,2025,2025-02-24,2025-02-28,47.5,45.7191,45.535,0.0545,False,0.05,0.11
XLE,2025,2025-03-03,2025-03-07,46.5,45.9363,44.0297,0.0554,False,0.315,0.69
XLE,2025,2025-03-03,2025-03-07,46.75,45.9363,44.0297,0.0519,False,0.205,0.45
XLE,2025,2025-03-10,2025-03-14,47.0,44.645,44.94,0.0503,False,0.065,0.15
XLE,2025,2025-03-24,2025-03-28,49.0,46.6975,46.585,0.0557,False,0.03,0.06
XLE,2025,2025-03-31,2025-04-04,49.5,47.0,42.295,0.053,False,0.035,0.07
XLE,2025,2025-04-07,2025-04-11,44.5,40.79,39.74,0.0515,False,0.18,0.44
XLE,2025,2025-04-07,2025-04-11,46.5,40.79,39.74,0.0531,False,0.1,0.25
XLE,2025,2025-04-21,2025-04-25,46.0,40.205,41.23,0.0531,False,0.1,0.25
XLE,2025,2025-05-05,2025-05-09,43.0,40.53,41.4175,0.0529,False,0.175,0.43
XLE,2025,2025-07-07,2025-07-11,45.5,43.48,44.72,0.0583,False,0.075,0.17
XLE,2025,2025-07-07,2025-07-11,46.0,43.48,44.72,0.0592,False,0.05,0.11
XLE,2025,2025-07-21,2025-07-25,44.5,43.085,43.835,0.0554,False,0.075,0.17
XLE,2025,2025-07-28,2025-08-01,46.0,44.12,43.595,0.0558,False,0.025,0.06
XLE,2025,2025-08-25,2025-08-29,45.5,44.24,45.31,0.0563,False,0.035,0.08
XLE,2025,2025-09-22,2025-09-26,46.0,44.05,46.455,0.0519,True,0.025,0.06
XLE,2025,2025-10-06,2025-10-10,46.5,44.93,43.775,0.0584,False,0.05,0.11
XLE,2025,2025-10-20,2025-10-24,45.25,43.5425,44.7,0.059,False,0.04,0.09
XLE,2025,2025-11-03,2025-11-07,46.5,44.19,44.8725,0.058,False,0.04,0.09
XLE,2025,2025-11-10,2025-11-14,47.5,45.28,46.11,0.0597,False,0.06,0.13
XLE,2025,2025-12-01,2025-12-05,47.5,45.91,46.66,0.0582,False,0.04,0.09
XLE,2025,2025-12-08,2025-12-12,47.25,45.92,46.235,0.0584,False,0.06,0.13
XLE,2025,2025-12-08,2025-12-12,47.5,45.92,46.235,0.0533,False,0.045,0.1
XLE,2025,2025-12-22,2025-12-26,45.75,44.485,44.435,0.0501,False,0.025,0.06
XLE,2025,2025-12-22,2025-12-26,46.25,44.485,44.435,0.054,False,0.025,0.06
XLE,2025,2025-12-29,2026-01-02,46.0,44.74,45.7799,0.0541,False,0.025,0.06
XLF,2022,2022-01-03,2022-01-07,41.0,39.68,41.27,0.0512,True,0.015,0.04
XLF,2022,2022-01-10,2022-01-14,43.0,41.46,40.865,0.055,False,0.03,0.07
XLF,2022,2022-01-24,2022-01-28,40.5,38.39,38.73,0.0508,False,0.03,0.08
XLF,2022,2022-01-31,2022-02-04,40.5,39.09,40.44,0.052,False,0.03,0.08
XLF,2022,2022-03-07,2022-03-11,38.5,36.93,37.21,0.0541,False,0.08,0.22
XLF,2022,2022-04-25,2022-04-29,38.0,36.31,35.69,0.059,False,0.02,0.06
XLF,2022,2022-05-23,2022-05-27,36.0,34.24,35.64,0.0539,False,0.025,0.07
XLF,2022,2022-06-27,2022-07-01,34.0,32.59,31.98,0.0589,False,0.03,0.09
XLF,2022,2022-07-18,2022-07-22,33.0,32.45,33.16,0.0545,True,0.095,0.29
XLF,2022,2022-08-08,2022-08-12,35.0,34.05,35.57,0.055,True,0.04,0.12
XLF,2022,2022-08-29,2022-09-02,35.0,33.72,33.81,0.05,False,0.025,0.07
XLF,2022,2022-09-19,2022-09-23,35.0,33.275,31.31,0.0598,False,0.025,0.08
XLF,2022,2022-10-24,2022-10-28,34.5,32.77,34.23,0.0566,False,0.025,0.08
XLF,2022,2022-10-31,2022-11-04,36.0,34.205,34.085,0.0539,False,0.025,0.07
XLF,2022,2022-11-07,2022-11-11,36.0,34.27,36.03,0.0597,True,0.035,0.1
XLF,2022,2022-11-28,2022-12-02,37.0,36.055,35.96,0.0505,False,0.025,0.07
XLF,2022,2022-12-05,2022-12-09,36.5,35.72,34.7799,0.0517,False,0.0349999999999999,0.1
XLF,2023,2023-01-09,2023-01-13,37.0,35.7,36.17,0.0598,False,0.04,0.11
XLF,2023,2023-01-23,2023-01-27,37.0,35.91,36.46,0.0581,False,0.015,0.04
XLF,2023,2023-04-10,2023-04-14,33.5,32.07,33.15,0.0521,False,0.02,0.06
XLF,2023,2023-09-18,2023-09-22,35.5,34.82,34.0,0.053,False,0.015,0.04
XLF,2024,2024-04-08,2024-04-12,43.0,41.82,40.4998,0.0582,False,0.02,0.05
XLF,2024,2024-07-01,2024-07-05,42.5,41.55,41.64,0.0566,False,0.02,0.05
XLF,2024,2024-07-22,2024-07-26,44.5,43.17,43.54,0.0535,False,0.02,0.05
XLF,2024,2024-10-07,2024-10-11,46.5,45.67,46.6,0.0535,True,0.04,0.09
XLF,2024,2024-10-28,2024-11-01,48.5,47.2499,47.0,0.0571,False,0.02,0.04
XLF,2025,2025-12-08,2025-12-12,143.75,53.71,55.2082,0.0565,False,4.51,8.4
XLF,2025,2025-12-22,2025-12-26,141.25,55.44,55.795,0.0579,False,3.97,7.16
XLK,2022,2022-01-03,2022-01-07,91.25,87.84,84.08,0.0598,False,0.06,0.07
XLK,2022,2022-01-10,2022-01-14,87.5,83.085,82.93,0.0553,False,0.085,0.1
XLK,2022,2022-02-07,2022-02-11,83.5,80.335,80.315,0.0522,False,0.14,0.17
XLK,2022,2022-02-28,2022-03-04,81.25,77.36,75.93,0.0522,False,0.07,0.09
XLK,2022,2022-03-21,2022-03-25,81.5,77.655,79.39,0.0576,False,0.065,0.08
XLK,2022,2022-03-28,2022-04-01,83.5,80.085,79.73,0.0533,False,0.065,0.08
XLK,2022,2022-04-18,2022-04-22,77.5,74.035,73.95,0.0548,False,0.06,0.08
XLK,2022,2022-04-25,2022-04-29,78.0,72.665,73.83,0.0575,False,0.08,0.11
XLK,2022,2022-05-09,2022-05-13,74.0,69.46,68.265,0.0577,False,0.16,0.23
XLK,2022,2022-05-09,2022-05-13,74.5,69.46,68.265,0.0547,False,0.15,0.22
XLK,2022,2022-05-09,2022-05-13,74.75,69.46,68.265,0.0533,False,0.11,0.16
XLK,2022,2022-06-27,2022-07-01,71.0,67.1375,63.865,0.0533,False,0.09,0.13
XLK,2022,2022-06-27,2022-07-01,71.5,67.1375,63.865,0.0542,False,0.07,0.1
XLK,2022,2022-07-25,2022-07-29,72.5,68.655,72.335,0.0568,False,0.08,0.12
XLK,2022,2022-08-01,2022-08-05,76.0,72.675,73.715,0.0538,False,0.06,0.08
XLK,2022,2022-08-29,2022-09-02,73.5,69.69,68.38,0.05,False,0.11,0.16
XLK,2022,2022-08-29,2022-09-02,74.0,69.69,68.38,0.0514,False,0.11,0.16
XLK,2022,2022-09-26,2022-09-30,66.0,62.715,61.2,0.0545,False,0.14,0.22
XLK,2022,2022-09-26,2022-09-30,66.5,62.715,61.2,0.0506,False,0.11,0.18
XLK,2022,2022-10-03,2022-10-07,65.0,61.595,61.695,0.0563,False,0.06,0.1
XLK,2022,2022-10-31,2022-11-04,69.0,64.32,60.81,0.0507,False,0.085,0.13
XLK,2022,2022-11-21,2022-11-25,69.0,65.94,67.005,0.051,False,0.045,0.07
XLK,2023,2023-01-09,2023-01-13,67.25,64.2375,65.3399,0.0527,False,0.135,0.21
XLK,2023,2023-01-30,2023-02-03,72.0,67.86,72.045,0.0566,True,0.14,0.21
XLK,2023,2023-02-27,2023-03-03,71.5,69.08,70.0725,0.0578,False,0.06,0.09
XLK,2023,2023-02-27,2023-03-03,72.0,69.08,70.0725,0.0519,False,0.05,0.07
XLK,2023,2023-03-06,2023-03-10,74.0,71.36,69.1725,0.052,False,0.08,0.11
XLK,2023,2023-05-01,2023-05-05,79.0,75.8238,75.875,0.0527,False,0.07,0.09
XLK,2023,2023-06-26,2023-06-30,87.5,85.14,87.1499,0.0505,False,0.1,0.12
XLK,2023,2023-07-03,2023-07-07,90.5,86.955,86.64,0.0508,False,0.065,0.07
XLK,2023,2023-08-28,2023-09-01,88.5,85.225,88.495,0.0539,False,0.055,0.06
XLK,2023,2023-08-28,2023-09-01,88.75,85.225,88.495,0.058,False,0.06,0.07
XLK,2023,2023-09-25,2023-09-29,86.25,82.595,83.255,0.0504,False,0.05,0.06
XLK,2023,2023-10-02,2023-10-06,86.25,83.085,84.4703,0.0543,False,0.06,0.07
XLK,2023,2023-10-09,2023-10-13,88.0,84.675,85.855,0.0539,False,0.035,0.04
XLK,2023,2023-10-23,2023-10-27,86.25,82.9,81.375,0.0588,False,0.06,0.07
XLK,2023,2023-11-06,2023-11-10,89.5,86.475,89.8175,0.0505,True,0.035,0.04
XLK,2023,2023-11-27,2023-12-01,95.5,92.7325,92.955,0.0558,False,0.045,0.05
XLK,2023,2023-12-04,2023-12-08,95.0,91.865,93.405,0.0553,False,0.065,0.07
XLK,2024,2024-01-08,2024-01-12,98.0,94.435,96.34,0.0522,False,0.05,0.05
XLK,2024,2024-03-18,2024-03-22,111.25,104.21,105.34,0.0562,False,0.085,0.08
XLK,2024,2024-04-08,2024-04-12,107.5,103.63,103.64,0.0574,False,0.07,0.07
XLK,2024,2024-07-08,2024-07-12,122.5,117.575,118.14,0.0554,False,0.095,0.08
XLK,2024,2024-07-08,2024-07-12,126.25,117.575,118.14,0.055,False,0.09,0.08
XLK,2024,2024-07-29,2024-08-02,116.25,109.47,103.365,0.0594,False,0.155,0.14
XLK,2024,2024-10-07,2024-10-11,117.5,112.885,115.665,0.0571,False,0.1,0.09
XLK,2024,2024-10-21,2024-10-25,120.0,116.01,116.4375,0.0554,False,0.105,0.09
XLK,2024,2024-11-04,2024-11-08,118.75,112.675,118.97,0.0531,True,0.13,0.12
XLK,2025,2025-03-24,2025-03-28,113.75,109.0725,105.63,0.0528,False,0.085,0.08
XLK,2025,2025-04-07,2025-04-11,105.0,95.905,99.6,0.05,False,0.185,0.19
XLK,2025,2025-06-02,2025-06-06,121.25,116.545,119.73,0.0542,False,0.105,0.09
XLK,2025,2025-07-21,2025-07-25,135.0,131.505,131.325,0.0578,False,0.085,0.06
XLK,2025,2025-07-28,2025-08-01,137.5,132.075,129.985,0.0542,False,0.155,0.12
XLK,2025,2025-08-04,2025-08-08,137.5,131.17,133.11,0.0527,False,0.0499999999999999,0.04
XLK,2025,2025-08-04,2025-08-08,145.0,131.17,133.11,0.0514,False,0.2,0.15
XLK,2025,2025-10-20,2025-10-24,150.0,144.71,147.2825,0.0597,False,0.12,0.08
XLK,2025,2025-10-27,2025-10-31,156.25,149.63,151.82,0.0506,False,0.065,0.04
XLK,2025,2025-11-10,2025-11-14,153.75,148.045,145.38,0.0592,False,0.355,0.24
XLK,2025,2025-11-10,2025-11-14,155.0,148.045,145.38,0.0517,False,0.125,0.08
XLK,2025,2025-11-24,2025-11-28,146.25,140.3475,143.135,0.0563,False,0.095,0.07
XLK,2025,2025-12-01,2025-12-05,150.0,143.6025,147.31,0.0502,False,0.07,0.05
