ticker,date_only,expiration_date,underlying_symbol,option_type,strike,volume,open_price,close_price,otm_pct,ITM,premium,premium_yield_pct,premium_low,premium_yield_pct_low,high_price,low_price,transactions,window_start,days_to_expiry,time_remaining_category,underlying_open,underlying_close,underlying_high,underlying_low,underlying_spot,underlying_close_at_expiry,underlying_high_at_expiry,underlying_spot_at_expiry
O:XLF160219C00020000,2016-01-19,2016-02-19,XLF,C,13.2,2.0,2.5,2.6,-48.24,YES,2.6,19.7,2.5,18.94,2.8,2.4,2.0,1453179600000000000,31.0,Monthly,25.0,25.5,26.0,24.5,25.5,25.5,26.0,25.5
O:XLF160219C00020500,2016-01-19,2016-02-19,XLF,C,13.53,173.0,2.5,2.6,-46.95,YES,2.6,19.22,2.5,18.48,2.8,2.4,38.0,1453179600000000000,31.0,Monthly,25.0,25.5,26.0,24.5,25.5,25.5,26.0,25.5
O:XLF160219C00021000,2016-01-19,2016-02-19,XLF,C,13.86,248.0,2.5,2.6,-45.65,YES,2.6,18.76,2.5,18.04,2.8,2.4,31.0,1453179600000000000,31.0,Monthly,25.0,25.5,26.0,24.5,25.5,25.5,26.0,25.5
O:XLF160219C00021500,2016-01-19,2016-02-19,XLF,C,14.19,13786.0,2.5,2.6,-44.36,YES,2.6,18.33,2.5,17.62,2.8,2.4,68.0,1453179600000000000,31.0,Monthly,25.0,25.5,26.0,24.5,25.5,25.5,26.0,25.5
O:XLF160219C00022000,2016-01-19,2016-02-19,XLF,C,14.52,10518.0,2.5,2.6,-43.07,YES,2.6,17.91,2.5,17.22,2.8,2.4,272.0,1453179600000000000,31.0,Monthly,25.0,25.5,26.0,24.5,25.5,25.5,26.0,25.5
O:XLF160219C00022500,2016-01-19,2016-02-19,XLF,C,14.85,1153.0,2.5,2.6,-41.77,YES,2.6,17.51,2.5,16.84,2.8,2.4,50.0,1453179600000000000,31.0,Monthly,25.0,25.5,26.0,24.5,25.5,25.5,26.0,25.5
O:XLF160219C00023000,2016-01-19,2016-02-19,XLF,C,15.18,834.0,2.5,2.6,-40.48,YES,2.6,17.13,2.5,16.47,2.8,2.4,70.0,1453179600000000000,31.0,Monthly,25.0,25.5,26.0,24.5,25.5,25.5,26.0,25.5
O:XLF160219C00023500,2016-01-19,2016-02-19,XLF,C,15.51,946.0,2.5,2.6,-39.18,YES,2.6,16.77,2.5,16.12,2.8,2.4,10.0,1453179600000000000,31.0,Monthly,25.0,25.5,26.0,24.5,25.5,25.5,26.0,25.5
O:XLF160219C00024000,2016-01-19,2016-02-19,XLF,C,15.84,397.0,2.5,2.6,-37.89,YES,2.6,16.42,2.5,15.79,2.8,2.4,14.0,1453179600000000000,31.0,Monthly,25.0,25.5,26.0,24.5,25.5,25.5,26.0,25.5
O:XLF160219C00025000,2016-01-19,2016-02-19,XLF,C,16.5,59.0,2.5,2.6,-35.3,YES,2.6,15.76,2.5,15.15,2.8,2.4,8.0,1453179600000000000,31.0,Monthly,25.0,25.5,26.0,24.5,25.5,25.5,26.0,25.5
O:XLF160219C00026000,2016-01-19,2016-02-19,XLF,C,17.16,50.0,2.5,2.6,-32.72,YES,2.6,15.15,2.5,14.57,2.8,2.4,1.0,1453179600000000000,31.0,Monthly,25.0,25.5,26.0,24.5,25.5,25.5,26.0,25.5
O:XLF160219C00022000,2016-01-20,2016-02-19,XLF,C,14.52,2604.0,2.5,2.6,-43.07,YES,2.6,17.91,2.5,17.22,2.8,2.4,134.0,1453266000000000000,30.0,Monthly,25.0,25.5,26.0,24.5,25.5,25.5,26.0,25.5
O:XLF160219C00017000,2016-01-20,2016-02-19,XLF,C,11.22,54.0,2.5,2.6,-56.01,YES,2.6,23.18,2.5,22.28,2.8,2.4,2.0,1453266000000000000,30.0,Monthly,25.0,25.5,26.0,24.5,25.5,25.5,26.0,25.5
O:XLF160219C00021000,2016-01-20,2016-02-19,XLF,C,13.86,3415.0,2.5,2.6,-45.65,YES,2.6,18.76,2.5,18.04,2.8,2.4,69.0,1453266000000000000,30.0,Monthly,25.0,25.5,26.0,24.5,25.5,25.5,26.0,25.5
O:XLF160219C00021500,2016-01-20,2016-02-19,XLF,C,14.19,769.0,2.5,2.6,-44.36,YES,2.6,18.33,2.5,17.62,2.8,2.4,29.0,1453266000000000000,30.0,Monthly,25.0,25.5,26.0,24.5,25.5,25.5,26.0,25.5
O:XLF160219C00020000,2016-01-20,2016-02-19,XLF,C,13.2,237.0,2.5,2.6,-48.24,YES,2.6,19.7,2.5,18.94,2.8,2.4,16.0,1453266000000000000,30.0,Monthly,25.0,25.5,26.0,24.5,25.5,25.5,26.0,25.5
O:XLF160219C00025000,2016-01-20,2016-02-19,XLF,C,16.5,66.0,2.5,2.6,-35.3,YES,2.6,15.76,2.5,15.15,2.8,2.4,13.0,1453266000000000000,30.0,Monthly,25.0,25.5,26.0,24.5,25.5,25.5,26.0,25.5
O:XLF160219C00023000,2016-01-20,2016-02-19,XLF,C,15.18,44.0,2.5,2.6,-40.48,YES,2.6,17.13,2.5,16.47,2.8,2.4,14.0,1453266000000000000,30.0,Monthly,25.0,25.5,26.0,24.5,25.5,25.5,26.0,25.5
O:XLF160219C00024000,2016-01-20,2016-02-19,XLF,C,15.84,52.0,2.5,2.6,-37.89,YES,2.6,16.42,2.5,15.79,2.8,2.4,11.0,1453266000000000000,30.0,Monthly,25.0,25.5,26.0,24.5,25.5,25.5,26.0,25.5
O:XLF160219C00026000,2016-01-20,2016-02-19,XLF,C,17.16,17.0,2.5,2.6,-32.72,YES,2.6,15.15,2.5,14.57,2.8,2.4,6.0,1453266000000000000,30.0,Monthly,25.0,25.5,26.0,24.5,25.5,25.5,26.0,25.5
O:XLF160219C00022500,2016-01-20,2016-02-19,XLF,C,14.85,306.0,2.5,2.6,-41.77,YES,2.6,17.51,2.5,16.84,2.8,2.4,36.0,1453266000000000000,30.0,Monthly,25.0,25.5,26.0,24.5,25.5,25.5,26.0,25.5
O:XLF160219C00021500,2016-01-21,2016-02-19,XLF,C,14.19,692.0,2.5,2.6,-44.36,YES,2.6,18.33,2.5,17.62,2.8,2.4,34.0,1453352400000000000,29.0,Monthly,25.0,25.5,26.0,24.5,25.5,25.5,26.0,25.5
O:XLF160219C00018500,2016-01-21,2016-02-19,XLF,C,12.21,26.0,2.5,2.6,-52.12,YES,2.6,21.3,2.5,20.48,2.8,2.4,2.0,1453352400000000000,29.0,Monthly,25.0,25.5,26.0,24.5,25.5,25.5,26.0,25.5
O:XLF160219C00020000,2016-01-21,2016-02-19,XLF,C,13.2,15.0,2.5,2.6,-48.24,YES,2.6,19.7,2.5,18.94,2.8,2.4,4.0,1453352400000000000,29.0,Monthly,25.0,25.5,26.0,24.5,25.5,25.5,26.0,25.5
O:XLF160219C00021000,2016-01-21,2016-02-19,XLF,C,13.86,294.0,2.5,2.6,-45.65,YES,2.6,18.76,2.5,18.04,2.8,2.4,38.0,1453352400000000000,29.0,Monthly,25.0,25.5,26.0,24.5,25.5,25.5,26.0,25.5
O:XLF160219C00022000,2016-01-21,2016-02-19,XLF,C,14.52,1913.0,2.5,2.6,-43.07,YES,2.6,17.91,2.5,17.22,2.8,2.4,59.0,1453352400000000000,29.0,Monthly,25.0,25.5,26.0,24.5,25.5,25.5,26.0,25.5
O:XLF160219C00022500,2016-01-21,2016-02-19,XLF,C,14.85,12819.0,2.5,2.6,-41.77,YES,2.6,17.51,2.5,16.84,2.8,2.4,53.0,1453352400000000000,29.0,Monthly,25.0,25.5,26.0,24.5,25.5,25.5,26.0,25.5
O:XLF160219C00023500,2016-01-21,2016-02-19,XLF,C,15.51,334.0,2.5,2.6,-39.18,YES,2.6,16.77,2.5,16.12,2.8,2.4,15.0,1453352400000000000,29.0,Monthly,25.0,25.5,26.0,24.5,25.5,25.5,26.0,25.5
O:XLF160219C00024000,2016-01-21,2016-02-19,XLF,C,15.84,30.0,2.5,2.6,-37.89,YES,2.6,16.42,2.5,15.79,2.8,2.4,3.0,1453352400000000000,29.0,Monthly,25.0,25.5,26.0,24.5,25.5,25.5,26.0,25.5
O:XLF160219C00025000,2016-01-21,2016-02-19,XLF,C,16.5,21.0,2.5,2.6,-35.3,YES,2.6,15.76,2.5,15.15,2.8,2.4,4.0,1453352400000000000,29.0,Monthly,25.0,25.5,26.0,24.5,25.5,25.5,26.0,25.5
O:XLF160219C00023000,2016-01-21,2016-02-19,XLF,C,15.18,4806.0,2.5,2.6,-40.48,YES,2.6,17.13,2.5,16.47,2.8,2.4,41.0,1453352400000000000,29.0,Monthly,25.0,25.5,26.0,24.5,25.5,25.5,26.0,25.5
O:XLF160219C00020500,2016-01-22,2016-02-19,XLF,C,13.53,10.0,2.5,2.6,-46.95,YES,2.6,19.22,2.5,18.48,2.8,2.4,6.0,1453438800000000000,28.0,Monthly,25.0,25.5,26.0,24.5,25.5,25.5,26.0,25.5
O:XLF160219C00021000,2016-01-22,2016-02-19,XLF,C,13.86,75.0,2.5,2.6,-45.65,YES,2.6,18.76,2.5,18.04,2.8,2.4,28.0,1453438800000000000,28.0,Monthly,25.0,25.5,26.0,24.5,25.5,25.5,26.0,25.5
O:XLF160219C00021500,2016-01-22,2016-02-19,XLF,C,14.19,518.0,2.5,2.6,-44.36,YES,2.6,18.33,2.5,17.62,2.8,2.4,38.0,1453438800000000000,28.0,Monthly,25.0,25.5,26.0,24.5,25.5,25.5,26.0,25.5
O:XLF160219C00022000,2016-01-22,2016-02-19,XLF,C,14.52,677.0,2.5,2.6,-43.07,YES,2.6,17.91,2.5,17.22,2.8,2.4,64.0,1453438800000000000,28.0,Monthly,25.0,25.5,26.0,24.5,25.5,25.5,26.0,25.5
O:XLF160219C00022500,2016-01-22,2016-02-19,XLF,C,14.85,252.0,2.5,2.6,-41.77,YES,2.6,17.51,2.5,16.84,2.8,2.4,13.0,1453438800000000000,28.0,Monthly,25.0,25.5,26.0,24.5,25.5,25.5,26.0,25.5
O:XLF160219C00023000,2016-01-22,2016-02-19,XLF,C,15.18,35.0,2.5,2.6,-40.48,YES,2.6,17.13,2.5,16.47,2.8,2.4,8.0,1453438800000000000,28.0,Monthly,25.0,25.5,26.0,24.5,25.5,25.5,26.0,25.5
O:XLF160219C00024000,2016-01-22,2016-02-19,XLF,C,15.84,365.0,2.5,2.6,-37.89,YES,2.6,16.42,2.5,15.79,2.8,2.4,12.0,1453438800000000000,28.0,Monthly,25.0,25.5,26.0,24.5,25.5,25.5,26.0,25.5
O:XLF160219C00025000,2016-01-22,2016-02-19,XLF,C,16.5,33.0,2.5,2.6,-35.3,YES,2.6,15.76,2.5,15.15,2.8,2.4,10.0,1453438800000000000,28.0,Monthly,25.0,25.5,26.0,24.5,25.5,25.5,26.0,25.5
O:XLF160318C00018000,2016-02-16,2016-03-18,XLF,C,11.88,30.0,2.5,2.6,-53.42,YES,2.6,21.89,2.5,21.05,2.8,2.4,2.0,1455598800000000000,31.0,Monthly,25.0,25.5,26.0,24.5,25.5,25.5,26.0,25.5
O:XLF160318C00019000,2016-02-16,2016-03-18,XLF,C,12.54,5.0,2.5,2.6,-50.83,YES,2.6,20.74,2.5,19.94,2.8,2.4,1.0,1455598800000000000,31.0,Monthly,25.0,25.5,26.0,24.5,25.5,25.5,26.0,25.5
O:XLF160318C00020000,2016-02-16,2016-03-18,XLF,C,13.2,321.0,2.5,2.6,-48.24,YES,2.6,19.7,2.5,18.94,2.8,2.4,14.0,1455598800000000000,31.0,Monthly,25.0,25.5,26.0,24.5,25.5,25.5,26.0,25.5
O:XLF160318C00021000,2016-02-16,2016-03-18,XLF,C,13.86,7467.0,2.5,2.6,-45.65,YES,2.6,18.76,2.5,18.04,2.8,2.4,267.0,1455598800000000000,31.0,Monthly,25.0,25.5,26.0,24.5,25.5,25.5,26.0,25.5
O:XLF160318C00022000,2016-02-16,2016-03-18,XLF,C,14.52,2484.0,2.5,2.6,-43.07,YES,2.6,17.91,2.5,17.22,2.8,2.4,65.0,1455598800000000000,31.0,Monthly,25.0,25.5,26.0,24.5,25.5,25.5,26.0,25.5
O:XLF160318C00023000,2016-02-16,2016-03-18,XLF,C,15.18,125.0,2.5,2.6,-40.48,YES,2.6,17.13,2.5,16.47,2.8,2.4,20.0,1455598800000000000,31.0,Monthly,25.0,25.5,26.0,24.5,25.5,25.5,26.0,25.5
O:XLF160318C00024000,2016-02-16,2016-03-18,XLF,C,15.84,36.0,2.5,2.6,-37.89,YES,2.6,16.42,2.5,15.79,2.8,2.4,6.0,1455598800000000000,31.0,Monthly,25.0,25.5,26.0,24.5,25.5,25.5,26.0,25.5
O:XLF160318C00025000,2016-02-16,2016-03-18,XLF,C,16.5,2.0,2.5,2.6,-35.3,YES,2.6,15.76,2.5,15.15,2.8,2.4,2.0,1455598800000000000,31.0,Monthly,25.0,25.5,26.0,24.5,25.5,25.5,26.0,25.5
O:XLF160318C00018000,2016-02-17,2016-03-18,XLF,C,11.88,10.0,2.5,2.6,-53.42,YES,2.6,21.89,2.5,21.05,2.8,2.4,2.0,1455685200000000000,30.0,Monthly,25.0,25.5,26.0,24.5,25.5,25.5,26.0,25.5
O:XLF160318C00021000,2016-02-17,2016-03-18,XLF,C,13.86,7518.0,2.5,2.6,-45.65,YES,2.6,18.76,2.5,18.04,2.8,2.4,152.0,1455685200000000000,30.0,Monthly,25.0,25.5,26.0,24.5,25.5,25.5,26.0,25.5
O:XLF160318C00017000,2016-02-17,2016-03-18,XLF,C,11.22,1.0,2.5,2.6,-56.01,YES,2.6,23.18,2.5,22.28,2.8,2.4,1.0,1455685200000000000,30.0,Monthly,25.0,25.5,26.0,24.5,25.5,25.5,26.0,25.5
O:XLF160318C00019000,2016-02-17,2016-03-18,XLF,C,12.54,1.0,2.5,2.6,-50.83,YES,2.6,20.74,2.5,19.94,2.8,2.4,1.0,1455685200000000000,30.0,Monthly,25.0,25.5,26.0,24.5,25.5,25.5,26.0,25.5
O:XLF160318C00022000,2016-02-17,2016-03-18,XLF,C,14.52,4484.0,2.5,2.6,-43.07,YES,2.6,17.91,2.5,17.22,2.8,2.4,136.0,1455685200000000000,30.0,Monthly,25.0,25.5,26.0,24.5,25.5,25.5,26.0,25.5
O:XLF160318C00024000,2016-02-17,2016-03-18,XLF,C,15.84,43.0,2.5,2.6,-37.89,YES,2.6,16.42,2.5,15.79,2.8,2.4,4.0,1455685200000000000,30.0,Monthly,25.0,25.5,26.0,24.5,25.5,25.5,26.0,25.5
O:XLF160318C00025000,2016-02-17,2016-03-18,XLF,C,16.5,34.0,2.5,2.6,-35.3,YES,2.6,15.76,2.5,15.15,2.8,2.4,3.0,1455685200000000000,30.0,Monthly,25.0,25.5,26.0,24.5,25.5,25.5,26.0,25.5
O:XLF160318C00023000,2016-02-17,2016-03-18,XLF,C,15.18,135.0,2.5,2.6,-40.48,YES,2.6,17.13,2.5,16.47,2.8,2.4,10.0,1455685200000000000,30.0,Monthly,25.0,25.5,26.0,24.5,25.5,25.5,26.0,25.5
O:XLF160318C00020000,2016-02-17,2016-03-18,XLF,C,13.2,622.0,2.5,2.6,-48.24,YES,2.6,19.7,2.5,18.94,2.8,2.4,56.0,1455685200000000000,30.0,Monthly,25.0,25.5,26.0,24.5,25.5,25.5,26.0,25.5
O:XLF160318C00021000,2016-02-18,2016-03-18,XLF,C,13.86,8445.0,2.5,2.6,-45.65,YES,2.6,18.76,2.5,18.04,2.8,2.4,117.0,1455771600000000000,29.0,Monthly,25.0,25.5,26.0,24.5,25.5,25.5,26.0,25.5
O:XLF160318C00020000,2016-02-18,2016-03-18,XLF,C,13.2,840.0,2.5,2.6,-48.24,YES,2.6,19.7,2.5,18.94,2.8,2.4,7.0,1455771600000000000,29.0,Monthly,25.0,25.5,26.0,24.5,25.5,25.5,26.0,25.5
O:XLF160318C00024000,2016-02-18,2016-03-18,XLF,C,15.84,11.0,2.5,2.6,-37.89,YES,2.6,16.42,2.5,15.79,2.8,2.4,2.0,1455771600000000000,29.0,Monthly,25.0,25.5,26.0,24.5,25.5,25.5,26.0,25.5
O:XLF160318C00018000,2016-02-18,2016-03-18,XLF,C,11.88,10.0,2.5,2.6,-53.42,YES,2.6,21.89,2.5,21.05,2.8,2.4,1.0,1455771600000000000,29.0,Monthly,25.0,25.5,26.0,24.5,25.5,25.5,26.0,25.5
O:XLF160318C00023000,2016-02-18,2016-03-18,XLF,C,15.18,146.0,2.5,2.6,-40.48,YES,2.6,17.13,2.5,16.47,2.8,2.4,6.0,1455771600000000000,29.0,Monthly,25.0,25.5,26.0,24.5,25.5,25.5,26.0,25.5
O:XLF160318C00025000,2016-02-18,2016-03-18,XLF,C,16.5,7.0,2.5,2.6,-35.3,YES,2.6,15.76,2.5,15.15,2.8,2.4,5.0,1455771600000000000,29.0,Monthly,25.0,25.5,26.0,24.5,25.5,25.5,26.0,25.5
O:XLF160318C00022000,2016-02-18,2016-03-18,XLF,C,14.52,7680.0,2.5,2.6,-43.07,YES,2.6,17.91,2.5,17.22,2.8,2.4,90.0,1455771600000000000,29.0,Monthly,25.0,25.5,26.0,24.5,25.5,25.5,26.0,25.5
O:XLF160318C00023000,2016-02-19,2016-03-18,XLF,C,15.18,22.0,2.5,2.6,-40.48,YES,2.6,17.13,2.5,16.47,2.8,2.4,3.0,1455858000000000000,28.0,Monthly,25.0,25.5,26.0,24.5,25.5,25.5,26.0,25.5
O:XLF160318C00025000,2016-02-19,2016-03-18,XLF,C,16.5,2.0,2.5,2.6,-35.3,YES,2.6,15.76,2.5,15.15,2.8,2.4,1.0,1455858000000000000,28.0,Monthly,25.0,25.5,26.0,24.5,25.5,25.5,26.0,25.5
O:XLF160318C00015000,2016-02-19,2016-03-18,XLF,C,9.9,11.0,2.5,2.6,-61.18,YES,2.6,26.27,2.5,25.26,2.8,2.4,1.0,1455858000000000000,28.0,Monthly,25.0,25.5,26.0,24.5,25.5,25.5,26.0,25.5
O:XLF160318C00019000,2016-02-19,2016-03-18,XLF,C,12.54,1.0,2.5,2.6,-50.83,YES,2.6,20.74,2.5,19.94,2.8,2.4,1.0,1455858000000000000,28.0,Monthly,25.0,25.5,26.0,24.5,25.5,25.5,26.0,25.5
O:XLF160318C00020000,2016-02-19,2016-03-18,XLF,C,13.2,886.0,2.5,2.6,-48.24,YES,2.6,19.7,2.5,18.94,2.8,2.4,11.0,1455858000000000000,28.0,Monthly,25.0,25.5,26.0,24.5,25.5,25.5,26.0,25.5
O:XLF160318C00021000,2016-02-19,2016-03-18,XLF,C,13.86,894.0,2.5,2.6,-45.65,YES,2.6,18.76,2.5,18.04,2.8,2.4,54.0,1455858000000000000,28.0,Monthly,25.0,25.5,26.0,24.5,25.5,25.5,26.0,25.5
O:XLF160318C00022000,2016-02-19,2016-03-18,XLF,C,14.52,1118.0,2.5,2.6,-43.07,YES,2.6,17.91,2.5,17.22,2.8,2.4,30.0,1455858000000000000,28.0,Monthly,25.0,25.5,26.0,24.5,25.5,25.5,26.0,25.5
O:XLF160318C00026000,2016-02-19,2016-03-18,XLF,C,17.16,17.0,2.5,2.6,-32.72,YES,2.6,15.15,2.5,14.57,2.8,2.4,2.0,1455858000000000000,28.0,Monthly,25.0,25.5,26.0,24.5,25.5,25.5,26.0,25.5
O:XLF160415C00020000,2016-03-14,2016-04-15,XLF,C,13.2,64.0,2.5,2.6,-48.24,YES,2.6,19.7,2.5,18.94,2.8,2.4,4.0,1457928000000000000,32.0,Monthly,25.0,25.5,26.0,24.5,25.5,25.5,26.0,25.5
O:XLF160415C00019000,2016-03-14,2016-04-15,XLF,C,12.54,134.0,2.5,2.6,-50.83,YES,2.6,20.74,2.5,19.94,2.8,2.4,5.0,1457928000000000000,32.0,Monthly,25.0,25.5,26.0,24.5,25.5,25.5,26.0,25.5
O:XLF160415C00021000,2016-03-14,2016-04-15,XLF,C,13.86,123.0,2.5,2.6,-45.65,YES,2.6,18.76,2.5,18.04,2.8,2.4,6.0,1457928000000000000,32.0,Monthly,25.0,25.5,26.0,24.5,25.5,25.5,26.0,25.5
O:XLF160415C00022000,2016-03-14,2016-04-15,XLF,C,14.52,56.0,2.5,2.6,-43.07,YES,2.6,17.91,2.5,17.22,2.8,2.4,10.0,1457928000000000000,32.0,Monthly,25.0,25.5,26.0,24.5,25.5,25.5,26.0,25.5
O:XLF160415C00023000,2016-03-14,2016-04-15,XLF,C,15.18,314.0,2.5,2.6,-40.48,YES,2.6,17.13,2.5,16.47,2.8,2.4,15.0,1457928000000000000,32.0,Monthly,25.0,25.5,26.0,24.5,25.5,25.5,26.0,25.5
O:XLF160415C00025000,2016-03-14,2016-04-15,XLF,C,16.5,1.0,2.5,2.6,-35.3,YES,2.6,15.76,2.5,15.15,2.8,2.4,1.0,1457928000000000000,32.0,Monthly,25.0,25.5,26.0,24.5,25.5,25.5,26.0,25.5
O:XLF160415C00024000,2016-03-14,2016-04-15,XLF,C,15.84,260.0,2.5,2.6,-37.89,YES,2.6,16.42,2.5,15.79,2.8,2.4,6.0,1457928000000000000,32.0,Monthly,25.0,25.5,26.0,24.5,25.5,25.5,26.0,25.5
O:XLF160415C00020000,2016-03-15,2016-04-15,XLF,C,13.2,83.0,2.5,2.6,-48.24,YES,2.6,19.7,2.5,18.94,2.8,2.4,4.0,1458014400000000000,31.0,Monthly,25.0,25.5,26.0,24.5,25.5,25.5,26.0,25.5
O:XLF160415C00021000,2016-03-15,2016-04-15,XLF,C,13.86,96.0,2.5,2.6,-45.65,YES,2.6,18.76,2.5,18.04,2.8,2.4,10.0,1458014400000000000,31.0,Monthly,25.0,25.5,26.0,24.5,25.5,25.5,26.0,25.5
O:XLF160415C00022000,2016-03-15,2016-04-15,XLF,C,14.52,310.0,2.5,2.6,-43.07,YES,2.6,17.91,2.5,17.22,2.8,2.4,44.0,1458014400000000000,31.0,Monthly,25.0,25.5,26.0,24.5,25.5,25.5,26.0,25.5
O:XLF160415C00023000,2016-03-15,2016-04-15,XLF,C,15.18,20080.0,2.5,2.6,-40.48,YES,2.6,17.13,2.5,16.47,2.8,2.4,92.0,1458014400000000000,31.0,Monthly,25.0,25.5,26.0,24.5,25.5,25.5,26.0,25.5
O:XLF160415C00024000,2016-03-15,2016-04-15,XLF,C,15.84,19711.0,2.5,2.6,-37.89,YES,2.6,16.42,2.5,15.79,2.8,2.4,29.0,1458014400000000000,31.0,Monthly,25.0,25.5,26.0,24.5,25.5,25.5,26.0,25.5
O:XLF160415C00019000,2016-03-16,2016-04-15,XLF,C,12.54,4.0,2.5,2.6,-50.83,YES,2.6,20.74,2.5,19.94,2.8,2.4,1.0,1458100800000000000,30.0,Monthly,25.0,25.5,26.0,24.5,25.5,25.5,26.0,25.5
O:XLF160415C00020000,2016-03-16,2016-04-15,XLF,C,13.2,90.0,2.5,2.6,-48.24,YES,2.6,19.7,2.5,18.94,2.8,2.4,15.0,1458100800000000000,30.0,Monthly,25.0,25.5,26.0,24.5,25.5,25.5,26.0,25.5
O:XLF160415C00021000,2016-03-16,2016-04-15,XLF,C,13.86,336.0,2.5,2.6,-45.65,YES,2.6,18.76,2.5,18.04,2.8,2.4,60.0,1458100800000000000,30.0,Monthly,25.0,25.5,26.0,24.5,25.5,25.5,26.0,25.5
O:XLF160415C00022000,2016-03-16,2016-04-15,XLF,C,14.52,250.0,2.5,2.6,-43.07,YES,2.6,17.91,2.5,17.22,2.8,2.4,38.0,1458100800000000000,30.0,Monthly,25.0,25.5,26.0,24.5,25.5,25.5,26.0,25.5
O:XLF160415C00023000,2016-03-16,2016-04-15,XLF,C,15.18,7120.0,2.5,2.6,-40.48,YES,2.6,17.13,2.5,16.47,2.8,2.4,165.0,1458100800000000000,30.0,Monthly,25.0,25.5,26.0,24.5,25.5,25.5,26.0,25.5
O:XLF160415C00024000,2016-03-16,2016-04-15,XLF,C,15.84,92.0,2.5,2.6,-37.89,YES,2.6,16.42,2.5,15.79,2.8,2.4,7.0,1458100800000000000,30.0,Monthly,25.0,25.5,26.0,24.5,25.5,25.5,26.0,25.5
O:XLF160415C00025000,2016-03-16,2016-04-15,XLF,C,16.5,12.0,2.5,2.6,-35.3,YES,2.6,15.76,2.5,15.15,2.8,2.4,4.0,1458100800000000000,30.0,Monthly,25.0,25.5,26.0,24.5,25.5,25.5,26.0,25.5
O:XLF160415C00017000,2016-03-17,2016-04-15,XLF,C,11.22,20.0,2.5,2.6,-56.01,YES,2.6,23.18,2.5,22.28,2.8,2.4,1.0,1458187200000000000,29.0,Monthly,25.0,25.5,26.0,24.5,25.5,25.5,26.0,25.5
O:XLF160415C00019000,2016-03-17,2016-04-15,XLF,C,12.54,560.0,2.5,2.6,-50.83,YES,2.6,20.74,2.5,19.94,2.8,2.4,2.0,1458187200000000000,29.0,Monthly,25.0,25.5,26.0,24.5,25.5,25.5,26.0,25.5
O:XLF160415C00020000,2016-03-17,2016-04-15,XLF,C,13.2,825.0,2.5,2.6,-48.24,YES,2.6,19.7,2.5,18.94,2.8,2.4,16.0,1458187200000000000,29.0,Monthly,25.0,25.5,26.0,24.5,25.5,25.5,26.0,25.5
O:XLF160415C00021000,2016-03-17,2016-04-15,XLF,C,13.86,558.0,2.5,2.6,-45.65,YES,2.6,18.76,2.5,18.04,2.8,2.4,26.0,1458187200000000000,29.0,Monthly,25.0,25.5,26.0,24.5,25.5,25.5,26.0,25.5
O:XLF160415C00022000,2016-03-17,2016-04-15,XLF,C,14.52,7080.0,2.5,2.6,-43.07,YES,2.6,17.91,2.5,17.22,2.8,2.4,34.0,1458187200000000000,29.0,Monthly,25.0,25.5,26.0,24.5,25.5,25.5,26.0,25.5
O:XLF160415C00023000,2016-03-17,2016-04-15,XLF,C,15.18,91577.0,2.5,2.6,-40.48,YES,2.6,17.13,2.5,16.47,2.8,2.4,202.0,1458187200000000000,29.0,Monthly,25.0,25.5,26.0,24.5,25.5,25.5,26.0,25.5
O:XLF160415C00024000,2016-03-17,2016-04-15,XLF,C,15.84,4.0,2.5,2.6,-37.89,YES,2.6,16.42,2.5,15.79,2.8,2.4,3.0,1458187200000000000,29.0,Monthly,25.0,25.5,26.0,24.5,25.5,25.5,26.0,25.5
O:XLF160415C00018000,2016-03-18,2016-04-15,XLF,C,11.88,7.0,2.5,2.6,-53.42,YES,2.6,21.89,2.5,21.05,2.8,2.4,3.0,1458273600000000000,28.0,Monthly,25.0,25.5,26.0,24.5,25.5,25.5,26.0,25.5
O:XLF160415C00021000,2016-03-18,2016-04-15,XLF,C,13.86,169.0,2.5,2.6,-45.65,YES,2.6,18.76,2.5,18.04,2.8,2.4,34.0,1458273600000000000,28.0,Monthly,25.0,25.5,26.0,24.5,25.5,25.5,26.0,25.5
O:XLF160415C00022000,2016-03-18,2016-04-15,XLF,C,14.52,1068.0,2.5,2.6,-43.07,YES,2.6,17.91,2.5,17.22,2.8,2.4,112.0,1458273600000000000,28.0,Monthly,25.0,25.5,26.0,24.5,25.5,25.5,26.0,25.5
O:XLF160415C00020000,2016-03-18,2016-04-15,XLF,C,13.2,37.0,2.5,2.6,-48.24,YES,2.6,19.7,2.5,18.94,2.8,2.4,14.0,1458273600000000000,28.0,Monthly,25.0,25.5,26.0,24.5,25.5,25.5,26.0,25.5
O:XLF160415C00024000,2016-03-18,2016-04-15,XLF,C,15.84,33.0,2.5,2.6,-37.89,YES,2.6,16.42,2.5,15.79,2.8,2.4,4.0,1458273600000000000,28.0,Monthly,25.0,25.5,26.0,24.5,25.5,25.5,26.0,25.5
O:XLF160415C00027000,2016-03-18,2016-04-15,XLF,C,17.82,5.0,2.5,2.6,-30.13,YES,2.6,14.59,2.5,14.03,2.8,2.4,1.0,1458273600000000000,28.0,Monthly,25.0,25.5,26.0,24.5,25.5,25.5,26.0,25.5
O:XLF160415C00025000,2016-03-18,2016-04-15,XLF,C,16.5,5.0,2.5,2.6,-35.3,YES,2.6,15.76,2.5,15.15,2.8,2.4,1.0,1458273600000000000,28.0,Monthly,25.0,25.5,26.0,24.5,25.5,25.5,26.0,25.5
O:XLF160415C00023000,2016-03-18,2016-04-15,XLF,C,15.18,1088.0,2.5,2.6,-40.48,YES,2.6,17.13,2.5,16.47,2.8,2.4,98.0,1458273600000000000,28.0,Monthly,25.0,25.5,26.0,24.5,25.5,25.5,26.0,25.5
O:XLF160520C00019000,2016-04-18,2016-05-20,XLF,C,12.54,10.0,2.5,2.6,-50.83,YES,2.6,20.74,2.5,19.94,2.8,2.4,2.0,1460952000000000000,32.0,Monthly,25.0,25.5,26.0,24.5,25.5,25.5,26.0,25.5
O:XLF160520C00022000,2016-04-18,2016-05-20,XLF,C,14.52,240.0,2.5,2.6,-43.07,YES,2.6,17.91,2.5,17.22,2.8,2.4,31.0,1460952000000000000,32.0,Monthly,25.0,25.5,26.0,24.5,25.5,25.5,26.0,25.5
O:XLF160520C00022500,2016-04-18,2016-05-20,XLF,C,14.85,72.0,2.5,2.6,-41.77,YES,2.6,17.51,2.5,16.84,2.8,2.4,7.0,1460952000000000000,32.0,Monthly,25.0,25.5,26.0,24.5,25.5,25.5,26.0,25.5
O:XLF160520C00023000,2016-04-18,2016-05-20,XLF,C,15.18,1642.0,2.5,2.6,-40.48,YES,2.6,17.13,2.5,16.47,2.8,2.4,75.0,1460952000000000000,32.0,Monthly,25.0,25.5,26.0,24.5,25.5,25.5,26.0,25.5
O:XLF160520C00023500,2016-04-18,2016-05-20,XLF,C,15.51,4076.0,2.5,2.6,-39.18,YES,2.6,16.77,2.5,16.12,2.8,2.4,50.0,1460952000000000000,32.0,Monthly,25.0,25.5,26.0,24.5,25.5,25.5,26.0,25.5
O:XLF160520C00024000,2016-04-18,2016-05-20,XLF,C,15.84,1896.0,2.5,2.6,-37.89,YES,2.6,16.42,2.5,15.79,2.8,2.4,72.0,1460952000000000000,32.0,Monthly,25.0,25.5,26.0,24.5,25.5,25.5,26.0,25.5
O:XLF160520C00024500,2016-04-18,2016-05-20,XLF,C,16.17,293.0,2.5,2.6,-36.6,YES,2.6,16.08,2.5,15.46,2.8,2.4,8.0,1460952000000000000,32.0,Monthly,25.0,25.5,26.0,24.5,25.5,25.5,26.0,25.5
O:XLF160520C00023000,2016-04-19,2016-05-20,XLF,C,15.18,3823.0,2.5,2.6,-40.48,YES,2.6,17.13,2.5,16.47,2.8,2.4,115.0,1461038400000000000,31.0,Monthly,25.0,25.5,26.0,24.5,25.5,25.5,26.0,25.5
O:XLF160520C00020000,2016-04-19,2016-05-20,XLF,C,13.2,8.0,2.5,2.6,-48.24,YES,2.6,19.7,2.5,18.94,2.8,2.4,2.0,1461038400000000000,31.0,Monthly,25.0,25.5,26.0,24.5,25.5,25.5,26.0,25.5
O:XLF160520C00022000,2016-04-19,2016-05-20,XLF,C,14.52,331.0,2.5,2.6,-43.07,YES,2.6,17.91,2.5,17.22,2.8,2.4,21.0,1461038400000000000,31.0,Monthly,25.0,25.5,26.0,24.5,25.5,25.5,26.0,25.5
O:XLF160520C00022500,2016-04-19,2016-05-20,XLF,C,14.85,4.0,2.5,2.6,-41.77,YES,2.6,17.51,2.5,16.84,2.8,2.4,4.0,1461038400000000000,31.0,Monthly,25.0,25.5,26.0,24.5,25.5,25.5,26.0,25.5
O:XLF160520C00024500,2016-04-19,2016-05-20,XLF,C,16.17,20.0,2.5,2.6,-36.6,YES,2.6,16.08,2.5,15.46,2.8,2.4,1.0,1461038400000000000,31.0,Monthly,25.0,25.5,26.0,24.5,25.5,25.5,26.0,25.5
O:XLF160520C00023500,2016-04-19,2016-05-20,XLF,C,15.51,3600.0,2.5,2.6,-39.18,YES,2.6,16.77,2.5,16.12,2.8,2.4,68.0,1461038400000000000,31.0,Monthly,25.0,25.5,26.0,24.5,25.5,25.5,26.0,25.5
O:XLF160520C00024000,2016-04-19,2016-05-20,XLF,C,15.84,1808.0,2.5,2.6,-37.89,YES,2.6,16.42,2.5,15.79,2.8,2.4,36.0,1461038400000000000,31.0,Monthly,25.0,25.5,26.0,24.5,25.5,25.5,26.0,25.5
O:XLF160520C00025000,2016-04-19,2016-05-20,XLF,C,16.5,13.0,2.5,2.6,-35.3,YES,2.6,15.76,2.5,15.15,2.8,2.4,2.0,1461038400000000000,31.0,Monthly,25.0,25.5,26.0,24.5,25.5,25.5,26.0,25.5
O:XLF160520C00021000,2016-04-19,2016-05-20,XLF,C,13.86,1.0,2.5,2.6,-45.65,YES,2.6,18.76,2.5,18.04,2.8,2.4,1.0,1461038400000000000,31.0,Monthly,25.0,25.5,26.0,24.5,25.5,25.5,26.0,25.5
O:XLF160520C00022000,2016-04-20,2016-05-20,XLF,C,14.52,126.0,2.5,2.6,-43.07,YES,2.6,17.91,2.5,17.22,2.8,2.4,7.0,1461124800000000000,30.0,Monthly,25.0,25.5,26.0,24.5,25.5,25.5,26.0,25.5
O:XLF160520C00024500,2016-04-20,2016-05-20,XLF,C,16.17,10.0,2.5,2.6,-36.6,YES,2.6,16.08,2.5,15.46,2.8,2.4,1.0,1461124800000000000,30.0,Monthly,25.0,25.5,26.0,24.5,25.5,25.5,26.0,25.5
O:XLF160520C00023000,2016-04-20,2016-05-20,XLF,C,15.18,564.0,2.5,2.6,-40.48,YES,2.6,17.13,2.5,16.47,2.8,2.4,39.0,1461124800000000000,30.0,Monthly,25.0,25.5,26.0,24.5,25.5,25.5,26.0,25.5
O:XLF160520C00024000,2016-04-20,2016-05-20,XLF,C,15.84,2582.0,2.5,2.6,-37.89,YES,2.6,16.42,2.5,15.79,2.8,2.4,33.0,1461124800000000000,30.0,Monthly,25.0,25.5,26.0,24.5,25.5,25.5,26.0,25.5
O:XLF160520C00023500,2016-04-20,2016-05-20,XLF,C,15.51,515.0,2.5,2.6,-39.18,YES,2.6,16.77,2.5,16.12,2.8,2.4,33.0,1461124800000000000,30.0,Monthly,25.0,25.5,26.0,24.5,25.5,25.5,26.0,25.5
O:XLF160520C00023000,2016-04-21,2016-05-20,XLF,C,15.18,1345.0,2.5,2.6,-40.48,YES,2.6,17.13,2.5,16.47,2.8,2.4,50.0,1461211200000000000,29.0,Monthly,25.0,25.5,26.0,24.5,25.5,25.5,26.0,25.5
O:XLF160520C00022000,2016-04-21,2016-05-20,XLF,C,14.52,160.0,2.5,2.6,-43.07,YES,2.6,17.91,2.5,17.22,2.8,2.4,21.0,1461211200000000000,29.0,Monthly,25.0,25.5,26.0,24.5,25.5,25.5,26.0,25.5
O:XLF160520C00022500,2016-04-21,2016-05-20,XLF,C,14.85,4.0,2.5,2.6,-41.77,YES,2.6,17.51,2.5,16.84,2.8,2.4,4.0,1461211200000000000,29.0,Monthly,25.0,25.5,26.0,24.5,25.5,25.5,26.0,25.5
O:XLF160520C00024500,2016-04-21,2016-05-20,XLF,C,16.17,1.0,2.5,2.6,-36.6,YES,2.6,16.08,2.5,15.46,2.8,2.4,1.0,1461211200000000000,29.0,Monthly,25.0,25.5,26.0,24.5,25.5,25.5,26.0,25.5
O:XLF160520C00023500,2016-04-21,2016-05-20,XLF,C,15.51,9.0,2.5,2.6,-39.18,YES,2.6,16.77,2.5,16.12,2.8,2.4,9.0,1461211200000000000,29.0,Monthly,25.0,25.5,26.0,24.5,25.5,25.5,26.0,25.5
O:XLF160520C00024000,2016-04-21,2016-05-20,XLF,C,15.84,17275.0,2.5,2.6,-37.89,YES,2.6,16.42,2.5,15.79,2.8,2.4,89.0,1461211200000000000,29.0,Monthly,25.0,25.5,26.0,24.5,25.5,25.5,26.0,25.5
O:XLF160520C00020000,2016-04-21,2016-05-20,XLF,C,13.2,1.0,2.5,2.6,-48.24,YES,2.6,19.7,2.5,18.94,2.8,2.4,1.0,1461211200000000000,29.0,Monthly,25.0,25.5,26.0,24.5,25.5,25.5,26.0,25.5
O:XLF160520C00023000,2016-04-22,2016-05-20,XLF,C,15.18,7315.0,2.5,2.6,-40.48,YES,2.6,17.13,2.5,16.47,2.8,2.4,155.0,1461297600000000000,28.0,Monthly,25.0,25.5,26.0,24.5,25.5,25.5,26.0,25.5
O:XLF160520C00024000,2016-04-22,2016-05-20,XLF,C,15.84,22724.0,2.5,2.6,-37.89,YES,2.6,16.42,2.5,15.79,2.8,2.4,90.0,1461297600000000000,28.0,Monthly,25.0,25.5,26.0,24.5,25.5,25.5,26.0,25.5
O:XLF160520C00022000,2016-04-22,2016-05-20,XLF,C,14.52,12006.0,2.5,2.6,-43.07,YES,2.6,17.91,2.5,17.22,2.8,2.4,2.0,1461297600000000000,28.0,Monthly,25.0,25.5,26.0,24.5,25.5,25.5,26.0,25.5
O:XLF160520C00024500,2016-04-22,2016-05-20,XLF,C,16.17,4.0,2.5,2.6,-36.6,YES,2.6,16.08,2.5,15.46,2.8,2.4,1.0,1461297600000000000,28.0,Monthly,25.0,25.5,26.0,24.5,25.5,25.5,26.0,25.5
O:XLF160520C00023500,2016-04-22,2016-05-20,XLF,C,15.51,211.0,2.5,2.6,-39.18,YES,2.6,16.77,2.5,16.12,2.8,2.4,35.0,1461297600000000000,28.0,Monthly,25.0,25.5,26.0,24.5,25.5,25.5,26.0,25.5
O:XLF160617C00015000,2016-05-16,2016-06-17,XLF,C,9.9,1.0,2.5,2.6,-61.18,YES,2.6,26.27,2.5,25.26,2.8,2.4,1.0,1463371200000000000,32.0,Monthly,25.0,25.5,26.0,24.5,25.5,25.5,26.0,25.5
O:XLF160617C00022000,2016-05-16,2016-06-17,XLF,C,14.52,27.0,2.5,2.6,-43.07,YES,2.6,17.91,2.5,17.22,2.8,2.4,14.0,1463371200000000000,32.0,Monthly,25.0,25.5,26.0,24.5,25.5,25.5,26.0,25.5
O:XLF160617C00023000,2016-05-16,2016-06-17,XLF,C,15.18,862.0,2.5,2.6,-40.48,YES,2.6,17.13,2.5,16.47,2.8,2.4,37.0,1463371200000000000,32.0,Monthly,25.0,25.5,26.0,24.5,25.5,25.5,26.0,25.5
O:XLF160617C00024000,2016-05-16,2016-06-17,XLF,C,15.84,750.0,2.5,2.6,-37.89,YES,2.6,16.42,2.5,15.79,2.8,2.4,23.0,1463371200000000000,32.0,Monthly,25.0,25.5,26.0,24.5,25.5,25.5,26.0,25.5
O:XLF160617C00025000,2016-05-16,2016-06-17,XLF,C,16.5,7.0,2.5,2.6,-35.3,YES,2.6,15.76,2.5,15.15,2.8,2.4,1.0,1463371200000000000,32.0,Monthly,25.0,25.5,26.0,24.5,25.5,25.5,26.0,25.5
O:XLF160617C00019000,2016-05-16,2016-06-17,XLF,C,12.54,1.0,2.5,2.6,-50.83,YES,2.6,20.74,2.5,19.94,2.8,2.4,1.0,1463371200000000000,32.0,Monthly,25.0,25.5,26.0,24.5,25.5,25.5,26.0,25.5
O:XLF160617C00021000,2016-05-16,2016-06-17,XLF,C,13.86,3.0,2.5,2.6,-45.65,YES,2.6,18.76,2.5,18.04,2.8,2.4,2.0,1463371200000000000,32.0,Monthly,25.0,25.5,26.0,24.5,25.5,25.5,26.0,25.5
O:XLF160617C00019000,2016-05-17,2016-06-17,XLF,C,12.54,1.0,2.5,2.6,-50.83,YES,2.6,20.74,2.5,19.94,2.8,2.4,1.0,1463457600000000000,31.0,Monthly,25.0,25.5,26.0,24.5,25.5,25.5,26.0,25.5
O:XLF160617C00020000,2016-05-17,2016-06-17,XLF,C,13.2,2.0,2.5,2.6,-48.24,YES,2.6,19.7,2.5,18.94,2.8,2.4,1.0,1463457600000000000,31.0,Monthly,25.0,25.5,26.0,24.5,25.5,25.5,26.0,25.5
O:XLF160617C00015000,2016-05-17,2016-06-17,XLF,C,9.9,9.0,2.5,2.6,-61.18,YES,2.6,26.27,2.5,25.26,2.8,2.4,4.0,1463457600000000000,31.0,Monthly,25.0,25.5,26.0,24.5,25.5,25.5,26.0,25.5
O:XLF160617C00016000,2016-05-17,2016-06-17,XLF,C,10.56,1.0,2.5,2.6,-58.59,YES,2.6,24.62,2.5,23.68,2.8,2.4,1.0,1463457600000000000,31.0,Monthly,25.0,25.5,26.0,24.5,25.5,25.5,26.0,25.5
O:XLF160617C00021000,2016-05-17,2016-06-17,XLF,C,13.86,3.0,2.5,2.6,-45.65,YES,2.6,18.76,2.5,18.04,2.8,2.4,2.0,1463457600000000000,31.0,Monthly,25.0,25.5,26.0,24.5,25.5,25.5,26.0,25.5
O:XLF160617C00024000,2016-05-17,2016-06-17,XLF,C,15.84,4164.0,2.5,2.6,-37.89,YES,2.6,16.42,2.5,15.79,2.8,2.4,54.0,1463457600000000000,31.0,Monthly,25.0,25.5,26.0,24.5,25.5,25.5,26.0,25.5
O:XLF160617C00025000,2016-05-17,2016-06-17,XLF,C,16.5,725.0,2.5,2.6,-35.3,YES,2.6,15.76,2.5,15.15,2.8,2.4,18.0,1463457600000000000,31.0,Monthly,25.0,25.5,26.0,24.5,25.5,25.5,26.0,25.5
O:XLF160617C00022000,2016-05-17,2016-06-17,XLF,C,14.52,720.0,2.5,2.6,-43.07,YES,2.6,17.91,2.5,17.22,2.8,2.4,101.0,1463457600000000000,31.0,Monthly,25.0,25.5,26.0,24.5,25.5,25.5,26.0,25.5
O:XLF160617C00023000,2016-05-17,2016-06-17,XLF,C,15.18,2130.0,2.5,2.6,-40.48,YES,2.6,17.13,2.5,16.47,2.8,2.4,39.0,1463457600000000000,31.0,Monthly,25.0,25.5,26.0,24.5,25.5,25.5,26.0,25.5
O:XLF160617C00018000,2016-05-18,2016-06-17,XLF,C,11.88,1.0,2.5,2.6,-53.42,YES,2.6,21.89,2.5,21.05,2.8,2.4,1.0,1463544000000000000,30.0,Monthly,25.0,25.5,26.0,24.5,25.5,25.5,26.0,25.5
O:XLF160617C00019000,2016-05-18,2016-06-17,XLF,C,12.54,4.0,2.5,2.6,-50.83,YES,2.6,20.74,2.5,19.94,2.8,2.4,2.0,1463544000000000000,30.0,Monthly,25.0,25.5,26.0,24.5,25.5,25.5,26.0,25.5
O:XLF160617C00021000,2016-05-18,2016-06-17,XLF,C,13.86,6.0,2.5,2.6,-45.65,YES,2.6,18.76,2.5,18.04,2.8,2.4,2.0,1463544000000000000,30.0,Monthly,25.0,25.5,26.0,24.5,25.5,25.5,26.0,25.5
O:XLF160617C00022000,2016-05-18,2016-06-17,XLF,C,14.52,270.0,2.5,2.6,-43.07,YES,2.6,17.91,2.5,17.22,2.8,2.4,30.0,1463544000000000000,30.0,Monthly,25.0,25.5,26.0,24.5,25.5,25.5,26.0,25.5
O:XLF160617C00023000,2016-05-18,2016-06-17,XLF,C,15.18,1842.0,2.5,2.6,-40.48,YES,2.6,17.13,2.5,16.47,2.8,2.4,124.0,1463544000000000000,30.0,Monthly,25.0,25.5,26.0,24.5,25.5,25.5,26.0,25.5
O:XLF160617C00024000,2016-05-18,2016-06-17,XLF,C,15.84,8688.0,2.5,2.6,-37.89,YES,2.6,16.42,2.5,15.79,2.8,2.4,88.0,1463544000000000000,30.0,Monthly,25.0,25.5,26.0,24.5,25.5,25.5,26.0,25.5
O:XLF160617C00025000,2016-05-18,2016-06-17,XLF,C,16.5,1.0,2.5,2.6,-35.3,YES,2.6,15.76,2.5,15.15,2.8,2.4,1.0,1463544000000000000,30.0,Monthly,25.0,25.5,26.0,24.5,25.5,25.5,26.0,25.5
O:XLF160617C00027000,2016-05-18,2016-06-17,XLF,C,17.82,43.0,2.5,2.6,-30.13,YES,2.6,14.59,2.5,14.03,2.8,2.4,2.0,1463544000000000000,30.0,Monthly,25.0,25.5,26.0,24.5,25.5,25.5,26.0,25.5
O:XLF160617C00021000,2016-05-19,2016-06-17,XLF,C,13.86,2.0,2.5,2.6,-45.65,YES,2.6,18.76,2.5,18.04,2.8,2.4,1.0,1463630400000000000,29.0,Monthly,25.0,25.5,26.0,24.5,25.5,25.5,26.0,25.5
O:XLF160617C00016000,2016-05-19,2016-06-17,XLF,C,10.56,3.0,2.5,2.6,-58.59,YES,2.6,24.62,2.5,23.68,2.8,2.4,1.0,1463630400000000000,29.0,Monthly,25.0,25.5,26.0,24.5,25.5,25.5,26.0,25.5
O:XLF160617C00015000,2016-05-19,2016-06-17,XLF,C,9.9,2.0,2.5,2.6,-61.18,YES,2.6,26.27,2.5,25.26,2.8,2.4,2.0,1463630400000000000,29.0,Monthly,25.0,25.5,26.0,24.5,25.5,25.5,26.0,25.5
O:XLF160617C00024000,2016-05-19,2016-06-17,XLF,C,15.84,7105.0,2.5,2.6,-37.89,YES,2.6,16.42,2.5,15.79,2.8,2.4,41.0,1463630400000000000,29.0,Monthly,25.0,25.5,26.0,24.5,25.5,25.5,26.0,25.5
O:XLF160617C00023000,2016-05-19,2016-06-17,XLF,C,15.18,7483.0,2.5,2.6,-40.48,YES,2.6,17.13,2.5,16.47,2.8,2.4,79.0,1463630400000000000,29.0,Monthly,25.0,25.5,26.0,24.5,25.5,25.5,26.0,25.5
O:XLF160617C00022000,2016-05-19,2016-06-17,XLF,C,14.52,509.0,2.5,2.6,-43.07,YES,2.6,17.91,2.5,17.22,2.8,2.4,27.0,1463630400000000000,29.0,Monthly,25.0,25.5,26.0,24.5,25.5,25.5,26.0,25.5
O:XLF160617C00020000,2016-05-20,2016-06-17,XLF,C,13.2,2.0,2.5,2.6,-48.24,YES,2.6,19.7,2.5,18.94,2.8,2.4,2.0,1463716800000000000,28.0,Monthly,25.0,25.5,26.0,24.5,25.5,25.5,26.0,25.5
O:XLF160617C00022000,2016-05-20,2016-06-17,XLF,C,14.52,255.0,2.5,2.6,-43.07,YES,2.6,17.91,2.5,17.22,2.8,2.4,15.0,1463716800000000000,28.0,Monthly,25.0,25.5,26.0,24.5,25.5,25.5,26.0,25.5
O:XLF160617C00023000,2016-05-20,2016-06-17,XLF,C,15.18,3263.0,2.5,2.6,-40.48,YES,2.6,17.13,2.5,16.47,2.8,2.4,73.0,1463716800000000000,28.0,Monthly,25.0,25.5,26.0,24.5,25.5,25.5,26.0,25.5
O:XLF160617C00024000,2016-05-20,2016-06-17,XLF,C,15.84,101.0,2.5,2.6,-37.89,YES,2.6,16.42,2.5,15.79,2.8,2.4,12.0,1463716800000000000,28.0,Monthly,25.0,25.5,26.0,24.5,25.5,25.5,26.0,25.5
O:XLF160617C00025000,2016-05-20,2016-06-17,XLF,C,16.5,2.0,2.5,2.6,-35.3,YES,2.6,15.76,2.5,15.15,2.8,2.4,2.0,1463716800000000000,28.0,Monthly,25.0,25.5,26.0,24.5,25.5,25.5,26.0,25.5
O:XLF160715C00023000,2016-06-13,2016-07-15,XLF,C,15.18,379.0,2.5,2.6,-40.48,YES,2.6,17.13,2.5,16.47,2.8,2.4,50.0,1465790400000000000,32.0,Monthly,25.0,25.5,26.0,24.5,25.5,25.5,26.0,25.5
O:XLF160715C00022000,2016-06-13,2016-07-15,XLF,C,14.52,106.0,2.5,2.6,-43.07,YES,2.6,17.91,2.5,17.22,2.8,2.4,7.0,1465790400000000000,32.0,Monthly,25.0,25.5,26.0,24.5,25.5,25.5,26.0,25.5
O:XLF160715C00025000,2016-06-13,2016-07-15,XLF,C,16.5,100.0,2.5,2.6,-35.3,YES,2.6,15.76,2.5,15.15,2.8,2.4,3.0,1465790400000000000,32.0,Monthly,25.0,25.5,26.0,24.5,25.5,25.5,26.0,25.5
O:XLF160715C00024000,2016-06-13,2016-07-15,XLF,C,15.84,286.0,2.5,2.6,-37.89,YES,2.6,16.42,2.5,15.79,2.8,2.4,18.0,1465790400000000000,32.0,Monthly,25.0,25.5,26.0,24.5,25.5,25.5,26.0,25.5
O:XLF160715C00021000,2016-06-13,2016-07-15,XLF,C,13.86,30.0,2.5,2.6,-45.65,YES,2.6,18.76,2.5,18.04,2.8,2.4,1.0,1465790400000000000,32.0,Monthly,25.0,25.5,26.0,24.5,25.5,25.5,26.0,25.5
O:XLF160715C00018000,2016-06-14,2016-07-15,XLF,C,11.88,2.0,2.5,2.6,-53.42,YES,2.6,21.89,2.5,21.05,2.8,2.4,1.0,1465876800000000000,31.0,Monthly,25.0,25.5,26.0,24.5,25.5,25.5,26.0,25.5
O:XLF160715C00021000,2016-06-14,2016-07-15,XLF,C,13.86,17.0,2.5,2.6,-45.65,YES,2.6,18.76,2.5,18.04,2.8,2.4,4.0,1465876800000000000,31.0,Monthly,25.0,25.5,26.0,24.5,25.5,25.5,26.0,25.5
O:XLF160715C00022000,2016-06-14,2016-07-15,XLF,C,14.52,802.0,2.5,2.6,-43.07,YES,2.6,17.91,2.5,17.22,2.8,2.4,40.0,1465876800000000000,31.0,Monthly,25.0,25.5,26.0,24.5,25.5,25.5,26.0,25.5
O:XLF160715C00023000,2016-06-14,2016-07-15,XLF,C,15.18,7723.0,2.5,2.6,-40.48,YES,2.6,17.13,2.5,16.47,2.8,2.4,169.0,1465876800000000000,31.0,Monthly,25.0,25.5,26.0,24.5,25.5,25.5,26.0,25.5
O:XLF160715C00024000,2016-06-14,2016-07-15,XLF,C,15.84,279.0,2.5,2.6,-37.89,YES,2.6,16.42,2.5,15.79,2.8,2.4,50.0,1465876800000000000,31.0,Monthly,25.0,25.5,26.0,24.5,25.5,25.5,26.0,25.5
O:XLF160715C00025000,2016-06-14,2016-07-15,XLF,C,16.5,11.0,2.5,2.6,-35.3,YES,2.6,15.76,2.5,15.15,2.8,2.4,3.0,1465876800000000000,31.0,Monthly,25.0,25.5,26.0,24.5,25.5,25.5,26.0,25.5
O:XLF160715C00021000,2016-06-15,2016-07-15,XLF,C,13.86,15.0,2.5,2.6,-45.65,YES,2.6,18.76,2.5,18.04,2.8,2.4,3.0,1465963200000000000,30.0,Monthly,25.0,25.5,26.0,24.5,25.5,25.5,26.0,25.5
O:XLF160715C00020000,2016-06-15,2016-07-15,XLF,C,13.2,12.0,2.5,2.6,-48.24,YES,2.6,19.7,2.5,18.94,2.8,2.4,5.0,1465963200000000000,30.0,Monthly,25.0,25.5,26.0,24.5,25.5,25.5,26.0,25.5
O:XLF160715C00022000,2016-06-15,2016-07-15,XLF,C,14.52,511.0,2.5,2.6,-43.07,YES,2.6,17.91,2.5,17.22,2.8,2.4,27.0,1465963200000000000,30.0,Monthly,25.0,25.5,26.0,24.5,25.5,25.5,26.0,25.5
O:XLF160715C00024000,2016-06-15,2016-07-15,XLF,C,15.84,1273.0,2.5,2.6,-37.89,YES,2.6,16.42,2.5,15.79,2.8,2.4,15.0,1465963200000000000,30.0,Monthly,25.0,25.5,26.0,24.5,25.5,25.5,26.0,25.5
O:XLF160715C00023000,2016-06-15,2016-07-15,XLF,C,15.18,221.0,2.5,2.6,-40.48,YES,2.6,17.13,2.5,16.47,2.8,2.4,22.0,1465963200000000000,30.0,Monthly,25.0,25.5,26.0,24.5,25.5,25.5,26.0,25.5
O:XLF160715C00019000,2016-06-16,2016-07-15,XLF,C,12.54,1.0,2.5,2.6,-50.83,YES,2.6,20.74,2.5,19.94,2.8,2.4,1.0,1466049600000000000,29.0,Monthly,25.0,25.5,26.0,24.5,25.5,25.5,26.0,25.5
O:XLF160715C00020000,2016-06-16,2016-07-15,XLF,C,13.2,17.0,2.5,2.6,-48.24,YES,2.6,19.7,2.5,18.94,2.8,2.4,8.0,1466049600000000000,29.0,Monthly,25.0,25.5,26.0,24.5,25.5,25.5,26.0,25.5
O:XLF160715C00021000,2016-06-16,2016-07-15,XLF,C,13.86,82.0,2.5,2.6,-45.65,YES,2.6,18.76,2.5,18.04,2.8,2.4,8.0,1466049600000000000,29.0,Monthly,25.0,25.5,26.0,24.5,25.5,25.5,26.0,25.5
O:XLF160715C00022000,2016-06-16,2016-07-15,XLF,C,14.52,140.0,2.5,2.6,-43.07,YES,2.6,17.91,2.5,17.22,2.8,2.4,10.0,1466049600000000000,29.0,Monthly,25.0,25.5,26.0,24.5,25.5,25.5,26.0,25.5
O:XLF160715C00023000,2016-06-16,2016-07-15,XLF,C,15.18,77297.0,2.5,2.6,-40.48,YES,2.6,17.13,2.5,16.47,2.8,2.4,150.0,1466049600000000000,29.0,Monthly,25.0,25.5,26.0,24.5,25.5,25.5,26.0,25.5
O:XLF160715C00024000,2016-06-16,2016-07-15,XLF,C,15.84,192091.0,2.5,2.6,-37.89,YES,2.6,16.42,2.5,15.79,2.8,2.4,238.0,1466049600000000000,29.0,Monthly,25.0,25.5,26.0,24.5,25.5,25.5,26.0,25.5
O:XLF160715C00026000,2016-06-16,2016-07-15,XLF,C,17.16,4.0,2.5,2.6,-32.72,YES,2.6,15.15,2.5,14.57,2.8,2.4,2.0,1466049600000000000,29.0,Monthly,25.0,25.5,26.0,24.5,25.5,25.5,26.0,25.5
O:XLF160715C00016000,2016-06-17,2016-07-15,XLF,C,10.56,1.0,2.5,2.6,-58.59,YES,2.6,24.62,2.5,23.68,2.8,2.4,1.0,1466136000000000000,28.0,Monthly,25.0,25.5,26.0,24.5,25.5,25.5,26.0,25.5
O:XLF160715C00022000,2016-06-17,2016-07-15,XLF,C,14.52,62.0,2.5,2.6,-43.07,YES,2.6,17.91,2.5,17.22,2.8,2.4,10.0,1466136000000000000,28.0,Monthly,25.0,25.5,26.0,24.5,25.5,25.5,26.0,25.5
O:XLF160715C00023000,2016-06-17,2016-07-15,XLF,C,15.18,52807.0,2.5,2.6,-40.48,YES,2.6,17.13,2.5,16.47,2.8,2.4,101.0,1466136000000000000,28.0,Monthly,25.0,25.5,26.0,24.5,25.5,25.5,26.0,25.5
O:XLF160715C00020000,2016-06-17,2016-07-15,XLF,C,13.2,10.0,2.5,2.6,-48.24,YES,2.6,19.7,2.5,18.94,2.8,2.4,1.0,1466136000000000000,28.0,Monthly,25.0,25.5,26.0,24.5,25.5,25.5,26.0,25.5
O:XLF160715C00024000,2016-06-17,2016-07-15,XLF,C,15.84,413.0,2.5,2.6,-37.89,YES,2.6,16.42,2.5,15.79,2.8,2.4,14.0,1466136000000000000,28.0,Monthly,25.0,25.5,26.0,24.5,25.5,25.5,26.0,25.5
O:XLF160819C00022500,2016-07-18,2016-08-19,XLF,C,14.85,1.0,2.5,2.6,-41.77,YES,2.6,17.51,2.5,16.84,2.8,2.4,1.0,1468814400000000000,32.0,Monthly,25.0,25.5,26.0,24.5,25.5,25.5,26.0,25.5
O:XLF160819C00019000,2016-07-18,2016-08-19,XLF,C,12.54,3.0,2.5,2.6,-50.83,YES,2.6,20.74,2.5,19.94,2.8,2.4,1.0,1468814400000000000,32.0,Monthly,25.0,25.5,26.0,24.5,25.5,25.5,26.0,25.5
O:XLF160819C00021000,2016-07-18,2016-08-19,XLF,C,13.86,3.0,2.5,2.6,-45.65,YES,2.6,18.76,2.5,18.04,2.8,2.4,1.0,1468814400000000000,32.0,Monthly,25.0,25.5,26.0,24.5,25.5,25.5,26.0,25.5
O:XLF160819C00022000,2016-07-18,2016-08-19,XLF,C,14.52,54.0,2.5,2.6,-43.07,YES,2.6,17.91,2.5,17.22,2.8,2.4,6.0,1468814400000000000,32.0,Monthly,25.0,25.5,26.0,24.5,25.5,25.5,26.0,25.5
O:XLF160819C00016000,2016-07-18,2016-08-19,XLF,C,10.56,4.0,2.5,2.6,-58.59,YES,2.6,24.62,2.5,23.68,2.8,2.4,1.0,1468814400000000000,32.0,Monthly,25.0,25.5,26.0,24.5,25.5,25.5,26.0,25.5
O:XLF160819C00023000,2016-07-18,2016-08-19,XLF,C,15.18,142.0,2.5,2.6,-40.48,YES,2.6,17.13,2.5,16.47,2.8,2.4,15.0,1468814400000000000,32.0,Monthly,25.0,25.5,26.0,24.5,25.5,25.5,26.0,25.5
O:XLF160819C00023500,2016-07-18,2016-08-19,XLF,C,15.51,3269.0,2.5,2.6,-39.18,YES,2.6,16.77,2.5,16.12,2.8,2.4,28.0,1468814400000000000,32.0,Monthly,25.0,25.5,26.0,24.5,25.5,25.5,26.0,25.5
O:XLF160819C00024000,2016-07-18,2016-08-19,XLF,C,15.84,2290.0,2.5,2.6,-37.89,YES,2.6,16.42,2.5,15.79,2.8,2.4,137.0,1468814400000000000,32.0,Monthly,25.0,25.5,26.0,24.5,25.5,25.5,26.0,25.5
O:XLF160819C00025000,2016-07-18,2016-08-19,XLF,C,16.5,23.0,2.5,2.6,-35.3,YES,2.6,15.76,2.5,15.15,2.8,2.4,4.0,1468814400000000000,32.0,Monthly,25.0,25.5,26.0,24.5,25.5,25.5,26.0,25.5
O:XLF160819C00024500,2016-07-18,2016-08-19,XLF,C,16.17,636.0,2.5,2.6,-36.6,YES,2.6,16.08,2.5,15.46,2.8,2.4,13.0,1468814400000000000,32.0,Monthly,25.0,25.5,26.0,24.5,25.5,25.5,26.0,25.5
O:XLF160819C00016000,2016-07-19,2016-08-19,XLF,C,10.56,1.0,2.5,2.6,-58.59,YES,2.6,24.62,2.5,23.68,2.8,2.4,1.0,1468900800000000000,31.0,Monthly,25.0,25.5,26.0,24.5,25.5,25.5,26.0,25.5
O:XLF160819C00022000,2016-07-19,2016-08-19,XLF,C,14.52,2.0,2.5,2.6,-43.07,YES,2.6,17.91,2.5,17.22,2.8,2.4,1.0,1468900800000000000,31.0,Monthly,25.0,25.5,26.0,24.5,25.5,25.5,26.0,25.5
O:XLF160819C00023000,2016-07-19,2016-08-19,XLF,C,15.18,143.0,2.5,2.6,-40.48,YES,2.6,17.13,2.5,16.47,2.8,2.4,18.0,1468900800000000000,31.0,Monthly,25.0,25.5,26.0,24.5,25.5,25.5,26.0,25.5
O:XLF160819C00023500,2016-07-19,2016-08-19,XLF,C,15.51,585.0,2.5,2.6,-39.18,YES,2.6,16.77,2.5,16.12,2.8,2.4,13.0,1468900800000000000,31.0,Monthly,25.0,25.5,26.0,24.5,25.5,25.5,26.0,25.5
O:XLF160819C00024000,2016-07-19,2016-08-19,XLF,C,15.84,1916.0,2.5,2.6,-37.89,YES,2.6,16.42,2.5,15.79,2.8,2.4,51.0,1468900800000000000,31.0,Monthly,25.0,25.5,26.0,24.5,25.5,25.5,26.0,25.5
O:XLF160819C00024500,2016-07-19,2016-08-19,XLF,C,16.17,23.0,2.5,2.6,-36.6,YES,2.6,16.08,2.5,15.46,2.8,2.4,5.0,1468900800000000000,31.0,Monthly,25.0,25.5,26.0,24.5,25.5,25.5,26.0,25.5
O:XLF160819C00028000,2016-07-19,2016-08-19,XLF,C,18.48,2.0,2.5,2.6,-27.54,YES,2.6,14.07,2.5,13.53,2.8,2.4,1.0,1468900800000000000,31.0,Monthly,25.0,25.5,26.0,24.5,25.5,25.5,26.0,25.5
O:XLF160819C00022000,2016-07-20,2016-08-19,XLF,C,14.52,115.0,2.5,2.6,-43.07,YES,2.6,17.91,2.5,17.22,2.8,2.4,9.0,1468987200000000000,30.0,Monthly,25.0,25.5,26.0,24.5,25.5,25.5,26.0,25.5
O:XLF160819C00023500,2016-07-20,2016-08-19,XLF,C,15.51,172.0,2.5,2.6,-39.18,YES,2.6,16.77,2.5,16.12,2.8,2.4,11.0,1468987200000000000,30.0,Monthly,25.0,25.5,26.0,24.5,25.5,25.5,26.0,25.5
O:XLF160819C00023000,2016-07-20,2016-08-19,XLF,C,15.18,431.0,2.5,2.6,-40.48,YES,2.6,17.13,2.5,16.47,2.8,2.4,43.0,1468987200000000000,30.0,Monthly,25.0,25.5,26.0,24.5,25.5,25.5,26.0,25.5
O:XLF160819C00022500,2016-07-20,2016-08-19,XLF,C,14.85,1.0,2.5,2.6,-41.77,YES,2.6,17.51,2.5,16.84,2.8,2.4,1.0,1468987200000000000,30.0,Monthly,25.0,25.5,26.0,24.5,25.5,25.5,26.0,25.5
O:XLF160819C00024000,2016-07-20,2016-08-19,XLF,C,15.84,758.0,2.5,2.6,-37.89,YES,2.6,16.42,2.5,15.79,2.8,2.4,25.0,1468987200000000000,30.0,Monthly,25.0,25.5,26.0,24.5,25.5,25.5,26.0,25.5
O:XLF160819C00026500,2016-07-20,2016-08-19,XLF,C,17.49,20.0,2.5,2.6,-31.42,YES,2.6,14.87,2.5,14.3,2.8,2.4,2.0,1468987200000000000,30.0,Monthly,25.0,25.5,26.0,24.5,25.5,25.5,26.0,25.5
O:XLF160819C00025000,2016-07-20,2016-08-19,XLF,C,16.5,1.0,2.5,2.6,-35.3,YES,2.6,15.76,2.5,15.15,2.8,2.4,1.0,1468987200000000000,30.0,Monthly,25.0,25.5,26.0,24.5,25.5,25.5,26.0,25.5
O:XLF160819C00024500,2016-07-20,2016-08-19,XLF,C,16.17,8168.0,2.5,2.6,-36.6,YES,2.6,16.08,2.5,15.46,2.8,2.4,100.0,1468987200000000000,30.0,Monthly,25.0,25.5,26.0,24.5,25.5,25.5,26.0,25.5
O:XLF160819C00020000,2016-07-21,2016-08-19,XLF,C,13.2,1.0,2.5,2.6,-48.24,YES,2.6,19.7,2.5,18.94,2.8,2.4,1.0,1469073600000000000,29.0,Monthly,25.0,25.5,26.0,24.5,25.5,25.5,26.0,25.5
O:XLF160819C00023000,2016-07-21,2016-08-19,XLF,C,15.18,158.0,2.5,2.6,-40.48,YES,2.6,17.13,2.5,16.47,2.8,2.4,13.0,1469073600000000000,29.0,Monthly,25.0,25.5,26.0,24.5,25.5,25.5,26.0,25.5
O:XLF160819C00023500,2016-07-21,2016-08-19,XLF,C,15.51,150.0,2.5,2.6,-39.18,YES,2.6,16.77,2.5,16.12,2.8,2.4,19.0,1469073600000000000,29.0,Monthly,25.0,25.5,26.0,24.5,25.5,25.5,26.0,25.5
O:XLF160819C00024000,2016-07-21,2016-08-19,XLF,C,15.84,536.0,2.5,2.6,-37.89,YES,2.6,16.42,2.5,15.79,2.8,2.4,20.0,1469073600000000000,29.0,Monthly,25.0,25.5,26.0,24.5,25.5,25.5,26.0,25.5
O:XLF160819C00024500,2016-07-21,2016-08-19,XLF,C,16.17,9.0,2.5,2.6,-36.6,YES,2.6,16.08,2.5,15.46,2.8,2.4,1.0,1469073600000000000,29.0,Monthly,25.0,25.5,26.0,24.5,25.5,25.5,26.0,25.5
O:XLF160819C00023000,2016-07-22,2016-08-19,XLF,C,15.18,1114.0,2.5,2.6,-40.48,YES,2.6,17.13,2.5,16.47,2.8,2.4,16.0,1469160000000000000,28.0,Monthly,25.0,25.5,26.0,24.5,25.5,25.5,26.0,25.5
O:XLF160819C00024000,2016-07-22,2016-08-19,XLF,C,15.84,975.0,2.5,2.6,-37.89,YES,2.6,16.42,2.5,15.79,2.8,2.4,25.0,1469160000000000000,28.0,Monthly,25.0,25.5,26.0,24.5,25.5,25.5,26.0,25.5
O:XLF160819C00022000,2016-07-22,2016-08-19,XLF,C,14.52,10.0,2.5,2.6,-43.07,YES,2.6,17.91,2.5,17.22,2.8,2.4,1.0,1469160000000000000,28.0,Monthly,25.0,25.5,26.0,24.5,25.5,25.5,26.0,25.5
O:XLF160819C00024500,2016-07-22,2016-08-19,XLF,C,16.17,1.0,2.5,2.6,-36.6,YES,2.6,16.08,2.5,15.46,2.8,2.4,1.0,1469160000000000000,28.0,Monthly,25.0,25.5,26.0,24.5,25.5,25.5,26.0,25.5
O:XLF160819C00023500,2016-07-22,2016-08-19,XLF,C,15.51,906.0,2.5,2.6,-39.18,YES,2.6,16.77,2.5,16.12,2.8,2.4,7.0,1469160000000000000,28.0,Monthly,25.0,25.5,26.0,24.5,25.5,25.5,26.0,25.5
O:XLF160916C00021000,2016-08-15,2016-09-16,XLF,C,13.86,151.0,2.5,2.6,-45.65,YES,2.6,18.76,2.5,18.04,2.8,2.4,45.0,1471233600000000000,32.0,Monthly,25.0,25.5,26.0,24.5,25.5,25.5,26.0,25.5
O:XLF160916C00022000,2016-08-15,2016-09-16,XLF,C,14.52,17.0,2.5,2.6,-43.07,YES,2.6,17.91,2.5,17.22,2.8,2.4,8.0,1471233600000000000,32.0,Monthly,25.0,25.5,26.0,24.5,25.5,25.5,26.0,25.5
O:XLF160916C00023000,2016-08-15,2016-09-16,XLF,C,15.18,75.0,2.5,2.6,-40.48,YES,2.6,17.13,2.5,16.47,2.8,2.4,12.0,1471233600000000000,32.0,Monthly,25.0,25.5,26.0,24.5,25.5,25.5,26.0,25.5
O:XLF160916C00024000,2016-08-15,2016-09-16,XLF,C,15.84,6445.0,2.5,2.6,-37.89,YES,2.6,16.42,2.5,15.79,2.8,2.4,93.0,1471233600000000000,32.0,Monthly,25.0,25.5,26.0,24.5,25.5,25.5,26.0,25.5
O:XLF160916C00025000,2016-08-15,2016-09-16,XLF,C,16.5,127.0,2.5,2.6,-35.3,YES,2.6,15.76,2.5,15.15,2.8,2.4,15.0,1471233600000000000,32.0,Monthly,25.0,25.5,26.0,24.5,25.5,25.5,26.0,25.5
O:XLF160916C00030000,2016-08-15,2016-09-16,XLF,C,19.8,1.0,2.5,2.6,-22.36,YES,2.6,13.13,2.5,12.63,2.8,2.4,1.0,1471233600000000000,32.0,Monthly,25.0,25.5,26.0,24.5,25.5,25.5,26.0,25.5
O:XLF160916C00022000,2016-08-16,2016-09-16,XLF,C,14.52,7.0,2.5,2.6,-43.07,YES,2.6,17.91,2.5,17.22,2.8,2.4,5.0,1471320000000000000,31.0,Monthly,25.0,25.5,26.0,24.5,25.5,25.5,26.0,25.5
O:XLF160916C00023000,2016-08-16,2016-09-16,XLF,C,15.18,5055.0,2.5,2.6,-40.48,YES,2.6,17.13,2.5,16.47,2.8,2.4,19.0,1471320000000000000,31.0,Monthly,25.0,25.5,26.0,24.5,25.5,25.5,26.0,25.5
O:XLF160916C00024000,2016-08-16,2016-09-16,XLF,C,15.84,5829.0,2.5,2.6,-37.89,YES,2.6,16.42,2.5,15.79,2.8,2.4,50.0,1471320000000000000,31.0,Monthly,25.0,25.5,26.0,24.5,25.5,25.5,26.0,25.5
O:XLF160916C00025000,2016-08-16,2016-09-16,XLF,C,16.5,207.0,2.5,2.6,-35.3,YES,2.6,15.76,2.5,15.15,2.8,2.4,8.0,1471320000000000000,31.0,Monthly,25.0,25.5,26.0,24.5,25.5,25.5,26.0,25.5
O:XLF160916C00023000,2016-08-17,2016-09-16,XLF,C,15.18,58.0,2.5,2.6,-40.48,YES,2.6,17.13,2.5,16.47,2.8,2.4,14.0,1471406400000000000,30.0,Monthly,25.0,25.5,26.0,24.5,25.5,25.5,26.0,25.5
O:XLF160916C00021000,2016-08-17,2016-09-16,XLF,C,13.86,61.0,2.5,2.6,-45.65,YES,2.6,18.76,2.5,18.04,2.8,2.4,22.0,1471406400000000000,30.0,Monthly,25.0,25.5,26.0,24.5,25.5,25.5,26.0,25.5
O:XLF160916C00024000,2016-08-17,2016-09-16,XLF,C,15.84,4604.0,2.5,2.6,-37.89,YES,2.6,16.42,2.5,15.79,2.8,2.4,65.0,1471406400000000000,30.0,Monthly,25.0,25.5,26.0,24.5,25.5,25.5,26.0,25.5
O:XLF160916C00025000,2016-08-17,2016-09-16,XLF,C,16.5,845.0,2.5,2.6,-35.3,YES,2.6,15.76,2.5,15.15,2.8,2.4,25.0,1471406400000000000,30.0,Monthly,25.0,25.5,26.0,24.5,25.5,25.5,26.0,25.5
O:XLF160916C00022000,2016-08-17,2016-09-16,XLF,C,14.52,1.0,2.5,2.6,-43.07,YES,2.6,17.91,2.5,17.22,2.8,2.4,1.0,1471406400000000000,30.0,Monthly,25.0,25.5,26.0,24.5,25.5,25.5,26.0,25.5
O:XLF160916C00020000,2016-08-18,2016-09-16,XLF,C,13.2,5.0,2.5,2.6,-48.24,YES,2.6,19.7,2.5,18.94,2.8,2.4,1.0,1471492800000000000,29.0,Monthly,25.0,25.5,26.0,24.5,25.5,25.5,26.0,25.5
O:XLF160916C00021000,2016-08-18,2016-09-16,XLF,C,13.86,21.0,2.5,2.6,-45.65,YES,2.6,18.76,2.5,18.04,2.8,2.4,3.0,1471492800000000000,29.0,Monthly,25.0,25.5,26.0,24.5,25.5,25.5,26.0,25.5
O:XLF160916C00022000,2016-08-18,2016-09-16,XLF,C,14.52,85.0,2.5,2.6,-43.07,YES,2.6,17.91,2.5,17.22,2.8,2.4,7.0,1471492800000000000,29.0,Monthly,25.0,25.5,26.0,24.5,25.5,25.5,26.0,25.5
O:XLF160916C00023000,2016-08-18,2016-09-16,XLF,C,15.18,4115.0,2.5,2.6,-40.48,YES,2.6,17.13,2.5,16.47,2.8,2.4,13.0,1471492800000000000,29.0,Monthly,25.0,25.5,26.0,24.5,25.5,25.5,26.0,25.5
O:XLF160916C00024000,2016-08-18,2016-09-16,XLF,C,15.84,1185.0,2.5,2.6,-37.89,YES,2.6,16.42,2.5,15.79,2.8,2.4,40.0,1471492800000000000,29.0,Monthly,25.0,25.5,26.0,24.5,25.5,25.5,26.0,25.5
O:XLF160916C00025000,2016-08-18,2016-09-16,XLF,C,16.5,1413.0,2.5,2.6,-35.3,YES,2.6,15.76,2.5,15.15,2.8,2.4,16.0,1471492800000000000,29.0,Monthly,25.0,25.5,26.0,24.5,25.5,25.5,26.0,25.5
O:XLF160916C00026000,2016-08-18,2016-09-16,XLF,C,17.16,3.0,2.5,2.6,-32.72,YES,2.6,15.15,2.5,14.57,2.8,2.4,1.0,1471492800000000000,29.0,Monthly,25.0,25.5,26.0,24.5,25.5,25.5,26.0,25.5
O:XLF160916C00025000,2016-08-19,2016-09-16,XLF,C,16.5,15.0,2.5,2.6,-35.3,YES,2.6,15.76,2.5,15.15,2.8,2.4,7.0,1471579200000000000,28.0,Monthly,25.0,25.5,26.0,24.5,25.5,25.5,26.0,25.5
O:XLF160916C00022000,2016-08-19,2016-09-16,XLF,C,14.52,47.0,2.5,2.6,-43.07,YES,2.6,17.91,2.5,17.22,2.8,2.4,7.0,1471579200000000000,28.0,Monthly,25.0,25.5,26.0,24.5,25.5,25.5,26.0,25.5
O:XLF160916C00021000,2016-08-19,2016-09-16,XLF,C,13.86,25.0,2.5,2.6,-45.65,YES,2.6,18.76,2.5,18.04,2.8,2.4,1.0,1471579200000000000,28.0,Monthly,25.0,25.5,26.0,24.5,25.5,25.5,26.0,25.5
O:XLF160916C00018000,2016-08-19,2016-09-16,XLF,C,11.88,3.0,2.5,2.6,-53.42,YES,2.6,21.89,2.5,21.05,2.8,2.4,1.0,1471579200000000000,28.0,Monthly,25.0,25.5,26.0,24.5,25.5,25.5,26.0,25.5
O:XLF160916C00020000,2016-08-19,2016-09-16,XLF,C,13.2,1.0,2.5,2.6,-48.24,YES,2.6,19.7,2.5,18.94,2.8,2.4,1.0,1471579200000000000,28.0,Monthly,25.0,25.5,26.0,24.5,25.5,25.5,26.0,25.5
O:XLF160916C00024000,2016-08-19,2016-09-16,XLF,C,15.84,11223.0,2.5,2.6,-37.89,YES,2.6,16.42,2.5,15.79,2.8,2.4,76.0,1471579200000000000,28.0,Monthly,25.0,25.5,26.0,24.5,25.5,25.5,26.0,25.5
O:XLF160916C00023000,2016-08-19,2016-09-16,XLF,C,15.18,468.0,2.5,2.6,-40.48,YES,2.6,17.13,2.5,16.47,2.8,2.4,31.0,1471579200000000000,28.0,Monthly,25.0,25.5,26.0,24.5,25.5,25.5,26.0,25.5
O:XLF161021C00019000,2016-09-20,2016-10-21,XLF,C,23.39,11.0,2.5,2.6,-8.28,YES,2.6,11.12,2.5,10.69,2.8,2.4,2.0,1474344000000000000,31.0,Monthly,25.0,25.5,26.0,24.5,25.5,25.5,26.0,25.5
O:XLF161021C00020000,2016-09-20,2016-10-21,XLF,C,24.62,3204.0,2.5,2.6,-3.45,YES,2.6,10.56,2.5,10.15,2.8,2.4,25.0,1474344000000000000,31.0,Monthly,25.0,25.5,26.0,24.5,25.5,25.5,26.0,25.5
O:XLF161021C00021000,2016-09-20,2016-10-21,XLF,C,25.85,21.0,2.5,2.6,1.38,NO,2.6,10.06,2.5,9.67,2.8,2.4,2.0,1474344000000000000,31.0,Monthly,25.0,25.5,26.0,24.5,25.5,25.5,26.0,25.5
O:XLF161021C00017000,2016-09-21,2016-10-21,XLF,C,20.93,2.0,2.5,2.6,-17.93,YES,2.6,12.42,2.5,11.95,2.8,2.4,2.0,1474430400000000000,30.0,Monthly,25.0,25.5,26.0,24.5,25.5,25.5,26.0,25.5
O:XLF161021C00018000,2016-09-21,2016-10-21,XLF,C,22.16,4.0,2.5,2.6,-13.11,YES,2.6,11.73,2.5,11.28,2.8,2.4,3.0,1474430400000000000,30.0,Monthly,25.0,25.5,26.0,24.5,25.5,25.5,26.0,25.5
O:XLF161021C00019000,2016-09-21,2016-10-21,XLF,C,23.39,2001.0,2.5,2.6,-8.28,YES,2.6,11.12,2.5,10.69,2.8,2.4,53.0,1474430400000000000,30.0,Monthly,25.0,25.5,26.0,24.5,25.5,25.5,26.0,25.5
O:XLF161021C00020000,2016-09-21,2016-10-21,XLF,C,24.62,137890.0,2.5,2.6,-3.45,YES,2.6,10.56,2.5,10.15,2.8,2.4,594.0,1474430400000000000,30.0,Monthly,25.0,25.5,26.0,24.5,25.5,25.5,26.0,25.5
O:XLF161021C00021000,2016-09-21,2016-10-21,XLF,C,25.85,17.0,2.5,2.6,1.38,NO,2.6,10.06,2.5,9.67,2.8,2.4,4.0,1474430400000000000,30.0,Monthly,25.0,25.5,26.0,24.5,25.5,25.5,26.0,25.5
O:XLF161021C00018000,2016-09-22,2016-10-21,XLF,C,22.16,1.0,2.5,2.6,-13.11,YES,2.6,11.73,2.5,11.28,2.8,2.4,1.0,1474516800000000000,29.0,Monthly,25.0,25.5,26.0,24.5,25.5,25.5,26.0,25.5
O:XLF161021C00019000,2016-09-22,2016-10-21,XLF,C,23.39,100.0,2.5,2.6,-8.28,YES,2.6,11.12,2.5,10.69,2.8,2.4,6.0,1474516800000000000,29.0,Monthly,25.0,25.5,26.0,24.5,25.5,25.5,26.0,25.5
O:XLF161021C00020000,2016-09-22,2016-10-21,XLF,C,24.62,23582.0,2.5,2.6,-3.45,YES,2.6,10.56,2.5,10.15,2.8,2.4,188.0,1474516800000000000,29.0,Monthly,25.0,25.5,26.0,24.5,25.5,25.5,26.0,25.5
O:XLF161021C00021000,2016-09-22,2016-10-21,XLF,C,25.85,10.0,2.5,2.6,1.38,NO,2.6,10.06,2.5,9.67,2.8,2.4,1.0,1474516800000000000,29.0,Monthly,25.0,25.5,26.0,24.5,25.5,25.5,26.0,25.5
O:XLF161021C00018000,2016-09-23,2016-10-21,XLF,C,22.16,2.0,2.5,2.6,-13.11,YES,2.6,11.73,2.5,11.28,2.8,2.4,1.0,1474603200000000000,28.0,Monthly,25.0,25.5,26.0,24.5,25.5,25.5,26.0,25.5
O:XLF161021C00019000,2016-09-23,2016-10-21,XLF,C,23.39,44.0,2.5,2.6,-8.28,YES,2.6,11.12,2.5,10.69,2.8,2.4,5.0,1474603200000000000,28.0,Monthly,25.0,25.5,26.0,24.5,25.5,25.5,26.0,25.5
O:XLF161021C00020000,2016-09-23,2016-10-21,XLF,C,24.62,17140.0,2.5,2.6,-3.45,YES,2.6,10.56,2.5,10.15,2.8,2.4,175.0,1474603200000000000,28.0,Monthly,25.0,25.5,26.0,24.5,25.5,25.5,26.0,25.5
O:XLF161118C00018000,2016-10-17,2016-11-18,XLF,C,22.16,9.0,2.5,2.6,-13.11,YES,2.6,11.73,2.5,11.28,2.8,2.4,2.0,1476676800000000000,32.0,Monthly,25.0,25.5,26.0,24.5,25.5,25.5,26.0,25.5
O:XLF161118C00019000,2016-10-17,2016-11-18,XLF,C,23.39,114.0,2.5,2.6,-8.28,YES,2.6,11.12,2.5,10.69,2.8,2.4,10.0,1476676800000000000,32.0,Monthly,25.0,25.5,26.0,24.5,25.5,25.5,26.0,25.5
O:XLF161118C00020000,2016-10-17,2016-11-18,XLF,C,24.62,245.0,2.5,2.6,-3.45,YES,2.6,10.56,2.5,10.15,2.8,2.4,23.0,1476676800000000000,32.0,Monthly,25.0,25.5,26.0,24.5,25.5,25.5,26.0,25.5
O:XLF161118C00021000,2016-10-17,2016-11-18,XLF,C,25.85,204.0,2.5,2.6,1.38,NO,2.6,10.06,2.5,9.67,2.8,2.4,4.0,1476676800000000000,32.0,Monthly,25.0,25.5,26.0,24.5,25.5,25.5,26.0,25.5
O:XLF161118C00019000,2016-10-18,2016-11-18,XLF,C,23.39,106.0,2.5,2.6,-8.28,YES,2.6,11.12,2.5,10.69,2.8,2.4,9.0,1476763200000000000,31.0,Monthly,25.0,25.5,26.0,24.5,25.5,25.5,26.0,25.5
O:XLF161118C00020000,2016-10-18,2016-11-18,XLF,C,24.62,2642.0,2.5,2.6,-3.45,YES,2.6,10.56,2.5,10.15,2.8,2.4,86.0,1476763200000000000,31.0,Monthly,25.0,25.5,26.0,24.5,25.5,25.5,26.0,25.5
O:XLF161118C00021000,2016-10-18,2016-11-18,XLF,C,25.85,5.0,2.5,2.6,1.38,NO,2.6,10.06,2.5,9.67,2.8,2.4,1.0,1476763200000000000,31.0,Monthly,25.0,25.5,26.0,24.5,25.5,25.5,26.0,25.5
O:XLF161118C00016000,2016-10-19,2016-11-18,XLF,C,19.7,17.0,2.5,2.6,-22.76,YES,2.6,13.2,2.5,12.69,2.8,2.4,2.0,1476849600000000000,30.0,Monthly,25.0,25.5,26.0,24.5,25.5,25.5,26.0,25.5
O:XLF161118C00018000,2016-10-19,2016-11-18,XLF,C,22.16,84.0,2.5,2.6,-13.11,YES,2.6,11.73,2.5,11.28,2.8,2.4,8.0,1476849600000000000,30.0,Monthly,25.0,25.5,26.0,24.5,25.5,25.5,26.0,25.5
O:XLF161118C00019000,2016-10-19,2016-11-18,XLF,C,23.39,497.0,2.5,2.6,-8.28,YES,2.6,11.12,2.5,10.69,2.8,2.4,15.0,1476849600000000000,30.0,Monthly,25.0,25.5,26.0,24.5,25.5,25.5,26.0,25.5
O:XLF161118C00020000,2016-10-19,2016-11-18,XLF,C,24.62,4262.0,2.5,2.6,-3.45,YES,2.6,10.56,2.5,10.15,2.8,2.4,23.0,1476849600000000000,30.0,Monthly,25.0,25.5,26.0,24.5,25.5,25.5,26.0,25.5
O:XLF161118C00021000,2016-10-19,2016-11-18,XLF,C,25.85,1.0,2.5,2.6,1.38,NO,2.6,10.06,2.5,9.67,2.8,2.4,1.0,1476849600000000000,30.0,Monthly,25.0,25.5,26.0,24.5,25.5,25.5,26.0,25.5
O:XLF161118C00018000,2016-10-20,2016-11-18,XLF,C,22.16,30.0,2.5,2.6,-13.11,YES,2.6,11.73,2.5,11.28,2.8,2.4,1.0,1476936000000000000,29.0,Monthly,25.0,25.5,26.0,24.5,25.5,25.5,26.0,25.5
O:XLF161118C00019000,2016-10-20,2016-11-18,XLF,C,23.39,149.0,2.5,2.6,-8.28,YES,2.6,11.12,2.5,10.69,2.8,2.4,11.0,1476936000000000000,29.0,Monthly,25.0,25.5,26.0,24.5,25.5,25.5,26.0,25.5
O:XLF161118C00020000,2016-10-20,2016-11-18,XLF,C,24.62,7544.0,2.5,2.6,-3.45,YES,2.6,10.56,2.5,10.15,2.8,2.4,134.0,1476936000000000000,29.0,Monthly,25.0,25.5,26.0,24.5,25.5,25.5,26.0,25.5
O:XLF161118C00018000,2016-10-21,2016-11-18,XLF,C,22.16,1.0,2.5,2.6,-13.11,YES,2.6,11.73,2.5,11.28,2.8,2.4,1.0,1477022400000000000,28.0,Monthly,25.0,25.5,26.0,24.5,25.5,25.5,26.0,25.5
O:XLF161118C00019000,2016-10-21,2016-11-18,XLF,C,23.39,27.0,2.5,2.6,-8.28,YES,2.6,11.12,2.5,10.69,2.8,2.4,12.0,1477022400000000000,28.0,Monthly,25.0,25.5,26.0,24.5,25.5,25.5,26.0,25.5
O:XLF161118C00020000,2016-10-21,2016-11-18,XLF,C,24.62,204.0,2.5,2.6,-3.45,YES,2.6,10.56,2.5,10.15,2.8,2.4,20.0,1477022400000000000,28.0,Monthly,25.0,25.5,26.0,24.5,25.5,25.5,26.0,25.5
O:XLF161118C00021000,2016-10-21,2016-11-18,XLF,C,25.85,325.0,2.5,2.6,1.38,NO,2.6,10.06,2.5,9.67,2.8,2.4,7.0,1477022400000000000,28.0,Monthly,25.0,25.5,26.0,24.5,25.5,25.5,26.0,25.5
O:XLF161216C00018000,2016-11-14,2016-12-16,XLF,C,22.16,2.0,2.5,2.6,-13.11,YES,2.6,11.73,2.5,11.28,2.8,2.4,2.0,1479099600000000000,32.0,Monthly,25.0,25.5,26.0,24.5,25.5,25.5,26.0,25.5
O:XLF161216C00020000,2016-11-14,2016-12-16,XLF,C,24.62,10193.0,2.5,2.6,-3.45,YES,2.6,10.56,2.5,10.15,2.8,2.4,97.0,1479099600000000000,32.0,Monthly,25.0,25.5,26.0,24.5,25.5,25.5,26.0,25.5
O:XLF161216C00021000,2016-11-14,2016-12-16,XLF,C,25.85,13381.0,2.5,2.6,1.38,NO,2.6,10.06,2.5,9.67,2.8,2.4,158.0,1479099600000000000,32.0,Monthly,25.0,25.5,26.0,24.5,25.5,25.5,26.0,25.5
O:XLF161216C00022000,2016-11-14,2016-12-16,XLF,C,27.08,35501.0,2.5,2.6,6.2,NO,2.6,9.6,2.5,9.23,2.8,2.4,325.0,1479099600000000000,32.0,Monthly,25.0,25.5,26.0,24.5,25.5,25.5,26.0,25.5
O:XLF161216C00023000,2016-11-14,2016-12-16,XLF,C,28.31,19393.0,2.5,2.6,11.03,NO,2.6,9.18,2.5,8.83,2.8,2.4,242.0,1479099600000000000,32.0,Monthly,25.0,25.5,26.0,24.5,25.5,25.5,26.0,25.5
O:XLF161216C00024000,2016-11-14,2016-12-16,XLF,C,29.54,52.0,2.5,2.6,15.86,NO,2.6,8.8,2.5,8.46,2.8,2.4,14.0,1479099600000000000,32.0,Monthly,25.0,25.5,26.0,24.5,25.5,25.5,26.0,25.5
O:XLF161216C00025000,2016-11-14,2016-12-16,XLF,C,30.77,4.0,2.5,2.6,20.69,NO,2.6,8.45,2.5,8.12,2.8,2.4,2.0,1479099600000000000,32.0,Monthly,25.0,25.5,26.0,24.5,25.5,25.5,26.0,25.5
O:XLF161216C00030000,2016-11-14,2016-12-16,XLF,C,36.93,4.0,2.5,2.6,44.82,NO,2.6,7.04,2.5,6.77,2.8,2.4,2.0,1479099600000000000,32.0,Monthly,25.0,25.5,26.0,24.5,25.5,25.5,26.0,25.5
O:XLF161216C00021000,2016-11-15,2016-12-16,XLF,C,25.85,60283.0,2.5,2.6,1.38,NO,2.6,10.06,2.5,9.67,2.8,2.4,266.0,1479186000000000000,31.0,Monthly,25.0,25.5,26.0,24.5,25.5,25.5,26.0,25.5
O:XLF161216C00017000,2016-11-15,2016-12-16,XLF,C,20.93,10.0,2.5,2.6,-17.93,YES,2.6,12.42,2.5,11.95,2.8,2.4,1.0,1479186000000000000,31.0,Monthly,25.0,25.5,26.0,24.5,25.5,25.5,26.0,25.5
O:XLF161216C00019000,2016-11-15,2016-12-16,XLF,C,23.39,5.0,2.5,2.6,-8.28,YES,2.6,11.12,2.5,10.69,2.8,2.4,2.0,1479186000000000000,31.0,Monthly,25.0,25.5,26.0,24.5,25.5,25.5,26.0,25.5
O:XLF161216C00020000,2016-11-15,2016-12-16,XLF,C,24.62,60.0,2.5,2.6,-3.45,YES,2.6,10.56,2.5,10.15,2.8,2.4,13.0,1479186000000000000,31.0,Monthly,25.0,25.5,26.0,24.5,25.5,25.5,26.0,25.5
O:XLF161216C00024000,2016-11-15,2016-12-16,XLF,C,29.54,361.0,2.5,2.6,15.86,NO,2.6,8.8,2.5,8.46,2.8,2.4,8.0,1479186000000000000,31.0,Monthly,25.0,25.5,26.0,24.5,25.5,25.5,26.0,25.5
O:XLF161216C00022000,2016-11-15,2016-12-16,XLF,C,27.08,18406.0,2.5,2.6,6.2,NO,2.6,9.6,2.5,9.23,2.8,2.4,279.0,1479186000000000000,31.0,Monthly,25.0,25.5,26.0,24.5,25.5,25.5,26.0,25.5
O:XLF161216C00023000,2016-11-15,2016-12-16,XLF,C,28.31,277845.0,2.5,2.6,11.03,NO,2.6,9.18,2.5,8.83,2.8,2.4,444.0,1479186000000000000,31.0,Monthly,25.0,25.5,26.0,24.5,25.5,25.5,26.0,25.5
O:XLF161216C00025000,2016-11-15,2016-12-16,XLF,C,30.77,42.0,2.5,2.6,20.69,NO,2.6,8.45,2.5,8.12,2.8,2.4,4.0,1479186000000000000,31.0,Monthly,25.0,25.5,26.0,24.5,25.5,25.5,26.0,25.5
O:XLF161216C00018000,2016-11-15,2016-12-16,XLF,C,22.16,4.0,2.5,2.6,-13.11,YES,2.6,11.73,2.5,11.28,2.8,2.4,2.0,1479186000000000000,31.0,Monthly,25.0,25.5,26.0,24.5,25.5,25.5,26.0,25.5
O:XLF161216C00019000,2016-11-16,2016-12-16,XLF,C,23.39,454.0,2.5,2.6,-8.28,YES,2.6,11.12,2.5,10.69,2.8,2.4,111.0,1479272400000000000,30.0,Monthly,25.0,25.5,26.0,24.5,25.5,25.5,26.0,25.5
O:XLF161216C00021000,2016-11-16,2016-12-16,XLF,C,25.85,1636.0,2.5,2.6,1.38,NO,2.6,10.06,2.5,9.67,2.8,2.4,159.0,1479272400000000000,30.0,Monthly,25.0,25.5,26.0,24.5,25.5,25.5,26.0,25.5
O:XLF161216C00023000,2016-11-16,2016-12-16,XLF,C,28.31,11823.0,2.5,2.6,11.03,NO,2.6,9.18,2.5,8.83,2.8,2.4,44.0,1479272400000000000,30.0,Monthly,25.0,25.5,26.0,24.5,25.5,25.5,26.0,25.5
O:XLF161216C00020000,2016-11-16,2016-12-16,XLF,C,24.62,96.0,2.5,2.6,-3.45,YES,2.6,10.56,2.5,10.15,2.8,2.4,12.0,1479272400000000000,30.0,Monthly,25.0,25.5,26.0,24.5,25.5,25.5,26.0,25.5
O:XLF161216C00025000,2016-11-16,2016-12-16,XLF,C,30.77,3.0,2.5,2.6,20.69,NO,2.6,8.45,2.5,8.12,2.8,2.4,1.0,1479272400000000000,30.0,Monthly,25.0,25.5,26.0,24.5,25.5,25.5,26.0,25.5
O:XLF161216C00024000,2016-11-16,2016-12-16,XLF,C,29.54,648.0,2.5,2.6,15.86,NO,2.6,8.8,2.5,8.46,2.8,2.4,8.0,1479272400000000000,30.0,Monthly,25.0,25.5,26.0,24.5,25.5,25.5,26.0,25.5
O:XLF161216C00022000,2016-11-16,2016-12-16,XLF,C,27.08,24635.0,2.5,2.6,6.2,NO,2.6,9.6,2.5,9.23,2.8,2.4,72.0,1479272400000000000,30.0,Monthly,25.0,25.5,26.0,24.5,25.5,25.5,26.0,25.5
O:XLF161216C00022000,2016-11-17,2016-12-16,XLF,C,27.08,16517.0,2.5,2.6,6.2,NO,2.6,9.6,2.5,9.23,2.8,2.4,132.0,1479358800000000000,29.0,Monthly,25.0,25.5,26.0,24.5,25.5,25.5,26.0,25.5
O:XLF161216C00023000,2016-11-17,2016-12-16,XLF,C,28.31,123465.0,2.5,2.6,11.03,NO,2.6,9.18,2.5,8.83,2.8,2.4,94.0,1479358800000000000,29.0,Monthly,25.0,25.5,26.0,24.5,25.5,25.5,26.0,25.5
O:XLF161216C00015000,2016-11-17,2016-12-16,XLF,C,18.46,1.0,2.5,2.6,-27.59,YES,2.6,14.08,2.5,13.54,2.8,2.4,1.0,1479358800000000000,29.0,Monthly,25.0,25.5,26.0,24.5,25.5,25.5,26.0,25.5
O:XLF161216C00019000,2016-11-17,2016-12-16,XLF,C,23.39,2.0,2.5,2.6,-8.28,YES,2.6,11.12,2.5,10.69,2.8,2.4,1.0,1479358800000000000,29.0,Monthly,25.0,25.5,26.0,24.5,25.5,25.5,26.0,25.5
O:XLF161216C00020000,2016-11-17,2016-12-16,XLF,C,24.62,183.0,2.5,2.6,-3.45,YES,2.6,10.56,2.5,10.15,2.8,2.4,22.0,1479358800000000000,29.0,Monthly,25.0,25.5,26.0,24.5,25.5,25.5,26.0,25.5
O:XLF161216C00021000,2016-11-17,2016-12-16,XLF,C,25.85,3294.0,2.5,2.6,1.38,NO,2.6,10.06,2.5,9.67,2.8,2.4,95.0,1479358800000000000,29.0,Monthly,25.0,25.5,26.0,24.5,25.5,25.5,26.0,25.5
O:XLF161216C00024000,2016-11-17,2016-12-16,XLF,C,29.54,20.0,2.5,2.6,15.86,NO,2.6,8.8,2.5,8.46,2.8,2.4,5.0,1479358800000000000,29.0,Monthly,25.0,25.5,26.0,24.5,25.5,25.5,26.0,25.5
O:XLF161216C00025000,2016-11-17,2016-12-16,XLF,C,30.77,20.0,2.5,2.6,20.69,NO,2.6,8.45,2.5,8.12,2.8,2.4,1.0,1479358800000000000,29.0,Monthly,25.0,25.5,26.0,24.5,25.5,25.5,26.0,25.5
O:XLF161216C00022000,2016-11-18,2016-12-16,XLF,C,27.08,3484.0,2.5,2.6,6.2,NO,2.6,9.6,2.5,9.23,2.8,2.4,57.0,1479445200000000000,28.0,Monthly,25.0,25.5,26.0,24.5,25.5,25.5,26.0,25.5
O:XLF161216C00021000,2016-11-18,2016-12-16,XLF,C,25.85,166.0,2.5,2.6,1.38,NO,2.6,10.06,2.5,9.67,2.8,2.4,29.0,1479445200000000000,28.0,Monthly,25.0,25.5,26.0,24.5,25.5,25.5,26.0,25.5
O:XLF161216C00024000,2016-11-18,2016-12-16,XLF,C,29.54,1822.0,2.5,2.6,15.86,NO,2.6,8.8,2.5,8.46,2.8,2.4,36.0,1479445200000000000,28.0,Monthly,25.0,25.5,26.0,24.5,25.5,25.5,26.0,25.5
O:XLF161216C00023000,2016-11-18,2016-12-16,XLF,C,28.31,3951.0,2.5,2.6,11.03,NO,2.6,9.18,2.5,8.83,2.8,2.4,60.0,1479445200000000000,28.0,Monthly,25.0,25.5,26.0,24.5,25.5,25.5,26.0,25.5
O:XLF161216C00020000,2016-11-18,2016-12-16,XLF,C,24.62,498.0,2.5,2.6,-3.45,YES,2.6,10.56,2.5,10.15,2.8,2.4,12.0,1479445200000000000,28.0,Monthly,25.0,25.5,26.0,24.5,25.5,25.5,26.0,25.5
O:XLF170120C00021000,2016-12-19,2017-01-20,XLF,C,25.85,15.0,2.5,2.6,1.38,NO,2.6,10.06,2.5,9.67,2.8,2.4,4.0,1482123600000000000,32.0,Monthly,25.0,25.5,26.0,24.5,25.5,25.5,26.0,25.5
O:XLF170120C00020000,2016-12-19,2017-01-20,XLF,C,24.62,173.0,2.5,2.6,-3.45,YES,2.6,10.56,2.5,10.15,2.8,2.4,7.0,1482123600000000000,32.0,Monthly,25.0,25.5,26.0,24.5,25.5,25.5,26.0,25.5
O:XLF170120C00021500,2016-12-19,2017-01-20,XLF,C,26.47,47.0,2.5,2.6,3.79,NO,2.6,9.82,2.5,9.45,2.8,2.4,5.0,1482123600000000000,32.0,Monthly,25.0,25.5,26.0,24.5,25.5,25.5,26.0,25.5
O:XLF170120C00014000,2016-12-19,2017-01-20,XLF,C,17.23,1.0,2.5,2.6,-32.42,YES,2.6,15.09,2.5,14.51,2.8,2.4,1.0,1482123600000000000,32.0,Monthly,25.0,25.5,26.0,24.5,25.5,25.5,26.0,25.5
O:XLF170120C00022500,2016-12-19,2017-01-20,XLF,C,27.7,256.0,2.5,2.6,8.62,NO,2.6,9.39,2.5,9.03,2.8,2.4,17.0,1482123600000000000,32.0,Monthly,25.0,25.5,26.0,24.5,25.5,25.5,26.0,25.5
O:XLF170120C00018000,2016-12-19,2017-01-20,XLF,C,22.16,10.0,2.5,2.6,-13.11,YES,2.6,11.73,2.5,11.28,2.8,2.4,1.0,1482123600000000000,32.0,Monthly,25.0,25.5,26.0,24.5,25.5,25.5,26.0,25.5
O:XLF170120C00022000,2016-12-19,2017-01-20,XLF,C,27.08,426.0,2.5,2.6,6.2,NO,2.6,9.6,2.5,9.23,2.8,2.4,53.0,1482123600000000000,32.0,Monthly,25.0,25.5,26.0,24.5,25.5,25.5,26.0,25.5
O:XLF170120C00025000,2016-12-19,2017-01-20,XLF,C,30.77,2144.0,2.5,2.6,20.69,NO,2.6,8.45,2.5,8.12,2.8,2.4,45.0,1482123600000000000,32.0,Monthly,25.0,25.5,26.0,24.5,25.5,25.5,26.0,25.5
O:XLF170120C00026500,2016-12-19,2017-01-20,XLF,C,32.62,11.0,2.5,2.6,27.93,NO,2.6,7.97,2.5,7.66,2.8,2.4,1.0,1482123600000000000,32.0,Monthly,25.0,25.5,26.0,24.5,25.5,25.5,26.0,25.5
O:XLF170120C00025500,2016-12-19,2017-01-20,XLF,C,31.39,3.0,2.5,2.6,23.1,NO,2.6,8.28,2.5,7.96,2.8,2.4,1.0,1482123600000000000,32.0,Monthly,25.0,25.5,26.0,24.5,25.5,25.5,26.0,25.5
O:XLF170120C00023500,2016-12-19,2017-01-20,XLF,C,28.93,1934.0,2.5,2.6,13.45,NO,2.6,8.99,2.5,8.64,2.8,2.4,69.0,1482123600000000000,32.0,Monthly,25.0,25.5,26.0,24.5,25.5,25.5,26.0,25.5
O:XLF170120C00024500,2016-12-19,2017-01-20,XLF,C,30.16,2038.0,2.5,2.6,18.27,NO,2.6,8.62,2.5,8.29,2.8,2.4,7.0,1482123600000000000,32.0,Monthly,25.0,25.5,26.0,24.5,25.5,25.5,26.0,25.5
O:XLF170120C00024000,2016-12-19,2017-01-20,XLF,C,29.54,31318.0,2.5,2.6,15.86,NO,2.6,8.8,2.5,8.46,2.8,2.4,204.0,1482123600000000000,32.0,Monthly,25.0,25.5,26.0,24.5,25.5,25.5,26.0,25.5
O:XLF170120C00023000,2016-12-19,2017-01-20,XLF,C,28.31,2157.0,2.5,2.6,11.03,NO,2.6,9.18,2.5,8.83,2.8,2.4,115.0,1482123600000000000,32.0,Monthly,25.0,25.5,26.0,24.5,25.5,25.5,26.0,25.5
O:XLF170120C00020000,2016-12-20,2017-01-20,XLF,C,24.62,780.0,2.5,2.6,-3.45,YES,2.6,10.56,2.5,10.15,2.8,2.4,5.0,1482210000000000000,31.0,Monthly,25.0,25.5,26.0,24.5,25.5,25.5,26.0,25.5
O:XLF170120C00017000,2016-12-20,2017-01-20,XLF,C,20.93,8.0,2.5,2.6,-17.93,YES,2.6,12.42,2.5,11.95,2.8,2.4,2.0,1482210000000000000,31.0,Monthly,25.0,25.5,26.0,24.5,25.5,25.5,26.0,25.5
O:XLF170120C00018000,2016-12-20,2017-01-20,XLF,C,22.16,1.0,2.5,2.6,-13.11,YES,2.6,11.73,2.5,11.28,2.8,2.4,1.0,1482210000000000000,31.0,Monthly,25.0,25.5,26.0,24.5,25.5,25.5,26.0,25.5
O:XLF170120C00021000,2016-12-20,2017-01-20,XLF,C,25.85,16.0,2.5,2.6,1.38,NO,2.6,10.06,2.5,9.67,2.8,2.4,2.0,1482210000000000000,31.0,Monthly,25.0,25.5,26.0,24.5,25.5,25.5,26.0,25.5
O:XLF170120C00021500,2016-12-20,2017-01-20,XLF,C,26.47,26.0,2.5,2.6,3.79,NO,2.6,9.82,2.5,9.45,2.8,2.4,6.0,1482210000000000000,31.0,Monthly,25.0,25.5,26.0,24.5,25.5,25.5,26.0,25.5
O:XLF170120C00022000,2016-12-20,2017-01-20,XLF,C,27.08,4101.0,2.5,2.6,6.2,NO,2.6,9.6,2.5,9.23,2.8,2.4,68.0,1482210000000000000,31.0,Monthly,25.0,25.5,26.0,24.5,25.5,25.5,26.0,25.5
O:XLF170120C00022500,2016-12-20,2017-01-20,XLF,C,27.7,241.0,2.5,2.6,8.62,NO,2.6,9.39,2.5,9.03,2.8,2.4,12.0,1482210000000000000,31.0,Monthly,25.0,25.5,26.0,24.5,25.5,25.5,26.0,25.5
O:XLF170120C00023000,2016-12-20,2017-01-20,XLF,C,28.31,14662.0,2.5,2.6,11.03,NO,2.6,9.18,2.5,8.83,2.8,2.4,62.0,1482210000000000000,31.0,Monthly,25.0,25.5,26.0,24.5,25.5,25.5,26.0,25.5
O:XLF170120C00023500,2016-12-20,2017-01-20,XLF,C,28.93,673.0,2.5,2.6,13.45,NO,2.6,8.99,2.5,8.64,2.8,2.4,40.0,1482210000000000000,31.0,Monthly,25.0,25.5,26.0,24.5,25.5,25.5,26.0,25.5
O:XLF170120C00024000,2016-12-20,2017-01-20,XLF,C,29.54,4251.0,2.5,2.6,15.86,NO,2.6,8.8,2.5,8.46,2.8,2.4,152.0,1482210000000000000,31.0,Monthly,25.0,25.5,26.0,24.5,25.5,25.5,26.0,25.5
O:XLF170120C00024500,2016-12-20,2017-01-20,XLF,C,30.16,2007.0,2.5,2.6,18.27,NO,2.6,8.62,2.5,8.29,2.8,2.4,54.0,1482210000000000000,31.0,Monthly,25.0,25.5,26.0,24.5,25.5,25.5,26.0,25.5
O:XLF170120C00026000,2016-12-20,2017-01-20,XLF,C,32.01,15.0,2.5,2.6,25.51,NO,2.6,8.12,2.5,7.81,2.8,2.4,2.0,1482210000000000000,31.0,Monthly,25.0,25.5,26.0,24.5,25.5,25.5,26.0,25.5
O:XLF170120C00029000,2016-12-20,2017-01-20,XLF,C,35.7,30.0,2.5,2.6,40.0,NO,2.6,7.28,2.5,7.0,2.8,2.4,1.0,1482210000000000000,31.0,Monthly,25.0,25.5,26.0,24.5,25.5,25.5,26.0,25.5
O:XLF170120C00025000,2016-12-20,2017-01-20,XLF,C,30.77,2760.0,2.5,2.6,20.69,NO,2.6,8.45,2.5,8.12,2.8,2.4,77.0,1482210000000000000,31.0,Monthly,25.0,25.5,26.0,24.5,25.5,25.5,26.0,25.5
O:XLF170120C00023000,2016-12-21,2017-01-20,XLF,C,28.31,82.0,2.5,2.6,11.03,NO,2.6,9.18,2.5,8.83,2.8,2.4,11.0,1482296400000000000,30.0,Monthly,25.0,25.5,26.0,24.5,25.5,25.5,26.0,25.5
O:XLF170120C00020000,2016-12-21,2017-01-20,XLF,C,24.62,58.0,2.5,2.6,-3.45,YES,2.6,10.56,2.5,10.15,2.8,2.4,3.0,1482296400000000000,30.0,Monthly,25.0,25.5,26.0,24.5,25.5,25.5,26.0,25.5
O:XLF170120C00021500,2016-12-21,2017-01-20,XLF,C,26.47,3.0,2.5,2.6,3.79,NO,2.6,9.82,2.5,9.45,2.8,2.4,1.0,1482296400000000000,30.0,Monthly,25.0,25.5,26.0,24.5,25.5,25.5,26.0,25.5
O:XLF170120C00022000,2016-12-21,2017-01-20,XLF,C,27.08,208.0,2.5,2.6,6.2,NO,2.6,9.6,2.5,9.23,2.8,2.4,12.0,1482296400000000000,30.0,Monthly,25.0,25.5,26.0,24.5,25.5,25.5,26.0,25.5
O:XLF170120C00022500,2016-12-21,2017-01-20,XLF,C,27.7,66.0,2.5,2.6,8.62,NO,2.6,9.39,2.5,9.03,2.8,2.4,7.0,1482296400000000000,30.0,Monthly,25.0,25.5,26.0,24.5,25.5,25.5,26.0,25.5
O:XLF170120C00026000,2016-12-21,2017-01-20,XLF,C,32.01,20.0,2.5,2.6,25.51,NO,2.6,8.12,2.5,7.81,2.8,2.4,2.0,1482296400000000000,30.0,Monthly,25.0,25.5,26.0,24.5,25.5,25.5,26.0,25.5
O:XLF170120C00023500,2016-12-21,2017-01-20,XLF,C,28.93,139.0,2.5,2.6,13.45,NO,2.6,8.99,2.5,8.64,2.8,2.4,12.0,1482296400000000000,30.0,Monthly,25.0,25.5,26.0,24.5,25.5,25.5,26.0,25.5
O:XLF170120C00024000,2016-12-21,2017-01-20,XLF,C,29.54,211.0,2.5,2.6,15.86,NO,2.6,8.8,2.5,8.46,2.8,2.4,26.0,1482296400000000000,30.0,Monthly,25.0,25.5,26.0,24.5,25.5,25.5,26.0,25.5
O:XLF170120C00024500,2016-12-21,2017-01-20,XLF,C,30.16,154.0,2.5,2.6,18.27,NO,2.6,8.62,2.5,8.29,2.8,2.4,13.0,1482296400000000000,30.0,Monthly,25.0,25.5,26.0,24.5,25.5,25.5,26.0,25.5
O:XLF170120C00025000,2016-12-21,2017-01-20,XLF,C,30.77,345.0,2.5,2.6,20.69,NO,2.6,8.45,2.5,8.12,2.8,2.4,18.0,1482296400000000000,30.0,Monthly,25.0,25.5,26.0,24.5,25.5,25.5,26.0,25.5
O:XLF170120C00014000,2016-12-21,2017-01-20,XLF,C,17.23,12.0,2.5,2.6,-32.42,YES,2.6,15.09,2.5,14.51,2.8,2.4,1.0,1482296400000000000,30.0,Monthly,25.0,25.5,26.0,24.5,25.5,25.5,26.0,25.5
O:XLF170120C00022500,2016-12-22,2017-01-20,XLF,C,27.7,30.0,2.5,2.6,8.62,NO,2.6,9.39,2.5,9.03,2.8,2.4,1.0,1482382800000000000,29.0,Monthly,25.0,25.5,26.0,24.5,25.5,25.5,26.0,25.5
O:XLF170120C00021000,2016-12-22,2017-01-20,XLF,C,25.85,19.0,2.5,2.6,1.38,NO,2.6,10.06,2.5,9.67,2.8,2.4,3.0,1482382800000000000,29.0,Monthly,25.0,25.5,26.0,24.5,25.5,25.5,26.0,25.5
O:XLF170120C00022000,2016-12-22,2017-01-20,XLF,C,27.08,24.0,2.5,2.6,6.2,NO,2.6,9.6,2.5,9.23,2.8,2.4,3.0,1482382800000000000,29.0,Monthly,25.0,25.5,26.0,24.5,25.5,25.5,26.0,25.5
O:XLF170120C00023000,2016-12-22,2017-01-20,XLF,C,28.31,28598.0,2.5,2.6,11.03,NO,2.6,9.18,2.5,8.83,2.8,2.4,41.0,1482382800000000000,29.0,Monthly,25.0,25.5,26.0,24.5,25.5,25.5,26.0,25.5
O:XLF170120C00023500,2016-12-22,2017-01-20,XLF,C,28.93,125.0,2.5,2.6,13.45,NO,2.6,8.99,2.5,8.64,2.8,2.4,9.0,1482382800000000000,29.0,Monthly,25.0,25.5,26.0,24.5,25.5,25.5,26.0,25.5
O:XLF170120C00024000,2016-12-22,2017-01-20,XLF,C,29.54,4230.0,2.5,2.6,15.86,NO,2.6,8.8,2.5,8.46,2.8,2.4,98.0,1482382800000000000,29.0,Monthly,25.0,25.5,26.0,24.5,25.5,25.5,26.0,25.5
O:XLF170120C00025000,2016-12-22,2017-01-20,XLF,C,30.77,430.0,2.5,2.6,20.69,NO,2.6,8.45,2.5,8.12,2.8,2.4,21.0,1482382800000000000,29.0,Monthly,25.0,25.5,26.0,24.5,25.5,25.5,26.0,25.5
O:XLF170120C00026000,2016-12-22,2017-01-20,XLF,C,32.01,5.0,2.5,2.6,25.51,NO,2.6,8.12,2.5,7.81,2.8,2.4,1.0,1482382800000000000,29.0,Monthly,25.0,25.5,26.0,24.5,25.5,25.5,26.0,25.5
O:XLF170120C00024500,2016-12-22,2017-01-20,XLF,C,30.16,14.0,2.5,2.6,18.27,NO,2.6,8.62,2.5,8.29,2.8,2.4,4.0,1482382800000000000,29.0,Monthly,25.0,25.5,26.0,24.5,25.5,25.5,26.0,25.5
O:XLF170120C00026500,2016-12-22,2017-01-20,XLF,C,32.62,11.0,2.5,2.6,27.93,NO,2.6,7.97,2.5,7.66,2.8,2.4,1.0,1482382800000000000,29.0,Monthly,25.0,25.5,26.0,24.5,25.5,25.5,26.0,25.5
O:XLF170120C00020000,2016-12-23,2017-01-20,XLF,C,24.62,26.0,2.5,2.6,-3.45,YES,2.6,10.56,2.5,10.15,2.8,2.4,4.0,1482469200000000000,28.0,Monthly,25.0,25.5,26.0,24.5,25.5,25.5,26.0,25.5
O:XLF170120C00021000,2016-12-23,2017-01-20,XLF,C,25.85,9.0,2.5,2.6,1.38,NO,2.6,10.06,2.5,9.67,2.8,2.4,2.0,1482469200000000000,28.0,Monthly,25.0,25.5,26.0,24.5,25.5,25.5,26.0,25.5
O:XLF170120C00018000,2016-12-23,2017-01-20,XLF,C,22.16,1.0,2.5,2.6,-13.11,YES,2.6,11.73,2.5,11.28,2.8,2.4,1.0,1482469200000000000,28.0,Monthly,25.0,25.5,26.0,24.5,25.5,25.5,26.0,25.5
O:XLF170120C00025000,2016-12-23,2017-01-20,XLF,C,30.77,487.0,2.5,2.6,20.69,NO,2.6,8.45,2.5,8.12,2.8,2.4,18.0,1482469200000000000,28.0,Monthly,25.0,25.5,26.0,24.5,25.5,25.5,26.0,25.5
O:XLF170120C00022000,2016-12-23,2017-01-20,XLF,C,27.08,71.0,2.5,2.6,6.2,NO,2.6,9.6,2.5,9.23,2.8,2.4,14.0,1482469200000000000,28.0,Monthly,25.0,25.5,26.0,24.5,25.5,25.5,26.0,25.5
O:XLF170120C00024500,2016-12-23,2017-01-20,XLF,C,30.16,69.0,2.5,2.6,18.27,NO,2.6,8.62,2.5,8.29,2.8,2.4,12.0,1482469200000000000,28.0,Monthly,25.0,25.5,26.0,24.5,25.5,25.5,26.0,25.5
O:XLF170120C00023500,2016-12-23,2017-01-20,XLF,C,28.93,1383.0,2.5,2.6,13.45,NO,2.6,8.99,2.5,8.64,2.8,2.4,31.0,1482469200000000000,28.0,Monthly,25.0,25.5,26.0,24.5,25.5,25.5,26.0,25.5
O:XLF170120C00024000,2016-12-23,2017-01-20,XLF,C,29.54,1319.0,2.5,2.6,15.86,NO,2.6,8.8,2.5,8.46,2.8,2.4,59.0,1482469200000000000,28.0,Monthly,25.0,25.5,26.0,24.5,25.5,25.5,26.0,25.5
O:XLF170120C00023000,2016-12-23,2017-01-20,XLF,C,28.31,283.0,2.5,2.6,11.03,NO,2.6,9.18,2.5,8.83,2.8,2.4,21.0,1482469200000000000,28.0,Monthly,25.0,25.5,26.0,24.5,25.5,25.5,26.0,25.5
O:XLF170120C00026000,2016-12-23,2017-01-20,XLF,C,32.01,3.0,2.5,2.6,25.51,NO,2.6,8.12,2.5,7.81,2.8,2.4,1.0,1482469200000000000,28.0,Monthly,25.0,25.5,26.0,24.5,25.5,25.5,26.0,25.5
