ticker,date_only,expiration_date,underlying_symbol,option_type,strike,volume,open_price,close_price,high_price,low_price,transactions,window_start,days_to_expiry,time_remaining_category,underlying_open,underlying_close,underlying_high,underlying_low,underlying_spot,underlying_close_at_expiry,underlying_high_at_expiry,underlying_spot_at_expiry
O:UNH170106C00144000,2017-01-03,2017-01-06,UNH,C,9.6,10,4.31,4.31,4.31,4.31,1,1483419600000000000,3,Weekly,161.13,161.45,162.27,159.15,162.27,162.41,162.94,162.94
O:UNH170106C00150000,2017-01-03,2017-01-06,UNH,C,10.0,1,2.65,2.65,2.65,2.65,1,1483419600000000000,3,Weekly,161.13,161.45,162.27,159.15,162.27,162.41,162.94,162.94
O:UNH170106C00157500,2017-01-03,2017-01-06,UNH,C,10.5,4,0.68,0.8,0.8,0.68,4,1483419600000000000,3,Weekly,161.13,161.45,162.27,159.15,162.27,162.41,162.94,162.94
O:UNH170106C00160000,2017-01-03,2017-01-06,UNH,C,10.67,129,0.52,0.52,0.62,0.22,12,1483419600000000000,3,Weekly,161.13,161.45,162.27,159.15,162.27,162.41,162.94,162.94
O:UNH170106C00162500,2017-01-03,2017-01-06,UNH,C,10.83,147,0.17,0.16,0.2,0.07,17,1483419600000000000,3,Weekly,161.13,161.45,162.27,159.15,162.27,162.41,162.94,162.94
O:UNH170106C00165000,2017-01-03,2017-01-06,UNH,C,11.0,39,0.03,0.02,0.07,0.01,10,1483419600000000000,3,Weekly,161.13,161.45,162.27,159.15,162.27,162.41,162.94,162.94
O:UNH170106C00167500,2017-01-03,2017-01-06,UNH,C,11.17,10,0.03,0.01,0.03,0.01,2,1483419600000000000,3,Weekly,161.13,161.45,162.27,159.15,162.27,162.41,162.94,162.94
O:UNH170113C00160000,2017-01-09,2017-01-13,UNH,C,10.67,15,0.75,0.68,0.75,0.59,5,1483938000000000000,4,Weekly,162.0,161.95,162.43,160.78,162.43,161.8,162.74,162.74
O:UNH170113C00162500,2017-01-09,2017-01-13,UNH,C,10.83,214,0.36,0.32,0.36,0.25,20,1483938000000000000,4,Weekly,162.0,161.95,162.43,160.78,162.43,161.8,162.74,162.74
O:UNH170113C00165000,2017-01-09,2017-01-13,UNH,C,11.0,43,0.13,0.12,0.13,0.09,7,1483938000000000000,4,Weekly,162.0,161.95,162.43,160.78,162.43,161.8,162.74,162.74
O:UNH170113C00167500,2017-01-09,2017-01-13,UNH,C,11.17,19,0.04,0.04,0.04,0.02,13,1483938000000000000,4,Weekly,162.0,161.95,162.43,160.78,162.43,161.8,162.74,162.74
O:UNH170113C00175000,2017-01-09,2017-01-13,UNH,C,11.67,1,0.01,0.01,0.01,0.01,1,1483938000000000000,4,Weekly,162.0,161.95,162.43,160.78,162.43,161.8,162.74,162.74
O:UNH170120C00080000,2017-01-17,2017-01-20,UNH,C,5.33,2,19.73,19.72,19.73,19.72,2,1484629200000000000,3,Weekly,162.61,160.66,162.97,157.51,162.97,158.66,159.8,159.8
O:UNH170120C00120000,2017-01-17,2017-01-20,UNH,C,8.0,10,10.0,10.0,10.0,10.0,3,1484629200000000000,3,Weekly,162.61,160.66,162.97,157.51,162.97,158.66,159.8,159.8
O:UNH170120C00130000,2017-01-17,2017-01-20,UNH,C,8.67,20,7.25,7.44,7.44,7.25,3,1484629200000000000,3,Weekly,162.61,160.66,162.97,157.51,162.97,158.66,159.8,159.8
O:UNH170120C00135000,2017-01-17,2017-01-20,UNH,C,9.0,7,5.88,6.1,6.1,5.88,7,1484629200000000000,3,Weekly,162.61,160.66,162.97,157.51,162.97,158.66,159.8,159.8
O:UNH170120C00140000,2017-01-17,2017-01-20,UNH,C,9.33,3,4.75,4.75,4.75,4.75,3,1484629200000000000,3,Weekly,162.61,160.66,162.97,157.51,162.97,158.66,159.8,159.8
O:UNH170120C00145000,2017-01-17,2017-01-20,UNH,C,9.67,16,3.44,3.94,3.94,3.44,11,1484629200000000000,3,Weekly,162.61,160.66,162.97,157.51,162.97,158.66,159.8,159.8
O:UNH170120C00150000,2017-01-17,2017-01-20,UNH,C,10.0,113,3.18,2.44,3.18,2.08,39,1484629200000000000,3,Weekly,162.61,160.66,162.97,157.51,162.97,158.66,159.8,159.8
O:UNH170120C00155000,2017-01-17,2017-01-20,UNH,C,10.33,166,1.38,1.45,1.45,1.0,30,1484629200000000000,3,Weekly,162.61,160.66,162.97,157.51,162.97,158.66,159.8,159.8
O:UNH170120C00157500,2017-01-17,2017-01-20,UNH,C,10.5,91,0.71,0.86,0.86,0.58,18,1484629200000000000,3,Weekly,162.61,160.66,162.97,157.51,162.97,158.66,159.8,159.8
O:UNH170120C00160000,2017-01-17,2017-01-20,UNH,C,10.67,939,0.88,0.38,0.88,0.18,118,1484629200000000000,3,Weekly,162.61,160.66,162.97,157.51,162.97,158.66,159.8,159.8
O:UNH170120C00162500,2017-01-17,2017-01-20,UNH,C,10.83,389,0.44,0.12,0.52,0.05,78,1484629200000000000,3,Weekly,162.61,160.66,162.97,157.51,162.97,158.66,159.8,159.8
O:UNH170120C00165000,2017-01-17,2017-01-20,UNH,C,11.0,655,0.48,0.04,0.48,0.01,95,1484629200000000000,3,Weekly,162.61,160.66,162.97,157.51,162.97,158.66,159.8,159.8
O:UNH170120C00167500,2017-01-17,2017-01-20,UNH,C,11.17,337,0.12,0.01,0.12,0.01,50,1484629200000000000,3,Weekly,162.61,160.66,162.97,157.51,162.97,158.66,159.8,159.8
O:UNH170120C00170000,2017-01-17,2017-01-20,UNH,C,11.33,268,0.03,0.01,0.06,0.01,39,1484629200000000000,3,Weekly,162.61,160.66,162.97,157.51,162.97,158.66,159.8,159.8
O:UNH170120C00172500,2017-01-17,2017-01-20,UNH,C,11.5,65,0.04,0.02,0.04,0.0,10,1484629200000000000,3,Weekly,162.61,160.66,162.97,157.51,162.97,158.66,159.8,159.8
O:UNH170120C00175000,2017-01-17,2017-01-20,UNH,C,11.67,199,0.01,0.01,0.02,0.0,32,1484629200000000000,3,Weekly,162.61,160.66,162.97,157.51,162.97,158.66,159.8,159.8
O:UNH170120C00180000,2017-01-17,2017-01-20,UNH,C,12.0,26,0.01,0.0,0.02,0.0,11,1484629200000000000,3,Weekly,162.61,160.66,162.97,157.51,162.97,158.66,159.8,159.8
O:UNH170127C00157500,2017-01-23,2017-01-27,UNH,C,10.5,49,0.58,0.59,0.6,0.35,12,1485147600000000000,4,Weekly,158.62,159.07,159.52,156.56,159.52,162.99,163.8,163.8
O:UNH170127C00160000,2017-01-23,2017-01-27,UNH,C,10.67,648,0.19,0.22,0.26,0.14,80,1485147600000000000,4,Weekly,158.62,159.07,159.52,156.56,159.52,162.99,163.8,163.8
O:UNH170127C00162500,2017-01-23,2017-01-27,UNH,C,10.83,246,0.06,0.06,0.08,0.04,19,1485147600000000000,4,Weekly,158.62,159.07,159.52,156.56,159.52,162.99,163.8,163.8
O:UNH170127C00165000,2017-01-23,2017-01-27,UNH,C,11.0,41,0.03,0.01,0.03,0.01,2,1485147600000000000,4,Weekly,158.62,159.07,159.52,156.56,159.52,162.99,163.8,163.8
O:UNH170127C00170000,2017-01-23,2017-01-27,UNH,C,11.33,10,0.02,0.02,0.02,0.02,1,1485147600000000000,4,Weekly,158.62,159.07,159.52,156.56,159.52,162.99,163.8,163.8
O:UNH170203C00150000,2017-01-30,2017-02-03,UNH,C,10.0,2,2.71,2.71,2.71,2.71,1,1485752400000000000,4,Weekly,162.94,162.09,163.46,161.31,163.46,161.87,162.0,162.0
O:UNH170203C00155000,2017-01-30,2017-02-03,UNH,C,10.33,7,1.7,1.62,1.7,1.62,3,1485752400000000000,4,Weekly,162.94,162.09,163.46,161.31,163.46,161.87,162.0,162.0
O:UNH170203C00160000,2017-01-30,2017-02-03,UNH,C,10.67,28,0.79,0.69,0.79,0.64,9,1485752400000000000,4,Weekly,162.94,162.09,163.46,161.31,163.46,161.87,162.0,162.0
O:UNH170203C00162500,2017-01-30,2017-02-03,UNH,C,10.83,61,0.46,0.33,0.46,0.28,21,1485752400000000000,4,Weekly,162.94,162.09,163.46,161.31,163.46,161.87,162.0,162.0
O:UNH170203C00165000,2017-01-30,2017-02-03,UNH,C,11.0,175,0.18,0.13,0.24,0.09,32,1485752400000000000,4,Weekly,162.94,162.09,163.46,161.31,163.46,161.87,162.0,162.0
O:UNH170203C00167500,2017-01-30,2017-02-03,UNH,C,11.17,60,0.07,0.01,0.1,0.01,12,1485752400000000000,4,Weekly,162.94,162.09,163.46,161.31,163.46,161.87,162.0,162.0
O:UNH170203C00177500,2017-01-30,2017-02-03,UNH,C,11.83,5,0.0,0.0,0.0,0.0,2,1485752400000000000,4,Weekly,162.94,162.09,163.46,161.31,163.46,161.87,162.0,162.0
O:UNH170210C00155000,2017-02-06,2017-02-10,UNH,C,10.33,40,1.67,1.42,1.67,1.42,3,1486357200000000000,4,Weekly,161.51,160.51,162.53,160.22,162.53,160.75,161.59,161.59
O:UNH170210C00157500,2017-02-06,2017-02-10,UNH,C,10.5,31,1.08,0.79,1.08,0.78,4,1486357200000000000,4,Weekly,161.51,160.51,162.53,160.22,162.53,160.75,161.59,161.59
O:UNH170210C00160000,2017-02-06,2017-02-10,UNH,C,10.67,117,0.54,0.38,0.54,0.37,5,1486357200000000000,4,Weekly,161.51,160.51,162.53,160.22,162.53,160.75,161.59,161.59
O:UNH170210C00162500,2017-02-06,2017-02-10,UNH,C,10.83,438,0.2,0.1,0.28,0.05,31,1486357200000000000,4,Weekly,161.51,160.51,162.53,160.22,162.53,160.75,161.59,161.59
O:UNH170210C00165000,2017-02-06,2017-02-10,UNH,C,11.0,56,0.06,0.02,0.08,0.01,10,1486357200000000000,4,Weekly,161.51,160.51,162.53,160.22,162.53,160.75,161.59,161.59
O:UNH170210C00167500,2017-02-06,2017-02-10,UNH,C,11.17,1,0.02,0.02,0.02,0.02,1,1486357200000000000,4,Weekly,161.51,160.51,162.53,160.22,162.53,160.75,161.59,161.59
O:UNH170217C00152500,2017-02-13,2017-02-17,UNH,C,10.17,10,2.26,2.24,2.26,2.24,2,1486962000000000000,4,Weekly,160.69,161.99,162.02,160.69,162.02,157.62,160.16,160.16
O:UNH170217C00155000,2017-02-13,2017-02-17,UNH,C,10.33,22,1.68,1.74,1.74,1.68,2,1486962000000000000,4,Weekly,160.69,161.99,162.02,160.69,162.02,157.62,160.16,160.16
O:UNH170217C00157500,2017-02-13,2017-02-17,UNH,C,10.5,5,1.02,1.15,1.15,1.02,4,1486962000000000000,4,Weekly,160.69,161.99,162.02,160.69,162.02,157.62,160.16,160.16
O:UNH170217C00160000,2017-02-13,2017-02-17,UNH,C,10.67,114,0.49,0.57,0.6,0.49,21,1486962000000000000,4,Weekly,160.69,161.99,162.02,160.69,162.02,157.62,160.16,160.16
O:UNH170217C00162500,2017-02-13,2017-02-17,UNH,C,10.83,150,0.13,0.2,0.21,0.13,39,1486962000000000000,4,Weekly,160.69,161.99,162.02,160.69,162.02,157.62,160.16,160.16
O:UNH170217C00165000,2017-02-13,2017-02-17,UNH,C,11.0,227,0.03,0.04,0.04,0.02,19,1486962000000000000,4,Weekly,160.69,161.99,162.02,160.69,162.02,157.62,160.16,160.16
O:UNH170217C00167500,2017-02-13,2017-02-17,UNH,C,11.17,10,0.01,0.01,0.01,0.01,1,1486962000000000000,4,Weekly,160.69,161.99,162.02,160.69,162.02,157.62,160.16,160.16
O:UNH170217C00170000,2017-02-13,2017-02-17,UNH,C,11.33,5,0.01,0.01,0.01,0.01,2,1486962000000000000,4,Weekly,160.69,161.99,162.02,160.69,162.02,157.62,160.16,160.16
O:UNH170224C00150000,2017-02-21,2017-02-24,UNH,C,10.0,4,2.62,2.62,2.62,2.62,1,1487653200000000000,3,Weekly,157.62,160.57,160.82,157.52,160.82,163.06,163.09,163.09
O:UNH170224C00155000,2017-02-21,2017-02-24,UNH,C,10.33,7,1.0,1.15,1.15,1.0,2,1487653200000000000,3,Weekly,157.62,160.57,160.82,157.52,160.82,163.06,163.09,163.09
O:UNH170224C00157500,2017-02-21,2017-02-24,UNH,C,10.5,78,0.36,0.85,0.85,0.35,32,1487653200000000000,3,Weekly,157.62,160.57,160.82,157.52,160.82,163.06,163.09,163.09
O:UNH170224C00160000,2017-02-21,2017-02-24,UNH,C,10.67,729,0.14,0.38,0.38,0.14,51,1487653200000000000,3,Weekly,157.62,160.57,160.82,157.52,160.82,163.06,163.09,163.09
O:UNH170224C00162500,2017-02-21,2017-02-24,UNH,C,10.83,981,0.01,0.1,0.1,0.0,47,1487653200000000000,3,Weekly,157.62,160.57,160.82,157.52,160.82,163.06,163.09,163.09
O:UNH170224C00165000,2017-02-21,2017-02-24,UNH,C,11.0,55,0.01,0.02,0.02,0.01,10,1487653200000000000,3,Weekly,157.62,160.57,160.82,157.52,160.82,163.06,163.09,163.09
O:UNH170224C00167500,2017-02-21,2017-02-24,UNH,C,11.17,12,0.0,0.02,0.02,0.0,2,1487653200000000000,3,Weekly,157.62,160.57,160.82,157.52,160.82,163.06,163.09,163.09
O:UNH170303C00155000,2017-02-27,2017-03-03,UNH,C,10.33,2,2.22,2.22,2.22,2.22,1,1488171600000000000,4,Weekly,163.16,165.38,165.46,162.81,165.46,168.2,168.45,168.45
O:UNH170303C00157500,2017-02-27,2017-03-03,UNH,C,10.5,105,1.66,1.81,1.81,1.66,3,1488171600000000000,4,Weekly,163.16,165.38,165.46,162.81,165.46,168.2,168.45,168.45
O:UNH170303C00160000,2017-02-27,2017-03-03,UNH,C,10.67,36,0.94,1.29,1.29,0.92,9,1488171600000000000,4,Weekly,163.16,165.38,165.46,162.81,165.46,168.2,168.45,168.45
O:UNH170303C00162500,2017-02-27,2017-03-03,UNH,C,10.83,109,0.5,0.82,0.82,0.48,25,1488171600000000000,4,Weekly,163.16,165.38,165.46,162.81,165.46,168.2,168.45,168.45
O:UNH170303C00165000,2017-02-27,2017-03-03,UNH,C,11.0,1087,0.18,0.34,0.34,0.16,103,1488171600000000000,4,Weekly,163.16,165.38,165.46,162.81,165.46,168.2,168.45,168.45
O:UNH170303C00167500,2017-02-27,2017-03-03,UNH,C,11.17,713,0.05,0.1,0.1,0.02,84,1488171600000000000,4,Weekly,163.16,165.38,165.46,162.81,165.46,168.2,168.45,168.45
O:UNH170303C00170000,2017-02-27,2017-03-03,UNH,C,11.33,26,0.02,0.01,0.02,0.01,3,1488171600000000000,4,Weekly,163.16,165.38,165.46,162.81,165.46,168.2,168.45,168.45
O:UNH170310C00160000,2017-03-06,2017-03-10,UNH,C,10.67,5,2.06,2.06,2.06,2.06,1,1488776400000000000,4,Weekly,167.43,168.7,169.35,167.13,169.35,169.98,170.0,170.0
O:UNH170310C00167500,2017-03-06,2017-03-10,UNH,C,11.17,262,0.28,0.4,0.5,0.25,24,1488776400000000000,4,Weekly,167.43,168.7,169.35,167.13,169.35,169.98,170.0,170.0
O:UNH170310C00170000,2017-03-06,2017-03-10,UNH,C,11.33,160,0.06,0.09,0.14,0.06,40,1488776400000000000,4,Weekly,167.43,168.7,169.35,167.13,169.35,169.98,170.0,170.0
O:UNH170310C00172500,2017-03-06,2017-03-10,UNH,C,11.5,10,0.02,0.02,0.02,0.02,2,1488776400000000000,4,Weekly,167.43,168.7,169.35,167.13,169.35,169.98,170.0,170.0
O:UNH170317C00140000,2017-03-13,2017-03-17,UNH,C,9.33,3,7.57,7.52,7.57,7.52,2,1489377600000000000,4,Weekly,169.99,170.21,170.93,169.55,170.93,169.7,171.54,171.54
O:UNH170317C00160000,2017-03-13,2017-03-17,UNH,C,10.67,78,2.5,2.62,2.66,2.5,9,1489377600000000000,4,Weekly,169.99,170.21,170.93,169.55,170.93,169.7,171.54,171.54
O:UNH170317C00162500,2017-03-13,2017-03-17,UNH,C,10.83,2,1.96,1.96,1.96,1.96,1,1489377600000000000,4,Weekly,169.99,170.21,170.93,169.55,170.93,169.7,171.54,171.54
O:UNH170317C00165000,2017-03-13,2017-03-17,UNH,C,11.0,83,1.28,1.32,1.51,1.28,15,1489377600000000000,4,Weekly,169.99,170.21,170.93,169.55,170.93,169.7,171.54,171.54
O:UNH170317C00167500,2017-03-13,2017-03-17,UNH,C,11.17,11,0.75,0.85,0.85,0.75,2,1489377600000000000,4,Weekly,169.99,170.21,170.93,169.55,170.93,169.7,171.54,171.54
O:UNH170317C00170000,2017-03-13,2017-03-17,UNH,C,11.33,424,0.29,0.36,0.41,0.27,67,1489377600000000000,4,Weekly,169.99,170.21,170.93,169.55,170.93,169.7,171.54,171.54
O:UNH170317C00172500,2017-03-13,2017-03-17,UNH,C,11.5,69,0.08,0.09,0.12,0.07,21,1489377600000000000,4,Weekly,169.99,170.21,170.93,169.55,170.93,169.7,171.54,171.54
O:UNH170317C00175000,2017-03-13,2017-03-17,UNH,C,11.67,24,0.02,0.02,0.02,0.02,3,1489377600000000000,4,Weekly,169.99,170.21,170.93,169.55,170.93,169.7,171.54,171.54
O:UNH170317C00177500,2017-03-13,2017-03-17,UNH,C,11.83,6,0.01,0.01,0.01,0.01,1,1489377600000000000,4,Weekly,169.99,170.21,170.93,169.55,170.93,169.7,171.54,171.54
O:UNH170324C00165000,2017-03-20,2017-03-24,UNH,C,11.0,8,0.88,0.86,0.88,0.86,2,1489982400000000000,4,Weekly,169.93,168.0,170.24,167.92,170.24,165.0,167.4,167.4
O:UNH170324C00167500,2017-03-20,2017-03-24,UNH,C,11.17,37,0.43,0.35,0.52,0.35,11,1489982400000000000,4,Weekly,169.93,168.0,170.24,167.92,170.24,165.0,167.4,167.4
O:UNH170324C00170000,2017-03-20,2017-03-24,UNH,C,11.33,40,0.28,0.13,0.28,0.12,10,1489982400000000000,4,Weekly,169.93,168.0,170.24,167.92,170.24,165.0,167.4,167.4
O:UNH170324C00172500,2017-03-20,2017-03-24,UNH,C,11.5,299,0.06,0.01,0.06,0.01,26,1489982400000000000,4,Weekly,169.93,168.0,170.24,167.92,170.24,165.0,167.4,167.4
O:UNH170331C00160000,2017-03-27,2017-03-31,UNH,C,10.67,35,1.29,1.12,1.29,1.03,4,1490587200000000000,4,Weekly,163.99,164.6,165.11,163.31,165.11,164.01,165.1,165.1
O:UNH170331C00162500,2017-03-27,2017-03-31,UNH,C,10.83,25,0.66,0.7,0.7,0.66,2,1490587200000000000,4,Weekly,163.99,164.6,165.11,163.31,165.11,164.01,165.1,165.1
O:UNH170331C00165000,2017-03-27,2017-03-31,UNH,C,11.0,417,0.44,0.31,0.44,0.28,24,1490587200000000000,4,Weekly,163.99,164.6,165.11,163.31,165.11,164.01,165.1,165.1
O:UNH170331C00167500,2017-03-27,2017-03-31,UNH,C,11.17,123,0.13,0.09,0.14,0.09,22,1490587200000000000,4,Weekly,163.99,164.6,165.11,163.31,165.11,164.01,165.1,165.1
O:UNH170331C00170000,2017-03-27,2017-03-31,UNH,C,11.33,552,0.05,0.02,0.05,0.01,22,1490587200000000000,4,Weekly,163.99,164.6,165.11,163.31,165.11,164.01,165.1,165.1
O:UNH170331C00172500,2017-03-27,2017-03-31,UNH,C,11.5,1,0.0,0.0,0.0,0.0,1,1490587200000000000,4,Weekly,163.99,164.6,165.11,163.31,165.11,164.01,165.1,165.1
O:UNH170407C00162500,2017-04-03,2017-04-07,UNH,C,10.83,23,0.97,0.76,0.99,0.76,7,1491192000000000000,4,Weekly,164.62,165.59,166.14,164.25,166.14,166.02,166.5,166.5
O:UNH170407C00165000,2017-04-03,2017-04-07,UNH,C,11.0,170,0.25,0.4,0.4,0.25,18,1491192000000000000,4,Weekly,164.62,165.59,166.14,164.25,166.14,166.02,166.5,166.5
O:UNH170407C00167500,2017-04-03,2017-04-07,UNH,C,11.17,1815,0.1,0.12,0.2,0.08,147,1491192000000000000,4,Weekly,164.62,165.59,166.14,164.25,166.14,166.02,166.5,166.5
O:UNH170407C00170000,2017-04-03,2017-04-07,UNH,C,11.33,1,0.05,0.05,0.05,0.05,1,1491192000000000000,4,Weekly,164.62,165.59,166.14,164.25,166.14,166.02,166.5,166.5
O:UNH170407C00172500,2017-04-03,2017-04-07,UNH,C,11.5,5,0.01,0.01,0.01,0.01,2,1491192000000000000,4,Weekly,164.62,165.59,166.14,164.25,166.14,166.02,166.5,166.5
O:UNH170413C00160000,2017-04-10,2017-04-13,UNH,C,10.67,12,1.6,1.39,1.6,1.39,3,1491796800000000000,3,Weekly,166.19,165.48,167.0,165.28,167.0,164.96,165.65,165.65
O:UNH170413C00165000,2017-04-10,2017-04-13,UNH,C,11.0,137,0.5,0.34,0.56,0.31,19,1491796800000000000,3,Weekly,166.19,165.48,167.0,165.28,167.0,164.96,165.65,165.65
O:UNH170413C00167500,2017-04-10,2017-04-13,UNH,C,11.17,28,0.1,0.17,0.19,0.1,10,1491796800000000000,3,Weekly,166.19,165.48,167.0,165.28,167.0,164.96,165.65,165.65
O:UNH170413C00170000,2017-04-10,2017-04-13,UNH,C,11.33,68,0.04,0.05,0.05,0.03,4,1491796800000000000,3,Weekly,166.19,165.48,167.0,165.28,167.0,164.96,165.65,165.65
O:UNH170413C00172500,2017-04-10,2017-04-13,UNH,C,11.5,35,0.02,0.02,0.02,0.02,1,1491796800000000000,3,Weekly,166.19,165.48,167.0,165.28,167.0,164.96,165.65,165.65
O:UNH170413C00175000,2017-04-10,2017-04-13,UNH,C,11.67,40,0.01,0.0,0.01,0.0,5,1491796800000000000,3,Weekly,166.19,165.48,167.0,165.28,167.0,164.96,165.65,165.65
O:UNH170421C00150000,2017-04-17,2017-04-21,UNH,C,10.0,1,4.32,4.32,4.32,4.32,1,1492401600000000000,4,Weekly,164.99,167.18,167.42,164.96,167.42,171.16,172.62,172.62
O:UNH170421C00160000,2017-04-17,2017-04-21,UNH,C,10.67,52,1.59,1.99,1.99,1.56,9,1492401600000000000,4,Weekly,164.99,167.18,167.42,164.96,167.42,171.16,172.62,172.62
O:UNH170421C00162500,2017-04-17,2017-04-21,UNH,C,10.83,23,1.12,1.32,1.32,1.11,18,1492401600000000000,4,Weekly,164.99,167.18,167.42,164.96,167.42,171.16,172.62,172.62
O:UNH170421C00165000,2017-04-17,2017-04-21,UNH,C,11.0,131,0.61,0.9,0.92,0.61,44,1492401600000000000,4,Weekly,164.99,167.18,167.42,164.96,167.42,171.16,172.62,172.62
O:UNH170421C00167500,2017-04-17,2017-04-21,UNH,C,11.17,2413,0.32,0.56,0.56,0.32,261,1492401600000000000,4,Weekly,164.99,167.18,167.42,164.96,167.42,171.16,172.62,172.62
O:UNH170421C00170000,2017-04-17,2017-04-21,UNH,C,11.33,2827,0.15,0.29,0.3,0.15,180,1492401600000000000,4,Weekly,164.99,167.18,167.42,164.96,167.42,171.16,172.62,172.62
O:UNH170421C00172500,2017-04-17,2017-04-21,UNH,C,11.5,292,0.07,0.13,0.14,0.07,61,1492401600000000000,4,Weekly,164.99,167.18,167.42,164.96,167.42,171.16,172.62,172.62
O:UNH170421C00175000,2017-04-17,2017-04-21,UNH,C,11.67,473,0.05,0.06,0.06,0.02,64,1492401600000000000,4,Weekly,164.99,167.18,167.42,164.96,167.42,171.16,172.62,172.62
O:UNH170421C00177500,2017-04-17,2017-04-21,UNH,C,11.83,69,0.02,0.03,0.04,0.01,10,1492401600000000000,4,Weekly,164.99,167.18,167.42,164.96,167.42,171.16,172.62,172.62
O:UNH170421C00180000,2017-04-17,2017-04-21,UNH,C,12.0,173,0.02,0.01,0.02,0.0,15,1492401600000000000,4,Weekly,164.99,167.18,167.42,164.96,167.42,171.16,172.62,172.62
O:UNH170421C00185000,2017-04-17,2017-04-21,UNH,C,12.33,30,0.01,0.01,0.01,0.01,1,1492401600000000000,4,Weekly,164.99,167.18,167.42,164.96,167.42,171.16,172.62,172.62
O:UNH170428C00160000,2017-04-24,2017-04-28,UNH,C,10.67,10,3.09,3.09,3.09,3.09,1,1493006400000000000,4,Weekly,172.66,172.33,173.16,171.7,173.16,174.88,175.0,175.0
O:UNH170428C00167500,2017-04-24,2017-04-28,UNH,C,11.17,52,1.26,1.2,1.26,1.2,7,1493006400000000000,4,Weekly,172.66,172.33,173.16,171.7,173.16,174.88,175.0,175.0
O:UNH170428C00170000,2017-04-24,2017-04-28,UNH,C,11.33,158,0.71,0.61,0.72,0.5,16,1493006400000000000,4,Weekly,172.66,172.33,173.16,171.7,173.16,174.88,175.0,175.0
O:UNH170428C00172500,2017-04-24,2017-04-28,UNH,C,11.5,79,0.31,0.22,0.31,0.16,20,1493006400000000000,4,Weekly,172.66,172.33,173.16,171.7,173.16,174.88,175.0,175.0
O:UNH170428C00175000,2017-04-24,2017-04-28,UNH,C,11.67,25,0.04,0.03,0.04,0.02,7,1493006400000000000,4,Weekly,172.66,172.33,173.16,171.7,173.16,174.88,175.0,175.0
O:UNH170428C00177500,2017-04-24,2017-04-28,UNH,C,11.83,41,0.02,0.02,0.02,0.01,3,1493006400000000000,4,Weekly,172.66,172.33,173.16,171.7,173.16,174.88,175.0,175.0
O:UNH170505C00170000,2017-05-01,2017-05-05,UNH,C,11.33,23,1.46,1.01,1.46,1.01,5,1493611200000000000,4,Weekly,175.0,174.59,176.14,174.09,176.14,174.12,174.88,174.88
O:UNH170505C00172500,2017-05-01,2017-05-05,UNH,C,11.5,9,0.96,0.43,0.96,0.43,5,1493611200000000000,4,Weekly,175.0,174.59,176.14,174.09,176.14,174.12,174.88,174.88
O:UNH170505C00175000,2017-05-01,2017-05-05,UNH,C,11.67,35,0.37,0.29,0.46,0.29,12,1493611200000000000,4,Weekly,175.0,174.59,176.14,174.09,176.14,174.12,174.88,174.88
O:UNH170505C00177500,2017-05-01,2017-05-05,UNH,C,11.83,32,0.08,0.07,0.12,0.04,7,1493611200000000000,4,Weekly,175.0,174.59,176.14,174.09,176.14,174.12,174.88,174.88
O:UNH170512C00140000,2017-05-08,2017-05-12,UNH,C,9.33,2,8.57,8.57,8.57,8.57,1,1494216000000000000,4,Weekly,173.93,174.44,174.56,173.57,174.56,171.81,173.39,173.39
O:UNH170512C00162500,2017-05-08,2017-05-12,UNH,C,10.83,2,2.76,3.12,3.12,2.76,2,1494216000000000000,4,Weekly,173.93,174.44,174.56,173.57,174.56,171.81,173.39,173.39
O:UNH170512C00172500,2017-05-08,2017-05-12,UNH,C,11.5,4,0.58,0.54,0.58,0.54,2,1494216000000000000,4,Weekly,173.93,174.44,174.56,173.57,174.56,171.81,173.39,173.39
O:UNH170512C00175000,2017-05-08,2017-05-12,UNH,C,11.67,632,0.24,0.2,0.24,0.16,39,1494216000000000000,4,Weekly,173.93,174.44,174.56,173.57,174.56,171.81,173.39,173.39
O:UNH170512C00177500,2017-05-08,2017-05-12,UNH,C,11.83,110,0.04,0.03,0.04,0.03,24,1494216000000000000,4,Weekly,173.93,174.44,174.56,173.57,174.56,171.81,173.39,173.39
O:UNH170512C00180000,2017-05-08,2017-05-12,UNH,C,12.0,8,0.01,0.01,0.01,0.01,1,1494216000000000000,4,Weekly,173.93,174.44,174.56,173.57,174.56,171.81,173.39,173.39
O:UNH170519C00150000,2017-05-15,2017-05-19,UNH,C,10.0,4,5.2,5.2,5.2,5.2,1,1494820800000000000,4,Weekly,171.79,171.53,172.0,170.23,172.0,172.59,172.95,172.95
O:UNH170519C00165000,2017-05-15,2017-05-19,UNH,C,11.0,147,1.39,1.46,1.5,1.39,13,1494820800000000000,4,Weekly,171.79,171.53,172.0,170.23,172.0,172.59,172.95,172.95
O:UNH170519C00167500,2017-05-15,2017-05-19,UNH,C,11.17,10,0.85,0.85,0.85,0.85,1,1494820800000000000,4,Weekly,171.79,171.53,172.0,170.23,172.0,172.59,172.95,172.95
O:UNH170519C00170000,2017-05-15,2017-05-19,UNH,C,11.33,250,0.54,0.56,0.56,0.38,27,1494820800000000000,4,Weekly,171.79,171.53,172.0,170.23,172.0,172.59,172.95,172.95
O:UNH170519C00172500,2017-05-15,2017-05-19,UNH,C,11.5,543,0.19,0.2,0.23,0.11,80,1494820800000000000,4,Weekly,171.79,171.53,172.0,170.23,172.0,172.59,172.95,172.95
O:UNH170519C00175000,2017-05-15,2017-05-19,UNH,C,11.67,354,0.06,0.04,0.06,0.02,31,1494820800000000000,4,Weekly,171.79,171.53,172.0,170.23,172.0,172.59,172.95,172.95
O:UNH170519C00177500,2017-05-15,2017-05-19,UNH,C,11.83,64,0.0,0.02,0.02,0.0,9,1494820800000000000,4,Weekly,171.79,171.53,172.0,170.23,172.0,172.59,172.95,172.95
O:UNH170519C00180000,2017-05-15,2017-05-19,UNH,C,12.0,2,0.01,0.0,0.01,0.0,2,1494820800000000000,4,Weekly,171.79,171.53,172.0,170.23,172.0,172.59,172.95,172.95
O:UNH170526C00170000,2017-05-22,2017-05-26,UNH,C,11.33,7,1.19,1.27,1.27,1.17,3,1495425600000000000,4,Weekly,172.73,174.7,174.9,172.6,174.9,177.5,178.89,178.89
O:UNH170526C00172500,2017-05-22,2017-05-26,UNH,C,11.5,69,0.55,0.71,0.71,0.55,10,1495425600000000000,4,Weekly,172.73,174.7,174.9,172.6,174.9,177.5,178.89,178.89
O:UNH170526C00175000,2017-05-22,2017-05-26,UNH,C,11.67,109,0.17,0.3,0.3,0.17,21,1495425600000000000,4,Weekly,172.73,174.7,174.9,172.6,174.9,177.5,178.89,178.89
O:UNH170526C00177500,2017-05-22,2017-05-26,UNH,C,11.83,92,0.04,0.08,0.09,0.04,13,1495425600000000000,4,Weekly,172.73,174.7,174.9,172.6,174.9,177.5,178.89,178.89
O:UNH170526C00180000,2017-05-22,2017-05-26,UNH,C,12.0,7,0.02,0.02,0.02,0.02,2,1495425600000000000,4,Weekly,172.73,174.7,174.9,172.6,174.9,177.5,178.89,178.89
O:UNH170602C00172500,2017-05-30,2017-06-02,UNH,C,11.5,10,1.19,1.19,1.19,1.19,1,1496116800000000000,3,Weekly,177.54,176.59,178.08,176.24,178.08,179.39,179.92,179.92
O:UNH170602C00175000,2017-05-30,2017-06-02,UNH,C,11.67,5,0.68,0.68,0.68,0.68,1,1496116800000000000,3,Weekly,177.54,176.59,178.08,176.24,178.08,179.39,179.92,179.92
O:UNH170602C00177500,2017-05-30,2017-06-02,UNH,C,11.83,33,0.35,0.14,0.35,0.14,9,1496116800000000000,3,Weekly,177.54,176.59,178.08,176.24,178.08,179.39,179.92,179.92
O:UNH170602C00180000,2017-05-30,2017-06-02,UNH,C,12.0,72,0.07,0.02,0.08,0.02,10,1496116800000000000,3,Weekly,177.54,176.59,178.08,176.24,178.08,179.39,179.92,179.92
O:UNH170602C00182500,2017-05-30,2017-06-02,UNH,C,12.17,10,0.01,0.01,0.01,0.01,1,1496116800000000000,3,Weekly,177.54,176.59,178.08,176.24,178.08,179.39,179.92,179.92
O:UNH170609C00177500,2017-06-05,2017-06-09,UNH,C,11.83,35,0.63,0.71,0.75,0.63,5,1496635200000000000,4,Weekly,179.53,179.37,180.32,179.16,180.32,181.46,182.4,182.4
O:UNH170609C00180000,2017-06-05,2017-06-09,UNH,C,12.0,39,0.3,0.26,0.34,0.24,12,1496635200000000000,4,Weekly,179.53,179.37,180.32,179.16,180.32,181.46,182.4,182.4
O:UNH170609C00182500,2017-06-05,2017-06-09,UNH,C,12.17,119,0.08,0.08,0.1,0.06,20,1496635200000000000,4,Weekly,179.53,179.37,180.32,179.16,180.32,181.46,182.4,182.4
O:UNH170616C00145000,2017-06-12,2017-06-16,UNH,C,9.67,1,8.22,8.22,8.22,8.22,1,1497240000000000000,4,Weekly,181.01,179.25,181.82,176.42,181.82,181.63,182.46,182.46
O:UNH170616C00150000,2017-06-12,2017-06-16,UNH,C,10.0,6,7.0,6.98,7.0,6.98,2,1497240000000000000,4,Weekly,181.01,179.25,181.82,176.42,181.82,181.63,182.46,182.46
O:UNH170616C00155000,2017-06-12,2017-06-16,UNH,C,10.33,1,5.75,5.75,5.75,5.75,1,1497240000000000000,4,Weekly,181.01,179.25,181.82,176.42,181.82,181.63,182.46,182.46
O:UNH170616C00160000,2017-06-12,2017-06-16,UNH,C,10.67,57,4.84,4.41,4.84,4.41,11,1497240000000000000,4,Weekly,181.01,179.25,181.82,176.42,181.82,181.63,182.46,182.46
O:UNH170616C00165000,2017-06-12,2017-06-16,UNH,C,11.0,188,3.98,3.42,4.09,3.12,9,1497240000000000000,4,Weekly,181.01,179.25,181.82,176.42,181.82,181.63,182.46,182.46
O:UNH170616C00170000,2017-06-12,2017-06-16,UNH,C,11.33,342,2.26,1.96,2.26,1.94,23,1497240000000000000,4,Weekly,181.01,179.25,181.82,176.42,181.82,181.63,182.46,182.46
O:UNH170616C00175000,2017-06-12,2017-06-16,UNH,C,11.67,170,1.11,1.11,1.11,0.62,40,1497240000000000000,4,Weekly,181.01,179.25,181.82,176.42,181.82,181.63,182.46,182.46
O:UNH170616C00177500,2017-06-12,2017-06-16,UNH,C,11.83,218,0.88,0.59,0.88,0.29,62,1497240000000000000,4,Weekly,181.01,179.25,181.82,176.42,181.82,181.63,182.46,182.46
O:UNH170616C00180000,2017-06-12,2017-06-16,UNH,C,12.0,248,0.42,0.24,0.42,0.14,23,1497240000000000000,4,Weekly,181.01,179.25,181.82,176.42,181.82,181.63,182.46,182.46
O:UNH170616C00182500,2017-06-12,2017-06-16,UNH,C,12.17,82,0.08,0.06,0.08,0.04,14,1497240000000000000,4,Weekly,181.01,179.25,181.82,176.42,181.82,181.63,182.46,182.46
O:UNH170616C00185000,2017-06-12,2017-06-16,UNH,C,12.33,14,0.04,0.02,0.04,0.01,6,1497240000000000000,4,Weekly,181.01,179.25,181.82,176.42,181.82,181.63,182.46,182.46
O:UNH170623C00182500,2017-06-19,2017-06-23,UNH,C,12.17,82,0.28,0.36,0.36,0.16,19,1497844800000000000,4,Weekly,182.3,183.02,183.02,180.76,183.02,185.25,186.27,186.27
O:UNH170623C00185000,2017-06-19,2017-06-23,UNH,C,12.33,68,0.08,0.08,0.1,0.06,20,1497844800000000000,4,Weekly,182.3,183.02,183.02,180.76,183.02,185.25,186.27,186.27
O:UNH170623C00187500,2017-06-19,2017-06-23,UNH,C,12.5,52,0.02,0.01,0.02,0.01,11,1497844800000000000,4,Weekly,182.3,183.02,183.02,180.76,183.02,185.25,186.27,186.27
O:UNH170630C00177500,2017-06-26,2017-06-30,UNH,C,11.83,1,1.89,1.89,1.89,1.89,1,1498449600000000000,4,Weekly,185.13,185.12,185.89,183.39,185.89,185.42,186.19,186.19
O:UNH170630C00180000,2017-06-26,2017-06-30,UNH,C,12.0,32,1.16,1.2,1.2,1.16,2,1498449600000000000,4,Weekly,185.13,185.12,185.89,183.39,185.89,185.42,186.19,186.19
O:UNH170630C00182500,2017-06-26,2017-06-30,UNH,C,12.17,76,0.88,0.81,0.88,0.6,15,1498449600000000000,4,Weekly,185.13,185.12,185.89,183.39,185.89,185.42,186.19,186.19
O:UNH170630C00185000,2017-06-26,2017-06-30,UNH,C,12.33,751,0.5,0.42,0.5,0.23,61,1498449600000000000,4,Weekly,185.13,185.12,185.89,183.39,185.89,185.42,186.19,186.19
O:UNH170630C00187500,2017-06-26,2017-06-30,UNH,C,12.5,184,0.14,0.14,0.15,0.06,19,1498449600000000000,4,Weekly,185.13,185.12,185.89,183.39,185.89,185.42,186.19,186.19
O:UNH170630C00190000,2017-06-26,2017-06-30,UNH,C,12.67,42,0.03,0.03,0.04,0.02,12,1498449600000000000,4,Weekly,185.13,185.12,185.89,183.39,185.89,185.42,186.19,186.19
O:UNH170630C00192500,2017-06-26,2017-06-30,UNH,C,12.83,20,0.02,0.01,0.02,0.01,2,1498449600000000000,4,Weekly,185.13,185.12,185.89,183.39,185.89,185.42,186.19,186.19
O:UNH170707C00182500,2017-07-03,2017-07-07,UNH,C,12.17,3,1.09,1.09,1.09,1.09,1,1499054400000000000,4,Weekly,186.29,186.65,187.53,185.74,187.53,187.96,188.43,188.43
O:UNH170707C00185000,2017-07-03,2017-07-07,UNH,C,12.33,14,0.6,0.69,0.69,0.5,4,1499054400000000000,4,Weekly,186.29,186.65,187.53,185.74,187.53,187.96,188.43,188.43
O:UNH170707C00187500,2017-07-03,2017-07-07,UNH,C,12.5,948,0.12,0.19,0.27,0.12,95,1499054400000000000,4,Weekly,186.29,186.65,187.53,185.74,187.53,187.96,188.43,188.43
O:UNH170707C00190000,2017-07-03,2017-07-07,UNH,C,12.67,76,0.03,0.04,0.06,0.03,6,1499054400000000000,4,Weekly,186.29,186.65,187.53,185.74,187.53,187.96,188.43,188.43
O:UNH170707C00192500,2017-07-03,2017-07-07,UNH,C,12.83,12,0.0,0.0,0.0,0.0,1,1499054400000000000,4,Weekly,186.29,186.65,187.53,185.74,187.53,187.96,188.43,188.43
O:UNH170714C00180000,2017-07-10,2017-07-14,UNH,C,12.0,39,1.85,1.85,1.85,1.85,2,1499659200000000000,4,Weekly,187.33,186.95,188.0,186.15,188.0,186.9,187.13,187.13
O:UNH170714C00185000,2017-07-10,2017-07-14,UNH,C,12.33,8,0.52,0.52,0.52,0.52,1,1499659200000000000,4,Weekly,187.33,186.95,188.0,186.15,188.0,186.9,187.13,187.13
O:UNH170714C00187500,2017-07-10,2017-07-14,UNH,C,12.5,140,0.34,0.25,0.39,0.18,18,1499659200000000000,4,Weekly,187.33,186.95,188.0,186.15,188.0,186.9,187.13,187.13
O:UNH170714C00190000,2017-07-10,2017-07-14,UNH,C,12.67,46,0.12,0.04,0.12,0.04,7,1499659200000000000,4,Weekly,187.33,186.95,188.0,186.15,188.0,186.9,187.13,187.13
O:UNH170714C00192500,2017-07-10,2017-07-14,UNH,C,12.83,20,0.02,0.02,0.02,0.02,1,1499659200000000000,4,Weekly,187.33,186.95,188.0,186.15,188.0,186.9,187.13,187.13
O:UNH170721C00140000,2017-07-17,2017-07-21,UNH,C,9.33,1,11.49,11.49,11.49,11.49,1,1500264000000000000,4,Weekly,187.07,186.35,187.24,185.76,187.24,191.78,193.0,193.0
O:UNH170721C00150000,2017-07-17,2017-07-21,UNH,C,10.0,1,9.11,9.11,9.11,9.11,1,1500264000000000000,4,Weekly,187.07,186.35,187.24,185.76,187.24,191.78,193.0,193.0
O:UNH170721C00170000,2017-07-17,2017-07-21,UNH,C,11.33,10,4.32,4.32,4.32,4.32,1,1500264000000000000,4,Weekly,187.07,186.35,187.24,185.76,187.24,191.78,193.0,193.0
O:UNH170721C00175000,2017-07-17,2017-07-21,UNH,C,11.67,122,2.84,2.96,2.96,2.84,9,1500264000000000000,4,Weekly,187.07,186.35,187.24,185.76,187.24,191.78,193.0,193.0
O:UNH170721C00180000,2017-07-17,2017-07-21,UNH,C,12.0,32,1.85,1.81,1.85,1.73,13,1500264000000000000,4,Weekly,187.07,186.35,187.24,185.76,187.24,191.78,193.0,193.0
O:UNH170721C00182500,2017-07-17,2017-07-21,UNH,C,12.17,44,1.25,1.25,1.31,1.2,10,1500264000000000000,4,Weekly,187.07,186.35,187.24,185.76,187.24,191.78,193.0,193.0
O:UNH170721C00185000,2017-07-17,2017-07-21,UNH,C,12.33,360,0.94,0.86,0.94,0.74,85,1500264000000000000,4,Weekly,187.07,186.35,187.24,185.76,187.24,191.78,193.0,193.0
O:UNH170721C00187500,2017-07-17,2017-07-21,UNH,C,12.5,1091,0.59,0.52,0.59,0.46,208,1500264000000000000,4,Weekly,187.07,186.35,187.24,185.76,187.24,191.78,193.0,193.0
O:UNH170721C00190000,2017-07-17,2017-07-21,UNH,C,12.67,714,0.39,0.28,0.39,0.21,135,1500264000000000000,4,Weekly,187.07,186.35,187.24,185.76,187.24,191.78,193.0,193.0
O:UNH170721C00192500,2017-07-17,2017-07-21,UNH,C,12.83,464,0.18,0.14,0.18,0.11,135,1500264000000000000,4,Weekly,187.07,186.35,187.24,185.76,187.24,191.78,193.0,193.0
O:UNH170721C00195000,2017-07-17,2017-07-21,UNH,C,13.0,1648,0.08,0.05,0.11,0.04,191,1500264000000000000,4,Weekly,187.07,186.35,187.24,185.76,187.24,191.78,193.0,193.0
O:UNH170721C00197500,2017-07-17,2017-07-21,UNH,C,13.17,48,0.04,0.02,0.04,0.02,25,1500264000000000000,4,Weekly,187.07,186.35,187.24,185.76,187.24,191.78,193.0,193.0
O:UNH170721C00200000,2017-07-17,2017-07-21,UNH,C,13.33,16,0.01,0.01,0.02,0.01,7,1500264000000000000,4,Weekly,187.07,186.35,187.24,185.76,187.24,191.78,193.0,193.0
O:UNH170728C00180000,2017-07-24,2017-07-28,UNH,C,12.0,1,2.75,2.75,2.75,2.75,1,1500868800000000000,4,Weekly,191.79,190.89,192.17,190.64,192.17,191.15,191.24,191.24
O:UNH170728C00182500,2017-07-24,2017-07-28,UNH,C,12.17,12,2.24,2.09,2.24,2.09,3,1500868800000000000,4,Weekly,191.79,190.89,192.17,190.64,192.17,191.15,191.24,191.24
O:UNH170728C00185000,2017-07-24,2017-07-28,UNH,C,12.33,5,1.48,1.56,1.56,1.48,4,1500868800000000000,4,Weekly,191.79,190.89,192.17,190.64,192.17,191.15,191.24,191.24
O:UNH170728C00187500,2017-07-24,2017-07-28,UNH,C,12.5,406,0.9,0.98,1.01,0.89,21,1500868800000000000,4,Weekly,191.79,190.89,192.17,190.64,192.17,191.15,191.24,191.24
O:UNH170728C00190000,2017-07-24,2017-07-28,UNH,C,12.67,104,0.59,0.44,0.59,0.42,6,1500868800000000000,4,Weekly,191.79,190.89,192.17,190.64,192.17,191.15,191.24,191.24
O:UNH170728C00192500,2017-07-24,2017-07-28,UNH,C,12.83,176,0.24,0.12,0.24,0.12,18,1500868800000000000,4,Weekly,191.79,190.89,192.17,190.64,192.17,191.15,191.24,191.24
O:UNH170728C00195000,2017-07-24,2017-07-28,UNH,C,13.0,37,0.05,0.02,0.05,0.02,4,1500868800000000000,4,Weekly,191.79,190.89,192.17,190.64,192.17,191.15,191.24,191.24
O:UNH170804C00170000,2017-07-31,2017-08-04,UNH,C,11.33,2,5.45,5.45,5.45,5.45,1,1501473600000000000,4,Weekly,191.59,191.81,192.61,191.14,192.61,194.88,196.04,196.04
O:UNH170804C00175000,2017-07-31,2017-08-04,UNH,C,11.67,20,4.2,4.2,4.2,4.2,2,1501473600000000000,4,Weekly,191.59,191.81,192.61,191.14,192.61,194.88,196.04,196.04
O:UNH170804C00187500,2017-07-31,2017-08-04,UNH,C,12.5,32,1.23,1.18,1.23,1.0,4,1501473600000000000,4,Weekly,191.59,191.81,192.61,191.14,192.61,194.88,196.04,196.04
O:UNH170804C00190000,2017-07-31,2017-08-04,UNH,C,12.67,32,0.59,0.55,0.6,0.5,5,1501473600000000000,4,Weekly,191.59,191.81,192.61,191.14,192.61,194.88,196.04,196.04
O:UNH170804C00192500,2017-07-31,2017-08-04,UNH,C,12.83,79,0.28,0.21,0.28,0.17,17,1501473600000000000,4,Weekly,191.59,191.81,192.61,191.14,192.61,194.88,196.04,196.04
O:UNH170804C00195000,2017-07-31,2017-08-04,UNH,C,13.0,36,0.08,0.03,0.08,0.03,12,1501473600000000000,4,Weekly,191.59,191.81,192.61,191.14,192.61,194.88,196.04,196.04
O:UNH170804C00197500,2017-07-31,2017-08-04,UNH,C,13.17,13,0.01,0.01,0.01,0.01,1,1501473600000000000,4,Weekly,191.59,191.81,192.61,191.14,192.61,194.88,196.04,196.04
O:UNH170804C00200000,2017-07-31,2017-08-04,UNH,C,13.33,2,0.01,0.0,0.01,0.0,2,1501473600000000000,4,Weekly,191.59,191.81,192.61,191.14,192.61,194.88,196.04,196.04
O:UNH170811C00190000,2017-08-07,2017-08-11,UNH,C,12.67,3,1.15,1.15,1.15,1.14,3,1502078400000000000,4,Weekly,194.81,194.78,195.41,193.9,195.41,193.02,194.54,194.54
O:UNH170811C00192500,2017-08-07,2017-08-11,UNH,C,12.83,5,0.74,0.69,0.74,0.64,3,1502078400000000000,4,Weekly,194.81,194.78,195.41,193.9,195.41,193.02,194.54,194.54
O:UNH170811C00195000,2017-08-07,2017-08-11,UNH,C,13.0,34,0.3,0.24,0.3,0.22,16,1502078400000000000,4,Weekly,194.81,194.78,195.41,193.9,195.41,193.02,194.54,194.54
O:UNH170811C00197500,2017-08-07,2017-08-11,UNH,C,13.17,201,0.1,0.05,0.1,0.05,18,1502078400000000000,4,Weekly,194.81,194.78,195.41,193.9,195.41,193.02,194.54,194.54
O:UNH170811C00200000,2017-08-07,2017-08-11,UNH,C,13.33,6,0.01,0.01,0.01,0.01,1,1502078400000000000,4,Weekly,194.81,194.78,195.41,193.9,195.41,193.02,194.54,194.54
O:UNH170818C00100000,2017-08-14,2017-08-18,UNH,C,6.67,1,23.53,23.53,23.53,23.53,1,1502683200000000000,4,Weekly,194.6,193.71,194.75,192.9,194.75,190.82,193.2,193.2
O:UNH170818C00185000,2017-08-14,2017-08-18,UNH,C,12.33,8,2.2,2.26,2.26,2.2,3,1502683200000000000,4,Weekly,194.6,193.71,194.75,192.9,194.75,190.82,193.2,193.2
O:UNH170818C00187500,2017-08-14,2017-08-18,UNH,C,12.5,2,1.63,1.63,1.63,1.63,1,1502683200000000000,4,Weekly,194.6,193.71,194.75,192.9,194.75,190.82,193.2,193.2
O:UNH170818C00190000,2017-08-14,2017-08-18,UNH,C,12.67,40,0.96,1.06,1.06,0.9,10,1502683200000000000,4,Weekly,194.6,193.71,194.75,192.9,194.75,190.82,193.2,193.2
O:UNH170818C00192500,2017-08-14,2017-08-18,UNH,C,12.83,334,0.47,0.51,0.51,0.43,11,1502683200000000000,4,Weekly,194.6,193.71,194.75,192.9,194.75,190.82,193.2,193.2
O:UNH170818C00195000,2017-08-14,2017-08-18,UNH,C,13.0,241,0.24,0.16,0.24,0.11,26,1502683200000000000,4,Weekly,194.6,193.71,194.75,192.9,194.75,190.82,193.2,193.2
O:UNH170818C00197500,2017-08-14,2017-08-18,UNH,C,13.17,195,0.04,0.04,0.04,0.02,20,1502683200000000000,4,Weekly,194.6,193.71,194.75,192.9,194.75,190.82,193.2,193.2
O:UNH170818C00200000,2017-08-14,2017-08-18,UNH,C,13.33,18,0.0,0.0,0.01,0.0,8,1502683200000000000,4,Weekly,194.6,193.71,194.75,192.9,194.75,190.82,193.2,193.2
O:UNH170825C00190000,2017-08-21,2017-08-25,UNH,C,12.67,15,0.49,0.64,0.64,0.49,7,1503288000000000000,4,Weekly,190.88,192.03,192.31,190.88,192.31,194.36,195.54,195.54
O:UNH170825C00192500,2017-08-21,2017-08-25,UNH,C,12.83,390,0.16,0.24,0.25,0.16,36,1503288000000000000,4,Weekly,190.88,192.03,192.31,190.88,192.31,194.36,195.54,195.54
O:UNH170825C00195000,2017-08-21,2017-08-25,UNH,C,13.0,94,0.04,0.06,0.07,0.04,18,1503288000000000000,4,Weekly,190.88,192.03,192.31,190.88,192.31,194.36,195.54,195.54
O:UNH170825C00200000,2017-08-21,2017-08-25,UNH,C,13.33,6,0.01,0.0,0.01,0.0,2,1503288000000000000,4,Weekly,190.88,192.03,192.31,190.88,192.31,194.36,195.54,195.54
O:UNH170901C00180000,2017-08-28,2017-09-01,UNH,C,12.0,1,3.85,3.85,3.85,3.85,1,1503892800000000000,4,Weekly,194.59,195.09,195.81,194.36,195.81,199.75,199.99,199.99
O:UNH170901C00190000,2017-08-28,2017-09-01,UNH,C,12.67,2,1.4,1.41,1.41,1.4,2,1503892800000000000,4,Weekly,194.59,195.09,195.81,194.36,195.81,199.75,199.99,199.99
O:UNH170901C00192500,2017-08-28,2017-09-01,UNH,C,12.83,8,0.8,0.91,0.91,0.8,3,1503892800000000000,4,Weekly,194.59,195.09,195.81,194.36,195.81,199.75,199.99,199.99
O:UNH170901C00195000,2017-08-28,2017-09-01,UNH,C,13.0,215,0.24,0.3,0.42,0.24,57,1503892800000000000,4,Weekly,194.59,195.09,195.81,194.36,195.81,199.75,199.99,199.99
O:UNH170901C00197500,2017-08-28,2017-09-01,UNH,C,13.17,197,0.06,0.09,0.12,0.06,27,1503892800000000000,4,Weekly,194.59,195.09,195.81,194.36,195.81,199.75,199.99,199.99
O:UNH170901C00200000,2017-08-28,2017-09-01,UNH,C,13.33,17,0.02,0.02,0.04,0.02,4,1503892800000000000,4,Weekly,194.59,195.09,195.81,194.36,195.81,199.75,199.99,199.99
O:UNH170908C00190000,2017-09-05,2017-09-08,UNH,C,12.67,12,2.37,2.56,2.56,2.37,2,1504584000000000000,3,Weekly,199.2,199.31,200.44,198.71,200.44,197.75,198.86,198.86
O:UNH170908C00195000,2017-09-05,2017-09-08,UNH,C,13.0,19,1.18,1.28,1.3,1.13,6,1504584000000000000,3,Weekly,199.2,199.31,200.44,198.71,200.44,197.75,198.86,198.86
O:UNH170908C00197500,2017-09-05,2017-09-08,UNH,C,13.17,10,0.61,0.7,0.7,0.61,3,1504584000000000000,3,Weekly,199.2,199.31,200.44,198.71,200.44,197.75,198.86,198.86
O:UNH170908C00200000,2017-09-05,2017-09-08,UNH,C,13.33,119,0.16,0.13,0.25,0.12,18,1504584000000000000,3,Weekly,199.2,199.31,200.44,198.71,200.44,197.75,198.86,198.86
O:UNH170908C00202500,2017-09-05,2017-09-08,UNH,C,13.5,1,0.04,0.04,0.04,0.04,1,1504584000000000000,3,Weekly,199.2,199.31,200.44,198.71,200.44,197.75,198.86,198.86
O:UNH170915C00110000,2017-09-11,2017-09-15,UNH,C,7.33,2,22.49,22.49,22.49,22.49,1,1505102400000000000,4,Weekly,199.25,199.58,200.42,198.78,200.42,198.18,199.71,199.71
O:UNH170915C00170000,2017-09-11,2017-09-15,UNH,C,11.33,10,7.45,7.45,7.45,7.45,2,1505102400000000000,4,Weekly,199.25,199.58,200.42,198.78,200.42,198.18,199.71,199.71
O:UNH170915C00175000,2017-09-11,2017-09-15,UNH,C,11.67,4,6.28,6.25,6.28,6.25,2,1505102400000000000,4,Weekly,199.25,199.58,200.42,198.78,200.42,198.18,199.71,199.71
O:UNH170915C00180000,2017-09-11,2017-09-15,UNH,C,12.0,3,4.94,4.92,4.94,4.92,2,1505102400000000000,4,Weekly,199.25,199.58,200.42,198.78,200.42,198.18,199.71,199.71
O:UNH170915C00185000,2017-09-11,2017-09-15,UNH,C,12.33,41,3.77,3.75,3.77,3.72,4,1505102400000000000,4,Weekly,199.25,199.58,200.42,198.78,200.42,198.18,199.71,199.71
O:UNH170915C00190000,2017-09-11,2017-09-15,UNH,C,12.67,22,2.3,2.44,2.5,2.3,5,1505102400000000000,4,Weekly,199.25,199.58,200.42,198.78,200.42,198.18,199.71,199.71
O:UNH170915C00192500,2017-09-11,2017-09-15,UNH,C,12.83,1,1.79,1.79,1.79,1.79,1,1505102400000000000,4,Weekly,199.25,199.58,200.42,198.78,200.42,198.18,199.71,199.71
O:UNH170915C00195000,2017-09-11,2017-09-15,UNH,C,13.0,762,1.02,1.19,1.39,0.99,221,1505102400000000000,4,Weekly,199.25,199.58,200.42,198.78,200.42,198.18,199.71,199.71
O:UNH170915C00197500,2017-09-11,2017-09-15,UNH,C,13.17,50,0.6,0.62,0.79,0.56,20,1505102400000000000,4,Weekly,199.25,199.58,200.42,198.78,200.42,198.18,199.71,199.71
O:UNH170915C00200000,2017-09-11,2017-09-15,UNH,C,13.33,201,0.24,0.21,0.32,0.14,41,1505102400000000000,4,Weekly,199.25,199.58,200.42,198.78,200.42,198.18,199.71,199.71
O:UNH170915C00202500,2017-09-11,2017-09-15,UNH,C,13.5,151,0.05,0.04,0.08,0.02,20,1505102400000000000,4,Weekly,199.25,199.58,200.42,198.78,200.42,198.18,199.71,199.71
O:UNH170915C00205000,2017-09-11,2017-09-15,UNH,C,13.67,50,0.01,0.01,0.01,0.01,1,1505102400000000000,4,Weekly,199.25,199.58,200.42,198.78,200.42,198.18,199.71,199.71
O:UNH170922C00187500,2017-09-18,2017-09-22,UNH,C,12.5,2,2.7,2.69,2.7,2.69,2,1505707200000000000,4,Weekly,198.17,198.19,198.82,197.51,198.82,193.03,195.87,195.87
O:UNH170922C00192500,2017-09-18,2017-09-22,UNH,C,12.83,3,1.48,1.48,1.48,1.48,1,1505707200000000000,4,Weekly,198.17,198.19,198.82,197.51,198.82,193.03,195.87,195.87
O:UNH170922C00195000,2017-09-18,2017-09-22,UNH,C,13.0,13,0.75,0.86,0.89,0.75,4,1505707200000000000,4,Weekly,198.17,198.19,198.82,197.51,198.82,193.03,195.87,195.87
O:UNH170922C00197500,2017-09-18,2017-09-22,UNH,C,13.17,32,0.4,0.36,0.42,0.35,5,1505707200000000000,4,Weekly,198.17,198.19,198.82,197.51,198.82,193.03,195.87,195.87
O:UNH170922C00200000,2017-09-18,2017-09-22,UNH,C,13.33,109,0.15,0.09,0.15,0.08,16,1505707200000000000,4,Weekly,198.17,198.19,198.82,197.51,198.82,193.03,195.87,195.87
O:UNH170922C00202500,2017-09-18,2017-09-22,UNH,C,13.5,9,0.03,0.02,0.03,0.02,2,1505707200000000000,4,Weekly,198.17,198.19,198.82,197.51,198.82,193.03,195.87,195.87
O:UNH170922C00205000,2017-09-18,2017-09-22,UNH,C,13.67,18,0.0,0.01,0.01,0.0,2,1505707200000000000,4,Weekly,198.17,198.19,198.82,197.51,198.82,193.03,195.87,195.87
O:UNH170929C00190000,2017-09-25,2017-09-29,UNH,C,12.67,4,1.38,0.94,1.65,0.94,4,1506312000000000000,4,Weekly,193.27,191.75,196.31,190.92,196.31,195.85,196.09,196.09
O:UNH170929C00192500,2017-09-25,2017-09-29,UNH,C,12.83,53,0.55,0.55,0.55,0.55,3,1506312000000000000,4,Weekly,193.27,191.75,196.31,190.92,196.31,195.85,196.09,196.09
O:UNH170929C00195000,2017-09-25,2017-09-29,UNH,C,13.0,191,0.65,0.2,0.79,0.2,24,1506312000000000000,4,Weekly,193.27,191.75,196.31,190.92,196.31,195.85,196.09,196.09
O:UNH170929C00197500,2017-09-25,2017-09-29,UNH,C,13.17,490,0.15,0.16,0.44,0.12,39,1506312000000000000,4,Weekly,193.27,191.75,196.31,190.92,196.31,195.85,196.09,196.09
O:UNH170929C00200000,2017-09-25,2017-09-29,UNH,C,13.33,98,0.11,0.09,0.16,0.04,14,1506312000000000000,4,Weekly,193.27,191.75,196.31,190.92,196.31,195.85,196.09,196.09
O:UNH170929C00202500,2017-09-25,2017-09-29,UNH,C,13.5,13,0.04,0.02,0.04,0.02,2,1506312000000000000,4,Weekly,193.27,191.75,196.31,190.92,196.31,195.85,196.09,196.09
O:UNH171006C00185000,2017-10-02,2017-10-06,UNH,C,12.33,1,2.98,2.98,2.98,2.98,1,1506916800000000000,4,Weekly,196.59,197.44,197.91,196.33,197.91,198.06,199.99,199.99
O:UNH171006C00187500,2017-10-02,2017-10-06,UNH,C,12.5,1,2.46,2.46,2.46,2.46,1,1506916800000000000,4,Weekly,196.59,197.44,197.91,196.33,197.91,198.06,199.99,199.99
O:UNH171006C00190000,2017-10-02,2017-10-06,UNH,C,12.67,2,1.81,1.81,1.81,1.81,1,1506916800000000000,4,Weekly,196.59,197.44,197.91,196.33,197.91,198.06,199.99,199.99
O:UNH171006C00192500,2017-10-02,2017-10-06,UNH,C,12.83,1,1.14,1.14,1.14,1.14,1,1506916800000000000,4,Weekly,196.59,197.44,197.91,196.33,197.91,198.06,199.99,199.99
O:UNH171006C00195000,2017-10-02,2017-10-06,UNH,C,13.0,42,0.72,0.84,0.84,0.7,9,1506916800000000000,4,Weekly,196.59,197.44,197.91,196.33,197.91,198.06,199.99,199.99
O:UNH171006C00197500,2017-10-02,2017-10-06,UNH,C,13.17,40,0.21,0.29,0.35,0.21,19,1506916800000000000,4,Weekly,196.59,197.44,197.91,196.33,197.91,198.06,199.99,199.99
O:UNH171006C00200000,2017-10-02,2017-10-06,UNH,C,13.33,30,0.12,0.12,0.12,0.06,6,1506916800000000000,4,Weekly,196.59,197.44,197.91,196.33,197.91,198.06,199.99,199.99
O:UNH171006C00202500,2017-10-02,2017-10-06,UNH,C,13.5,15,0.03,0.02,0.03,0.02,2,1506916800000000000,4,Weekly,196.59,197.44,197.91,196.33,197.91,198.06,199.99,199.99
O:UNH171006C00205000,2017-10-02,2017-10-06,UNH,C,13.67,2,0.0,0.0,0.0,0.0,1,1506916800000000000,4,Weekly,196.59,197.44,197.91,196.33,197.91,198.06,199.99,199.99
O:UNH171013C00165000,2017-10-09,2017-10-13,UNH,C,11.0,8,8.25,7.83,8.25,7.8,4,1507521600000000000,4,Weekly,198.01,196.3,198.32,195.78,198.32,192.52,192.71,192.71
O:UNH171013C00190000,2017-10-09,2017-10-13,UNH,C,12.67,7,1.65,1.58,1.65,1.58,3,1507521600000000000,4,Weekly,198.01,196.3,198.32,195.78,198.32,192.52,192.71,192.71
O:UNH171013C00195000,2017-10-09,2017-10-13,UNH,C,13.0,34,0.9,0.54,0.9,0.54,5,1507521600000000000,4,Weekly,198.01,196.3,198.32,195.78,198.32,192.52,192.71,192.71
O:UNH171013C00197500,2017-10-09,2017-10-13,UNH,C,13.17,41,0.34,0.19,0.34,0.19,10,1507521600000000000,4,Weekly,198.01,196.3,198.32,195.78,198.32,192.52,192.71,192.71
O:UNH171013C00200000,2017-10-09,2017-10-13,UNH,C,13.33,149,0.21,0.06,0.21,0.06,28,1507521600000000000,4,Weekly,198.01,196.3,198.32,195.78,198.32,192.52,192.71,192.71
O:UNH171013C00202500,2017-10-09,2017-10-13,UNH,C,13.5,19,0.02,0.02,0.02,0.02,4,1507521600000000000,4,Weekly,198.01,196.3,198.32,195.78,198.32,192.52,192.71,192.71
O:UNH171020C00160000,2017-10-16,2017-10-20,UNH,C,10.67,14,8.12,8.1,8.2,8.04,9,1508126400000000000,4,Weekly,192.48,193.2,193.32,191.36,193.32,207.49,208.21,208.21
O:UNH171020C00170000,2017-10-16,2017-10-20,UNH,C,11.33,1,5.61,5.61,5.61,5.61,1,1508126400000000000,4,Weekly,192.48,193.2,193.32,191.36,193.32,207.49,208.21,208.21
O:UNH171020C00180000,2017-10-16,2017-10-20,UNH,C,12.0,28,3.14,3.12,3.26,3.12,6,1508126400000000000,4,Weekly,192.48,193.2,193.32,191.36,193.32,207.49,208.21,208.21
O:UNH171020C00182500,2017-10-16,2017-10-20,UNH,C,12.17,4,2.54,2.54,2.54,2.54,1,1508126400000000000,4,Weekly,192.48,193.2,193.32,191.36,193.32,207.49,208.21,208.21
O:UNH171020C00185000,2017-10-16,2017-10-20,UNH,C,12.33,16,2.06,2.12,2.12,1.95,7,1508126400000000000,4,Weekly,192.48,193.2,193.32,191.36,193.32,207.49,208.21,208.21
O:UNH171020C00187500,2017-10-16,2017-10-20,UNH,C,12.5,47,1.51,1.7,1.7,1.51,8,1508126400000000000,4,Weekly,192.48,193.2,193.32,191.36,193.32,207.49,208.21,208.21
O:UNH171020C00190000,2017-10-16,2017-10-20,UNH,C,12.67,336,1.14,1.27,1.31,1.03,54,1508126400000000000,4,Weekly,192.48,193.2,193.32,191.36,193.32,207.49,208.21,208.21
O:UNH171020C00192500,2017-10-16,2017-10-20,UNH,C,12.83,1015,0.76,0.89,0.94,0.6,109,1508126400000000000,4,Weekly,192.48,193.2,193.32,191.36,193.32,207.49,208.21,208.21
O:UNH171020C00195000,2017-10-16,2017-10-20,UNH,C,13.0,873,0.48,0.56,0.59,0.37,115,1508126400000000000,4,Weekly,192.48,193.2,193.32,191.36,193.32,207.49,208.21,208.21
O:UNH171020C00197500,2017-10-16,2017-10-20,UNH,C,13.17,686,0.25,0.32,0.37,0.21,115,1508126400000000000,4,Weekly,192.48,193.2,193.32,191.36,193.32,207.49,208.21,208.21
O:UNH171020C00200000,2017-10-16,2017-10-20,UNH,C,13.33,388,0.15,0.16,0.21,0.1,111,1508126400000000000,4,Weekly,192.48,193.2,193.32,191.36,193.32,207.49,208.21,208.21
O:UNH171020C00202500,2017-10-16,2017-10-20,UNH,C,13.5,194,0.08,0.08,0.56,0.04,62,1508126400000000000,4,Weekly,192.48,193.2,193.32,191.36,193.32,207.49,208.21,208.21
O:UNH171020C00205000,2017-10-16,2017-10-20,UNH,C,13.67,1006,0.02,0.1,0.1,0.02,88,1508126400000000000,4,Weekly,192.48,193.2,193.32,191.36,193.32,207.49,208.21,208.21
O:UNH171020C00207500,2017-10-16,2017-10-20,UNH,C,13.83,24,0.02,0.03,0.03,0.01,15,1508126400000000000,4,Weekly,192.48,193.2,193.32,191.36,193.32,207.49,208.21,208.21
O:UNH171020C00210000,2017-10-16,2017-10-20,UNH,C,14.0,22,0.02,0.01,0.02,0.0,6,1508126400000000000,4,Weekly,192.48,193.2,193.32,191.36,193.32,207.49,208.21,208.21
O:UNH171020C00212500,2017-10-16,2017-10-20,UNH,C,14.17,8,0.02,0.02,0.02,0.02,1,1508126400000000000,4,Weekly,192.48,193.2,193.32,191.36,193.32,207.49,208.21,208.21
O:UNH171020C00220000,2017-10-16,2017-10-20,UNH,C,14.67,3,0.0,0.0,0.0,0.0,3,1508126400000000000,4,Weekly,192.48,193.2,193.32,191.36,193.32,207.49,208.21,208.21
O:UNH171027C00192500,2017-10-23,2017-10-27,UNH,C,12.83,1,3.86,3.86,3.86,3.86,1,1508731200000000000,4,Weekly,207.58,207.01,208.45,205.8,208.45,212.6,212.77,212.77
O:UNH171027C00195000,2017-10-23,2017-10-27,UNH,C,13.0,1,3.2,3.2,3.2,3.2,1,1508731200000000000,4,Weekly,207.58,207.01,208.45,205.8,208.45,212.6,212.77,212.77
O:UNH171027C00197500,2017-10-23,2017-10-27,UNH,C,13.17,1,2.39,2.39,2.39,2.39,1,1508731200000000000,4,Weekly,207.58,207.01,208.45,205.8,208.45,212.6,212.77,212.77
O:UNH171027C00200000,2017-10-23,2017-10-27,UNH,C,13.33,12,2.0,2.02,2.09,1.69,9,1508731200000000000,4,Weekly,207.58,207.01,208.45,205.8,208.45,212.6,212.77,212.77
O:UNH171027C00202500,2017-10-23,2017-10-27,UNH,C,13.5,4,1.42,1.42,1.42,1.42,2,1508731200000000000,4,Weekly,207.58,207.01,208.45,205.8,208.45,212.6,212.77,212.77
O:UNH171027C00205000,2017-10-23,2017-10-27,UNH,C,13.67,62,0.68,0.82,0.9,0.56,19,1508731200000000000,4,Weekly,207.58,207.01,208.45,205.8,208.45,212.6,212.77,212.77
O:UNH171027C00207500,2017-10-23,2017-10-27,UNH,C,13.83,105,0.26,0.38,0.46,0.22,19,1508731200000000000,4,Weekly,207.58,207.01,208.45,205.8,208.45,212.6,212.77,212.77
O:UNH171027C00210000,2017-10-23,2017-10-27,UNH,C,14.0,166,0.14,0.12,0.16,0.07,25,1508731200000000000,4,Weekly,207.58,207.01,208.45,205.8,208.45,212.6,212.77,212.77
O:UNH171027C00212500,2017-10-23,2017-10-27,UNH,C,14.17,16,0.03,0.04,0.04,0.03,5,1508731200000000000,4,Weekly,207.58,207.01,208.45,205.8,208.45,212.6,212.77,212.77
O:UNH171103C00195000,2017-10-30,2017-11-03,UNH,C,13.0,7,4.22,4.01,4.22,4.01,2,1509336000000000000,4,Weekly,212.21,209.39,212.77,209.38,212.77,212.87,213.83,213.83
O:UNH171103C00205000,2017-10-30,2017-11-03,UNH,C,13.67,3,1.88,1.88,1.88,1.88,1,1509336000000000000,4,Weekly,212.21,209.39,212.77,209.38,212.77,212.87,213.83,213.83
O:UNH171103C00207500,2017-10-30,2017-11-03,UNH,C,13.83,1,1.28,1.28,1.28,1.28,1,1509336000000000000,4,Weekly,212.21,209.39,212.77,209.38,212.77,212.87,213.83,213.83
O:UNH171103C00210000,2017-10-30,2017-11-03,UNH,C,14.0,46,0.81,0.35,1.02,0.34,25,1509336000000000000,4,Weekly,212.21,209.39,212.77,209.38,212.77,212.87,213.83,213.83
O:UNH171103C00212500,2017-10-30,2017-11-03,UNH,C,14.17,35,0.32,0.11,0.39,0.11,18,1509336000000000000,4,Weekly,212.21,209.39,212.77,209.38,212.77,212.87,213.83,213.83
O:UNH171103C00215000,2017-10-30,2017-11-03,UNH,C,14.33,8,0.13,0.08,0.13,0.08,5,1509336000000000000,4,Weekly,212.21,209.39,212.77,209.38,212.77,212.87,213.83,213.83
O:UNH171103C00217500,2017-10-30,2017-11-03,UNH,C,14.5,28,0.02,0.01,0.04,0.01,6,1509336000000000000,4,Weekly,212.21,209.39,212.77,209.38,212.77,212.87,213.83,213.83
O:UNH171110C00205000,2017-11-06,2017-11-10,UNH,C,13.67,23,2.11,1.86,2.11,1.86,6,1509944400000000000,4,Weekly,211.91,212.12,213.93,211.8,213.93,211.07,211.81,211.81
O:UNH171110C00207500,2017-11-06,2017-11-10,UNH,C,13.83,26,1.74,1.34,1.74,1.34,3,1509944400000000000,4,Weekly,211.91,212.12,213.93,211.8,213.93,211.07,211.81,211.81
O:UNH171110C00210000,2017-11-06,2017-11-10,UNH,C,14.0,35,0.96,0.8,0.96,0.75,3,1509944400000000000,4,Weekly,211.91,212.12,213.93,211.8,213.93,211.07,211.81,211.81
O:UNH171110C00212500,2017-11-06,2017-11-10,UNH,C,14.17,158,0.5,0.4,0.58,0.39,23,1509944400000000000,4,Weekly,211.91,212.12,213.93,211.8,213.93,211.07,211.81,211.81
O:UNH171110C00215000,2017-11-06,2017-11-10,UNH,C,14.33,34,0.5,0.14,0.5,0.14,10,1509944400000000000,4,Weekly,211.91,212.12,213.93,211.8,213.93,211.07,211.81,211.81
O:UNH171110C00217500,2017-11-06,2017-11-10,UNH,C,14.5,62,0.08,0.05,0.1,0.05,10,1509944400000000000,4,Weekly,211.91,212.12,213.93,211.8,213.93,211.07,211.81,211.81
O:UNH171110C00220000,2017-11-06,2017-11-10,UNH,C,14.67,58,0.02,0.01,0.04,0.01,9,1509944400000000000,4,Weekly,211.91,212.12,213.93,211.8,213.93,211.07,211.81,211.81
O:UNH171117C00190000,2017-11-13,2017-11-17,UNH,C,12.67,3,5.7,5.7,5.7,5.7,1,1510549200000000000,4,Weekly,210.31,212.66,213.54,209.94,213.54,209.9,211.46,211.46
O:UNH171117C00195000,2017-11-13,2017-11-17,UNH,C,13.0,3,4.53,4.56,4.6,4.53,3,1510549200000000000,4,Weekly,210.31,212.66,213.54,209.94,213.54,209.9,211.46,211.46
O:UNH171117C00200000,2017-11-13,2017-11-17,UNH,C,13.33,17,2.7,3.38,3.38,2.7,5,1510549200000000000,4,Weekly,210.31,212.66,213.54,209.94,213.54,209.9,211.46,211.46
O:UNH171117C00207500,2017-11-13,2017-11-17,UNH,C,13.83,3,1.25,1.25,1.25,1.25,1,1510549200000000000,4,Weekly,210.31,212.66,213.54,209.94,213.54,209.9,211.46,211.46
O:UNH171117C00210000,2017-11-13,2017-11-17,UNH,C,14.0,56,0.74,0.88,0.91,0.74,16,1510549200000000000,4,Weekly,210.31,212.66,213.54,209.94,213.54,209.9,211.46,211.46
O:UNH171117C00212500,2017-11-13,2017-11-17,UNH,C,14.17,46,0.25,0.42,0.52,0.25,16,1510549200000000000,4,Weekly,210.31,212.66,213.54,209.94,213.54,209.9,211.46,211.46
O:UNH171117C00215000,2017-11-13,2017-11-17,UNH,C,14.33,89,0.09,0.21,0.21,0.09,13,1510549200000000000,4,Weekly,210.31,212.66,213.54,209.94,213.54,209.9,211.46,211.46
O:UNH171117C00217500,2017-11-13,2017-11-17,UNH,C,14.5,25,0.02,0.05,0.05,0.02,6,1510549200000000000,4,Weekly,210.31,212.66,213.54,209.94,213.54,209.9,211.46,211.46
O:UNH171117C00220000,2017-11-13,2017-11-17,UNH,C,14.67,3,0.06,0.03,0.06,0.03,2,1510549200000000000,4,Weekly,210.31,212.66,213.54,209.94,213.54,209.9,211.46,211.46
O:UNH171117C00230000,2017-11-13,2017-11-17,UNH,C,15.33,2,0.01,0.01,0.01,0.01,1,1510549200000000000,4,Weekly,210.31,212.66,213.54,209.94,213.54,209.9,211.46,211.46
O:UNH171124C00202500,2017-11-20,2017-11-24,UNH,C,13.5,2,2.02,1.89,2.02,1.89,2,1511154000000000000,4,Weekly,210.0,210.25,210.68,209.58,210.68,212.51,212.93,212.93
O:UNH171124C00207500,2017-11-20,2017-11-24,UNH,C,13.83,18,0.72,0.65,0.72,0.65,2,1511154000000000000,4,Weekly,210.0,210.25,210.68,209.58,210.68,212.51,212.93,212.93
O:UNH171124C00210000,2017-11-20,2017-11-24,UNH,C,14.0,24,0.36,0.29,0.36,0.26,9,1511154000000000000,4,Weekly,210.0,210.25,210.68,209.58,210.68,212.51,212.93,212.93
O:UNH171124C00212500,2017-11-20,2017-11-24,UNH,C,14.17,79,0.12,0.08,0.14,0.05,19,1511154000000000000,4,Weekly,210.0,210.25,210.68,209.58,210.68,212.51,212.93,212.93
O:UNH171124C00215000,2017-11-20,2017-11-24,UNH,C,14.33,42,0.03,0.05,0.06,0.02,10,1511154000000000000,4,Weekly,210.0,210.25,210.68,209.58,210.68,212.51,212.93,212.93
O:UNH171124C00217500,2017-11-20,2017-11-24,UNH,C,14.5,6,0.08,0.02,0.08,0.02,4,1511154000000000000,4,Weekly,210.0,210.25,210.68,209.58,210.68,212.51,212.93,212.93
O:UNH171201C00197500,2017-11-27,2017-12-01,UNH,C,13.17,8,3.85,3.85,3.85,3.85,2,1511758800000000000,4,Weekly,212.25,212.4,214.25,211.81,214.25,226.78,229.22,229.22
O:UNH171201C00205000,2017-11-27,2017-12-01,UNH,C,13.67,6,2.1,2.25,2.26,2.1,4,1511758800000000000,4,Weekly,212.25,212.4,214.25,211.81,214.25,226.78,229.22,229.22
O:UNH171201C00207500,2017-11-27,2017-12-01,UNH,C,13.83,2,1.7,1.7,1.7,1.7,2,1511758800000000000,4,Weekly,212.25,212.4,214.25,211.81,214.25,226.78,229.22,229.22
O:UNH171201C00210000,2017-11-27,2017-12-01,UNH,C,14.0,46,0.77,0.98,1.12,0.77,5,1511758800000000000,4,Weekly,212.25,212.4,214.25,211.81,214.25,226.78,229.22,229.22
O:UNH171201C00212500,2017-11-27,2017-12-01,UNH,C,14.17,94,0.53,0.58,0.81,0.38,23,1511758800000000000,4,Weekly,212.25,212.4,214.25,211.81,214.25,226.78,229.22,229.22
O:UNH171201C00215000,2017-11-27,2017-12-01,UNH,C,14.33,151,0.31,0.35,0.49,0.29,24,1511758800000000000,4,Weekly,212.25,212.4,214.25,211.81,214.25,226.78,229.22,229.22
O:UNH171201C00217500,2017-11-27,2017-12-01,UNH,C,14.5,33,0.19,0.16,0.28,0.16,10,1511758800000000000,4,Weekly,212.25,212.4,214.25,211.81,214.25,226.78,229.22,229.22
O:UNH171201C00220000,2017-11-27,2017-12-01,UNH,C,14.67,64,0.1,0.09,0.12,0.07,12,1511758800000000000,4,Weekly,212.25,212.4,214.25,211.81,214.25,226.78,229.22,229.22
O:UNH171201C00222500,2017-11-27,2017-12-01,UNH,C,14.83,108,0.05,0.06,0.07,0.05,26,1511758800000000000,4,Weekly,212.25,212.4,214.25,211.81,214.25,226.78,229.22,229.22
O:UNH171201C00225000,2017-11-27,2017-12-01,UNH,C,15.0,8,0.02,0.02,0.02,0.02,1,1511758800000000000,4,Weekly,212.25,212.4,214.25,211.81,214.25,226.78,229.22,229.22
O:UNH171208C00212500,2017-12-04,2017-12-08,UNH,C,14.17,30,2.97,2.97,2.97,2.97,1,1512363600000000000,4,Weekly,229.26,221.42,231.77,221.4,231.77,223.91,224.33,224.33
O:UNH171208C00215000,2017-12-04,2017-12-08,UNH,C,14.33,71,2.55,2.37,2.55,2.34,6,1512363600000000000,4,Weekly,229.26,221.42,231.77,221.4,231.77,223.91,224.33,224.33
O:UNH171208C00217500,2017-12-04,2017-12-08,UNH,C,14.5,3,3.44,3.44,3.44,3.44,1,1512363600000000000,4,Weekly,229.26,221.42,231.77,221.4,231.77,223.91,224.33,224.33
O:UNH171208C00220000,2017-12-04,2017-12-08,UNH,C,14.67,6,2.55,2.8,2.8,2.55,2,1512363600000000000,4,Weekly,229.26,221.42,231.77,221.4,231.77,223.91,224.33,224.33
O:UNH171208C00222500,2017-12-04,2017-12-08,UNH,C,14.83,122,0.8,0.54,0.85,0.51,5,1512363600000000000,4,Weekly,229.26,221.42,231.77,221.4,231.77,223.91,224.33,224.33
O:UNH171208C00225000,2017-12-04,2017-12-08,UNH,C,15.0,33,1.3,0.28,1.3,0.28,10,1512363600000000000,4,Weekly,229.26,221.42,231.77,221.4,231.77,223.91,224.33,224.33
O:UNH171208C00227500,2017-12-04,2017-12-08,UNH,C,15.17,55,1.0,0.21,1.0,0.21,16,1512363600000000000,4,Weekly,229.26,221.42,231.77,221.4,231.77,223.91,224.33,224.33
O:UNH171208C00230000,2017-12-04,2017-12-08,UNH,C,15.33,63,0.42,0.08,0.9,0.06,17,1512363600000000000,4,Weekly,229.26,221.42,231.77,221.4,231.77,223.91,224.33,224.33
O:UNH171208C00232500,2017-12-04,2017-12-08,UNH,C,15.5,94,0.24,0.04,0.5,0.04,21,1512363600000000000,4,Weekly,229.26,221.42,231.77,221.4,231.77,223.91,224.33,224.33
O:UNH171208C00235000,2017-12-04,2017-12-08,UNH,C,15.67,105,0.07,0.02,0.19,0.02,16,1512363600000000000,4,Weekly,229.26,221.42,231.77,221.4,231.77,223.91,224.33,224.33
O:UNH171208C00237500,2017-12-04,2017-12-08,UNH,C,15.83,7,0.1,0.04,0.1,0.04,2,1512363600000000000,4,Weekly,229.26,221.42,231.77,221.4,231.77,223.91,224.33,224.33
O:UNH171215C00165000,2017-12-11,2017-12-15,UNH,C,11.0,6,14.67,14.34,14.67,14.29,4,1512968400000000000,4,Weekly,224.16,222.77,224.82,222.04,224.82,221.82,223.75,223.75
O:UNH171215C00180000,2017-12-11,2017-12-15,UNH,C,12.0,10,10.65,10.65,10.65,10.65,1,1512968400000000000,4,Weekly,224.16,222.77,224.82,222.04,224.82,221.82,223.75,223.75
O:UNH171215C00185000,2017-12-11,2017-12-15,UNH,C,12.33,15,9.78,9.34,9.78,9.34,4,1512968400000000000,4,Weekly,224.16,222.77,224.82,222.04,224.82,221.82,223.75,223.75
O:UNH171215C00195000,2017-12-11,2017-12-15,UNH,C,13.0,10,6.9,6.9,6.9,6.9,2,1512968400000000000,4,Weekly,224.16,222.77,224.82,222.04,224.82,221.82,223.75,223.75
O:UNH171215C00200000,2017-12-11,2017-12-15,UNH,C,13.33,2,6.18,6.02,6.18,6.02,2,1512968400000000000,4,Weekly,224.16,222.77,224.82,222.04,224.82,221.82,223.75,223.75
O:UNH171215C00215000,2017-12-11,2017-12-15,UNH,C,14.33,1,1.94,1.94,1.94,1.94,1,1512968400000000000,4,Weekly,224.16,222.77,224.82,222.04,224.82,221.82,223.75,223.75
O:UNH171215C00217500,2017-12-11,2017-12-15,UNH,C,14.5,1,1.62,1.62,1.62,1.62,1,1512968400000000000,4,Weekly,224.16,222.77,224.82,222.04,224.82,221.82,223.75,223.75
O:UNH171215C00220000,2017-12-11,2017-12-15,UNH,C,14.67,77,1.35,0.81,1.35,0.81,19,1512968400000000000,4,Weekly,224.16,222.77,224.82,222.04,224.82,221.82,223.75,223.75
O:UNH171215C00222500,2017-12-11,2017-12-15,UNH,C,14.83,17,0.69,0.5,0.69,0.5,2,1512968400000000000,4,Weekly,224.16,222.77,224.82,222.04,224.82,221.82,223.75,223.75
O:UNH171215C00225000,2017-12-11,2017-12-15,UNH,C,15.0,136,0.36,0.16,0.38,0.14,17,1512968400000000000,4,Weekly,224.16,222.77,224.82,222.04,224.82,221.82,223.75,223.75
O:UNH171215C00227500,2017-12-11,2017-12-15,UNH,C,15.17,45,0.16,0.06,0.19,0.03,10,1512968400000000000,4,Weekly,224.16,222.77,224.82,222.04,224.82,221.82,223.75,223.75
O:UNH171215C00230000,2017-12-11,2017-12-15,UNH,C,15.33,140,0.1,0.03,0.28,0.02,13,1512968400000000000,4,Weekly,224.16,222.77,224.82,222.04,224.82,221.82,223.75,223.75
O:UNH171215C00232500,2017-12-11,2017-12-15,UNH,C,15.5,50,0.01,0.01,0.01,0.01,3,1512968400000000000,4,Weekly,224.16,222.77,224.82,222.04,224.82,221.82,223.75,223.75
O:UNH171215C00235000,2017-12-11,2017-12-15,UNH,C,15.67,1,0.01,0.01,0.01,0.01,1,1512968400000000000,4,Weekly,224.16,222.77,224.82,222.04,224.82,221.82,223.75,223.75
O:UNH171215C00237500,2017-12-11,2017-12-15,UNH,C,15.83,10,0.01,0.01,0.01,0.01,1,1512968400000000000,4,Weekly,224.16,222.77,224.82,222.04,224.82,221.82,223.75,223.75
O:UNH171222C00165000,2017-12-18,2017-12-22,UNH,C,11.0,2,14.72,14.72,14.72,14.72,1,1513573200000000000,4,Weekly,222.6,222.67,224.81,222.19,224.81,220.0,222.35,222.35
O:UNH171222C00212500,2017-12-18,2017-12-22,UNH,C,14.17,3,3.0,3.0,3.0,3.0,1,1513573200000000000,4,Weekly,222.6,222.67,224.81,222.19,224.81,220.0,222.35,222.35
O:UNH171222C00217500,2017-12-18,2017-12-22,UNH,C,14.5,1,1.6,1.6,1.6,1.6,1,1513573200000000000,4,Weekly,222.6,222.67,224.81,222.19,224.81,220.0,222.35,222.35
O:UNH171222C00220000,2017-12-18,2017-12-22,UNH,C,14.67,64,1.38,0.88,1.38,0.88,6,1513573200000000000,4,Weekly,222.6,222.67,224.81,222.19,224.81,220.0,222.35,222.35
O:UNH171222C00222500,2017-12-18,2017-12-22,UNH,C,14.83,11,0.73,0.54,0.73,0.49,8,1513573200000000000,4,Weekly,222.6,222.67,224.81,222.19,224.81,220.0,222.35,222.35
O:UNH171222C00225000,2017-12-18,2017-12-22,UNH,C,15.0,26,0.35,0.26,0.42,0.26,13,1513573200000000000,4,Weekly,222.6,222.67,224.81,222.19,224.81,220.0,222.35,222.35
O:UNH171222C00227500,2017-12-18,2017-12-22,UNH,C,15.17,52,0.29,0.08,0.29,0.08,14,1513573200000000000,4,Weekly,222.6,222.67,224.81,222.19,224.81,220.0,222.35,222.35
O:UNH171222C00230000,2017-12-18,2017-12-22,UNH,C,15.33,16,0.06,0.06,0.06,0.06,2,1513573200000000000,4,Weekly,222.6,222.67,224.81,222.19,224.81,220.0,222.35,222.35
O:UNH171222C00232500,2017-12-18,2017-12-22,UNH,C,15.5,8,0.02,0.02,0.02,0.02,1,1513573200000000000,4,Weekly,222.6,222.67,224.81,222.19,224.81,220.0,222.35,222.35
O:UNH171229C00217500,2017-12-26,2017-12-29,UNH,C,14.5,8,0.79,0.69,0.8,0.69,5,1514264400000000000,3,Weekly,219.09,219.6,220.42,219.09,220.42,220.46,223.95,223.95
O:UNH171229C00220000,2017-12-26,2017-12-29,UNH,C,14.67,28,0.38,0.3,0.38,0.3,10,1514264400000000000,3,Weekly,219.09,219.6,220.42,219.09,220.42,220.46,223.95,223.95
O:UNH171229C00222500,2017-12-26,2017-12-29,UNH,C,14.83,29,0.13,0.12,0.13,0.09,9,1514264400000000000,3,Weekly,219.09,219.6,220.42,219.09,220.42,220.46,223.95,223.95
O:UNH171229C00225000,2017-12-26,2017-12-29,UNH,C,15.0,10,0.01,0.02,0.06,0.01,6,1514264400000000000,3,Weekly,219.09,219.6,220.42,219.09,220.42,220.46,223.95,223.95
O:UNH171229C00227500,2017-12-26,2017-12-29,UNH,C,15.17,2,0.02,0.02,0.02,0.02,2,1514264400000000000,3,Weekly,219.09,219.6,220.42,219.09,220.42,220.46,223.95,223.95
