ticker,date_only,expiration_date,underlying_symbol,option_type,strike,volume,open_price,close_price,otm_pct,ITM,premium,premium_yield_pct,premium_low,premium_yield_pct_low,high_price,low_price,transactions,window_start,days_to_expiry,time_remaining_category,underlying_open,underlying_close,underlying_high,underlying_low,underlying_spot,underlying_close_at_expiry,underlying_high_at_expiry,underlying_spot_at_expiry,fedfunds_rate,implied_volatility,probability_itm
O:XLK160219C00039000,2016-01-19,2016-02-19,XLK,C,19.5,2.0,1.46,1.46,-0.96,YES,1.46,7.49,1.46,7.49,1.46,1.46,1.0,1453179600000000000,31.0,Monthly,19.9,19.69,19.93,19.52,19.69,19.69,19.93,19.69,0.0034,0.5978,0.4881
O:XLK160219C00040000,2016-01-19,2016-02-19,XLK,C,20.0,76.0,1.05,0.84,1.57,NO,0.84,4.2,1.05,5.25,1.05,0.8,6.0,1453179600000000000,31.0,Monthly,19.9,19.69,19.93,19.52,19.69,19.69,19.93,19.69,0.0034,0.4271,0.4265
O:XLK160219C00040500,2016-01-19,2016-02-19,XLK,C,20.25,21.0,0.62,0.52,2.84,NO,0.52,2.57,0.62,3.06,0.62,0.52,4.0,1453179600000000000,31.0,Monthly,19.9,19.69,19.93,19.52,19.69,19.69,19.93,19.69,0.0034,0.3298,0.3681
O:XLK160219C00041000,2016-01-19,2016-02-19,XLK,C,20.5,513.0,0.5,0.43,4.11,NO,0.43,2.1,0.5,2.44,0.55,0.38,43.0,1453179600000000000,31.0,Monthly,19.9,19.69,19.93,19.52,19.69,19.69,19.93,19.69,0.0034,0.328,0.3204
O:XLK160219C00041500,2016-01-19,2016-02-19,XLK,C,20.75,1.0,0.29,0.29,5.38,NO,0.29,1.4,0.29,1.4,0.29,0.29,1.0,1453179600000000000,31.0,Monthly,19.9,19.69,19.93,19.52,19.69,19.69,19.93,19.69,0.0034,0.2951,0.2581
O:XLK160219C00042000,2016-01-19,2016-02-19,XLK,C,21.0,35.0,0.16,0.15,6.65,NO,0.15,0.71,0.16,0.76,0.18,0.15,6.0,1453179600000000000,31.0,Monthly,19.9,19.69,19.93,19.52,19.69,19.69,19.93,19.69,0.0034,0.2474,0.1774
O:XLK160219C00042500,2016-01-19,2016-02-19,XLK,C,21.25,12.0,0.1,0.1,7.92,NO,0.1,0.47,0.1,0.47,0.1,0.1,1.0,1453179600000000000,31.0,Monthly,19.9,19.69,19.93,19.52,19.69,19.69,19.93,19.69,0.0034,0.2393,0.1305
O:XLK160219C00043000,2016-01-19,2016-02-19,XLK,C,21.5,478.0,0.07,0.06,9.19,NO,0.06,0.28,0.07,0.33,0.07,0.05,65.0,1453179600000000000,31.0,Monthly,19.9,19.69,19.93,19.52,19.69,19.69,19.93,19.69,0.0034,0.2283,0.0884
O:XLK160219C00044000,2016-01-19,2016-02-19,XLK,C,22.0,2.0,0.02,0.02,11.73,NO,0.02,0.09,0.02,0.09,0.02,0.02,1.0,1453179600000000000,31.0,Monthly,19.9,19.69,19.93,19.52,19.69,19.69,19.93,19.69,0.0034,0.2145,0.0358
O:XLK160219C00046000,2016-01-19,2016-02-19,XLK,C,23.0,20.0,0.01,0.01,16.81,NO,0.01,0.04,0.01,0.04,0.01,0.01,1.0,1453179600000000000,31.0,Monthly,19.9,19.69,19.93,19.52,19.69,19.69,19.93,19.69,0.0034,0.2528,0.0161
O:XLK160219C00037000,2016-01-20,2016-02-19,XLK,C,18.5,1.0,2.18,2.18,-5.3,YES,2.18,11.78,2.18,11.78,2.18,2.18,1.0,1453266000000000000,30.0,Monthly,19.36,19.54,19.73,19.01,19.54,19.54,19.73,19.54,0.0034,0.7388,0.5611
O:XLK160219C00037500,2016-01-20,2016-02-19,XLK,C,18.75,1.0,1.82,1.82,-4.02,YES,1.82,9.71,1.82,9.71,1.82,1.82,1.0,1453266000000000000,30.0,Monthly,19.36,19.54,19.73,19.01,19.54,19.54,19.73,19.54,0.0034,0.6341,0.5547
O:XLK160219C00039000,2016-01-20,2016-02-19,XLK,C,19.5,67.0,1.0,1.32,-0.18,YES,1.32,6.77,1.0,5.13,1.33,0.94,8.0,1453266000000000000,30.0,Monthly,19.36,19.54,19.73,19.01,19.54,19.54,19.73,19.54,0.0034,0.5818,0.4723
O:XLK160219C00039500,2016-01-20,2016-02-19,XLK,C,19.75,23.0,1.04,1.04,1.1,NO,1.04,5.27,1.04,5.27,1.04,1.04,1.0,1453266000000000000,30.0,Monthly,19.36,19.54,19.73,19.01,19.54,19.54,19.73,19.54,0.0034,0.5076,0.4426
O:XLK160219C00040000,2016-01-20,2016-02-19,XLK,C,20.0,156.0,0.53,0.79,2.38,NO,0.79,3.95,0.53,2.65,0.85,0.45,9.0,1453266000000000000,30.0,Monthly,19.36,19.54,19.73,19.01,19.54,19.54,19.73,19.54,0.0034,0.443,0.4034
O:XLK160219C00040500,2016-01-20,2016-02-19,XLK,C,20.25,7.0,0.35,0.45,3.66,NO,0.45,2.22,0.35,1.73,0.45,0.35,2.0,1453266000000000000,30.0,Monthly,19.36,19.54,19.73,19.01,19.54,19.54,19.73,19.54,0.0034,0.3299,0.3366
O:XLK160219C00041000,2016-01-20,2016-02-19,XLK,C,20.5,13.0,0.29,0.2,4.94,NO,0.2,0.98,0.29,1.41,0.29,0.2,4.0,1453266000000000000,30.0,Monthly,19.36,19.54,19.73,19.01,19.54,19.54,19.73,19.54,0.0034,0.2405,0.2339
O:XLK160219C00041500,2016-01-20,2016-02-19,XLK,C,20.75,2.0,0.28,0.28,6.22,NO,0.28,1.35,0.28,1.35,0.28,0.28,1.0,1453266000000000000,30.0,Monthly,19.36,19.54,19.73,19.01,19.54,19.54,19.73,19.54,0.0034,0.3168,0.2408
O:XLK160219C00042000,2016-01-20,2016-02-19,XLK,C,21.0,29.0,0.11,0.11,7.5,NO,0.11,0.52,0.11,0.52,0.12,0.09,7.0,1453266000000000000,30.0,Monthly,19.36,19.54,19.73,19.01,19.54,19.54,19.73,19.54,0.0034,0.2424,0.1428
O:XLK160219C00043000,2016-01-20,2016-02-19,XLK,C,21.5,17.0,0.05,0.06,10.06,NO,0.06,0.28,0.05,0.23,0.08,0.03,6.0,1453266000000000000,30.0,Monthly,19.36,19.54,19.73,19.01,19.54,19.54,19.73,19.54,0.0034,0.2472,0.0837
O:XLK160219C00044000,2016-01-20,2016-02-19,XLK,C,22.0,19.0,0.02,0.02,12.62,NO,0.02,0.09,0.02,0.09,0.03,0.02,6.0,1453266000000000000,30.0,Monthly,19.36,19.54,19.73,19.01,19.54,19.54,19.73,19.54,0.0034,0.2304,0.0341
O:XLK160219C00038000,2016-01-21,2016-02-19,XLK,C,19.0,2.0,1.9,1.9,-3.28,YES,1.9,10.0,1.9,10.0,1.9,1.9,1.0,1453352400000000000,29.0,Monthly,19.64,19.64,19.93,19.4,19.64,19.64,19.93,19.64,0.0034,0.7177,0.5255
O:XLK160219C00039500,2016-01-21,2016-02-19,XLK,C,19.75,21.0,0.99,0.99,0.53,NO,0.99,5.01,0.99,5.01,0.99,0.99,2.0,1453352400000000000,29.0,Monthly,19.64,19.64,19.93,19.4,19.64,19.64,19.93,19.64,0.0034,0.4707,0.4576
O:XLK160219C00040000,2016-01-21,2016-02-19,XLK,C,20.0,176.0,0.73,0.82,1.81,NO,0.82,4.1,0.73,3.65,0.87,0.73,12.0,1453352400000000000,29.0,Monthly,19.64,19.64,19.93,19.4,19.64,19.64,19.93,19.64,0.0034,0.4433,0.4185
O:XLK160219C00040500,2016-01-21,2016-02-19,XLK,C,20.25,124.0,0.51,0.55,3.08,NO,0.55,2.72,0.51,2.52,0.68,0.5,10.0,1453352400000000000,29.0,Monthly,19.64,19.64,19.93,19.4,19.64,19.64,19.93,19.64,0.0034,0.3645,0.3645
O:XLK160219C00041000,2016-01-21,2016-02-19,XLK,C,20.5,121.0,0.38,0.41,4.35,NO,0.41,2.0,0.38,1.85,0.51,0.38,6.0,1453352400000000000,29.0,Monthly,19.64,19.64,19.93,19.4,19.64,19.64,19.93,19.64,0.0034,0.338,0.3104
O:XLK160219C00041500,2016-01-21,2016-02-19,XLK,C,20.75,414.0,0.28,0.33,5.62,NO,0.33,1.59,0.28,1.35,0.33,0.28,3.0,1453352400000000000,29.0,Monthly,19.64,19.64,19.93,19.4,19.64,19.64,19.93,19.64,0.0034,0.3338,0.2648
O:XLK160219C00042500,2016-01-21,2016-02-19,XLK,C,21.25,51.0,0.14,0.09,8.17,NO,0.09,0.42,0.14,0.66,0.14,0.09,5.0,1453352400000000000,29.0,Monthly,19.64,19.64,19.93,19.4,19.64,19.64,19.93,19.64,0.0034,0.2451,0.1208
O:XLK160219C00043000,2016-01-21,2016-02-19,XLK,C,21.5,10.0,0.05,0.05,9.44,NO,0.05,0.23,0.05,0.23,0.05,0.05,1.0,1453352400000000000,29.0,Monthly,19.64,19.64,19.93,19.4,19.64,19.64,19.93,19.64,0.0034,0.2303,0.0775
O:XLK160219C00040000,2016-01-22,2016-02-19,XLK,C,20.0,38.0,1.12,1.21,-0.94,YES,1.21,6.05,1.12,5.6,1.21,1.1,11.0,1453438800000000000,28.0,Monthly,20.02,20.19,20.2,19.99,20.19,20.19,20.2,20.19,0.0034,0.5002,0.5003
O:XLK160219C00040500,2016-01-22,2016-02-19,XLK,C,20.25,11.0,0.83,0.81,0.3,NO,0.81,4.0,0.83,4.1,0.83,0.81,2.0,1453438800000000000,28.0,Monthly,20.02,20.19,20.2,19.99,20.19,20.19,20.2,20.19,0.0034,0.3749,0.4689
O:XLK160219C00041000,2016-01-22,2016-02-19,XLK,C,20.5,6.0,0.59,0.6,1.54,NO,0.6,2.93,0.59,2.88,0.6,0.59,2.0,1453438800000000000,28.0,Monthly,20.02,20.19,20.2,19.99,20.19,20.19,20.2,20.19,0.0034,0.3304,0.4171
O:XLK160219C00041500,2016-01-22,2016-02-19,XLK,C,20.75,29.0,0.41,0.37,2.77,NO,0.37,1.78,0.41,1.98,0.41,0.37,3.0,1453438800000000000,28.0,Monthly,20.02,20.19,20.2,19.99,20.19,20.19,20.2,20.19,0.0034,0.2687,0.3441
O:XLK160219C00042000,2016-01-22,2016-02-19,XLK,C,21.0,11.0,0.26,0.28,4.01,NO,0.28,1.33,0.26,1.24,0.28,0.26,4.0,1453438800000000000,28.0,Monthly,20.02,20.19,20.2,19.99,20.19,20.19,20.2,20.19,0.0034,0.263,0.2834
O:XLK160318C00035000,2016-02-16,2016-03-18,XLK,C,17.5,20.0,4.95,4.95,-12.43,YES,4.95,28.29,4.95,28.29,4.95,4.95,1.0,1455598800000000000,31.0,Monthly,19.86,19.98,19.99,19.75,19.98,19.98,19.99,19.98,0.0038,1.6573,0.5134
O:XLK160318C00037000,2016-02-16,2016-03-18,XLK,C,18.5,2.0,2.89,3.03,-7.43,YES,3.03,16.38,2.89,15.62,3.03,2.89,2.0,1455598800000000000,31.0,Monthly,19.86,19.98,19.99,19.75,19.98,19.98,19.99,19.98,0.0038,0.9911,0.549
O:XLK160318C00038000,2016-02-16,2016-03-18,XLK,C,19.0,133.0,2.16,2.36,-4.93,YES,2.36,12.42,2.16,11.37,2.41,2.12,55.0,1455598800000000000,31.0,Monthly,19.86,19.98,19.99,19.75,19.98,19.98,19.99,19.98,0.0038,0.8074,0.5388
O:XLK160318C00039000,2016-02-16,2016-03-18,XLK,C,19.5,20.0,1.53,1.49,-2.43,YES,1.49,7.64,1.53,7.85,1.64,1.45,11.0,1455598800000000000,31.0,Monthly,19.86,19.98,19.99,19.75,19.98,19.98,19.99,19.98,0.0038,0.5373,0.5315
O:XLK160318C00040000,2016-02-16,2016-03-18,XLK,C,20.0,183.0,0.99,1.06,0.08,NO,1.06,5.3,0.99,4.95,1.08,0.88,19.0,1455598800000000000,31.0,Monthly,19.86,19.98,19.99,19.75,19.98,19.98,19.99,19.98,0.0038,0.4594,0.4713
O:XLK160318C00041000,2016-02-16,2016-03-18,XLK,C,20.5,50.0,0.52,0.54,2.58,NO,0.54,2.63,0.52,2.54,0.54,0.51,6.0,1455598800000000000,31.0,Monthly,19.86,19.98,19.99,19.75,19.98,19.98,19.99,19.98,0.0038,0.3272,0.3769
O:XLK160318C00042000,2016-02-16,2016-03-18,XLK,C,21.0,34.0,0.22,0.24,5.08,NO,0.24,1.14,0.22,1.05,0.29,0.22,10.0,1455598800000000000,31.0,Monthly,19.86,19.98,19.99,19.75,19.98,19.98,19.99,19.98,0.0038,0.2601,0.2449
O:XLK160318C00043000,2016-02-16,2016-03-18,XLK,C,21.5,190.0,0.08,0.1,7.58,NO,0.1,0.47,0.08,0.37,0.1,0.08,5.0,1455598800000000000,31.0,Monthly,19.86,19.98,19.99,19.75,19.98,19.98,19.99,19.98,0.0038,0.232,0.1328
O:XLK160318C00037000,2016-02-17,2016-03-18,XLK,C,18.5,1.0,3.65,3.65,-9.29,YES,3.65,19.73,3.65,19.73,3.65,3.65,1.0,1455685200000000000,30.0,Monthly,20.1,20.39,20.43,20.07,20.39,20.39,20.43,20.39,0.0038,1.1723,0.5487
O:XLK160318C00038000,2016-02-17,2016-03-18,XLK,C,19.0,10.0,2.63,3.07,-6.84,YES,3.07,16.16,2.63,13.84,3.08,2.63,8.0,1455685200000000000,30.0,Monthly,20.1,20.39,20.43,20.07,20.39,20.39,20.43,20.39,0.0038,1.0276,0.5372
O:XLK160318C00039000,2016-02-17,2016-03-18,XLK,C,19.5,3.0,2.08,2.13,-4.39,YES,2.13,10.92,2.08,10.67,2.13,2.08,2.0,1455685200000000000,30.0,Monthly,20.1,20.39,20.43,20.07,20.39,20.39,20.43,20.39,0.0038,0.7219,0.5453
O:XLK160318C00040000,2016-02-17,2016-03-18,XLK,C,20.0,25.0,1.36,1.55,-1.94,YES,1.55,7.75,1.36,6.8,1.58,1.36,5.0,1455685200000000000,30.0,Monthly,20.1,20.39,20.43,20.07,20.39,20.39,20.43,20.39,0.0038,0.582,0.5136
O:XLK160318C00041000,2016-02-17,2016-03-18,XLK,C,20.5,313.0,0.67,0.93,0.51,NO,0.93,4.54,0.67,3.27,0.93,0.67,26.0,1455685200000000000,30.0,Monthly,20.1,20.39,20.43,20.07,20.39,20.39,20.43,20.39,0.0038,0.4198,0.4593
O:XLK160318C00042000,2016-02-17,2016-03-18,XLK,C,21.0,11.0,0.4,0.5,2.97,NO,0.5,2.38,0.4,1.9,0.5,0.4,4.0,1455685200000000000,30.0,Monthly,20.1,20.39,20.43,20.07,20.39,20.39,20.43,20.39,0.0038,0.323,0.359
O:XLK160318C00043000,2016-02-17,2016-03-18,XLK,C,21.5,942.0,0.12,0.19,5.42,NO,0.19,0.88,0.12,0.56,0.21,0.12,45.0,1455685200000000000,30.0,Monthly,20.1,20.39,20.43,20.07,20.39,20.39,20.43,20.39,0.0038,0.2435,0.2148
O:XLK160318C00044000,2016-02-17,2016-03-18,XLK,C,22.0,25.0,0.04,0.08,7.87,NO,0.08,0.36,0.04,0.18,0.08,0.04,3.0,1455685200000000000,30.0,Monthly,20.1,20.39,20.43,20.07,20.39,20.39,20.43,20.39,0.0038,0.2243,0.1133
O:XLK160318C00047000,2016-02-17,2016-03-18,XLK,C,23.5,3.0,0.01,0.01,15.22,NO,0.01,0.04,0.01,0.04,0.01,0.01,1.0,1455685200000000000,30.0,Monthly,20.1,20.39,20.43,20.07,20.39,20.39,20.43,20.39,0.0038,0.2369,0.017
O:XLK160318C00038000,2016-02-18,2016-03-18,XLK,C,19.0,5.0,3.22,3.05,-6.47,YES,3.05,16.05,3.22,16.95,3.22,3.03,4.0,1455771600000000000,29.0,Monthly,20.46,20.32,20.49,20.27,20.32,20.32,20.49,20.32,0.0038,1.0572,0.5309
O:XLK160318C00040000,2016-02-18,2016-03-18,XLK,C,20.0,12.0,1.58,1.49,-1.55,YES,1.49,7.45,1.58,7.9,1.59,1.49,3.0,1455771600000000000,29.0,Monthly,20.46,20.32,20.49,20.27,20.32,20.32,20.49,20.32,0.0038,0.5833,0.5065
O:XLK160318C00041000,2016-02-18,2016-03-18,XLK,C,20.5,40.0,0.99,0.83,0.91,NO,0.83,4.05,0.99,4.83,1.0,0.83,3.0,1455771600000000000,29.0,Monthly,20.46,20.32,20.49,20.27,20.32,20.32,20.49,20.32,0.0038,0.3986,0.4475
O:XLK160318C00042000,2016-02-18,2016-03-18,XLK,C,21.0,129.0,0.51,0.42,3.37,NO,0.42,2.0,0.51,2.43,0.51,0.42,11.0,1455771600000000000,29.0,Monthly,20.46,20.32,20.49,20.27,20.32,20.32,20.49,20.32,0.0038,0.3042,0.3361
O:XLK160318C00043000,2016-02-18,2016-03-18,XLK,C,21.5,128.0,0.2,0.16,5.83,NO,0.16,0.74,0.2,0.93,0.2,0.16,8.0,1455771600000000000,29.0,Monthly,20.46,20.32,20.49,20.27,20.32,20.32,20.49,20.32,0.0038,0.2393,0.1932
O:XLK160318C00036000,2016-02-19,2016-03-18,XLK,C,18.0,7.0,4.8,4.8,-11.46,YES,4.8,26.67,4.8,26.67,4.8,4.8,1.0,1455858000000000000,28.0,Monthly,20.24,20.33,20.39,20.19,20.33,20.33,20.39,20.33,0.0038,1.6744,0.5125
O:XLK160318C00038000,2016-02-19,2016-03-18,XLK,C,19.0,9.0,2.84,2.95,-6.54,YES,2.95,15.53,2.84,14.95,2.95,2.84,4.0,1455858000000000000,28.0,Monthly,20.24,20.33,20.39,20.19,20.33,20.33,20.39,20.33,0.0038,1.025,0.5388
O:XLK160318C00039000,2016-02-19,2016-03-18,XLK,C,19.5,2.0,2.0,2.19,-4.08,YES,2.19,11.23,2.0,10.26,2.19,2.0,2.0,1455858000000000000,28.0,Monthly,20.24,20.33,20.39,20.19,20.33,20.33,20.39,20.33,0.0038,0.7927,0.5324
O:XLK160318C00040000,2016-02-19,2016-03-18,XLK,C,20.0,1.0,1.28,1.28,-1.62,YES,1.28,6.4,1.28,6.4,1.28,1.28,1.0,1455858000000000000,28.0,Monthly,20.24,20.33,20.39,20.19,20.33,20.33,20.39,20.33,0.0038,0.4959,0.521
O:XLK160318C00041000,2016-02-19,2016-03-18,XLK,C,20.5,623.0,0.74,0.75,0.84,NO,0.75,3.66,0.74,3.61,0.81,0.74,26.0,1455858000000000000,28.0,Monthly,20.24,20.33,20.39,20.19,20.33,20.33,20.39,20.33,0.0038,0.3679,0.4484
O:XLK160318C00042000,2016-02-19,2016-03-18,XLK,C,21.0,4.0,0.36,0.34,3.3,NO,0.34,1.62,0.36,1.71,0.36,0.34,3.0,1455858000000000000,28.0,Monthly,20.24,20.33,20.39,20.19,20.33,20.33,20.39,20.33,0.0038,0.2698,0.3201
O:XLK160318C00043000,2016-02-19,2016-03-18,XLK,C,21.5,5.0,0.11,0.11,5.76,NO,0.11,0.51,0.11,0.51,0.11,0.11,1.0,1455858000000000000,28.0,Monthly,20.24,20.33,20.39,20.19,20.33,20.33,20.39,20.33,0.0038,0.2101,0.1621
O:XLK160318C00045000,2016-02-19,2016-03-18,XLK,C,22.5,2.0,0.01,0.01,10.67,NO,0.01,0.04,0.01,0.04,0.01,0.01,2.0,1455858000000000000,28.0,Monthly,20.24,20.33,20.39,20.19,20.33,20.33,20.39,20.33,0.0038,0.1851,0.0228
O:XLK160415C00039000,2016-03-14,2016-04-15,XLK,C,19.5,5.0,3.8,3.8,-9.13,YES,3.8,19.49,3.8,19.49,3.8,3.8,1.0,1457928000000000000,32.0,Monthly,21.37,21.46,21.5,21.36,21.46,21.46,21.5,21.46,0.0036,1.1239,0.5487
O:XLK160415C00041000,2016-03-14,2016-04-15,XLK,C,20.5,23.0,2.12,2.12,-4.47,YES,2.12,10.34,2.12,10.34,2.12,2.12,2.0,1457928000000000000,32.0,Monthly,21.37,21.46,21.5,21.36,21.46,21.46,21.5,21.46,0.0036,0.6429,0.5584
O:XLK160415C00042000,2016-03-14,2016-04-15,XLK,C,21.0,10.0,1.23,1.3,-2.14,YES,1.3,6.19,1.23,5.86,1.33,1.23,5.0,1457928000000000000,32.0,Monthly,21.37,21.46,21.5,21.36,21.46,21.46,21.5,21.46,0.0036,0.4191,0.5458
O:XLK160415C00043000,2016-03-14,2016-04-15,XLK,C,21.5,68.0,0.69,0.7,0.19,NO,0.7,3.26,0.69,3.21,0.71,0.63,13.0,1457928000000000000,32.0,Monthly,21.37,21.46,21.5,21.36,21.46,21.46,21.5,21.46,0.0036,0.2825,0.476
O:XLK160415C00044000,2016-03-14,2016-04-15,XLK,C,22.0,611.0,0.24,0.26,2.52,NO,0.26,1.18,0.24,1.09,0.28,0.24,17.0,1457928000000000000,32.0,Monthly,21.37,21.46,21.5,21.36,21.46,21.46,21.5,21.46,0.0036,0.1871,0.319
O:XLK160415C00039000,2016-03-15,2016-04-15,XLK,C,19.5,8.0,3.8,4.05,-9.47,YES,4.05,20.77,3.8,19.49,4.05,3.8,2.0,1458014400000000000,31.0,Monthly,21.38,21.54,21.56,21.36,21.54,21.54,21.56,21.54,0.0036,1.2289,0.5397
O:XLK160415C00041000,2016-03-15,2016-04-15,XLK,C,20.5,11.0,2.03,2.09,-4.83,YES,2.09,10.2,2.03,9.9,2.09,2.03,2.0,1458014400000000000,31.0,Monthly,21.38,21.54,21.56,21.36,21.54,21.54,21.56,21.54,0.0036,0.6187,0.5738
O:XLK160415C00042000,2016-03-15,2016-04-15,XLK,C,21.0,58.0,1.3,1.36,-2.51,YES,1.36,6.48,1.3,6.19,1.39,1.3,6.0,1458014400000000000,31.0,Monthly,21.38,21.54,21.56,21.36,21.54,21.54,21.56,21.54,0.0036,0.4309,0.5564
O:XLK160415C00043000,2016-03-15,2016-04-15,XLK,C,21.5,33.0,0.65,0.75,-0.19,YES,0.75,3.49,0.65,3.02,0.75,0.63,11.0,1458014400000000000,31.0,Monthly,21.38,21.54,21.56,21.36,21.54,21.54,21.56,21.54,0.0036,0.2905,0.4933
O:XLK160415C00044000,2016-03-15,2016-04-15,XLK,C,22.0,29.0,0.28,0.29,2.14,NO,0.29,1.32,0.28,1.27,0.29,0.28,2.0,1458014400000000000,31.0,Monthly,21.38,21.54,21.56,21.36,21.54,21.54,21.56,21.54,0.0036,0.191,0.3439
O:XLK160415C00045000,2016-03-15,2016-04-15,XLK,C,22.5,2.0,0.08,0.07,4.46,NO,0.07,0.31,0.08,0.36,0.08,0.07,2.0,1458014400000000000,31.0,Monthly,21.38,21.54,21.56,21.36,21.54,21.54,21.56,21.54,0.0036,0.1424,0.1436
O:XLK160415C00035000,2016-03-16,2016-04-15,XLK,C,17.5,1.0,8.25,8.25,-19.69,YES,8.25,47.14,8.25,47.14,8.25,8.25,1.0,1458100800000000000,30.0,Monthly,21.44,21.79,21.82,21.43,21.79,21.79,21.82,21.79,0.0036,2.6804,0.4608
O:XLK160415C00039000,2016-03-16,2016-04-15,XLK,C,19.5,1.0,4.5,4.5,-10.51,YES,4.5,23.08,4.5,23.08,4.5,4.5,1.0,1458100800000000000,30.0,Monthly,21.44,21.79,21.82,21.43,21.79,21.79,21.82,21.79,0.0036,1.3754,0.5339
O:XLK160415C00040000,2016-03-16,2016-04-15,XLK,C,20.0,10.0,3.45,3.45,-8.21,YES,3.45,17.25,3.45,17.25,3.45,3.45,1.0,1458100800000000000,30.0,Monthly,21.44,21.79,21.82,21.43,21.79,21.79,21.82,21.79,0.0036,1.0288,0.5573
O:XLK160415C00042000,2016-03-16,2016-04-15,XLK,C,21.0,3.0,1.36,1.49,-3.63,YES,1.49,7.1,1.36,6.48,1.49,1.36,3.0,1458100800000000000,30.0,Monthly,21.44,21.79,21.82,21.43,21.79,21.79,21.82,21.79,0.0036,0.427,0.5959
O:XLK160415C00043000,2016-03-16,2016-04-15,XLK,C,21.5,108.0,0.8,0.99,-1.33,YES,0.99,4.6,0.8,3.72,1.01,0.8,6.0,1458100800000000000,30.0,Monthly,21.44,21.79,21.82,21.43,21.79,21.79,21.82,21.79,0.0036,0.3368,0.5373
O:XLK160415C00044000,2016-03-16,2016-04-15,XLK,C,22.0,127.0,0.26,0.43,0.96,NO,0.43,1.95,0.26,1.18,0.43,0.26,14.0,1458100800000000000,30.0,Monthly,21.44,21.79,21.82,21.43,21.79,21.79,21.82,21.79,0.0036,0.2099,0.4268
O:XLK160415C00045000,2016-03-16,2016-04-15,XLK,C,22.5,2040.0,0.07,0.14,3.26,NO,0.14,0.62,0.07,0.31,0.14,0.07,20.0,1458100800000000000,30.0,Monthly,21.44,21.79,21.82,21.43,21.79,21.79,21.82,21.79,0.0036,0.1565,0.2325
O:XLK160415C00033000,2016-03-17,2016-04-15,XLK,C,16.5,1.0,10.56,10.56,-24.55,YES,10.56,64.0,10.56,64.0,10.56,10.56,1.0,1458187200000000000,29.0,Monthly,21.75,21.87,21.94,21.73,21.87,21.87,21.94,21.87,0.0036,3.6931,0.4015
O:XLK160415C00041000,2016-03-17,2016-04-15,XLK,C,20.5,2.0,2.66,2.78,-6.26,YES,2.78,13.56,2.66,12.98,2.78,2.66,2.0,1458187200000000000,29.0,Monthly,21.75,21.87,21.94,21.73,21.87,21.87,21.94,21.87,0.0036,0.8495,0.5603
O:XLK160415C00042000,2016-03-17,2016-04-15,XLK,C,21.0,23.0,1.55,1.71,-3.98,YES,1.71,8.14,1.55,7.38,1.71,1.55,2.0,1458187200000000000,29.0,Monthly,21.75,21.87,21.94,21.73,21.87,21.87,21.94,21.87,0.0036,0.5077,0.5848
O:XLK160415C00043000,2016-03-17,2016-04-15,XLK,C,21.5,88.0,1.04,1.13,-1.69,YES,1.13,5.26,1.04,4.84,1.13,1.04,5.0,1458187200000000000,29.0,Monthly,21.75,21.87,21.94,21.73,21.87,21.87,21.94,21.87,0.0036,0.3816,0.5428
O:XLK160415C00044000,2016-03-17,2016-04-15,XLK,C,22.0,26.0,0.45,0.49,0.59,NO,0.49,2.23,0.45,2.05,0.54,0.45,8.0,1458187200000000000,29.0,Monthly,21.75,21.87,21.94,21.73,21.87,21.87,21.94,21.87,0.0036,0.2229,0.4518
O:XLK160415C00045000,2016-03-17,2016-04-15,XLK,C,22.5,23344.0,0.13,0.17,2.88,NO,0.17,0.76,0.13,0.58,0.17,0.11,29.0,1458187200000000000,29.0,Monthly,21.75,21.87,21.94,21.73,21.87,21.87,21.94,21.87,0.0036,0.1637,0.2636
O:XLK160415C00042000,2016-03-18,2016-04-15,XLK,C,21.0,10.0,1.88,1.87,-3.65,YES,1.87,8.9,1.88,8.95,1.89,1.87,7.0,1458273600000000000,28.0,Monthly,21.84,21.8,21.86,21.7,21.8,21.8,21.86,21.8,0.0036,0.6061,0.5558
O:XLK160415C00043000,2016-03-18,2016-04-15,XLK,C,21.5,51.0,1.07,0.95,-1.35,YES,0.95,4.42,1.07,4.98,1.1,0.95,4.0,1458273600000000000,28.0,Monthly,21.84,21.8,21.86,21.7,21.8,21.8,21.86,21.8,0.0036,0.3294,0.5435
O:XLK160415C00044000,2016-03-18,2016-04-15,XLK,C,22.0,5426.0,0.5,0.5,0.94,NO,0.5,2.27,0.5,2.27,0.52,0.41,466.0,1458273600000000000,28.0,Monthly,21.84,21.8,21.86,21.7,21.8,21.8,21.86,21.8,0.0036,0.2447,0.4346
O:XLK160415C00045000,2016-03-18,2016-04-15,XLK,C,22.5,563.0,0.18,0.13,3.23,NO,0.13,0.58,0.18,0.8,0.18,0.1,53.0,1458273600000000000,28.0,Monthly,21.84,21.8,21.86,21.7,21.8,21.8,21.86,21.8,0.0036,0.1555,0.2269
O:XLK160415C00046000,2016-03-18,2016-04-15,XLK,C,23.0,3.0,0.03,0.03,5.53,NO,0.03,0.13,0.03,0.13,0.03,0.03,1.0,1458273600000000000,28.0,Monthly,21.84,21.8,21.86,21.7,21.8,21.8,21.86,21.8,0.0036,0.1361,0.0759
O:XLK160520C00040000,2016-04-18,2016-05-20,XLK,C,20.0,2.0,4.53,4.55,-10.17,YES,4.55,22.75,4.53,22.65,4.55,4.53,2.0,1460952000000000000,32.0,Monthly,22.11,22.27,22.27,22.07,22.27,22.27,22.27,22.27,0.0037,1.3266,0.5311
O:XLK160520C00042000,2016-04-18,2016-05-20,XLK,C,21.0,24.0,2.5,2.65,-5.68,YES,2.65,12.62,2.5,11.9,2.65,2.48,4.0,1460952000000000000,32.0,Monthly,22.11,22.27,22.27,22.07,22.27,22.27,22.27,22.27,0.0037,0.7631,0.559
O:XLK160520C00043000,2016-04-18,2016-05-20,XLK,C,21.5,4.0,1.82,1.82,-3.44,YES,1.82,8.47,1.82,8.47,1.82,1.82,1.0,1460952000000000000,32.0,Monthly,22.11,22.27,22.27,22.07,22.27,22.27,22.27,22.27,0.0037,0.5412,0.5563
O:XLK160520C00044000,2016-04-18,2016-05-20,XLK,C,22.0,2.0,1.04,1.04,-1.19,YES,1.04,4.73,1.04,4.73,1.04,1.04,1.0,1460952000000000000,32.0,Monthly,22.11,22.27,22.27,22.07,22.27,22.27,22.27,22.27,0.0037,0.3424,0.529
O:XLK160520C00045000,2016-04-18,2016-05-20,XLK,C,22.5,2677.0,0.42,0.48,1.06,NO,0.48,2.13,0.42,1.87,0.49,0.42,38.0,1460952000000000000,32.0,Monthly,22.11,22.27,22.27,22.07,22.27,22.27,22.27,22.27,0.0037,0.2212,0.4267
O:XLK160520C00046000,2016-04-18,2016-05-20,XLK,C,23.0,1.0,0.15,0.15,3.3,NO,0.15,0.65,0.15,0.65,0.15,0.15,1.0,1460952000000000000,32.0,Monthly,22.11,22.27,22.27,22.07,22.27,22.27,22.27,22.27,0.0037,0.1553,0.2366
O:XLK160520C00046500,2016-04-18,2016-05-20,XLK,C,23.25,2.0,0.05,0.05,4.42,NO,0.05,0.22,0.05,0.22,0.05,0.05,1.0,1460952000000000000,32.0,Monthly,22.11,22.27,22.27,22.07,22.27,22.27,22.27,22.27,0.0037,0.1237,0.118
O:XLK160520C00047000,2016-04-18,2016-05-20,XLK,C,23.5,1.0,0.02,0.02,5.55,NO,0.02,0.09,0.02,0.09,0.02,0.02,1.0,1460952000000000000,32.0,Monthly,22.11,22.27,22.27,22.07,22.27,22.27,22.27,22.27,0.0037,0.1157,0.0574
O:XLK160520C00042000,2016-04-19,2016-05-20,XLK,C,21.0,2.0,2.35,2.35,-5.15,YES,2.35,11.19,2.35,11.19,2.35,2.35,1.0,1461038400000000000,31.0,Monthly,22.3,22.14,22.33,22.02,22.14,22.14,22.33,22.14,0.0037,0.6857,0.566
O:XLK160520C00043500,2016-04-19,2016-05-20,XLK,C,21.75,2.0,1.17,1.17,-1.76,YES,1.17,5.38,1.17,5.38,1.17,1.17,1.0,1461038400000000000,31.0,Monthly,22.3,22.14,22.33,22.02,22.14,22.14,22.33,22.14,0.0037,0.3759,0.5439
O:XLK160520C00044000,2016-04-19,2016-05-20,XLK,C,22.0,2.0,0.97,0.87,-0.63,YES,0.87,3.95,0.97,4.41,0.97,0.87,2.0,1461038400000000000,31.0,Monthly,22.3,22.14,22.33,22.02,22.14,22.14,22.33,22.14,0.0037,0.3097,0.5114
O:XLK160520C00044500,2016-04-19,2016-05-20,XLK,C,22.25,23.0,0.63,0.63,0.5,NO,0.63,2.83,0.63,2.83,0.64,0.63,3.0,1461038400000000000,31.0,Monthly,22.3,22.14,22.33,22.02,22.14,22.14,22.33,22.14,0.0037,0.2637,0.4606
O:XLK160520C00045000,2016-04-19,2016-05-20,XLK,C,22.5,53.0,0.5,0.4,1.63,NO,0.4,1.78,0.5,2.22,0.5,0.36,12.0,1461038400000000000,31.0,Monthly,22.3,22.14,22.33,22.02,22.14,22.14,22.33,22.14,0.0037,0.2154,0.3885
O:XLK160520C00045500,2016-04-19,2016-05-20,XLK,C,22.75,40.0,0.2,0.22,2.76,NO,0.22,0.97,0.2,0.88,0.22,0.2,3.0,1461038400000000000,31.0,Monthly,22.3,22.14,22.33,22.02,22.14,22.14,22.33,22.14,0.0037,0.1763,0.2917
O:XLK160520C00046500,2016-04-19,2016-05-20,XLK,C,23.25,166.0,0.06,0.06,5.01,NO,0.06,0.26,0.06,0.26,0.06,0.06,10.0,1461038400000000000,31.0,Monthly,22.3,22.14,22.33,22.02,22.14,22.14,22.33,22.14,0.0037,0.1454,0.1214
O:XLK160520C00044500,2016-04-20,2016-05-20,XLK,C,22.25,1.0,0.65,0.65,0.29,NO,0.65,2.92,0.65,2.92,0.65,0.65,1.0,1461124800000000000,30.0,Monthly,22.16,22.18,22.29,22.09,22.18,22.18,22.29,22.18,0.0037,0.2682,0.4699
O:XLK160520C00045000,2016-04-20,2016-05-20,XLK,C,22.5,5.0,0.43,0.46,1.42,NO,0.46,2.04,0.43,1.91,0.46,0.43,3.0,1461124800000000000,30.0,Monthly,22.16,22.18,22.29,22.09,22.18,22.18,22.29,22.18,0.0037,0.2364,0.4049
O:XLK160520C00046000,2016-04-20,2016-05-20,XLK,C,23.0,10.0,0.11,0.11,3.67,NO,0.11,0.48,0.11,0.48,0.11,0.11,1.0,1461124800000000000,30.0,Monthly,22.16,22.18,22.29,22.09,22.18,22.18,22.29,22.18,0.0037,0.1504,0.1959
O:XLK160520C00043500,2016-04-21,2016-05-20,XLK,C,21.75,24.0,1.3,1.3,-1.61,YES,1.3,5.98,1.3,5.98,1.3,1.3,1.0,1461211200000000000,29.0,Monthly,22.16,22.11,22.2,22.05,22.11,22.11,22.2,22.11,0.0037,0.4493,0.5274
O:XLK160520C00044000,2016-04-21,2016-05-20,XLK,C,22.0,73.0,0.91,0.83,-0.48,YES,0.83,3.77,0.91,4.14,0.91,0.83,5.0,1461211200000000000,29.0,Monthly,22.16,22.11,22.2,22.05,22.11,22.11,22.2,22.11,0.0037,0.3108,0.5066
O:XLK160520C00044500,2016-04-21,2016-05-20,XLK,C,22.25,50.0,0.56,0.56,0.66,NO,0.56,2.52,0.56,2.52,0.56,0.56,1.0,1461211200000000000,29.0,Monthly,22.16,22.11,22.2,22.05,22.11,22.11,22.2,22.11,0.0037,0.2505,0.452
O:XLK160520C00045000,2016-04-21,2016-05-20,XLK,C,22.5,319.0,0.4,0.14,1.79,NO,0.14,0.62,0.4,1.78,0.4,0.13,19.0,1461211200000000000,29.0,Monthly,22.16,22.11,22.2,22.05,22.11,22.11,22.2,22.11,0.0037,0.1167,0.2949
O:XLK160520C00046000,2016-04-21,2016-05-20,XLK,C,23.0,182.0,0.11,0.12,4.05,NO,0.12,0.52,0.11,0.48,0.12,0.11,2.0,1461211200000000000,29.0,Monthly,22.16,22.11,22.2,22.05,22.11,22.11,22.2,22.11,0.0037,0.1667,0.1957
O:XLK160520C00047000,2016-04-21,2016-05-20,XLK,C,23.5,6.0,0.02,0.02,6.31,NO,0.02,0.09,0.02,0.09,0.02,0.02,1.0,1461211200000000000,29.0,Monthly,22.16,22.11,22.2,22.05,22.11,22.11,22.2,22.11,0.0037,0.1344,0.0526
O:XLK160520C00040000,2016-04-22,2016-05-20,XLK,C,20.0,72.0,3.63,3.57,-7.92,YES,3.57,17.85,3.63,18.15,3.65,3.55,10.0,1461297600000000000,28.0,Monthly,21.75,21.72,21.86,21.61,21.72,21.72,21.86,21.72,0.0037,1.141,0.5414
O:XLK160520C00042000,2016-04-22,2016-05-20,XLK,C,21.0,93.0,1.92,1.65,-3.31,YES,1.65,7.86,1.92,9.14,1.95,1.65,6.0,1461297600000000000,28.0,Monthly,21.75,21.72,21.86,21.61,21.72,21.72,21.86,21.72,0.0037,0.5318,0.5624
O:XLK160520C00043000,2016-04-22,2016-05-20,XLK,C,21.5,7.0,0.96,0.97,-1.01,YES,0.97,4.51,0.96,4.47,0.99,0.93,6.0,1461297600000000000,28.0,Monthly,21.75,21.72,21.86,21.61,21.72,21.72,21.86,21.72,0.0037,0.3571,0.5225
O:XLK160520C00043500,2016-04-22,2016-05-20,XLK,C,21.75,213.0,0.81,0.7,0.14,NO,0.7,3.22,0.81,3.72,0.81,0.62,17.0,1461297600000000000,28.0,Monthly,21.75,21.72,21.86,21.61,21.72,21.72,21.86,21.72,0.0037,0.2965,0.4783
O:XLK160520C00044000,2016-04-22,2016-05-20,XLK,C,22.0,172.0,0.42,0.41,1.29,NO,0.41,1.86,0.42,1.91,0.43,0.39,16.0,1461297600000000000,28.0,Monthly,21.75,21.72,21.86,21.61,21.72,21.72,21.86,21.72,0.0037,0.2219,0.4073
O:XLK160520C00044500,2016-04-22,2016-05-20,XLK,C,22.25,36.0,0.25,0.24,2.44,NO,0.24,1.08,0.25,1.12,0.26,0.24,6.0,1461297600000000000,28.0,Monthly,21.75,21.72,21.86,21.61,21.72,21.72,21.86,21.72,0.0037,0.1872,0.3137
O:XLK160520C00045000,2016-04-22,2016-05-20,XLK,C,22.5,85.0,0.16,0.13,3.59,NO,0.13,0.58,0.16,0.71,0.17,0.11,13.0,1461297600000000000,28.0,Monthly,21.75,21.72,21.86,21.61,21.72,21.72,21.86,21.72,0.0037,0.1656,0.2159
O:XLK160520C00046000,2016-04-22,2016-05-20,XLK,C,23.0,3.0,0.05,0.05,5.89,NO,0.05,0.22,0.05,0.22,0.05,0.05,3.0,1461297600000000000,28.0,Monthly,21.75,21.72,21.86,21.61,21.72,21.72,21.86,21.72,0.0037,0.1632,0.0997
O:XLK160617C00042000,2016-05-16,2016-06-17,XLK,C,21.0,36.0,0.98,1.29,-1.87,YES,1.29,6.14,0.98,4.67,1.29,0.98,13.0,1463371200000000000,32.0,Monthly,21.12,21.4,21.45,21.12,21.4,21.4,21.45,21.4,0.0037,0.4294,0.5348
O:XLK160617C00043000,2016-05-16,2016-06-17,XLK,C,21.5,207.0,0.44,0.6,0.47,NO,0.6,2.79,0.44,2.05,0.63,0.43,24.0,1463371200000000000,32.0,Monthly,21.12,21.4,21.45,21.12,21.4,21.4,21.45,21.4,0.0037,0.2548,0.4621
O:XLK160617C00044000,2016-05-16,2016-06-17,XLK,C,22.0,13.0,0.17,0.22,2.8,NO,0.22,1.0,0.17,0.77,0.22,0.17,5.0,1463371200000000000,32.0,Monthly,21.12,21.4,21.45,21.12,21.4,21.4,21.45,21.4,0.0037,0.1782,0.2931
O:XLK160617C00045000,2016-05-16,2016-06-17,XLK,C,22.5,16.0,0.02,0.05,5.14,NO,0.05,0.22,0.02,0.09,0.05,0.02,4.0,1463371200000000000,32.0,Monthly,21.12,21.4,21.45,21.12,21.4,21.4,21.45,21.4,0.0037,0.1393,0.1097
O:XLK160617C00040000,2016-05-17,2016-06-17,XLK,C,20.0,3.0,2.65,2.65,-5.59,YES,2.65,13.25,2.65,13.25,2.65,2.65,1.0,1463457600000000000,31.0,Monthly,21.34,21.18,21.44,21.12,21.18,21.18,21.44,21.18,0.0037,0.8384,0.5453
O:XLK160617C00042000,2016-05-17,2016-06-17,XLK,C,21.0,1173.0,1.17,0.93,-0.87,YES,0.93,4.43,1.17,5.57,1.17,0.93,54.0,1463457600000000000,31.0,Monthly,21.34,21.18,21.44,21.12,21.18,21.18,21.44,21.18,0.0037,0.3401,0.5158
O:XLK160617C00043000,2016-05-17,2016-06-17,XLK,C,21.5,150.0,0.52,0.39,1.49,NO,0.39,1.81,0.52,2.42,0.54,0.38,32.0,1463457600000000000,31.0,Monthly,21.34,21.18,21.44,21.12,21.18,21.18,21.44,21.18,0.0037,0.2145,0.3951
O:XLK160617C00044000,2016-05-17,2016-06-17,XLK,C,22.0,246.0,0.12,0.12,3.85,NO,0.12,0.55,0.12,0.55,0.18,0.12,17.0,1463457600000000000,31.0,Monthly,21.34,21.18,21.44,21.12,21.18,21.18,21.44,21.18,0.0037,0.1604,0.2035
O:XLK160617C00045000,2016-05-17,2016-06-17,XLK,C,22.5,11.0,0.05,0.04,6.21,NO,0.04,0.18,0.05,0.22,0.05,0.04,3.0,1463457600000000000,31.0,Monthly,21.34,21.18,21.44,21.12,21.18,21.18,21.44,21.18,0.0037,0.1531,0.0853
O:XLK160617C00037000,2016-05-18,2016-06-17,XLK,C,18.5,5.0,5.36,5.36,-12.84,YES,5.36,28.97,5.36,28.97,5.36,5.36,1.0,1463544000000000000,30.0,Monthly,21.13,21.23,21.39,21.1,21.23,21.23,21.39,21.23,0.0037,1.7091,0.5146
O:XLK160617C00042000,2016-05-18,2016-06-17,XLK,C,21.0,472.0,1.0,1.14,-1.06,YES,1.14,5.43,1.0,4.76,1.18,1.0,20.0,1463544000000000000,30.0,Monthly,21.13,21.23,21.39,21.1,21.23,21.23,21.39,21.23,0.0037,0.4216,0.5128
O:XLK160617C00043000,2016-05-18,2016-06-17,XLK,C,21.5,145.0,0.4,0.44,1.3,NO,0.44,2.05,0.4,1.86,0.53,0.36,21.0,1463544000000000000,30.0,Monthly,21.13,21.23,21.39,21.1,21.23,21.23,21.39,21.23,0.0037,0.23,0.4129
O:XLK160617C00044000,2016-05-18,2016-06-17,XLK,C,22.0,6684.0,0.14,0.14,3.65,NO,0.14,0.64,0.14,0.64,0.15,0.14,20.0,1463544000000000000,30.0,Monthly,21.13,21.23,21.39,21.1,21.23,21.23,21.39,21.23,0.0037,0.1678,0.2241
O:XLK160617C00045000,2016-05-18,2016-06-17,XLK,C,22.5,2.0,0.04,0.04,6.01,NO,0.04,0.18,0.04,0.18,0.04,0.04,1.0,1463544000000000000,30.0,Monthly,21.13,21.23,21.39,21.1,21.23,21.23,21.39,21.23,0.0037,0.151,0.0874
O:XLK160617C00046000,2016-05-18,2016-06-17,XLK,C,23.0,5.0,0.02,0.02,8.36,NO,0.02,0.09,0.02,0.09,0.02,0.02,1.0,1463544000000000000,30.0,Monthly,21.13,21.23,21.39,21.1,21.23,21.23,21.39,21.23,0.0037,0.1654,0.044
O:XLK160617C00039000,2016-05-19,2016-06-17,XLK,C,19.5,2.0,3.3,3.3,-7.63,YES,3.3,16.92,3.3,16.92,3.3,3.3,2.0,1463630400000000000,29.0,Monthly,21.18,21.11,21.2,20.98,21.11,21.11,21.2,21.11,0.0037,1.0585,0.5468
O:XLK160617C00042000,2016-05-19,2016-06-17,XLK,C,21.0,273.0,0.85,0.9,-0.52,YES,0.9,4.29,0.85,4.05,0.9,0.75,36.0,1463630400000000000,29.0,Monthly,21.18,21.11,21.2,20.98,21.11,21.11,21.2,21.11,0.0037,0.3553,0.502
O:XLK160617C00043000,2016-05-19,2016-06-17,XLK,C,21.5,47.0,0.35,0.34,1.85,NO,0.34,1.58,0.35,1.63,0.35,0.31,7.0,1463630400000000000,29.0,Monthly,21.18,21.11,21.2,20.98,21.11,21.11,21.2,21.11,0.0037,0.2125,0.3704
O:XLK160617C00045000,2016-05-19,2016-06-17,XLK,C,22.5,2.0,0.03,0.03,6.58,NO,0.03,0.13,0.03,0.13,0.03,0.03,1.0,1463630400000000000,29.0,Monthly,21.18,21.11,21.2,20.98,21.11,21.11,21.2,21.11,0.0037,0.1538,0.0687
O:XLK160617C00042000,2016-05-20,2016-06-17,XLK,C,21.0,38.0,1.06,1.06,-1.71,YES,1.06,5.05,1.06,5.05,1.12,1.06,7.0,1463716800000000000,28.0,Monthly,21.23,21.36,21.41,21.21,21.36,21.36,21.41,21.36,0.0037,0.3697,0.5468
O:XLK160617C00043000,2016-05-20,2016-06-17,XLK,C,21.5,48.0,0.45,0.47,0.63,NO,0.47,2.19,0.45,2.09,0.54,0.45,16.0,1463716800000000000,28.0,Monthly,21.23,21.36,21.41,21.21,21.36,21.36,21.41,21.36,0.0037,0.2257,0.4478
O:XLK160617C00044000,2016-05-20,2016-06-17,XLK,C,22.0,7188.0,0.12,0.14,2.97,NO,0.14,0.64,0.12,0.55,0.16,0.12,23.0,1463716800000000000,28.0,Monthly,21.23,21.36,21.41,21.21,21.36,21.36,21.41,21.36,0.0037,0.1564,0.243
O:XLK160617C00046000,2016-05-20,2016-06-17,XLK,C,23.0,2.0,0.02,0.02,7.65,NO,0.02,0.09,0.02,0.09,0.02,0.02,1.0,1463716800000000000,28.0,Monthly,21.23,21.36,21.41,21.21,21.36,21.36,21.41,21.36,0.0037,0.1606,0.0466
O:XLK160715C00040000,2016-06-13,2016-07-15,XLK,C,20.0,20.0,3.74,3.54,-7.98,YES,3.54,17.7,3.74,18.7,3.74,3.54,2.0,1465790400000000000,32.0,Monthly,21.79,21.73,21.91,21.73,21.73,21.73,21.91,21.73,0.0038,1.0515,0.5445
O:XLK160715C00043000,2016-06-13,2016-07-15,XLK,C,21.5,6.0,1.1,1.13,-1.08,YES,1.13,5.26,1.1,5.12,1.21,1.07,6.0,1465790400000000000,32.0,Monthly,21.79,21.73,21.91,21.73,21.73,21.73,21.91,21.73,0.0038,0.3947,0.5141
O:XLK160715C00044000,2016-06-13,2016-07-15,XLK,C,22.0,28.0,0.54,0.52,1.22,NO,0.52,2.36,0.54,2.45,0.56,0.52,8.0,1465790400000000000,32.0,Monthly,21.79,21.73,21.91,21.73,21.73,21.73,21.91,21.73,0.0038,0.249,0.4208
O:XLK160715C00045000,2016-06-13,2016-07-15,XLK,C,22.5,49.0,0.15,0.17,3.52,NO,0.17,0.76,0.15,0.67,0.19,0.15,10.0,1465790400000000000,32.0,Monthly,21.79,21.73,21.91,21.73,21.73,21.73,21.91,21.73,0.0038,0.1734,0.2428
O:XLK160715C00039000,2016-06-14,2016-07-15,XLK,C,19.5,21.0,4.47,4.47,-10.49,YES,4.47,22.92,4.47,22.92,4.47,4.47,1.0,1465876800000000000,31.0,Monthly,21.68,21.79,21.82,21.63,21.79,21.79,21.82,21.79,0.0038,1.3396,0.5359
O:XLK160715C00042000,2016-06-14,2016-07-15,XLK,C,21.0,3.0,1.71,1.72,-3.6,YES,1.72,8.19,1.71,8.14,1.72,1.71,2.0,1465876800000000000,31.0,Monthly,21.68,21.79,21.82,21.63,21.79,21.79,21.82,21.79,0.0038,0.5162,0.5684
O:XLK160715C00043000,2016-06-14,2016-07-15,XLK,C,21.5,22.0,1.06,1.03,-1.31,YES,1.03,4.79,1.06,4.93,1.06,1.03,7.0,1465876800000000000,31.0,Monthly,21.68,21.79,21.82,21.63,21.79,21.79,21.82,21.79,0.0038,0.3473,0.5339
O:XLK160715C00044000,2016-06-14,2016-07-15,XLK,C,22.0,234.0,0.53,0.52,0.99,NO,0.52,2.36,0.53,2.41,0.54,0.46,24.0,1465876800000000000,31.0,Monthly,21.68,21.79,21.82,21.63,21.79,21.79,21.82,21.79,0.0038,0.2421,0.4338
O:XLK160715C00045000,2016-06-14,2016-07-15,XLK,C,22.5,51.0,0.15,0.17,3.28,NO,0.17,0.76,0.15,0.67,0.17,0.15,2.0,1465876800000000000,31.0,Monthly,21.68,21.79,21.82,21.63,21.79,21.79,21.82,21.79,0.0038,0.1685,0.2511
O:XLK160715C00046000,2016-06-14,2016-07-15,XLK,C,23.0,1.0,0.04,0.04,5.58,NO,0.04,0.17,0.04,0.17,0.04,0.04,1.0,1465876800000000000,31.0,Monthly,21.68,21.79,21.82,21.63,21.79,21.79,21.82,21.79,0.0038,0.1399,0.0904
O:XLK160715C00040000,2016-06-15,2016-07-15,XLK,C,20.0,1.0,3.7,3.7,-7.96,YES,3.7,18.5,3.7,18.5,3.7,3.7,1.0,1465963200000000000,30.0,Monthly,21.82,21.73,21.86,21.7,21.73,21.73,21.86,21.73,0.0038,1.1564,0.534
O:XLK160715C00042000,2016-06-15,2016-07-15,XLK,C,21.0,2.0,1.85,1.85,-3.36,YES,1.85,8.81,1.85,8.81,1.85,1.85,1.0,1465963200000000000,30.0,Monthly,21.82,21.73,21.86,21.7,21.73,21.73,21.86,21.73,0.0038,0.5951,0.5465
O:XLK160715C00043000,2016-06-15,2016-07-15,XLK,C,21.5,3.0,1.1,1.1,-1.06,YES,1.1,5.12,1.1,5.12,1.1,1.1,1.0,1465963200000000000,30.0,Monthly,21.82,21.73,21.86,21.7,21.73,21.73,21.86,21.73,0.0038,0.3955,0.5159
O:XLK160715C00044000,2016-06-15,2016-07-15,XLK,C,22.0,42.0,0.53,0.5,1.24,NO,0.5,2.27,0.53,2.41,0.53,0.5,10.0,1465963200000000000,30.0,Monthly,21.82,21.73,21.86,21.7,21.73,21.73,21.86,21.73,0.0038,0.2491,0.4191
O:XLK160715C00045000,2016-06-15,2016-07-15,XLK,C,22.5,343.0,0.16,0.15,3.54,NO,0.15,0.67,0.16,0.71,0.16,0.14,23.0,1465963200000000000,30.0,Monthly,21.82,21.73,21.86,21.7,21.73,21.73,21.86,21.73,0.0038,0.1691,0.2308
O:XLK160715C00046000,2016-06-15,2016-07-15,XLK,C,23.0,4.0,0.03,0.03,5.84,NO,0.03,0.13,0.03,0.13,0.04,0.03,4.0,1465963200000000000,30.0,Monthly,21.82,21.73,21.86,21.7,21.73,21.73,21.86,21.73,0.0038,0.1375,0.0732
O:XLK160715C00041000,2016-06-16,2016-07-15,XLK,C,20.5,280.0,2.48,2.45,-5.86,YES,2.45,11.95,2.48,12.1,2.55,2.45,8.0,1466049600000000000,29.0,Monthly,21.62,21.77,21.81,21.5,21.77,21.77,21.81,21.77,0.0038,0.7329,0.575
O:XLK160715C00042000,2016-06-16,2016-07-15,XLK,C,21.0,769.0,1.57,1.8,-3.56,YES,1.8,8.57,1.57,7.48,1.83,1.55,28.0,1466049600000000000,29.0,Monthly,21.62,21.77,21.81,21.5,21.77,21.77,21.81,21.77,0.0038,0.5734,0.5572
O:XLK160715C00043000,2016-06-16,2016-07-15,XLK,C,21.5,44.0,0.98,1.08,-1.26,YES,1.08,5.02,0.98,4.56,1.08,0.98,5.0,1466049600000000000,29.0,Monthly,21.62,21.77,21.81,21.5,21.77,21.77,21.81,21.77,0.0038,0.3847,0.5254
O:XLK160715C00044000,2016-06-16,2016-07-15,XLK,C,22.0,48.0,0.37,0.34,1.03,NO,0.34,1.55,0.37,1.68,0.37,0.34,6.0,1466049600000000000,29.0,Monthly,21.62,21.77,21.81,21.5,21.77,21.77,21.81,21.77,0.0038,0.18,0.4104
O:XLK160715C00045000,2016-06-16,2016-07-15,XLK,C,22.5,200.0,0.13,0.13,3.33,NO,0.13,0.58,0.13,0.58,0.13,0.13,1.0,1466049600000000000,29.0,Monthly,21.62,21.77,21.81,21.5,21.77,21.77,21.81,21.77,0.0038,0.1565,0.2228
O:XLK160715C00039000,2016-06-17,2016-07-15,XLK,C,19.5,20.0,4.2,4.13,-9.41,YES,4.13,21.18,4.2,21.54,4.2,4.13,2.0,1466136000000000000,28.0,Monthly,21.62,21.52,21.68,21.43,21.52,21.52,21.68,21.52,0.0038,1.3367,0.5326
O:XLK160715C00040000,2016-06-17,2016-07-15,XLK,C,20.0,75.0,3.32,3.25,-7.08,YES,3.25,16.25,3.32,16.6,3.32,3.25,16.0,1466136000000000000,28.0,Monthly,21.62,21.52,21.68,21.43,21.52,21.52,21.68,21.52,0.0038,1.0553,0.542
O:XLK160715C00041000,2016-06-17,2016-07-15,XLK,C,20.5,10.0,2.36,2.36,-4.76,YES,2.36,11.51,2.36,11.51,2.36,2.36,1.0,1466136000000000000,28.0,Monthly,21.62,21.52,21.68,21.43,21.52,21.52,21.68,21.52,0.0038,0.7774,0.5474
O:XLK160715C00042000,2016-06-17,2016-07-15,XLK,C,21.0,11.0,1.48,1.53,-2.44,YES,1.53,7.29,1.48,7.05,1.53,1.48,2.0,1466136000000000000,28.0,Monthly,21.62,21.52,21.68,21.43,21.52,21.52,21.68,21.52,0.0038,0.5324,0.5375
O:XLK160715C00043000,2016-06-17,2016-07-15,XLK,C,21.5,14.0,0.8,0.84,-0.12,YES,0.84,3.91,0.8,3.72,0.86,0.8,3.0,1466136000000000000,28.0,Monthly,21.62,21.52,21.68,21.43,21.52,21.52,21.68,21.52,0.0038,0.3481,0.4858
O:XLK160715C00044000,2016-06-17,2016-07-15,XLK,C,22.0,3776.0,0.36,0.36,2.21,NO,0.36,1.64,0.36,1.64,0.36,0.36,14.0,1466136000000000000,28.0,Monthly,21.62,21.52,21.68,21.43,21.52,21.52,21.68,21.52,0.0038,0.2353,0.357
O:XLK160715C00045000,2016-06-17,2016-07-15,XLK,C,22.5,1.0,0.09,0.09,4.53,NO,0.09,0.4,0.09,0.4,0.09,0.09,1.0,1466136000000000000,28.0,Monthly,21.62,21.52,21.68,21.43,21.52,21.52,21.68,21.52,0.0038,0.1657,0.1618
O:XLK160819C00040000,2016-07-18,2016-08-19,XLK,C,20.0,1.0,5.35,5.35,-11.72,YES,5.35,26.75,5.35,26.75,5.35,5.35,1.0,1468814400000000000,32.0,Monthly,22.54,22.66,22.68,22.5,22.66,22.66,22.68,22.66,0.0039,1.5523,0.517
O:XLK160819C00041000,2016-07-18,2016-08-19,XLK,C,20.5,1.0,4.2,4.2,-9.51,YES,4.2,20.49,4.2,20.49,4.2,4.2,1.0,1468814400000000000,32.0,Monthly,22.54,22.66,22.68,22.5,22.66,22.66,22.68,22.66,0.0039,1.1811,0.5448
O:XLK160819C00042000,2016-07-18,2016-08-19,XLK,C,21.0,10.0,3.4,3.4,-7.31,YES,3.4,16.19,3.4,16.19,3.4,3.4,2.0,1468814400000000000,32.0,Monthly,22.54,22.66,22.68,22.5,22.66,22.66,22.68,22.66,0.0039,0.9647,0.5496
O:XLK160819C00043000,2016-07-18,2016-08-19,XLK,C,21.5,16.0,2.42,2.51,-5.1,YES,2.51,11.67,2.42,11.26,2.51,2.42,2.0,1468814400000000000,32.0,Monthly,22.54,22.66,22.68,22.5,22.66,22.66,22.68,22.66,0.0039,0.7181,0.5566
O:XLK160819C00044000,2016-07-18,2016-08-19,XLK,C,22.0,66.0,1.55,1.6,-2.89,YES,1.6,7.27,1.55,7.05,1.6,1.55,6.0,1468814400000000000,32.0,Monthly,22.54,22.66,22.68,22.5,22.66,22.66,22.68,22.66,0.0039,0.4697,0.5578
O:XLK160819C00045000,2016-07-18,2016-08-19,XLK,C,22.5,3323.0,0.83,0.86,-0.68,YES,0.86,3.82,0.83,3.69,0.88,0.82,37.0,1468814400000000000,32.0,Monthly,22.54,22.66,22.68,22.5,22.66,22.66,22.68,22.66,0.0039,0.2901,0.5174
O:XLK160819C00045500,2016-07-18,2016-08-19,XLK,C,22.75,84.0,0.49,0.57,0.42,NO,0.57,2.51,0.49,2.15,0.57,0.49,5.0,1468814400000000000,32.0,Monthly,22.54,22.66,22.68,22.5,22.66,22.66,22.68,22.66,0.0039,0.2276,0.4652
O:XLK160819C00046000,2016-07-18,2016-08-19,XLK,C,23.0,5583.0,0.26,0.34,1.52,NO,0.34,1.48,0.26,1.13,0.35,0.26,29.0,1468814400000000000,32.0,Monthly,22.54,22.66,22.68,22.5,22.66,22.66,22.68,22.66,0.0039,0.1811,0.3828
O:XLK160819C00046500,2016-07-18,2016-08-19,XLK,C,23.25,10.0,0.19,0.19,2.63,NO,0.19,0.82,0.19,0.82,0.19,0.19,1.0,1468814400000000000,32.0,Monthly,22.54,22.66,22.68,22.5,22.66,22.66,22.68,22.66,0.0039,0.1543,0.2816
O:XLK160819C00047000,2016-07-18,2016-08-19,XLK,C,23.5,17.0,0.09,0.06,3.73,NO,0.06,0.26,0.09,0.38,0.09,0.06,2.0,1468814400000000000,32.0,Monthly,22.54,22.66,22.68,22.5,22.66,22.66,22.68,22.66,0.0039,0.116,0.143
O:XLK160819C00047500,2016-07-18,2016-08-19,XLK,C,23.75,10.0,0.04,0.04,4.83,NO,0.04,0.17,0.04,0.17,0.04,0.04,1.0,1468814400000000000,32.0,Monthly,22.54,22.66,22.68,22.5,22.66,22.66,22.68,22.66,0.0039,0.1229,0.0968
O:XLK160819C00043000,2016-07-19,2016-08-19,XLK,C,21.5,7.0,2.41,2.41,-4.89,YES,2.41,11.21,2.41,11.21,2.41,2.41,4.0,1468900800000000000,31.0,Monthly,22.61,22.61,22.66,22.57,22.61,22.61,22.66,22.61,0.0039,0.7021,0.5578
O:XLK160819C00043500,2016-07-19,2016-08-19,XLK,C,21.75,20.0,2.0,2.0,-3.78,YES,2.0,9.2,2.0,9.2,2.0,2.0,1.0,1468900800000000000,31.0,Monthly,22.61,22.61,22.66,22.57,22.61,22.61,22.66,22.61,0.0039,0.5932,0.5556
O:XLK160819C00044000,2016-07-19,2016-08-19,XLK,C,22.0,10.0,1.56,1.56,-2.68,YES,1.56,7.09,1.56,7.09,1.56,1.56,1.0,1468900800000000000,31.0,Monthly,22.61,22.61,22.66,22.57,22.61,22.61,22.66,22.61,0.0039,0.4735,0.5524
O:XLK160819C00045000,2016-07-19,2016-08-19,XLK,C,22.5,98.0,0.8,0.79,-0.46,YES,0.79,3.51,0.8,3.56,0.85,0.78,11.0,1468900800000000000,31.0,Monthly,22.61,22.61,22.66,22.57,22.61,22.61,22.66,22.61,0.0039,0.2784,0.5094
O:XLK160819C00045500,2016-07-19,2016-08-19,XLK,C,22.75,2.0,0.5,0.5,0.64,NO,0.5,2.2,0.5,2.2,0.5,0.5,1.0,1468900800000000000,31.0,Monthly,22.61,22.61,22.66,22.57,22.61,22.61,22.66,22.61,0.0039,0.2139,0.4503
O:XLK160819C00046000,2016-07-19,2016-08-19,XLK,C,23.0,82.0,0.31,0.27,1.75,NO,0.27,1.17,0.31,1.35,0.31,0.27,9.0,1468900800000000000,31.0,Monthly,22.61,22.61,22.66,22.57,22.61,22.61,22.66,22.61,0.0039,0.164,0.3539
O:XLK160819C00047000,2016-07-19,2016-08-19,XLK,C,23.5,10.0,0.08,0.08,3.96,NO,0.08,0.34,0.08,0.34,0.08,0.08,1.0,1468900800000000000,31.0,Monthly,22.61,22.61,22.66,22.57,22.61,22.61,22.66,22.61,0.0039,0.1353,0.161
O:XLK160819C00041000,2016-07-20,2016-08-19,XLK,C,20.5,1.0,4.82,4.82,-10.48,YES,4.82,23.51,4.82,23.51,4.82,4.82,1.0,1468987200000000000,30.0,Monthly,22.78,22.9,22.94,22.75,22.9,22.9,22.94,22.9,0.0039,1.4156,0.5282
O:XLK160819C00042000,2016-07-20,2016-08-19,XLK,C,21.0,5.0,3.72,3.72,-8.3,YES,3.72,17.71,3.72,17.71,3.72,3.72,1.0,1468987200000000000,30.0,Monthly,22.78,22.9,22.94,22.75,22.9,22.9,22.94,22.9,0.0039,1.0639,0.5527
O:XLK160819C00043000,2016-07-20,2016-08-19,XLK,C,21.5,17.0,2.66,2.89,-6.11,YES,2.89,13.44,2.66,12.37,2.89,2.66,2.0,1468987200000000000,30.0,Monthly,22.78,22.9,22.94,22.75,22.9,22.9,22.94,22.9,0.0039,0.8344,0.5578
O:XLK160819C00044000,2016-07-20,2016-08-19,XLK,C,22.0,20.0,1.84,1.92,-3.93,YES,1.92,8.73,1.84,8.36,1.92,1.84,7.0,1468987200000000000,30.0,Monthly,22.78,22.9,22.94,22.75,22.9,22.9,22.94,22.9,0.0039,0.554,0.5695
O:XLK160819C00045000,2016-07-20,2016-08-19,XLK,C,22.5,118.0,1.0,1.19,-1.75,YES,1.19,5.29,1.0,4.44,1.2,1.0,21.0,1468987200000000000,30.0,Monthly,22.78,22.9,22.94,22.75,22.9,22.9,22.94,22.9,0.0039,0.375,0.545
O:XLK160819C00045500,2016-07-20,2016-08-19,XLK,C,22.75,134.0,0.7,0.8,-0.66,YES,0.8,3.52,0.7,3.08,0.8,0.7,5.0,1468987200000000000,30.0,Monthly,22.78,22.9,22.94,22.75,22.9,22.9,22.94,22.9,0.0039,0.2754,0.5191
O:XLK160819C00046000,2016-07-20,2016-08-19,XLK,C,23.0,206.0,0.44,0.54,0.44,NO,0.54,2.35,0.44,1.91,0.54,0.44,21.0,1468987200000000000,30.0,Monthly,22.78,22.9,22.94,22.75,22.9,22.9,22.94,22.9,0.0039,0.223,0.4621
O:XLK160819C00046500,2016-07-20,2016-08-19,XLK,C,23.25,58.0,0.24,0.3,1.53,NO,0.3,1.29,0.24,1.03,0.32,0.24,5.0,1468987200000000000,30.0,Monthly,22.78,22.9,22.94,22.75,22.9,22.9,22.94,22.9,0.0039,0.1708,0.3716
O:XLK160819C00047000,2016-07-20,2016-08-19,XLK,C,23.5,15.0,0.1,0.1,2.62,NO,0.1,0.43,0.1,0.43,0.1,0.1,1.0,1468987200000000000,30.0,Monthly,22.78,22.9,22.94,22.75,22.9,22.9,22.94,22.9,0.0039,0.117,0.2182
O:XLK160819C00048000,2016-07-20,2016-08-19,XLK,C,24.0,2.0,0.04,0.04,4.8,NO,0.04,0.17,0.04,0.17,0.04,0.04,1.0,1468987200000000000,30.0,Monthly,22.78,22.9,22.94,22.75,22.9,22.9,22.94,22.9,0.0039,0.1265,0.0963
O:XLK160819C00044000,2016-07-21,2016-08-19,XLK,C,22.0,70.0,1.95,1.88,-3.42,YES,1.88,8.55,1.95,8.86,1.95,1.88,12.0,1469073600000000000,29.0,Monthly,22.91,22.78,22.93,22.73,22.78,22.78,22.93,22.78,0.0039,0.5778,0.5535
O:XLK160819C00045000,2016-07-21,2016-08-19,XLK,C,22.5,71.0,1.12,0.98,-1.23,YES,0.98,4.36,1.12,4.98,1.15,0.98,13.0,1469073600000000000,29.0,Monthly,22.91,22.78,22.93,22.73,22.78,22.78,22.93,22.78,0.0039,0.3256,0.5367
O:XLK160819C00046000,2016-07-21,2016-08-19,XLK,C,23.0,57.0,0.53,0.4,0.97,NO,0.4,1.74,0.53,2.3,0.53,0.4,7.0,1469073600000000000,29.0,Monthly,22.91,22.78,22.93,22.73,22.78,22.78,22.93,22.78,0.0039,0.194,0.4217
O:XLK160819C00046500,2016-07-21,2016-08-19,XLK,C,23.25,3.0,0.27,0.27,2.06,NO,0.27,1.16,0.27,1.16,0.27,0.27,1.0,1469073600000000000,29.0,Monthly,22.91,22.78,22.93,22.73,22.78,22.78,22.93,22.78,0.0039,0.1798,0.3364
O:XLK160819C00047000,2016-07-21,2016-08-19,XLK,C,23.5,225.0,0.15,0.12,3.16,NO,0.12,0.51,0.15,0.64,0.15,0.12,6.0,1469073600000000000,29.0,Monthly,22.91,22.78,22.93,22.73,22.78,22.78,22.93,22.78,0.0039,0.1434,0.217
O:XLK160819C00041000,2016-07-22,2016-08-19,XLK,C,20.5,3.0,4.8,4.8,-10.54,YES,4.8,23.41,4.8,23.41,4.8,4.8,1.0,1469160000000000000,28.0,Monthly,22.77,22.91,22.91,22.71,22.91,22.91,22.91,22.91,0.0039,1.4535,0.5301
O:XLK160819C00042000,2016-07-22,2016-08-19,XLK,C,21.0,2.0,3.84,3.8,-8.36,YES,3.8,18.1,3.84,18.29,3.84,3.8,2.0,1469160000000000000,28.0,Monthly,22.77,22.91,22.91,22.71,22.91,22.91,22.91,22.91,0.0039,1.1332,0.5483
O:XLK160819C00043000,2016-07-22,2016-08-19,XLK,C,21.5,3.0,2.65,2.65,-6.17,YES,2.65,12.33,2.65,12.33,2.65,2.65,1.0,1469160000000000000,28.0,Monthly,22.77,22.91,22.91,22.71,22.91,22.91,22.91,22.91,0.0039,0.7584,0.5788
O:XLK160819C00044000,2016-07-22,2016-08-19,XLK,C,22.0,2.0,1.95,1.91,-3.99,YES,1.91,8.68,1.95,8.86,1.95,1.91,2.0,1469160000000000000,28.0,Monthly,22.77,22.91,22.91,22.71,22.91,22.91,22.91,22.91,0.0039,0.5668,0.572
O:XLK160819C00045000,2016-07-22,2016-08-19,XLK,C,22.5,29.0,0.91,1.14,-1.81,YES,1.14,5.07,0.91,4.04,1.15,0.91,7.0,1469160000000000000,28.0,Monthly,22.77,22.91,22.91,22.71,22.91,22.91,22.91,22.91,0.0039,0.3656,0.552
O:XLK160819C00045500,2016-07-22,2016-08-19,XLK,C,22.75,1.0,0.73,0.73,-0.72,YES,0.73,3.21,0.73,3.21,0.73,0.73,1.0,1469160000000000000,28.0,Monthly,22.77,22.91,22.91,22.71,22.91,22.91,22.91,22.91,0.0039,0.2551,0.5271
O:XLK160819C00046000,2016-07-22,2016-08-19,XLK,C,23.0,1132.0,0.49,0.47,0.37,NO,0.47,2.04,0.49,2.13,0.49,0.47,3.0,1469160000000000000,28.0,Monthly,22.77,22.91,22.91,22.71,22.91,22.91,22.91,22.91,0.0039,0.2013,0.463
O:XLK160819C00046500,2016-07-22,2016-08-19,XLK,C,23.25,15.0,0.21,0.21,1.46,NO,0.21,0.9,0.21,0.9,0.21,0.21,2.0,1469160000000000000,28.0,Monthly,22.77,22.91,22.91,22.71,22.91,22.91,22.91,22.91,0.0039,0.1379,0.3457
O:XLK160916C00039000,2016-08-15,2016-09-16,XLK,C,19.5,25.0,8.3,8.3,-17.62,YES,8.3,42.56,8.3,42.56,8.3,8.3,1.0,1471233600000000000,32.0,Monthly,23.59,23.67,23.71,23.57,23.67,23.67,23.71,23.67,0.004,2.4032,0.4669
O:XLK160916C00041000,2016-08-15,2016-09-16,XLK,C,20.5,25.0,6.4,6.4,-13.39,YES,6.4,31.22,6.4,31.22,6.4,6.4,1.0,1471233600000000000,32.0,Monthly,23.59,23.67,23.71,23.57,23.67,23.67,23.71,23.67,0.004,1.8029,0.5012
O:XLK160916C00043000,2016-08-15,2016-09-16,XLK,C,21.5,5.0,4.37,4.37,-9.17,YES,4.37,20.33,4.37,20.33,4.37,4.37,1.0,1471233600000000000,32.0,Monthly,23.59,23.67,23.71,23.57,23.67,23.67,23.71,23.67,0.004,1.1928,0.5385
O:XLK160916C00044000,2016-08-15,2016-09-16,XLK,C,22.0,5.0,3.29,3.41,-7.06,YES,3.41,15.5,3.29,14.95,3.41,3.29,5.0,1471233600000000000,32.0,Monthly,23.59,23.67,23.71,23.57,23.67,23.67,23.71,23.67,0.004,0.9234,0.5526
O:XLK160916C00045000,2016-08-15,2016-09-16,XLK,C,22.5,19.0,2.44,2.53,-4.94,YES,2.53,11.24,2.44,10.84,2.53,2.44,3.0,1471233600000000000,32.0,Monthly,23.59,23.67,23.71,23.57,23.67,23.67,23.71,23.67,0.004,0.6919,0.5583
O:XLK160916C00046000,2016-08-15,2016-09-16,XLK,C,23.0,45.0,1.52,1.63,-2.83,YES,1.63,7.09,1.52,6.61,1.65,1.52,12.0,1471233600000000000,32.0,Monthly,23.59,23.67,23.71,23.57,23.67,23.67,23.71,23.67,0.004,0.4583,0.5582
O:XLK160916C00047000,2016-08-15,2016-09-16,XLK,C,23.5,127.0,0.77,0.83,-0.72,YES,0.83,3.53,0.77,3.28,0.86,0.77,10.0,1471233600000000000,32.0,Monthly,23.59,23.67,23.71,23.57,23.67,23.67,23.71,23.67,0.004,0.2648,0.5228
O:XLK160916C00048000,2016-08-15,2016-09-16,XLK,C,24.0,70.0,0.27,0.33,1.39,NO,0.33,1.38,0.27,1.12,0.33,0.27,19.0,1471233600000000000,32.0,Monthly,23.59,23.67,23.71,23.57,23.67,23.67,23.71,23.67,0.004,0.1682,0.3837
O:XLK160916C00042000,2016-08-16,2016-09-16,XLK,C,21.0,19.0,5.15,5.15,-10.62,YES,5.15,24.52,5.15,24.52,5.15,5.15,1.0,1471320000000000000,31.0,Monthly,23.63,23.5,23.63,23.5,23.5,23.5,23.63,23.5,0.004,1.4681,0.5198
O:XLK160916C00044000,2016-08-16,2016-09-16,XLK,C,22.0,10.0,3.35,3.35,-6.36,YES,3.35,15.23,3.35,15.23,3.35,3.35,1.0,1471320000000000000,31.0,Monthly,23.63,23.5,23.63,23.5,23.5,23.5,23.63,23.5,0.004,0.9582,0.539
O:XLK160916C00045000,2016-08-16,2016-09-16,XLK,C,22.5,11.0,2.26,2.25,-4.23,YES,2.25,10.0,2.26,10.04,2.26,2.25,2.0,1471320000000000000,31.0,Monthly,23.63,23.5,23.63,23.5,23.5,23.5,23.63,23.5,0.004,0.6364,0.5571
O:XLK160916C00046000,2016-08-16,2016-09-16,XLK,C,23.0,19.0,1.4,1.4,-2.11,YES,1.4,6.09,1.4,6.09,1.44,1.4,6.0,1471320000000000000,31.0,Monthly,23.63,23.5,23.63,23.5,23.5,23.5,23.63,23.5,0.004,0.4176,0.5472
O:XLK160916C00047000,2016-08-16,2016-09-16,XLK,C,23.5,185.0,0.71,0.68,0.02,YES,0.68,2.89,0.71,3.02,0.71,0.66,9.0,1471320000000000000,31.0,Monthly,23.63,23.5,23.63,23.5,23.5,23.5,23.63,23.5,0.004,0.2475,0.4875
O:XLK160916C00048000,2016-08-16,2016-09-16,XLK,C,24.0,1491.0,0.26,0.21,2.15,NO,0.21,0.88,0.26,1.08,0.26,0.21,16.0,1471320000000000000,31.0,Monthly,23.63,23.5,23.63,23.5,23.5,23.5,23.63,23.5,0.004,0.1485,0.3084
O:XLK160916C00042000,2016-08-17,2016-09-16,XLK,C,21.0,2.0,4.77,4.78,-10.58,YES,4.78,22.76,4.77,22.71,4.78,4.77,2.0,1471406400000000000,30.0,Monthly,23.5,23.48,23.52,23.35,23.48,23.48,23.52,23.48,0.004,1.3436,0.5391
O:XLK160916C00043000,2016-08-17,2016-09-16,XLK,C,21.5,2.0,4.06,4.05,-8.45,YES,4.05,18.84,4.06,18.88,4.06,4.05,2.0,1471406400000000000,30.0,Monthly,23.5,23.48,23.52,23.35,23.48,23.48,23.52,23.48,0.004,1.1533,0.5407
O:XLK160916C00044000,2016-08-17,2016-09-16,XLK,C,22.0,2.0,2.98,2.94,-6.32,YES,2.94,13.36,2.98,13.55,2.98,2.94,2.0,1471406400000000000,30.0,Monthly,23.5,23.48,23.52,23.35,23.48,23.48,23.52,23.48,0.004,0.8149,0.5648
O:XLK160916C00045000,2016-08-17,2016-09-16,XLK,C,22.5,56.0,2.07,1.96,-4.19,YES,1.96,8.71,2.07,9.2,2.07,1.96,5.0,1471406400000000000,30.0,Monthly,23.5,23.48,23.52,23.35,23.48,23.48,23.52,23.48,0.004,0.5376,0.5799
O:XLK160916C00046000,2016-08-17,2016-09-16,XLK,C,23.0,24.0,1.34,1.3,-2.07,YES,1.3,5.65,1.34,5.83,1.34,1.2,8.0,1471406400000000000,30.0,Monthly,23.5,23.48,23.52,23.35,23.48,23.48,23.52,23.48,0.004,0.3908,0.5522
O:XLK160916C00047000,2016-08-17,2016-09-16,XLK,C,23.5,92.0,0.53,0.6,0.06,NO,0.6,2.55,0.53,2.26,0.6,0.52,16.0,1471406400000000000,30.0,Monthly,23.5,23.48,23.52,23.35,23.48,23.48,23.52,23.48,0.004,0.2257,0.4839
O:XLK160916C00048000,2016-08-17,2016-09-16,XLK,C,24.0,186.0,0.18,0.19,2.19,NO,0.19,0.79,0.18,0.75,0.19,0.15,15.0,1471406400000000000,30.0,Monthly,23.5,23.48,23.52,23.35,23.48,23.48,23.52,23.48,0.004,0.1453,0.295
O:XLK160916C00039000,2016-08-18,2016-09-16,XLK,C,19.5,24.0,7.95,7.95,-17.0,YES,7.95,40.77,7.95,40.77,7.95,7.95,1.0,1471492800000000000,29.0,Monthly,23.48,23.5,23.52,23.41,23.5,23.5,23.52,23.5,0.004,2.4215,0.4731
O:XLK160916C00046000,2016-08-18,2016-09-16,XLK,C,23.0,7.0,1.24,1.27,-2.11,YES,1.27,5.52,1.24,5.39,1.33,1.24,7.0,1471492800000000000,29.0,Monthly,23.48,23.5,23.52,23.41,23.5,23.5,23.52,23.5,0.004,0.3812,0.5594
O:XLK160916C00047000,2016-08-18,2016-09-16,XLK,C,23.5,214.0,0.58,0.57,0.02,YES,0.57,2.43,0.58,2.47,0.6,0.5,20.0,1471492800000000000,29.0,Monthly,23.48,23.5,23.52,23.41,23.5,23.5,23.52,23.5,0.004,0.2143,0.4901
O:XLK160916C00048000,2016-08-18,2016-09-16,XLK,C,24.0,14.0,0.18,0.17,2.15,NO,0.17,0.71,0.18,0.75,0.18,0.14,10.0,1471492800000000000,29.0,Monthly,23.48,23.5,23.52,23.41,23.5,23.5,23.52,23.5,0.004,0.1365,0.2884
O:XLK160916C00039000,2016-08-19,2016-09-16,XLK,C,19.5,66.0,8.05,8.0,-17.06,YES,8.0,41.03,8.05,41.28,8.05,8.0,3.0,1471579200000000000,28.0,Monthly,23.43,23.51,23.53,23.38,23.51,23.51,23.53,23.51,0.004,2.4843,0.4714
O:XLK160916C00041000,2016-08-19,2016-09-16,XLK,C,20.5,10.0,5.75,5.75,-12.8,YES,5.75,28.05,5.75,28.05,5.75,5.75,1.0,1471579200000000000,28.0,Monthly,23.43,23.51,23.53,23.38,23.51,23.51,23.53,23.51,0.004,1.69,0.5236
O:XLK160916C00044000,2016-08-19,2016-09-16,XLK,C,22.0,10.0,3.01,3.01,-6.42,YES,3.01,13.68,3.01,13.68,3.01,2.98,3.0,1471579200000000000,28.0,Monthly,23.43,23.51,23.53,23.38,23.51,23.51,23.53,23.51,0.004,0.8647,0.5631
O:XLK160916C00045000,2016-08-19,2016-09-16,XLK,C,22.5,39.0,1.98,2.13,-4.3,YES,2.13,9.47,1.98,8.8,2.17,1.98,7.0,1471579200000000000,28.0,Monthly,23.43,23.51,23.53,23.38,23.51,23.51,23.53,23.51,0.004,0.6184,0.5685
O:XLK160916C00046000,2016-08-19,2016-09-16,XLK,C,23.0,3.0,1.27,1.27,-2.17,YES,1.27,5.52,1.27,5.52,1.27,1.27,1.0,1471579200000000000,28.0,Monthly,23.43,23.51,23.53,23.38,23.51,23.51,23.53,23.51,0.004,0.3856,0.5615
O:XLK160916C00047000,2016-08-19,2016-09-16,XLK,C,23.5,1400.0,0.56,0.55,-0.04,YES,0.55,2.34,0.56,2.38,0.58,0.49,43.0,1471579200000000000,28.0,Monthly,23.43,23.51,23.53,23.38,23.51,23.51,23.53,23.51,0.004,0.2085,0.4935
O:XLK160916C00048000,2016-08-19,2016-09-16,XLK,C,24.0,232.0,0.12,0.13,2.08,NO,0.13,0.54,0.12,0.5,0.14,0.11,9.0,1471579200000000000,28.0,Monthly,23.43,23.51,23.53,23.38,23.51,23.51,23.53,23.51,0.004,0.1197,0.2645
O:XLK160916C00049000,2016-08-19,2016-09-16,XLK,C,24.5,10.0,0.02,0.02,4.21,NO,0.02,0.08,0.02,0.08,0.02,0.02,1.0,1471579200000000000,28.0,Monthly,23.43,23.51,23.53,23.38,23.51,23.51,23.53,23.51,0.004,0.0995,0.0669
O:XLK161021C00046000,2016-09-19,2016-10-21,XLK,C,23.0,3.0,1.75,1.75,-2.38,YES,1.75,7.61,1.75,7.61,1.75,1.75,3.0,1474257600000000000,32.0,Monthly,23.66,23.56,23.78,23.5,23.56,23.56,23.78,23.56,0.004,0.5273,0.5312
O:XLK161021C00046500,2016-09-19,2016-10-21,XLK,C,23.25,1.0,1.29,1.29,-1.32,YES,1.29,5.55,1.29,5.55,1.29,1.29,1.0,1474257600000000000,32.0,Monthly,23.66,23.56,23.78,23.5,23.56,23.56,23.78,23.56,0.004,0.4068,0.521
O:XLK161021C00047000,2016-09-19,2016-10-21,XLK,C,23.5,224.0,0.86,0.9,-0.25,YES,0.9,3.83,0.86,3.66,0.91,0.86,6.0,1474257600000000000,32.0,Monthly,23.66,23.56,23.78,23.5,23.56,23.56,23.78,23.56,0.004,0.3115,0.4941
O:XLK161021C00047500,2016-09-19,2016-10-21,XLK,C,23.75,37.0,0.73,0.57,0.81,NO,0.57,2.4,0.73,3.07,0.73,0.57,7.0,1474257600000000000,32.0,Monthly,23.66,23.56,23.78,23.5,23.56,23.56,23.78,23.56,0.004,0.2352,0.4423
O:XLK161021C00048000,2016-09-19,2016-10-21,XLK,C,24.0,79.0,0.5,0.37,1.87,NO,0.37,1.54,0.5,2.08,0.5,0.37,5.0,1474257600000000000,32.0,Monthly,23.66,23.56,23.78,23.5,23.56,23.56,23.78,23.56,0.004,0.1993,0.368
O:XLK161021C00049000,2016-09-19,2016-10-21,XLK,C,24.5,6143.0,0.12,0.14,3.99,NO,0.14,0.57,0.12,0.49,0.14,0.12,41.0,1474257600000000000,32.0,Monthly,23.66,23.56,23.78,23.5,23.56,23.56,23.78,23.56,0.004,0.1637,0.2049
O:XLK161021C00042000,2016-09-20,2016-10-21,XLK,C,21.0,10.0,5.26,5.26,-10.81,YES,5.26,25.05,5.26,25.05,5.26,5.26,1.0,1474344000000000000,31.0,Monthly,23.64,23.55,23.68,23.51,23.55,23.55,23.68,23.55,0.004,1.4992,0.5178
O:XLK161021C00045000,2016-09-20,2016-10-21,XLK,C,22.5,1.0,2.45,2.45,-4.44,YES,2.45,10.89,2.45,10.89,2.45,2.45,1.0,1474344000000000000,31.0,Monthly,23.64,23.55,23.68,23.51,23.55,23.55,23.68,23.55,0.004,0.7015,0.5488
O:XLK161021C00047000,2016-09-20,2016-10-21,XLK,C,23.5,308.0,0.92,0.94,-0.19,YES,0.94,4.0,0.92,3.91,0.94,0.92,5.0,1474344000000000000,31.0,Monthly,23.64,23.55,23.68,23.51,23.55,23.55,23.68,23.55,0.004,0.3332,0.4908
O:XLK161021C00047500,2016-09-20,2016-10-21,XLK,C,23.75,77.0,0.61,0.61,0.87,NO,0.61,2.57,0.61,2.57,0.61,0.61,2.0,1474344000000000000,31.0,Monthly,23.64,23.55,23.68,23.51,23.55,23.55,23.68,23.55,0.004,0.2553,0.4418
O:XLK161021C00048000,2016-09-20,2016-10-21,XLK,C,24.0,54.0,0.37,0.37,1.93,NO,0.37,1.54,0.37,1.54,0.37,0.37,4.0,1474344000000000000,31.0,Monthly,23.64,23.55,23.68,23.51,23.55,23.55,23.68,23.55,0.004,0.204,0.366
O:XLK161021C00049000,2016-09-20,2016-10-21,XLK,C,24.5,2.0,0.09,0.09,4.06,NO,0.09,0.37,0.09,0.37,0.09,0.09,1.0,1474344000000000000,31.0,Monthly,23.64,23.55,23.68,23.51,23.55,23.55,23.68,23.55,0.004,0.1412,0.1652
O:XLK161021C00045000,2016-09-21,2016-10-21,XLK,C,22.5,1.0,2.8,2.8,-5.5,YES,2.8,12.44,2.8,12.44,2.8,2.8,1.0,1474430400000000000,30.0,Monthly,23.64,23.81,23.82,23.55,23.81,23.81,23.82,23.81,0.004,0.7855,0.5557
O:XLK161021C00046500,2016-09-21,2016-10-21,XLK,C,23.25,3.0,1.38,1.38,-2.35,YES,1.38,5.94,1.38,5.94,1.38,1.38,1.0,1474430400000000000,30.0,Monthly,23.64,23.81,23.82,23.55,23.81,23.81,23.82,23.81,0.004,0.3988,0.5611
O:XLK161021C00047000,2016-09-21,2016-10-21,XLK,C,23.5,29.0,0.94,1.11,-1.3,YES,1.11,4.72,0.94,4.0,1.11,0.94,11.0,1474430400000000000,30.0,Monthly,23.64,23.81,23.82,23.55,23.81,23.81,23.82,23.81,0.004,0.3486,0.5337
O:XLK161021C00047500,2016-09-21,2016-10-21,XLK,C,23.75,180.0,0.68,0.61,-0.25,YES,0.61,2.57,0.68,2.86,0.68,0.6,45.0,1474430400000000000,30.0,Monthly,23.64,23.81,23.82,23.55,23.81,23.81,23.82,23.81,0.004,0.2116,0.5067
O:XLK161021C00048000,2016-09-21,2016-10-21,XLK,C,24.0,3857.0,0.44,0.52,0.8,NO,0.52,2.17,0.44,1.83,0.52,0.44,4.0,1474430400000000000,30.0,Monthly,23.64,23.81,23.82,23.55,23.81,23.81,23.82,23.81,0.004,0.222,0.4398
O:XLK161021C00048500,2016-09-21,2016-10-21,XLK,C,24.25,10.0,0.25,0.25,1.85,NO,0.25,1.03,0.25,1.03,0.25,0.25,1.0,1474430400000000000,30.0,Monthly,23.64,23.81,23.82,23.55,23.81,23.81,23.82,23.81,0.004,0.1573,0.3368
O:XLK161021C00049000,2016-09-21,2016-10-21,XLK,C,24.5,14522.0,0.12,0.14,2.9,NO,0.14,0.57,0.12,0.49,0.14,0.1,6.0,1474430400000000000,30.0,Monthly,23.64,23.81,23.82,23.55,23.81,23.81,23.82,23.81,0.004,0.1411,0.2363
O:XLK161021C00050000,2016-09-21,2016-10-21,XLK,C,25.0,2.0,0.03,0.03,5.0,NO,0.03,0.12,0.03,0.12,0.03,0.03,1.0,1474430400000000000,30.0,Monthly,23.64,23.81,23.82,23.55,23.81,23.81,23.82,23.81,0.004,0.1198,0.0767
O:XLK161021C00044000,2016-09-22,2016-10-21,XLK,C,22.0,5.0,4.1,4.1,-8.16,YES,4.1,18.64,4.1,18.64,4.1,4.1,1.0,1474516800000000000,29.0,Monthly,23.95,23.95,23.98,23.89,23.95,23.95,23.98,23.95,0.004,1.1756,0.5365
O:XLK161021C00045000,2016-09-22,2016-10-21,XLK,C,22.5,10.0,3.05,3.08,-6.07,YES,3.08,13.69,3.05,13.56,3.08,3.05,2.0,1474516800000000000,29.0,Monthly,23.95,23.95,23.98,23.89,23.95,23.95,23.98,23.95,0.004,0.8747,0.5522
O:XLK161021C00046000,2016-09-22,2016-10-21,XLK,C,23.0,7.0,2.13,2.13,-3.99,YES,2.13,9.26,2.13,9.26,2.13,2.13,1.0,1474516800000000000,29.0,Monthly,23.95,23.95,23.98,23.89,23.95,23.95,23.98,23.95,0.004,0.6094,0.5602
O:XLK161021C00046500,2016-09-22,2016-10-21,XLK,C,23.25,3.0,1.67,1.67,-2.94,YES,1.67,7.18,1.67,7.18,1.67,1.67,1.0,1474516800000000000,29.0,Monthly,23.95,23.95,23.98,23.89,23.95,23.95,23.98,23.95,0.004,0.4849,0.56
O:XLK161021C00047000,2016-09-22,2016-10-21,XLK,C,23.5,1052.0,1.25,1.28,-1.9,YES,1.28,5.45,1.25,5.32,1.3,1.25,6.0,1474516800000000000,29.0,Monthly,23.95,23.95,23.98,23.89,23.95,23.95,23.98,23.95,0.004,0.3883,0.5483
O:XLK161021C00048000,2016-09-22,2016-10-21,XLK,C,24.0,95.0,0.6,0.6,0.19,NO,0.6,2.5,0.6,2.5,0.63,0.59,10.0,1474516800000000000,29.0,Monthly,23.95,23.95,23.98,23.89,23.95,23.95,23.98,23.95,0.004,0.2304,0.4762
O:XLK161021C00048500,2016-09-22,2016-10-21,XLK,C,24.25,14.0,0.33,0.34,1.23,NO,0.34,1.4,0.33,1.36,0.34,0.33,3.0,1474516800000000000,29.0,Monthly,23.95,23.95,23.98,23.89,23.95,23.95,23.98,23.95,0.004,0.1741,0.3929
O:XLK161021C00049000,2016-09-22,2016-10-21,XLK,C,24.5,199.0,0.14,0.18,2.28,NO,0.18,0.73,0.14,0.57,0.2,0.14,8.0,1474516800000000000,29.0,Monthly,23.95,23.95,23.98,23.89,23.95,23.95,23.98,23.95,0.004,0.1443,0.2841
O:XLK161021C00044000,2016-09-23,2016-10-21,XLK,C,22.0,3.0,3.58,3.58,-7.35,YES,3.58,16.27,3.58,16.27,3.58,3.58,1.0,1474603200000000000,28.0,Monthly,23.95,23.75,23.95,23.7,23.75,23.75,23.95,23.75,0.004,1.036,0.5495
O:XLK161021C00045000,2016-09-23,2016-10-21,XLK,C,22.5,3.0,2.64,2.64,-5.24,YES,2.64,11.73,2.64,11.73,2.64,2.64,1.0,1474603200000000000,28.0,Monthly,23.95,23.75,23.95,23.7,23.75,23.75,23.95,23.75,0.004,0.7638,0.5601
O:XLK161021C00046000,2016-09-23,2016-10-21,XLK,C,23.0,14.0,1.93,1.85,-3.14,YES,1.85,8.04,1.93,8.39,1.93,1.85,8.0,1474603200000000000,28.0,Monthly,23.95,23.75,23.95,23.7,23.75,23.75,23.95,23.75,0.004,0.5582,0.5526
O:XLK161021C00047000,2016-09-23,2016-10-21,XLK,C,23.5,22.0,1.12,1.03,-1.03,YES,1.03,4.38,1.12,4.77,1.12,1.03,3.0,1474603200000000000,28.0,Monthly,23.95,23.75,23.95,23.7,23.75,23.75,23.95,23.75,0.004,0.3432,0.5267
O:XLK161021C00048000,2016-09-23,2016-10-21,XLK,C,24.0,186.0,0.48,0.42,1.07,NO,0.42,1.75,0.48,2.0,0.49,0.4,13.0,1474603200000000000,28.0,Monthly,23.95,23.75,23.95,23.7,23.75,23.75,23.95,23.75,0.004,0.2019,0.4169
O:XLK161021C00048500,2016-09-23,2016-10-21,XLK,C,24.25,314.0,0.26,0.2,2.13,NO,0.2,0.82,0.26,1.07,0.26,0.2,11.0,1474603200000000000,28.0,Monthly,23.95,23.75,23.95,23.7,23.75,23.75,23.95,23.75,0.004,0.1504,0.3038
O:XLK161021C00049000,2016-09-23,2016-10-21,XLK,C,24.5,11.0,0.12,0.1,3.18,NO,0.1,0.41,0.12,0.49,0.12,0.1,2.0,1474603200000000000,28.0,Monthly,23.95,23.75,23.95,23.7,23.75,23.75,23.95,23.75,0.004,0.1329,0.1964
O:XLK161118C00046000,2016-10-17,2016-11-18,XLK,C,23.0,4.0,1.81,1.81,-2.69,YES,1.81,7.87,1.81,7.87,1.81,1.81,1.0,1476676800000000000,32.0,Monthly,23.68,23.64,23.73,23.62,23.64,23.64,23.73,23.64,0.004,0.5318,0.539
O:XLK161118C00047000,2016-10-17,2016-11-18,XLK,C,23.5,35.0,1.06,1.06,-0.57,YES,1.06,4.51,1.06,4.51,1.16,1.06,16.0,1476676800000000000,32.0,Monthly,23.68,23.64,23.73,23.62,23.64,23.64,23.73,23.64,0.004,0.3537,0.5031
O:XLK161118C00048000,2016-10-17,2016-11-18,XLK,C,24.0,41.0,0.55,0.51,1.54,NO,0.51,2.12,0.55,2.29,0.57,0.51,17.0,1476676800000000000,32.0,Monthly,23.68,23.64,23.73,23.62,23.64,23.64,23.73,23.64,0.004,0.2386,0.4035
O:XLK161118C00049000,2016-10-17,2016-11-18,XLK,C,24.5,10.0,0.17,0.17,3.66,NO,0.17,0.69,0.17,0.69,0.17,0.17,1.0,1476676800000000000,32.0,Monthly,23.68,23.64,23.73,23.62,23.64,23.64,23.73,23.64,0.004,0.169,0.2321
O:XLK161118C00050000,2016-10-17,2016-11-18,XLK,C,25.0,3.0,0.04,0.04,5.78,NO,0.04,0.16,0.04,0.16,0.04,0.04,1.0,1476676800000000000,32.0,Monthly,23.68,23.64,23.73,23.62,23.64,23.64,23.73,23.64,0.004,0.1383,0.0841
O:XLK161118C00046000,2016-10-18,2016-11-18,XLK,C,23.0,3.0,1.96,1.96,-3.22,YES,1.96,8.52,1.96,8.52,1.96,1.96,1.0,1476763200000000000,31.0,Monthly,23.81,23.77,23.87,23.73,23.77,23.77,23.87,23.77,0.004,0.5672,0.5472
O:XLK161118C00047000,2016-10-18,2016-11-18,XLK,C,23.5,27.0,1.21,1.22,-1.12,YES,1.22,5.19,1.21,5.15,1.29,1.21,16.0,1476763200000000000,31.0,Monthly,23.81,23.77,23.87,23.73,23.77,23.77,23.87,23.77,0.004,0.3916,0.5184
O:XLK161118C00048000,2016-10-18,2016-11-18,XLK,C,24.0,118.0,0.6,0.6,0.99,NO,0.6,2.5,0.6,2.5,0.67,0.58,26.0,1476763200000000000,31.0,Monthly,23.81,23.77,23.87,23.73,23.77,23.77,23.87,23.77,0.004,0.2541,0.4355
O:XLK161118C00049000,2016-10-18,2016-11-18,XLK,C,24.5,29.0,0.14,0.22,3.09,NO,0.22,0.9,0.14,0.57,0.23,0.14,5.0,1476763200000000000,31.0,Monthly,23.81,23.77,23.87,23.73,23.77,23.77,23.87,23.77,0.004,0.1783,0.2737
O:XLK161118C00051000,2016-10-18,2016-11-18,XLK,C,25.5,1.0,0.01,0.01,7.3,NO,0.01,0.04,0.01,0.04,0.01,0.01,1.0,1476763200000000000,31.0,Monthly,23.81,23.77,23.87,23.73,23.77,23.77,23.87,23.77,0.004,0.1262,0.0275
O:XLK161118C00046000,2016-10-19,2016-11-18,XLK,C,23.0,2.0,1.93,1.94,-3.4,YES,1.94,8.43,1.93,8.39,1.94,1.93,2.0,1476849600000000000,30.0,Monthly,23.75,23.81,23.84,23.7,23.81,23.81,23.84,23.81,0.004,0.5595,0.5547
O:XLK161118C00047000,2016-10-19,2016-11-18,XLK,C,23.5,37.0,1.14,1.21,-1.3,YES,1.21,5.15,1.14,4.85,1.22,1.14,17.0,1476849600000000000,30.0,Monthly,23.75,23.81,23.84,23.7,23.81,23.81,23.84,23.81,0.004,0.3859,0.5264
O:XLK161118C00048000,2016-10-19,2016-11-18,XLK,C,24.0,80.0,0.57,0.56,0.8,NO,0.56,2.33,0.57,2.38,0.58,0.55,20.0,1476849600000000000,30.0,Monthly,23.75,23.81,23.84,23.7,23.81,23.81,23.84,23.81,0.004,0.2367,0.4419
O:XLK161118C00049000,2016-10-19,2016-11-18,XLK,C,24.5,2.0,0.18,0.18,2.9,NO,0.18,0.73,0.18,0.73,0.18,0.18,1.0,1476849600000000000,30.0,Monthly,23.75,23.81,23.84,23.7,23.81,23.81,23.84,23.81,0.004,0.1591,0.2605
O:XLK161118C00046000,2016-10-20,2016-11-18,XLK,C,23.0,4.0,1.83,1.77,-2.95,YES,1.77,7.7,1.83,7.96,1.83,1.71,4.0,1476936000000000000,29.0,Monthly,23.75,23.7,23.76,23.59,23.7,23.7,23.76,23.7,0.004,0.5291,0.5512
O:XLK161118C00047000,2016-10-20,2016-11-18,XLK,C,23.5,225.0,1.02,1.03,-0.84,YES,1.03,4.38,1.02,4.34,1.06,0.95,30.0,1476936000000000000,29.0,Monthly,23.75,23.7,23.76,23.59,23.7,23.7,23.76,23.7,0.004,0.3478,0.5162
O:XLK161118C00048000,2016-10-20,2016-11-18,XLK,C,24.0,266.0,0.53,0.46,1.27,NO,0.46,1.92,0.53,2.21,0.53,0.4,31.0,1476936000000000000,29.0,Monthly,23.75,23.7,23.76,23.59,23.7,23.7,23.76,23.7,0.004,0.2218,0.4101
O:XLK161118C00049000,2016-10-20,2016-11-18,XLK,C,24.5,718.0,0.15,0.14,3.38,NO,0.14,0.57,0.15,0.61,0.15,0.11,37.0,1476936000000000000,29.0,Monthly,23.75,23.7,23.76,23.59,23.7,23.7,23.76,23.7,0.004,0.1563,0.2211
O:XLK161118C00050000,2016-10-20,2016-11-18,XLK,C,25.0,2.0,0.03,0.03,5.49,NO,0.03,0.12,0.03,0.12,0.03,0.03,2.0,1476936000000000000,29.0,Monthly,23.75,23.7,23.76,23.59,23.7,23.7,23.76,23.7,0.004,0.1307,0.0722
O:XLK161118C00052000,2016-10-20,2016-11-18,XLK,C,26.0,1.0,0.01,0.01,9.7,NO,0.01,0.04,0.01,0.04,0.01,0.01,1.0,1476936000000000000,29.0,Monthly,23.75,23.7,23.76,23.59,23.7,23.7,23.76,23.7,0.004,0.1645,0.022
O:XLK161118C00043000,2016-10-21,2016-11-18,XLK,C,21.5,13.0,4.55,4.55,-9.53,YES,4.55,21.16,4.55,21.16,4.55,4.55,1.0,1477022400000000000,28.0,Monthly,23.73,23.77,23.78,23.67,23.77,23.77,23.78,23.77,0.004,1.3229,0.5365
O:XLK161118C00045000,2016-10-21,2016-11-18,XLK,C,22.5,1.0,2.66,2.66,-5.32,YES,2.66,11.82,2.66,11.82,2.66,2.66,1.0,1477022400000000000,28.0,Monthly,23.73,23.77,23.78,23.67,23.77,23.77,23.78,23.77,0.004,0.7667,0.5611
O:XLK161118C00046000,2016-10-21,2016-11-18,XLK,C,23.0,14.0,1.76,1.82,-3.22,YES,1.82,7.91,1.76,7.65,1.85,1.76,3.0,1477022400000000000,28.0,Monthly,23.73,23.77,23.78,23.67,23.77,23.77,23.78,23.77,0.004,0.5414,0.5583
O:XLK161118C00047000,2016-10-21,2016-11-18,XLK,C,23.5,1185.0,1.02,1.04,-1.12,YES,1.04,4.43,1.02,4.34,1.08,1.01,49.0,1477022400000000000,28.0,Monthly,23.73,23.77,23.78,23.67,23.77,23.77,23.78,23.77,0.004,0.3427,0.5303
O:XLK161118C00048000,2016-10-21,2016-11-18,XLK,C,24.0,192.0,0.46,0.46,0.99,NO,0.46,1.92,0.46,1.92,0.5,0.44,33.0,1477022400000000000,28.0,Monthly,23.73,23.77,23.78,23.67,23.77,23.77,23.78,23.77,0.004,0.2139,0.4258
O:XLK161118C00049000,2016-10-21,2016-11-18,XLK,C,24.5,22.0,0.14,0.13,3.09,NO,0.13,0.53,0.14,0.57,0.14,0.13,4.0,1477022400000000000,28.0,Monthly,23.73,23.77,23.78,23.67,23.77,23.77,23.78,23.77,0.004,0.146,0.2234
O:XLK161216C00044000,2016-11-14,2016-12-16,XLK,C,22.0,305.0,2.39,2.44,-4.39,YES,2.44,11.09,2.39,10.86,2.44,2.39,81.0,1479099600000000000,32.0,Monthly,23.39,23.01,23.4,22.9,23.01,23.01,23.4,23.01,0.0041,0.7116,0.5436
O:XLK161216C00045000,2016-11-14,2016-12-16,XLK,C,22.5,44.0,1.84,1.7,-2.22,YES,1.7,7.56,1.84,8.18,1.84,1.51,13.0,1479099600000000000,32.0,Monthly,23.39,23.01,23.4,22.9,23.01,23.01,23.4,23.01,0.0041,0.5312,0.5264
O:XLK161216C00046000,2016-11-14,2016-12-16,XLK,C,23.0,1250.0,1.16,0.94,-0.04,YES,0.94,4.09,1.16,5.04,1.16,0.87,35.0,1479099600000000000,32.0,Monthly,23.39,23.01,23.4,22.9,23.01,23.01,23.4,23.01,0.0041,0.3428,0.4829
O:XLK161216C00047000,2016-11-14,2016-12-16,XLK,C,23.5,69.0,0.53,0.45,2.13,NO,0.45,1.91,0.53,2.26,0.53,0.4,10.0,1479099600000000000,32.0,Monthly,23.39,23.01,23.4,22.9,23.01,23.01,23.4,23.01,0.0041,0.2415,0.3724
O:XLK161216C00048000,2016-11-14,2016-12-16,XLK,C,24.0,563.0,0.2,0.16,4.3,NO,0.16,0.67,0.2,0.83,0.2,0.16,34.0,1479099600000000000,32.0,Monthly,23.39,23.01,23.4,22.9,23.01,23.01,23.4,23.01,0.0041,0.1825,0.2119
O:XLK161216C00049000,2016-11-14,2016-12-16,XLK,C,24.5,3115.0,0.06,0.05,6.48,NO,0.05,0.2,0.06,0.24,0.07,0.05,608.0,1479099600000000000,32.0,Monthly,23.39,23.01,23.4,22.9,23.01,23.01,23.4,23.01,0.0041,0.1605,0.0907
O:XLK161216C00050000,2016-11-14,2016-12-16,XLK,C,25.0,4.0,0.03,0.01,8.65,NO,0.01,0.04,0.03,0.12,0.03,0.01,3.0,1479099600000000000,32.0,Monthly,23.39,23.01,23.4,22.9,23.01,23.01,23.4,23.01,0.0041,0.1434,0.0246
O:XLK161216C00051000,2016-11-14,2016-12-16,XLK,C,25.5,4.0,0.01,0.01,10.82,NO,0.01,0.04,0.01,0.04,0.01,0.01,1.0,1479099600000000000,32.0,Monthly,23.39,23.01,23.4,22.9,23.01,23.01,23.4,23.01,0.0041,0.1715,0.0206
O:XLK161216C00043000,2016-11-15,2016-12-16,XLK,C,21.5,141.0,3.82,3.8,-7.86,YES,3.8,17.67,3.82,17.77,3.9,3.8,10.0,1479186000000000000,31.0,Monthly,23.16,23.34,23.42,23.16,23.34,23.34,23.42,23.34,0.0041,1.0713,0.543
O:XLK161216C00045000,2016-11-15,2016-12-16,XLK,C,22.5,42.0,1.85,1.91,-3.58,YES,1.91,8.49,1.85,8.22,2.17,1.85,7.0,1479186000000000000,31.0,Monthly,23.16,23.34,23.42,23.16,23.34,23.34,23.42,23.34,0.0041,0.5436,0.5613
O:XLK161216C00046000,2016-11-15,2016-12-16,XLK,C,23.0,72.0,1.12,1.28,-1.44,YES,1.28,5.57,1.12,4.87,1.37,1.12,14.0,1479186000000000000,31.0,Monthly,23.16,23.34,23.42,23.16,23.34,23.34,23.42,23.34,0.0041,0.4076,0.5267
O:XLK161216C00047000,2016-11-15,2016-12-16,XLK,C,23.5,930.0,0.52,0.7,0.71,NO,0.7,2.98,0.52,2.21,0.74,0.49,56.0,1479186000000000000,31.0,Monthly,23.16,23.34,23.42,23.16,23.34,23.34,23.42,23.34,0.0041,0.2842,0.4524
O:XLK161216C00048000,2016-11-15,2016-12-16,XLK,C,24.0,140.0,0.25,0.25,2.85,NO,0.25,1.04,0.25,1.04,0.29,0.2,18.0,1479186000000000000,31.0,Monthly,23.16,23.34,23.42,23.16,23.34,23.34,23.42,23.34,0.0041,0.1858,0.2961
O:XLK161216C00049000,2016-11-15,2016-12-16,XLK,C,24.5,7.0,0.07,0.08,4.99,NO,0.08,0.33,0.07,0.29,0.08,0.07,3.0,1479186000000000000,31.0,Monthly,23.16,23.34,23.42,23.16,23.34,23.34,23.42,23.34,0.0041,0.1555,0.1389
O:XLK161216C00050000,2016-11-15,2016-12-16,XLK,C,25.0,1.0,0.01,0.01,7.14,NO,0.01,0.04,0.01,0.04,0.01,0.01,1.0,1479186000000000000,31.0,Monthly,23.16,23.34,23.42,23.16,23.34,23.34,23.42,23.34,0.0041,0.1243,0.0284
O:XLK161216C00043000,2016-11-16,2016-12-16,XLK,C,21.5,1.0,3.9,3.9,-8.7,YES,3.9,18.14,3.9,18.14,3.9,3.9,1.0,1479272400000000000,30.0,Monthly,23.28,23.55,23.57,23.25,23.55,23.55,23.57,23.55,0.0041,1.0725,0.5571
O:XLK161216C00044000,2016-11-16,2016-12-16,XLK,C,22.0,215.0,3.2,3.2,-6.58,YES,3.2,14.55,3.2,14.55,3.2,3.2,42.0,1479272400000000000,30.0,Monthly,23.28,23.55,23.57,23.25,23.55,23.55,23.57,23.55,0.0041,0.901,0.554
O:XLK161216C00045000,2016-11-16,2016-12-16,XLK,C,22.5,6.0,2.22,2.31,-4.46,YES,2.31,10.27,2.22,9.87,2.31,2.22,5.0,1479272400000000000,30.0,Monthly,23.28,23.55,23.57,23.25,23.55,23.55,23.57,23.55,0.0041,0.6581,0.5593
O:XLK161216C00046000,2016-11-16,2016-12-16,XLK,C,23.0,124.0,1.2,1.54,-2.34,YES,1.54,6.7,1.2,5.22,1.57,1.2,23.0,1479272400000000000,30.0,Monthly,23.28,23.55,23.57,23.25,23.55,23.55,23.57,23.55,0.0041,0.4667,0.5447
O:XLK161216C00047000,2016-11-16,2016-12-16,XLK,C,23.5,720.0,0.63,0.86,-0.21,YES,0.86,3.66,0.63,2.68,0.87,0.63,84.0,1479272400000000000,30.0,Monthly,23.28,23.55,23.57,23.25,23.55,23.55,23.57,23.55,0.0041,0.3089,0.4934
O:XLK161216C00048000,2016-11-16,2016-12-16,XLK,C,24.0,178.0,0.26,0.37,1.91,NO,0.37,1.54,0.26,1.08,0.37,0.26,41.0,1479272400000000000,30.0,Monthly,23.28,23.55,23.57,23.25,23.55,23.55,23.57,23.55,0.0041,0.2073,0.366
O:XLK161216C00049000,2016-11-16,2016-12-16,XLK,C,24.5,30.0,0.12,0.12,4.03,NO,0.12,0.49,0.12,0.49,0.12,0.12,4.0,1479272400000000000,30.0,Monthly,23.28,23.55,23.57,23.25,23.55,23.55,23.57,23.55,0.0041,0.16,0.19
O:XLK161216C00050000,2016-11-16,2016-12-16,XLK,C,25.0,17.0,0.02,0.02,6.16,NO,0.02,0.08,0.02,0.08,0.02,0.02,2.0,1479272400000000000,30.0,Monthly,23.28,23.55,23.57,23.25,23.55,23.55,23.57,23.55,0.0041,0.1283,0.0512
O:XLK161216C00043000,2016-11-17,2016-12-16,XLK,C,21.5,1.0,4.34,4.34,-9.28,YES,4.34,20.19,4.34,20.19,4.34,4.34,1.0,1479358800000000000,29.0,Monthly,23.58,23.7,23.72,23.53,23.7,23.7,23.72,23.7,0.0041,1.2322,0.5429
O:XLK161216C00044000,2016-11-17,2016-12-16,XLK,C,22.0,110.0,3.5,3.5,-7.17,YES,3.5,15.91,3.5,15.91,3.5,3.5,30.0,1479358800000000000,29.0,Monthly,23.58,23.7,23.72,23.53,23.7,23.7,23.72,23.7,0.0041,0.9987,0.5497
O:XLK161216C00045000,2016-11-17,2016-12-16,XLK,C,22.5,58.0,2.55,2.59,-5.06,YES,2.59,11.51,2.55,11.33,2.61,2.55,9.0,1479358800000000000,29.0,Monthly,23.58,23.7,23.72,23.53,23.7,23.7,23.72,23.7,0.0041,0.7433,0.5576
O:XLK161216C00046000,2016-11-17,2016-12-16,XLK,C,23.0,28.0,1.67,1.73,-2.95,YES,1.73,7.52,1.67,7.26,1.73,1.67,6.0,1479358800000000000,29.0,Monthly,23.58,23.7,23.72,23.53,23.7,23.7,23.72,23.7,0.0041,0.5135,0.5545
O:XLK161216C00047000,2016-11-17,2016-12-16,XLK,C,23.5,30.0,0.84,1.0,-0.84,YES,1.0,4.26,0.84,3.57,1.02,0.84,16.0,1479358800000000000,29.0,Monthly,23.58,23.7,23.72,23.53,23.7,23.7,23.72,23.7,0.0041,0.3364,0.5181
O:XLK161216C00048000,2016-11-17,2016-12-16,XLK,C,24.0,265.0,0.34,0.45,1.27,NO,0.45,1.88,0.34,1.42,0.46,0.34,40.0,1479358800000000000,29.0,Monthly,23.58,23.7,23.72,23.53,23.7,23.7,23.72,23.7,0.0041,0.218,0.409
O:XLK161216C00049000,2016-11-17,2016-12-16,XLK,C,24.5,158.0,0.15,0.14,3.38,NO,0.14,0.57,0.15,0.61,0.15,0.13,16.0,1479358800000000000,29.0,Monthly,23.58,23.7,23.72,23.53,23.7,23.7,23.72,23.7,0.0041,0.1562,0.2211
O:XLK161216C00044000,2016-11-18,2016-12-16,XLK,C,22.0,60.0,3.45,3.4,-7.09,YES,3.4,15.45,3.45,15.68,3.45,3.4,18.0,1479445200000000000,28.0,Monthly,23.75,23.68,23.8,23.63,23.68,23.68,23.8,23.68,0.0041,0.9804,0.5542
O:XLK161216C00045000,2016-11-18,2016-12-16,XLK,C,22.5,21.0,2.69,2.58,-4.98,YES,2.58,11.47,2.69,11.96,2.69,2.55,7.0,1479445200000000000,28.0,Monthly,23.75,23.68,23.8,23.63,23.68,23.68,23.8,23.68,0.0041,0.7576,0.5557
O:XLK161216C00046000,2016-11-18,2016-12-16,XLK,C,23.0,1.0,1.86,1.86,-2.87,YES,1.86,8.09,1.86,8.09,1.86,1.86,1.0,1479445200000000000,28.0,Monthly,23.75,23.68,23.8,23.63,23.68,23.68,23.8,23.68,0.0041,0.579,0.5412
O:XLK161216C00047000,2016-11-18,2016-12-16,XLK,C,23.5,1454.0,0.96,0.95,-0.76,YES,0.95,4.04,0.96,4.09,1.1,0.91,52.0,1479445200000000000,28.0,Monthly,23.75,23.68,23.8,23.63,23.68,23.68,23.8,23.68,0.0041,0.3274,0.5169
O:XLK161216C00048000,2016-11-18,2016-12-16,XLK,C,24.0,216.0,0.5,0.38,1.35,NO,0.38,1.58,0.5,2.08,0.5,0.38,26.0,1479445200000000000,28.0,Monthly,23.75,23.68,23.8,23.63,23.68,23.68,23.8,23.68,0.0041,0.198,0.3949
O:XLK161216C00049000,2016-11-18,2016-12-16,XLK,C,24.5,28.0,0.15,0.12,3.46,NO,0.12,0.49,0.15,0.61,0.17,0.11,9.0,1479445200000000000,28.0,Monthly,23.75,23.68,23.8,23.63,23.68,23.68,23.8,23.68,0.0041,0.1512,0.2043
O:XLK170120C00041000,2016-12-19,2017-01-20,XLK,C,20.5,3.0,8.0,8.0,-16.22,YES,8.0,39.02,8.0,39.02,8.0,8.0,1.0,1482123600000000000,32.0,Monthly,24.32,24.47,24.55,24.3,24.47,24.47,24.55,24.47,0.0054,2.2273,0.4758
O:XLK170120C00046000,2016-12-19,2017-01-20,XLK,C,23.0,245.0,2.83,3.01,-6.01,YES,3.01,13.09,2.83,12.3,3.15,2.83,17.0,1482123600000000000,32.0,Monthly,24.32,24.47,24.55,24.3,24.47,24.47,24.55,24.47,0.0054,0.7834,0.5609
O:XLK170120C00047000,2016-12-19,2017-01-20,XLK,C,23.5,175.0,1.94,2.2,-3.96,YES,2.2,9.36,1.94,8.26,2.26,1.93,18.0,1482123600000000000,32.0,Monthly,24.32,24.47,24.55,24.3,24.47,24.47,24.55,24.47,0.0054,0.5881,0.5588
O:XLK170120C00048000,2016-12-19,2017-01-20,XLK,C,24.0,23.0,1.23,1.44,-1.92,YES,1.44,6.0,1.23,5.12,1.44,1.23,9.0,1482123600000000000,32.0,Monthly,24.32,24.47,24.55,24.3,24.47,24.47,24.55,24.47,0.0054,0.4139,0.5402
O:XLK170120C00048500,2016-12-19,2017-01-20,XLK,C,24.25,15.0,0.9,0.9,-0.9,YES,0.9,3.71,0.9,3.71,0.9,0.9,2.0,1482123600000000000,32.0,Monthly,24.32,24.47,24.55,24.3,24.47,24.47,24.55,24.47,0.0054,0.2708,0.5313
O:XLK170120C00049000,2016-12-19,2017-01-20,XLK,C,24.5,160.0,0.6,0.68,0.12,NO,0.68,2.78,0.6,2.45,0.75,0.55,22.0,1482123600000000000,32.0,Monthly,24.32,24.47,24.55,24.3,24.47,24.47,24.55,24.47,0.0054,0.2384,0.4817
O:XLK170120C00049500,2016-12-19,2017-01-20,XLK,C,24.75,12.0,0.46,0.47,1.14,NO,0.47,1.9,0.46,1.86,0.47,0.46,2.0,1482123600000000000,32.0,Monthly,24.32,24.47,24.55,24.3,24.47,24.47,24.55,24.47,0.0054,0.2046,0.4167
O:XLK170120C00050000,2016-12-19,2017-01-20,XLK,C,25.0,446.0,0.25,0.27,2.17,NO,0.27,1.08,0.25,1.0,0.32,0.25,15.0,1482123600000000000,32.0,Monthly,24.32,24.47,24.55,24.3,24.47,24.47,24.55,24.47,0.0054,0.1663,0.3263
O:XLK170120C00050500,2016-12-19,2017-01-20,XLK,C,25.25,237.0,0.13,0.14,3.19,NO,0.14,0.55,0.13,0.51,0.17,0.13,13.0,1482123600000000000,32.0,Monthly,24.32,24.47,24.55,24.3,24.47,24.47,24.55,24.47,0.0054,0.1417,0.2244
O:XLK170120C00051000,2016-12-19,2017-01-20,XLK,C,25.5,489.0,0.08,0.09,4.21,NO,0.09,0.35,0.08,0.31,0.1,0.08,32.0,1482123600000000000,32.0,Monthly,24.32,24.47,24.55,24.3,24.47,24.47,24.55,24.47,0.0054,0.1405,0.1585
O:XLK170120C00037000,2016-12-20,2017-01-20,XLK,C,18.5,1.0,11.8,11.8,-24.67,YES,11.8,63.78,11.8,63.78,11.8,11.8,1.0,1482210000000000000,31.0,Monthly,24.54,24.56,24.6,24.5,24.56,24.56,24.6,24.56,0.0054,3.5375,0.4051
O:XLK170120C00041000,2016-12-20,2017-01-20,XLK,C,20.5,3.0,8.15,8.15,-16.53,YES,8.15,39.76,8.15,39.76,8.15,8.15,1.0,1482210000000000000,31.0,Monthly,24.54,24.56,24.6,24.5,24.56,24.56,24.6,24.56,0.0054,2.2986,0.4743
O:XLK170120C00044000,2016-12-20,2017-01-20,XLK,C,22.0,5.0,5.1,5.1,-10.42,YES,5.1,23.18,5.1,23.18,5.1,5.1,1.0,1482210000000000000,31.0,Monthly,24.54,24.56,24.6,24.5,24.56,24.56,24.6,24.56,0.0054,1.3676,0.5311
O:XLK170120C00046000,2016-12-20,2017-01-20,XLK,C,23.0,52.0,3.2,3.2,-6.35,YES,3.2,13.91,3.2,13.91,3.2,3.2,5.0,1482210000000000000,31.0,Monthly,24.54,24.56,24.6,24.5,24.56,24.56,24.6,24.56,0.0054,0.8458,0.5576
O:XLK170120C00046500,2016-12-20,2017-01-20,XLK,C,23.25,3.0,2.79,2.79,-5.33,YES,2.79,12.0,2.79,12.0,2.79,2.79,1.0,1482210000000000000,31.0,Monthly,24.54,24.56,24.6,24.5,24.56,24.56,24.6,24.56,0.0054,0.744,0.5582
O:XLK170120C00047000,2016-12-20,2017-01-20,XLK,C,23.5,15.0,2.29,2.29,-4.32,YES,2.29,9.74,2.29,9.74,2.31,2.29,8.0,1482210000000000000,31.0,Monthly,24.54,24.56,24.6,24.5,24.56,24.56,24.6,24.56,0.0054,0.61,0.5643
O:XLK170120C00048000,2016-12-20,2017-01-20,XLK,C,24.0,82.0,1.53,1.45,-2.28,YES,1.45,6.04,1.53,6.38,1.53,1.42,10.0,1482210000000000000,31.0,Monthly,24.54,24.56,24.6,24.5,24.56,24.56,24.6,24.56,0.0054,0.4048,0.5558
O:XLK170120C00048500,2016-12-20,2017-01-20,XLK,C,24.25,3.0,1.07,1.07,-1.26,YES,1.07,4.41,1.07,4.41,1.07,1.07,1.0,1482210000000000000,31.0,Monthly,24.54,24.56,24.6,24.5,24.56,24.56,24.6,24.56,0.0054,0.3175,0.5382
O:XLK170120C00049000,2016-12-20,2017-01-20,XLK,C,24.5,188.0,0.79,0.75,-0.24,YES,0.75,3.06,0.79,3.22,0.82,0.72,22.0,1482210000000000000,31.0,Monthly,24.54,24.56,24.6,24.5,24.56,24.56,24.6,24.56,0.0054,0.2504,0.5013
O:XLK170120C00049500,2016-12-20,2017-01-20,XLK,C,24.75,62.0,0.52,0.48,0.77,NO,0.48,1.94,0.52,2.1,0.52,0.48,9.0,1482210000000000000,31.0,Monthly,24.54,24.56,24.6,24.5,24.56,24.56,24.6,24.56,0.0054,0.1971,0.4385
O:XLK170120C00050000,2016-12-20,2017-01-20,XLK,C,25.0,1078.0,0.32,0.29,1.79,NO,0.29,1.16,0.32,1.28,0.33,0.28,21.0,1482210000000000000,31.0,Monthly,24.54,24.56,24.6,24.5,24.56,24.56,24.6,24.56,0.0054,0.1645,0.3502
O:XLK170120C00050500,2016-12-20,2017-01-20,XLK,C,25.25,12.0,0.18,0.18,2.81,NO,0.18,0.71,0.18,0.71,0.18,0.18,1.0,1482210000000000000,31.0,Monthly,24.54,24.56,24.6,24.5,24.56,24.56,24.6,24.56,0.0054,0.1514,0.2612
O:XLK170120C00051000,2016-12-20,2017-01-20,XLK,C,25.5,716.0,0.09,0.09,3.83,NO,0.09,0.35,0.09,0.35,0.09,0.09,3.0,1482210000000000000,31.0,Monthly,24.54,24.56,24.6,24.5,24.56,24.56,24.6,24.56,0.0054,0.1343,0.1666
O:XLK170120C00052000,2016-12-20,2017-01-20,XLK,C,26.0,50.0,0.02,0.02,5.86,NO,0.02,0.08,0.02,0.08,0.02,0.02,3.0,1482210000000000000,31.0,Monthly,24.54,24.56,24.6,24.5,24.56,24.56,24.6,24.56,0.0054,0.1203,0.0516
O:XLK170120C00040000,2016-12-21,2017-01-20,XLK,C,20.0,48.0,9.0,9.05,-18.4,YES,9.05,45.25,9.0,45.0,9.05,9.0,5.0,1482296400000000000,30.0,Monthly,24.55,24.51,24.56,24.46,24.51,24.51,24.56,24.51,0.0054,2.6421,0.4563
O:XLK170120C00046000,2016-12-21,2017-01-20,XLK,C,23.0,4.0,3.1,3.2,-6.16,YES,3.2,13.91,3.1,13.48,3.2,3.1,4.0,1482296400000000000,30.0,Monthly,24.55,24.51,24.56,24.46,24.51,24.51,24.56,24.51,0.0054,0.8723,0.5521
O:XLK170120C00046500,2016-12-21,2017-01-20,XLK,C,23.25,10.0,2.71,2.71,-5.14,YES,2.71,11.66,2.71,11.66,2.71,2.71,2.0,1482296400000000000,30.0,Monthly,24.55,24.51,24.56,24.46,24.51,24.51,24.56,24.51,0.0054,0.7381,0.5579
O:XLK170120C00048000,2016-12-21,2017-01-20,XLK,C,24.0,26.0,1.46,1.38,-2.08,YES,1.38,5.75,1.46,6.08,1.46,1.37,3.0,1482296400000000000,30.0,Monthly,24.55,24.51,24.56,24.46,24.51,24.51,24.56,24.51,0.0054,0.3969,0.5524
O:XLK170120C00048500,2016-12-21,2017-01-20,XLK,C,24.25,70.0,1.0,1.02,-1.06,YES,1.02,4.21,1.0,4.12,1.02,1.0,6.0,1482296400000000000,30.0,Monthly,24.55,24.51,24.56,24.46,24.51,24.51,24.56,24.51,0.0054,0.315,0.531
O:XLK170120C00049000,2016-12-21,2017-01-20,XLK,C,24.5,64.0,0.7,0.72,-0.04,YES,0.72,2.94,0.7,2.86,0.72,0.66,7.0,1482296400000000000,30.0,Monthly,24.55,24.51,24.56,24.46,24.51,24.51,24.56,24.51,0.0054,0.2533,0.4902
O:XLK170120C00049500,2016-12-21,2017-01-20,XLK,C,24.75,57.0,0.42,0.45,0.98,NO,0.45,1.82,0.42,1.7,0.45,0.42,8.0,1482296400000000000,30.0,Monthly,24.55,24.51,24.56,24.46,24.51,24.51,24.56,24.51,0.0054,0.1978,0.4237
O:XLK170120C00050000,2016-12-21,2017-01-20,XLK,C,25.0,134.0,0.25,0.26,2.0,NO,0.26,1.04,0.25,1.0,0.26,0.25,14.0,1482296400000000000,30.0,Monthly,24.55,24.51,24.56,24.46,24.51,24.51,24.56,24.51,0.0054,0.1627,0.3306
O:XLK170120C00050500,2016-12-21,2017-01-20,XLK,C,25.25,30.0,0.14,0.14,3.02,NO,0.14,0.55,0.14,0.55,0.14,0.14,3.0,1482296400000000000,30.0,Monthly,24.55,24.51,24.56,24.46,24.51,24.51,24.56,24.51,0.0054,0.1421,0.2298
O:XLK170120C00051000,2016-12-21,2017-01-20,XLK,C,25.5,10.0,0.07,0.07,4.04,NO,0.07,0.27,0.07,0.27,0.07,0.07,1.0,1482296400000000000,30.0,Monthly,24.55,24.51,24.56,24.46,24.51,24.51,24.56,24.51,0.0054,0.1297,0.142
O:XLK170120C00053000,2016-12-21,2017-01-20,XLK,C,26.5,1.0,0.02,0.02,8.12,NO,0.02,0.08,0.02,0.08,0.02,0.02,1.0,1482296400000000000,30.0,Monthly,24.55,24.51,24.56,24.46,24.51,24.51,24.56,24.51,0.0054,0.1574,0.0407
O:XLK170120C00035000,2016-12-22,2017-01-20,XLK,C,17.5,3.0,13.86,13.86,-28.45,YES,13.86,79.2,13.86,79.2,13.86,13.86,1.0,1482382800000000000,29.0,Monthly,24.51,24.46,24.52,24.38,24.46,24.46,24.52,24.46,0.0054,4.5733,0.3503
O:XLK170120C00037000,2016-12-22,2017-01-20,XLK,C,18.5,47.0,11.87,11.87,-24.37,YES,11.87,64.16,11.87,64.16,11.87,11.87,3.0,1482382800000000000,29.0,Monthly,24.51,24.46,24.52,24.38,24.46,24.46,24.52,24.46,0.0054,3.7313,0.3975
O:XLK170120C00039000,2016-12-22,2017-01-20,XLK,C,19.5,2.0,9.86,9.86,-20.28,YES,9.86,50.56,9.86,50.56,9.86,9.86,2.0,1482382800000000000,29.0,Monthly,24.51,24.46,24.52,24.38,24.46,24.46,24.52,24.46,0.0054,2.9703,0.4414
O:XLK170120C00040000,2016-12-22,2017-01-20,XLK,C,20.0,23.0,8.85,8.85,-18.23,YES,8.85,44.25,8.85,44.25,8.85,8.85,1.0,1482382800000000000,29.0,Monthly,24.51,24.46,24.52,24.38,24.46,24.46,24.52,24.46,0.0054,2.6144,0.4623
O:XLK170120C00045000,2016-12-22,2017-01-20,XLK,C,22.5,21.0,4.0,3.95,-8.01,YES,3.95,17.56,4.0,17.78,4.0,3.95,3.0,1482382800000000000,29.0,Monthly,24.51,24.46,24.52,24.38,24.46,24.46,24.52,24.46,0.0054,1.0875,0.548
O:XLK170120C00046000,2016-12-22,2017-01-20,XLK,C,23.0,3.0,2.98,3.03,-5.97,YES,3.03,13.17,2.98,12.96,3.03,2.98,2.0,1482382800000000000,29.0,Monthly,24.51,24.46,24.52,24.38,24.46,24.46,24.52,24.46,0.0054,0.8335,0.5582
O:XLK170120C00047000,2016-12-22,2017-01-20,XLK,C,23.5,101.0,2.21,2.04,-3.92,YES,2.04,8.68,2.21,9.4,2.21,2.04,4.0,1482382800000000000,29.0,Monthly,24.51,24.46,24.52,24.38,24.46,24.46,24.52,24.46,0.0054,0.5591,0.5706
O:XLK170120C00048000,2016-12-22,2017-01-20,XLK,C,24.0,8.0,1.35,1.22,-1.88,YES,1.22,5.08,1.35,5.62,1.35,1.22,3.0,1482382800000000000,29.0,Monthly,24.51,24.46,24.52,24.38,24.46,24.46,24.52,24.46,0.0054,0.355,0.5572
O:XLK170120C00048500,2016-12-22,2017-01-20,XLK,C,24.25,6.0,0.91,0.91,-0.86,YES,0.91,3.75,0.91,3.75,0.91,0.91,3.0,1482382800000000000,29.0,Monthly,24.51,24.46,24.52,24.38,24.46,24.46,24.52,24.46,0.0054,0.2904,0.5278
O:XLK170120C00049000,2016-12-22,2017-01-20,XLK,C,24.5,139.0,0.63,0.61,0.16,NO,0.61,2.49,0.63,2.57,0.68,0.6,13.0,1482382800000000000,29.0,Monthly,24.51,24.46,24.52,24.38,24.46,24.46,24.52,24.46,0.0054,0.227,0.4797
O:XLK170120C00049500,2016-12-22,2017-01-20,XLK,C,24.75,14.0,0.43,0.39,1.19,NO,0.39,1.58,0.43,1.74,0.44,0.39,3.0,1482382800000000000,29.0,Monthly,24.51,24.46,24.52,24.38,24.46,24.46,24.52,24.46,0.0054,0.1872,0.4045
O:XLK170120C00050000,2016-12-22,2017-01-20,XLK,C,25.0,447.0,0.25,0.22,2.21,NO,0.22,0.88,0.25,1.0,0.25,0.18,37.0,1482382800000000000,29.0,Monthly,24.51,24.46,24.52,24.38,24.46,24.46,24.52,24.46,0.0054,0.1562,0.3056
O:XLK170120C00050500,2016-12-22,2017-01-20,XLK,C,25.25,238.0,0.13,0.12,3.23,NO,0.12,0.48,0.13,0.51,0.13,0.12,14.0,1482382800000000000,29.0,Monthly,24.51,24.46,24.52,24.38,24.46,24.46,24.52,24.46,0.0054,0.1405,0.2085
O:XLK170120C00051000,2016-12-22,2017-01-20,XLK,C,25.5,213.0,0.08,0.05,4.25,NO,0.05,0.2,0.08,0.31,0.08,0.05,10.0,1482382800000000000,29.0,Monthly,24.51,24.46,24.52,24.38,24.46,24.46,24.52,24.46,0.0054,0.1232,0.1143
O:XLK170120C00057000,2016-12-22,2017-01-20,XLK,C,28.5,2.0,0.02,0.02,16.52,NO,0.02,0.07,0.02,0.07,0.02,0.02,1.0,1482382800000000000,29.0,Monthly,24.51,24.46,24.52,24.38,24.46,24.46,24.52,24.46,0.0054,0.2773,0.0233
O:XLK170120C00042000,2016-12-23,2017-01-20,XLK,C,21.0,17.0,6.89,6.87,-14.23,YES,6.87,32.71,6.89,32.81,6.89,6.87,9.0,1482469200000000000,28.0,Monthly,24.43,24.48,24.49,24.39,24.48,24.48,24.49,24.48,0.0054,1.9915,0.5012
O:XLK170120C00046000,2016-12-23,2017-01-20,XLK,C,23.0,2.0,3.08,3.08,-6.06,YES,3.08,13.39,3.08,13.39,3.08,3.08,1.0,1482469200000000000,28.0,Monthly,24.43,24.48,24.49,24.39,24.48,24.48,24.49,24.48,0.0054,0.8631,0.5569
O:XLK170120C00047000,2016-12-23,2017-01-20,XLK,C,23.5,2.0,2.19,2.05,-4.02,YES,2.05,8.72,2.19,9.32,2.19,2.05,2.0,1482469200000000000,28.0,Monthly,24.43,24.48,24.49,24.39,24.48,24.48,24.49,24.48,0.0054,0.568,0.5729
O:XLK170120C00048000,2016-12-23,2017-01-20,XLK,C,24.0,7.0,1.32,1.21,-1.98,YES,1.21,5.04,1.32,5.5,1.33,1.21,4.0,1482469200000000000,28.0,Monthly,24.43,24.48,24.49,24.39,24.48,24.48,24.49,24.48,0.0054,0.353,0.5627
O:XLK170120C00048500,2016-12-23,2017-01-20,XLK,C,24.25,50.0,0.92,0.92,-0.96,YES,0.92,3.79,0.92,3.79,0.92,0.92,1.0,1482469200000000000,28.0,Monthly,24.43,24.48,24.49,24.39,24.48,24.48,24.49,24.48,0.0054,0.2951,0.5318
O:XLK170120C00049000,2016-12-23,2017-01-20,XLK,C,24.5,10.0,0.62,0.62,0.06,NO,0.62,2.53,0.62,2.53,0.62,0.62,1.0,1482469200000000000,28.0,Monthly,24.43,24.48,24.49,24.39,24.48,24.48,24.49,24.48,0.0054,0.231,0.4847
O:XLK170120C00050000,2016-12-23,2017-01-20,XLK,C,25.0,28.0,0.17,0.2,2.1,NO,0.2,0.8,0.17,0.68,0.21,0.17,3.0,1482469200000000000,28.0,Monthly,24.43,24.48,24.49,24.39,24.48,24.48,24.49,24.48,0.0054,0.1481,0.3005
O:XLK170120C00050500,2016-12-23,2017-01-20,XLK,C,25.25,100.0,0.09,0.09,3.12,NO,0.09,0.36,0.09,0.36,0.09,0.09,7.0,1482469200000000000,28.0,Monthly,24.43,24.48,24.49,24.39,24.48,24.48,24.49,24.48,0.0054,0.1254,0.1848
