Date,Close/Last,Volume,Open,High,Low
01/09/2026,$85.44,15881530,$87.27,$87.28,$84.8838
01/08/2026,$87.59,15499200,$85.76,$88.24,$85.35
01/07/2026,$86.19,25293450,$86.24,$87.74,$85.655
01/06/2026,$85.54,27508700,$81.18,$85.65,$81.09
01/05/2026,$80.74,24036820,$81.61,$82.84,$79.575
01/02/2026,$82.86,13095080,$82.04,$83.66,$81.4697
12/31/2025,$81.71,8428449,$82.00,$82.545,$81.42
12/30/2025,$82.12,9500693,$81.74,$82.50,$81.53
12/29/2025,$81.50,12072640,$80.91,$82.1999,$80.785
12/26/2025,$81.26,6741595,$81.20,$81.50,$80.6801
12/24/2025,$81.15,4310663,$81.01,$81.41,$80.58
12/23/2025,$80.97,10445520,$81.01,$81.42,$80.35
12/22/2025,$81.26,20570440,$81.32,$82.25,$80.90
12/19/2025,$79.31,34353350,$79.77,$79.99,$78.31
12/18/2025,$79.69,18681840,$80.36,$80.71,$79.55
12/17/2025,$79.14,28007490,$80.81,$81.30,$78.78
12/16/2025,$80.92,24465080,$81.745,$82.05,$80.26
12/15/2025,$81.86,32070890,$83.46,$83.62,$81.165
12/12/2025,$85.11,16211630,$85.50,$86.45,$84.5184
12/11/2025,$85.44,23346310,$84.055,$85.745,$83.34
12/10/2025,$84.16,51202040,$88.64,$88.75,$82.72
12/09/2025,$89.07,17117530,$91.81,$92.01,$88.905
12/08/2025,$92.57,12646870,$90.77,$92.78,$90.77
12/05/2025,$91.32,11154580,$90.72,$92.75,$90.46
12/04/2025,$90.99,13145300,$90.18,$91.00,$89.45
12/03/2025,$90.68,21335780,$89.845,$91.38,$88.952
12/02/2025,$87.57,18930360,$86.03,$88.44,$85.63
12/01/2025,$86.57,17517250,$86.99,$87.61,$85.475
11/28/2025,$87.54,9069354,$86.51,$87.62,$86.24
11/26/2025,$85.66,20448730,$84.11,$86.355,$83.65
11/25/2025,$83.69,18482250,$83.80,$84.265,$82.39
11/24/2025,$83.69,24883180,$84.15,$84.52,$83.03
11/21/2025,$83.87,33783120,$83.97,$84.00,$81.51
11/20/2025,$83.36,41734030,$90.20,$90.54,$82.94
11/19/2025,$89.53,18256220,$90.60,$91.08,$88.89
11/18/2025,$90.86,17439410,$92.10,$92.9234,$89.33
11/17/2025,$92.11,16922540,$91.31,$92.58,$90.74
11/14/2025,$91.62,12475610,$90.06,$92.62,$89.62
11/13/2025,$91.78,16367480,$93.70,$94.06,$91.35
11/12/2025,$93.57,16004630,$94.11,$95.18,$92.76
11/11/2025,$93.60,13276270,$93.65,$94.16,$92.97
11/10/2025,$94.10,13310160,$92.99,$94.31,$92.25
11/07/2025,$91.99,16489920,$91.61,$93.17,$90.2976
11/06/2025,$92.12,18316240,$92.00,$92.77,$90.82
11/05/2025,$92.75,20150830,$95.01,$95.44,$92.52
11/04/2025,$94.67,48787310,$91.97,$95.03,$90.08
11/03/2025,$99.72,28836490,$97.66,$100.35,$96.78
10/31/2025,$96.50,15333420,$97.46,$98.45,$96.15
10/30/2025,$96.49,13556600,$95.41,$97.62,$94.56
10/29/2025,$95.76,14532900,$96.24,$96.89,$94.53
10/28/2025,$95.43,17138330,$96.77,$97.73,$95.41
10/27/2025,$96.42,11748270,$94.91,$96.66,$94.53
10/24/2025,$94.07,12014560,$95.15,$95.26,$93.9001
10/23/2025,$94.61,17121600,$92.50,$95.70,$92.40
10/22/2025,$92.21,11351430,$92.77,$93.415,$91.421
10/21/2025,$93.03,10503270,$93.59,$94.55,$92.97
10/20/2025,$93.70,11274930,$93.00,$94.50,$92.85
10/17/2025,$92.30,14282110,$92.00,$92.83,$91.46
10/16/2025,$92.52,17214830,$94.44,$95.46,$91.18
10/15/2025,$94.52,14347100,$95.86,$96.99,$93.79
10/14/2025,$94.25,11177980,$93.78,$95.18,$92.46
10/13/2025,$94.08,11031440,$95.00,$95.2499,$93.43
10/10/2025,$93.40,17021110,$96.30,$96.45,$93.33
10/09/2025,$96.00,13435670,$99.965,$100.17,$95.83
10/08/2025,$99.28,10071240,$97.94,$99.61,$97.20
10/07/2025,$97.80,12583610,$100.13,$100.69,$97.00
10/06/2025,$100.10,22760920,$96.96,$101.295,$96.89
10/03/2025,$96.60,10556420,$96.95,$98.30,$96.46
10/02/2025,$96.61,16046350,$97.08,$97.21,$94.76
10/01/2025,$96.61,16608460,$97.475,$99.085,$96.57
09/30/2025,$97.97,16793410,$99.59,$99.75,$96.65
09/29/2025,$99.57,16320890,$99.32,$100.26,$98.585
09/26/2025,$98.45,10356140,$97.795,$98.5298,$97.03
09/25/2025,$97.60,11255800,$97.30,$97.87,$95.90
09/24/2025,$97.78,12523370,$98.89,$99.86,$96.93
09/23/2025,$97.80,15101140,$99.86,$100.18,$97.645
09/22/2025,$99.39,29820120,$99.00,$101.99,$98.50
09/19/2025,$98.51,38734980,$95.00,$98.83,$94.90
09/18/2025,$94.70,23075220,$93.93,$95.05,$93.21
09/17/2025,$92.95,44093980,$96.07,$97.24,$92.12
09/16/2025,$97.83,17257930,$99.42,$99.70,$97.02
09/15/2025,$98.85,18652430,$95.80,$98.86,$95.52
09/12/2025,$95.89,13659230,$94.49,$96.27,$93.71
09/11/2025,$94.68,16190070,$94.55,$96.32,$94.00
09/10/2025,$94.21,15944170,$95.51,$96.0997,$93.71
09/09/2025,$95.45,11850200,$94.50,$95.48,$92.77
09/08/2025,$94.36,18906550,$91.38,$94.56,$91.38
09/05/2025,$90.99,20384530,$92.53,$92.53,$88.84
09/04/2025,$91.98,15960140,$93.11,$93.125,$90.93
09/03/2025,$92.94,12052160,$92.75,$94.765,$92.18
09/02/2025,$92.81,12883300,$92.26,$93.537,$91.92
08/29/2025,$93.75,19309970,$95.995,$96.15,$91.61
08/28/2025,$95.96,12024310,$96.025,$96.11,$94.08
08/27/2025,$95.33,11364310,$96.50,$96.95,$95.33
08/26/2025,$96.53,17163370,$94.88,$96.82,$94.36
08/25/2025,$95.16,10938120,$95.66,$97.50,$95.125
08/22/2025,$96.79,15584860,$94.46,$97.54,$94.29
08/21/2025,$94.23,12864140,$93.62,$95.00,$92.81
08/20/2025,$93.73,15194790,$94.83,$94.96,$91.44
08/19/2025,$95.32,21177260,$94.00,$96.595,$93.85
08/18/2025,$93.98,16471270,$92.22,$94.40,$91.89
08/15/2025,$92.60,15841810,$91.65,$93.90,$90.86
08/14/2025,$91.40,14525100,$90.35,$92.32,$90.105
08/13/2025,$90.83,16867320,$92.05,$92.20,$89.91
08/12/2025,$91.73,12530490,$91.19,$92.555,$91.14
08/11/2025,$90.58,16668940,$89.81,$91.43,$88.92
08/08/2025,$89.56,26212490,$92.96,$94.31,$88.91
08/07/2025,$92.67,28522250,$90.72,$92.74,$89.16
08/06/2025,$89.22,40169820,$90.95,$90.96,$86.30
08/05/2025,$89.39,25855950,$89.37,$90.955,$89.05
08/04/2025,$88.43,15138880,$87.70,$88.59,$87.41
08/01/2025,$86.91,15732460,$86.505,$87.055,$85.42
07/31/2025,$87.75,16922440,$87.525,$88.84,$86.61
07/30/2025,$87.64,16862770,$87.24,$87.805,$86.475
07/29/2025,$87.11,24966230,$88.885,$89.16,$86.36
07/28/2025,$90.60,11606050,$91.31,$92.35,$90.24
07/25/2025,$91.29,13864110,$90.49,$91.38,$89.50
07/24/2025,$90.87,23446210,$91.05,$93.61,$90.87
07/23/2025,$89.94,18617930,$92.70,$92.70,$89.865
07/22/2025,$91.79,11561750,$91.48,$92.26,$89.88
07/21/2025,$91.16,12150600,$90.85,$91.93,$90.5296
07/18/2025,$90.59,14223530,$90.80,$91.17,$89.405
07/17/2025,$90.50,16903580,$91.205,$91.40,$89.90
07/16/2025,$90.75,17646530,$92.65,$92.75,$89.81
07/15/2025,$92.21,18488380,$95.00,$95.16,$91.85
07/14/2025,$93.89,14300220,$95.19,$95.48,$93.56
07/11/2025,$95.39,12453520,$96.125,$96.835,$95.27
07/10/2025,$96.40,15650890,$96.07,$97.45,$95.12
07/09/2025,$96.64,14858920,$97.50,$97.715,$96.10
07/08/2025,$97.48,20586820,$96.89,$97.60,$95.11
07/07/2025,$96.68,29817170,$93.54,$97.12,$93.54
07/03/2025,$93.63,8112562,$92.63,$94.11,$92.61
07/02/2025,$92.05,13603970,$91.88,$94.10,$91.55
07/01/2025,$92.13,17124010,$92.85,$93.24,$90.31
06/30/2025,$93.30,16155270,$91.685,$93.385,$91.52
06/27/2025,$91.53,24731170,$92.10,$92.51,$89.97
06/26/2025,$93.12,23657770,$91.30,$94.38,$90.88
06/25/2025,$90.90,17400840,$91.565,$92.89,$90.60
06/24/2025,$91.65,38925080,$87.99,$92.48,$87.91
06/23/2025,$85.24,18407480,$83.03,$85.245,$82.47
06/20/2025,$83.78,27472090,$84.47,$85.37,$83.6201
06/18/2025,$83.44,25976730,$85.17,$86.48,$82.31
06/17/2025,$84.76,13677830,$84.57,$85.4798,$84.24
06/16/2025,$85.12,12254180,$84.85,$86.02,$84.71
06/13/2025,$83.93,18003030,$84.81,$85.57,$83.375
06/12/2025,$85.62,18776060,$86.11,$86.79,$84.87
06/11/2025,$86.58,15364230,$87.59,$87.60,$85.94
06/10/2025,$86.39,24494760,$88.29,$88.38,$85.60
06/09/2025,$87.12,22780750,$86.32,$87.86,$86.20
06/06/2025,$85.60,28172650,$85.40,$86.69,$85.03
06/05/2025,$84.67,33343310,$83.40,$85.75,$83.08
06/04/2025,$83.45,20080520,$83.19,$84.71,$82.99
06/03/2025,$82.53,25668360,$83.575,$83.79,$81.86
06/02/2025,$83.64,17047040,$84.48,$84.76,$82.64
05/30/2025,$84.16,29050880,$84.53,$84.65,$82.54
05/29/2025,$84.30,38152040,$87.58,$87.87,$82.96
05/28/2025,$88.26,13810320,$89.29,$89.88,$88.12
05/27/2025,$89.00,17446940,$89.17,$89.715,$87.89
05/23/2025,$87.75,17929660,$87.205,$88.49,$86.70
05/22/2025,$88.00,16496000,$88.45,$89.26,$87.88
05/21/2025,$88.67,25035130,$90.64,$91.04,$88.00
05/20/2025,$91.87,20851290,$93.35,$93.60,$90.61
05/19/2025,$92.46,19252130,$90.88,$92.545,$90.56
05/16/2025,$91.79,21909600,$90.55,$92.90,$89.71
05/15/2025,$90.16,20481630,$89.66,$91.1134,$89.2424
05/14/2025,$90.41,30640120,$90.58,$91.65,$89.68
05/13/2025,$91.72,36770810,$87.41,$92.17,$86.93
05/12/2025,$88.10,39104620,$84.615,$88.31,$82.22
05/09/2025,$82.81,19105420,$82.85,$84.1223,$82.32
05/08/2025,$82.30,24293150,$83.87,$84.00,$82.00
05/07/2025,$83.65,49263150,$83.13,$85.17,$80.12
05/06/2025,$85.83,30378860,$83.50,$86.53,$83.1007
05/05/2025,$85.43,25339030,$83.05,$86.57,$82.97
05/02/2025,$84.28,22401820,$82.09,$84.92,$81.80
05/01/2025,$80.89,18698480,$81.00,$81.92,$80.67
04/30/2025,$81.01,17762850,$77.77,$81.2191,$77.30
04/29/2025,$79.42,12172240,$78.33,$79.73,$78.03
04/28/2025,$78.33,13324220,$78.105,$78.78,$77.04
04/25/2025,$77.75,20047760,$78.565,$80.5515,$77.47
04/24/2025,$78.10,22188510,$74.155,$78.38,$73.86
04/23/2025,$73.77,22750160,$76.925,$77.58,$73.23
04/22/2025,$74.44,16599290,$73.85,$75.56,$73.35
04/21/2025,$72.92,20634640,$74.44,$75.44,$71.2709
04/17/2025,$75.24,21893390,$73.98,$75.91,$73.76
04/16/2025,$73.06,15990830,$73.575,$74.80,$72.0518
04/15/2025,$74.02,13790150,$73.10,$74.72,$73.10
04/14/2025,$73.10,12483180,$73.52,$73.65,$72.23
04/11/2025,$72.28,16274570,$70.46,$72.40,$69.33
04/10/2025,$70.94,22373900,$71.75,$72.87,$68.34
04/09/2025,$72.68,30148810,$65.00,$73.40,$64.95
04/08/2025,$65.07,24045230,$69.31,$70.07,$63.50
04/07/2025,$65.64,32841700,$62.52,$67.5871,$60.63
04/04/2025,$64.62,34938670,$66.695,$67.5594,$63.94
04/03/2025,$69.85,23290800,$71.72,$72.436,$69.7665
04/02/2025,$74.50,14806850,$72.00,$75.41,$72.00
04/01/2025,$72.99,16889180,$72.60,$73.07,$70.83
03/31/2025,$72.86,16033070,$71.40,$73.30,$70.50
03/28/2025,$72.75,11277870,$74.50,$74.92,$72.381
03/27/2025,$74.86,11866810,$73.895,$75.62,$73.53
03/26/2025,$74.18,11845810,$75.55,$75.64,$73.225
03/25/2025,$75.61,16065880,$76.60,$76.71,$75.05
03/24/2025,$76.51,18126300,$76.97,$77.5842,$75.44
03/21/2025,$75.84,26551400,$73.72,$76.00,$72.77
03/20/2025,$74.35,17851350,$72.56,$75.54,$72.46
03/19/2025,$73.02,15042060,$71.92,$73.785,$70.73
03/18/2025,$71.55,16137510,$72.20,$72.675,$70.4802
03/17/2025,$72.73,20577770,$72.02,$73.81,$71.775
03/14/2025,$71.55,13537280,$70.55,$71.7899,$70.33
03/13/2025,$69.51,15272230,$71.68,$72.00,$69.36
03/12/2025,$71.20,17315030,$72.31,$72.42,$69.55
03/11/2025,$70.65,26668190,$71.44,$74.25,$69.57
03/10/2025,$73.06,22120090,$74.94,$75.49,$71.97
03/07/2025,$76.27,18610390,$73.99,$76.6996,$73.78
03/06/2025,$74.96,16504910,$75.315,$77.22,$74.7254
03/05/2025,$76.48,13122290,$75.65,$76.94,$74.93
03/04/2025,$75.26,24241230,$72.93,$76.68,$71.60
03/03/2025,$74.44,16999500,$77.06,$77.74,$73.68
02/28/2025,$76.01,17752020,$74.28,$76.11,$73.58
02/27/2025,$74.21,22535940,$75.95,$77.69,$73.71
02/26/2025,$75.87,10338710,$75.33,$76.49,$75.3101
02/25/2025,$74.95,19559250,$76.36,$76.37,$73.53
02/24/2025,$76.42,24368390,$78.65,$78.88,$74.85
02/21/2025,$78.89,21774330,$81.26,$82.10,$78.36
02/20/2025,$81.26,14770270,$81.23,$81.84,$80.06
02/19/2025,$81.16,14973430,$80.79,$81.90,$79.26
02/18/2025,$81.49,18943230,$79.85,$81.51,$79.75
02/14/2025,$79.42,15405690,$80.35,$80.35,$78.87
02/13/2025,$80.29,21754710,$79.12,$80.53,$78.51
02/12/2025,$79.35,33142370,$74.97,$80.10,$74.15
02/11/2025,$76.95,27329560,$78.91,$79.20,$76.60
02/10/2025,$78.63,42551670,$77.10,$78.99,$76.80
02/07/2025,$74.60,81813180,$70.36,$76.775,$70.13
02/06/2025,$69.99,45940240,$65.67,$70.05,$65.54
02/05/2025,$64.48,78975880,$66.50,$66.75,$63.50
02/04/2025,$69.75,33786240,$67.69,$70.19,$67.69
02/03/2025,$67.29,25290050,$65.30,$68.85,$65.1781
01/31/2025,$66.85,19805630,$67.09,$67.87,$66.3327
01/30/2025,$66.59,33246500,$63.42,$67.222,$63.42
01/29/2025,$66.75,29592590,$67.80,$68.06,$65.82
01/28/2025,$68.07,24988460,$68.33,$69.6752,$67.1624
01/27/2025,$68.77,20904640,$67.64,$69.41,$67.37
01/24/2025,$68.56,14360350,$68.69,$69.31,$68.40
01/23/2025,$68.30,15355440,$67.60,$68.37,$67.24
01/22/2025,$67.82,18130030,$68.39,$68.43,$67.50
01/21/2025,$67.74,21423620,$68.00,$68.18,$66.85
01/17/2025,$67.34,27139150,$68.80,$69.02,$67.23
01/16/2025,$68.58,29013140,$67.75,$69.58,$67.64
01/15/2025,$67.02,22704830,$66.01,$67.245,$66.01
01/14/2025,$64.84,25735750,$66.16,$66.81,$64.62
01/13/2025,$65.70,23960110,$65.155,$67.195,$65.02
01/10/2025,$65.97,30728850,$64.50,$66.60,$63.96
01/08/2025,$64.91,24523300,$66.40,$66.68,$64.12
01/07/2025,$66.15,35347780,$68.49,$68.84,$65.95
01/06/2025,$66.31,32980650,$66.97,$67.35,$66.04
01/03/2025,$64.59,28553830,$63.69,$65.22,$63.44
01/02/2025,$63.17,25899070,$62.19,$63.39,$61.31
12/31/2024,$60.32,14487280,$61.00,$61.10,$60.17
12/30/2024,$60.77,17709220,$60.51,$61.37,$60.12
12/27/2024,$61.13,13483560,$61.186,$61.26,$60.02
12/26/2024,$61.56,12683900,$61.60,$61.97,$61.16
12/24/2024,$61.71,7882461,$61.97,$61.98,$60.88
12/23/2024,$61.87,16093550,$60.88,$62.22,$60.76
12/20/2024,$60.73,26377670,$60.085,$61.39,$59.7503
12/19/2024,$60.21,27811410,$61.85,$62.31,$59.98
12/18/2024,$61.23,46736710,$61.39,$63.94,$60.85
12/17/2024,$61.03,35025490,$59.42,$61.04,$59.33
12/16/2024,$60.25,38612400,$60.31,$61.30,$60.12
12/13/2024,$59.93,47325350,$61.86,$62.26,$59.74
12/12/2024,$61.41,45673210,$63.165,$63.54,$61.25
12/11/2024,$61.18,71089520,$64.50,$64.695,$60.23
12/10/2024,$64.96,23672870,$65.67,$65.76,$64.64
12/09/2024,$65.74,27602900,$65.50,$66.17,$65.06
12/06/2024,$66.09,36413160,$66.45,$67.10,$65.20
12/05/2024,$65.23,77320420,$71.93,$72.03,$64.28
12/04/2024,$72.16,17263130,$71.40,$72.40,$70.65
12/03/2024,$71.27,12760490,$73.06,$73.25,$71.2499
12/02/2024,$73.07,11574640,$71.93,$73.44,$71.47
11/29/2024,$71.96,7348658,$71.70,$72.44,$71.52
11/27/2024,$71.62,12967790,$72.06,$72.70,$71.01
11/26/2024,$71.56,13704900,$73.49,$73.50,$71.34
11/25/2024,$73.42,17446560,$72.60,$73.55,$71.83
11/22/2024,$71.51,14874060,$70.00,$71.54,$69.35
11/21/2024,$69.64,25657710,$70.25,$70.87,$68.80
11/20/2024,$69.60,16656550,$69.29,$70.33,$68.95
11/19/2024,$69.13,22289100,$68.51,$69.60,$68.20
11/18/2024,$69.33,45238310,$72.04,$72.04,$67.80
11/15/2024,$73.25,23980920,$72.10,$73.63,$71.76
11/14/2024,$71.44,17372180,$71.16,$72.75,$70.76
11/13/2024,$71.16,15006010,$71.53,$72.08,$70.55
11/12/2024,$71.37,19439710,$71.97,$72.68,$71.20
11/11/2024,$71.65,22682170,$72.65,$73.00,$71.34
11/08/2024,$72.04,20152600,$73.44,$73.56,$71.555
11/07/2024,$73.13,24305900,$76.10,$76.40,$72.74
11/06/2024,$74.36,26410660,$73.455,$74.62,$70.7412
11/05/2024,$74.15,12274570,$73.55,$74.34,$73.24
11/04/2024,$73.25,14949150,$72.75,$74.22,$72.66
11/01/2024,$73.25,33542200,$73.94,$74.15,$72.25
10/31/2024,$72.05,64047080,$74.50,$74.99,$69.87
10/30/2024,$79.43,14997690,$79.23,$80.075,$78.8201
10/29/2024,$79.21,14469580,$77.85,$79.99,$77.77
10/28/2024,$77.69,9311857,$78.20,$78.38,$77.47
10/25/2024,$77.62,11727420,$78.26,$78.84,$76.96
10/24/2024,$78.38,15220860,$78.005,$78.60,$77.14
10/23/2024,$79.83,8689871,$80.055,$80.32,$79.36
10/22/2024,$80.41,10754050,$80.47,$81.25,$79.98
10/21/2024,$80.46,11238730,$79.94,$80.57,$79.55
10/18/2024,$79.16,14186720,$80.53,$80.55,$78.80
10/17/2024,$79.90,27373200,$79.92,$80.88,$79.41
10/16/2024,$81.90,12398520,$82.93,$83.48,$81.62
10/15/2024,$83.20,14858460,$84.77,$84.77,$82.65
10/14/2024,$84.94,14752430,$85.64,$86.18,$84.18
10/11/2024,$86.34,57290480,$82.00,$87.00,$81.86
10/10/2024,$77.92,15033630,$77.65,$78.24,$76.90
10/09/2024,$77.87,17251050,$76.00,$77.96,$75.955
10/08/2024,$76.17,17800250,$75.25,$77.02,$75.06
10/07/2024,$74.59,15328810,$74.255,$75.74,$73.73
10/04/2024,$74.28,10757710,$74.11,$74.32,$73.22
10/03/2024,$72.94,11096330,$72.56,$73.21,$71.90
10/02/2024,$72.87,11323370,$74.09,$74.31,$72.79
10/01/2024,$74.24,8980535,$75.77,$75.77,$73.84
09/30/2024,$75.16,12993590,$75.32,$75.72,$74.255
09/27/2024,$75.75,7580133,$77.03,$77.08,$75.70
09/26/2024,$76.69,14788550,$78.36,$78.45,$75.13
09/25/2024,$77.14,12552600,$77.51,$78.28,$77.08
09/24/2024,$77.44,16099210,$76.00,$77.51,$75.97
09/23/2024,$74.71,8285323,$75.11,$75.27,$73.78
09/20/2024,$73.94,17472690,$74.82,$75.05,$73.4511
09/19/2024,$75.28,17698450,$74.98,$76.46,$74.56
09/18/2024,$73.50,11720930,$72.77,$74.74,$72.192
09/17/2024,$72.78,14639820,$71.97,$73.73,$71.31
09/16/2024,$71.52,12016670,$72.36,$72.50,$71.04
09/13/2024,$72.48,30376490,$72.40,$72.755,$70.94
09/12/2024,$68.09,16381660,$70.06,$70.49,$67.85
09/11/2024,$70.11,14671860,$68.83,$70.22,$67.12
09/10/2024,$68.99,20227240,$70.00,$70.46,$67.64
09/09/2024,$69.80,8804605,$70.95,$71.19,$69.6325
09/06/2024,$69.58,11449830,$71.13,$72.02,$68.729
09/05/2024,$71.25,8890860,$71.08,$72.62,$70.92
09/04/2024,$71.56,7995815,$71.52,$72.69,$71.30
09/03/2024,$71.89,13053340,$72.57,$73.61,$71.21
08/30/2024,$73.13,12676940,$72.89,$73.4194,$72.06
08/29/2024,$72.24,9300785,$72.50,$73.28,$72.13
08/28/2024,$71.85,9529378,$72.50,$72.55,$71.02
08/27/2024,$72.56,7294117,$72.49,$73.09,$71.80
08/26/2024,$72.61,10999940,$74.30,$74.30,$72.11
08/23/2024,$74.30,13065550,$72.85,$74.455,$72.35
08/22/2024,$73.31,9571940,$73.55,$74.12,$72.67
08/21/2024,$73.48,9290198,$73.72,$74.29,$73.06
08/20/2024,$73.31,10246490,$74.27,$74.48,$73.28
08/19/2024,$74.18,13821270,$72.00,$74.22,$71.795
08/16/2024,$72.04,11548280,$72.50,$73.35,$71.755
08/15/2024,$72.73,13711340,$72.51,$73.42,$72.29
08/14/2024,$71.93,12336960,$71.60,$72.00,$70.61
08/13/2024,$71.06,15472550,$69.77,$71.19,$69.38
08/12/2024,$69.26,10826110,$68.61,$69.31,$68.02
08/09/2024,$68.54,12770320,$69.14,$69.38,$67.75
08/08/2024,$69.01,21779120,$66.525,$69.165,$65.95
08/07/2024,$65.54,31493570,$65.56,$68.40,$65.49
08/06/2024,$64.87,53336870,$62.55,$65.82,$60.50
08/05/2024,$58.48,32063690,$55.53,$58.65,$54.84
08/02/2024,$58.99,27654560,$59.38,$59.58,$56.86
08/01/2024,$61.02,18967940,$64.86,$65.00,$60.76
07/31/2024,$64.47,18209680,$63.88,$65.182,$63.66
07/30/2024,$63.09,16506190,$64.15,$64.77,$62.61
07/29/2024,$63.76,16907000,$64.835,$65.2554,$63.72
07/26/2024,$64.40,17379450,$66.10,$66.26,$64.18
07/25/2024,$65.74,22596920,$66.00,$69.37,$64.40
07/24/2024,$66.14,15187120,$67.27,$67.79,$65.78
07/23/2024,$67.52,9539770,$68.05,$69.10,$67.28
07/22/2024,$67.73,13407990,$67.53,$68.78,$67.085
07/19/2024,$67.31,12809590,$66.78,$67.44,$66.10
07/18/2024,$66.26,21988920,$69.00,$69.3413,$65.81
07/17/2024,$68.62,27884450,$73.38,$73.41,$68.555
07/16/2024,$74.30,17529000,$73.11,$75.40,$73.11
07/15/2024,$72.29,13472570,$73.06,$73.25,$70.7605
07/12/2024,$72.43,14683660,$72.11,$73.80,$72.11
07/11/2024,$73.53,26702460,$69.51,$73.645,$68.85
07/10/2024,$69.27,14638750,$71.50,$71.50,$68.38
07/09/2024,$71.32,8759653,$71.40,$72.28,$71.13
07/08/2024,$71.25,7231051,$71.31,$71.78,$70.75
07/05/2024,$71.06,6599189,$70.99,$71.4177,$70.385
07/03/2024,$71.30,7869781,$70.66,$72.14,$70.50
07/02/2024,$70.67,14318950,$71.25,$71.26,$68.88
07/01/2024,$71.10,13438730,$72.20,$72.58,$69.40
06/28/2024,$72.68,21375880,$70.81,$73.26,$70.77
06/27/2024,$70.34,9650481,$70.98,$71.32,$70.07
06/26/2024,$70.85,10232570,$70.94,$71.60,$70.55
06/25/2024,$71.38,18911560,$71.86,$72.94,$70.22
06/24/2024,$70.54,12479280,$69.83,$71.23,$69.75
06/21/2024,$70.21,20913320,$70.04,$70.25,$69.23
06/20/2024,$70.30,10662400,$70.51,$71.12,$69.73
06/18/2024,$70.33,9511579,$70.60,$71.21,$69.89
06/17/2024,$70.49,14760480,$69.91,$70.83,$69.83
06/14/2024,$70.06,11601130,$70.91,$71.00,$69.32
06/13/2024,$70.86,17109440,$73.16,$73.16,$70.24
06/12/2024,$73.15,24435500,$71.31,$73.60,$71.00
06/11/2024,$69.59,12741160,$68.60,$69.60,$67.76
06/10/2024,$68.60,19168880,$69.28,$69.6913,$66.56
06/07/2024,$69.31,13932600,$68.90,$69.71,$68.11
06/06/2024,$68.90,25871480,$67.45,$69.69,$67.33
06/05/2024,$65.82,19513510,$64.94,$66.28,$64.21
06/04/2024,$64.55,12689230,$64.06,$65.19,$63.70
06/03/2024,$63.79,14922210,$64.78,$64.96,$62.935
05/31/2024,$64.56,17322450,$64.20,$64.63,$63.14
05/30/2024,$64.12,12692550,$64.79,$65.41,$63.72
05/29/2024,$64.93,16987910,$63.01,$65.365,$62.91
05/28/2024,$63.52,14213350,$64.61,$64.61,$63.10
05/24/2024,$64.26,10385890,$63.78,$64.76,$63.62
05/23/2024,$63.60,20114980,$65.56,$65.80,$63.25
05/22/2024,$65.48,22562070,$64.82,$66.09,$64.52
05/21/2024,$63.97,16592550,$64.13,$64.65,$63.81
05/20/2024,$64.65,15864430,$65.64,$65.87,$64.305
05/17/2024,$65.67,15703320,$66.50,$66.64,$65.52
05/16/2024,$66.05,19923460,$66.97,$67.33,$66.00
05/15/2024,$66.62,16308710,$66.00,$66.66,$65.22
05/14/2024,$65.32,19462280,$65.85,$66.10,$64.75
05/13/2024,$66.02,18983130,$67.00,$67.0637,$64.72
05/10/2024,$66.99,18924390,$67.82,$67.90,$66.40
05/09/2024,$67.93,27965540,$66.81,$68.57,$66.75
05/08/2024,$66.40,84219970,$64.50,$67.20,$63.8353
05/07/2024,$70.43,24427250,$72.64,$72.64,$69.80
05/06/2024,$71.51,25001920,$71.00,$73.82,$70.832
05/03/2024,$69.23,15557670,$69.845,$70.3386,$69.03
05/02/2024,$68.57,18229310,$68.40,$69.036,$67.625
05/01/2024,$67.79,21276160,$66.04,$69.41,$65.86
04/30/2024,$66.27,22707280,$67.225,$68.5991,$66.07
04/29/2024,$67.40,21143370,$68.50,$68.66,$67.20
04/26/2024,$69.05,16187640,$69.975,$70.15,$68.70
04/25/2024,$69.31,20545160,$67.86,$70.29,$67.38
04/24/2024,$69.36,27515600,$70.15,$70.22,$67.365
04/23/2024,$70.80,16814210,$70.02,$71.14,$69.62
04/22/2024,$68.98,26804900,$70.48,$70.89,$68.48
04/19/2024,$69.20,23185970,$71.15,$71.15,$68.38
04/18/2024,$71.30,20425970,$72.26,$72.855,$70.64
04/17/2024,$71.94,15363130,$75.00,$75.615,$71.04
04/16/2024,$74.13,14513120,$73.39,$74.70,$72.70
04/15/2024,$73.40,16093430,$76.38,$76.68,$72.88
04/12/2024,$75.28,11590770,$75.05,$75.82,$74.49
04/11/2024,$76.18,13653570,$74.80,$76.56,$74.705
04/10/2024,$74.35,12533910,$74.40,$75.305,$73.535
04/09/2024,$75.14,13766820,$74.77,$75.50,$73.33
04/08/2024,$75.03,22867560,$76.70,$76.86,$73.95
04/05/2024,$77.16,21572030,$75.34,$78.395,$74.92
04/04/2024,$74.92,17191330,$77.24,$77.67,$74.48
04/03/2024,$76.81,19883080,$76.84,$78.85,$76.54
04/02/2024,$76.98,15838770,$75.66,$77.33,$74.97
04/01/2024,$76.40,12201770,$77.00,$77.78,$76.00
03/28/2024,$76.99,13421920,$77.90,$78.05,$76.895
03/27/2024,$78.11,13156950,$78.96,$79.00,$76.85
03/26/2024,$77.91,12438290,$79.80,$80.18,$77.78
03/25/2024,$79.41,10254260,$79.99,$81.04,$79.39
03/22/2024,$80.23,8872408,$79.80,$80.45,$79.20
03/21/2024,$80.25,16191090,$79.60,$81.23,$79.09
03/20/2024,$78.64,11490380,$77.09,$78.95,$76.75
03/19/2024,$77.08,13035190,$75.38,$77.18,$74.19
03/18/2024,$75.70,18936710,$77.00,$77.00,$73.66
03/15/2024,$76.07,24554950,$77.00,$77.84,$75.77
03/14/2024,$77.65,12737230,$78.34,$78.48,$76.90
03/13/2024,$78.25,12065100,$78.00,$79.6911,$77.93
03/12/2024,$78.32,11303820,$78.01,$78.48,$77.48
03/11/2024,$77.47,13781390,$78.70,$78.89,$76.53
03/08/2024,$78.70,16414860,$79.94,$81.98,$78.2101
03/07/2024,$79.41,13873310,$79.40,$80.075,$78.26
03/06/2024,$78.64,13734710,$80.17,$80.99,$78.53
03/05/2024,$79.09,19761580,$80.83,$80.85,$77.43
03/04/2024,$81.30,15989180,$81.94,$82.14,$80.79
03/01/2024,$81.03,18528750,$79.50,$81.47,$79.32
02/29/2024,$79.50,19405550,$78.35,$79.68,$77.93
02/28/2024,$77.73,11853130,$78.60,$78.66,$77.42
02/27/2024,$78.75,13707350,$78.64,$79.75,$77.8133
02/26/2024,$78.36,16617290,$78.28,$78.50,$77.30
02/23/2024,$78.20,15648830,$78.50,$78.97,$77.72
02/22/2024,$78.03,16766440,$79.59,$79.72,$77.51
02/21/2024,$76.44,15102050,$76.32,$77.49,$75.875
02/20/2024,$76.60,23816360,$78.23,$78.42,$75.82
02/16/2024,$78.41,24457480,$80.55,$80.88,$78.11
02/15/2024,$81.39,40330150,$79.00,$81.865,$78.28
02/14/2024,$79.15,69846650,$74.60,$79.20,$74.31
02/13/2024,$68.99,22857140,$67.895,$69.55,$66.71
02/12/2024,$69.12,19554940,$71.00,$71.38,$68.735
02/09/2024,$70.91,20858740,$71.43,$72.04,$69.69
02/08/2024,$71.61,21618180,$71.93,$73.05,$71.195
02/07/2024,$70.65,43366950,$67.595,$71.90,$67.24
02/06/2024,$70.47,34596120,$69.06,$70.68,$68.44
02/05/2024,$68.99,26079530,$68.24,$69.99,$67.855
02/02/2024,$68.07,18671770,$66.98,$68.25,$66.51
02/01/2024,$66.73,12504230,$66.12,$66.85,$65.59
01/31/2024,$65.27,17026410,$65.70,$66.25,$64.845
01/30/2024,$66.84,17562150,$66.90,$67.69,$66.22
01/29/2024,$66.98,15902040,$65.60,$67.10,$65.56
01/26/2024,$65.52,13099620,$65.65,$66.045,$65.29
01/25/2024,$66.00,21962970,$64.28,$66.03,$63.71
01/24/2024,$63.76,17238150,$64.00,$64.3975,$63.22
01/23/2024,$64.32,13619610,$64.50,$64.81,$63.69
01/22/2024,$64.55,17851720,$65.44,$65.61,$64.15
01/19/2024,$65.11,20339430,$64.90,$65.385,$64.41
01/18/2024,$64.88,24149940,$64.00,$65.00,$63.385
01/17/2024,$63.12,19971590,$62.95,$63.42,$61.68
01/16/2024,$63.65,19511780,$63.00,$64.00,$62.92
01/12/2024,$63.20,26374740,$63.20,$64.92,$63.00
01/11/2024,$63.47,28888930,$62.99,$63.61,$61.86
01/10/2024,$62.41,30788930,$60.28,$62.61,$60.28
01/09/2024,$60.30,22319850,$58.50,$60.54,$58.45
01/08/2024,$59.01,21213040,$58.09,$59.16,$57.85
01/05/2024,$57.58,17886260,$58.11,$58.51,$57.22
01/04/2024,$57.80,20370660,$58.25,$58.985,$57.73
01/03/2024,$58.25,31800560,$57.48,$58.895,$57.33
01/02/2024,$58.38,41978580,$60.73,$60.91,$57.93
12/29/2023,$61.57,21615420,$62.36,$63.14,$61.30
12/28/2023,$63.14,13795600,$63.45,$63.53,$62.835
12/27/2023,$63.28,20805950,$62.00,$63.43,$62.00
12/26/2023,$61.98,16077190,$61.71,$62.20,$61.3136
12/22/2023,$61.71,14715610,$61.70,$62.235,$61.28
12/21/2023,$61.46,19999590,$61.24,$61.76,$60.825
12/20/2023,$60.68,28286060,$61.49,$62.28,$60.62
12/19/2023,$62.12,26813800,$61.88,$62.70,$61.69
12/18/2023,$61.73,28614030,$62.01,$62.49,$61.33
12/15/2023,$61.86,364261200,$62.16,$63.53,$61.41
12/14/2023,$62.50,44818140,$62.01,$62.81,$60.61
12/13/2023,$61.97,41661680,$62.71,$62.88,$61.45
12/12/2023,$62.72,27144310,$62.065,$63.025,$61.8301
12/11/2023,$62.46,30389680,$61.53,$62.99,$60.94
12/08/2023,$61.70,28852120,$60.51,$62.25,$60.51
12/07/2023,$60.98,34410190,$59.67,$60.995,$59.525
12/06/2023,$59.75,33834960,$58.37,$59.98,$58.36
12/05/2023,$57.97,39170600,$58.01,$58.66,$57.7006
12/04/2023,$58.63,85417310,$60.01,$60.92,$58.57
12/01/2023,$57.35,28539900,$56.67,$57.865,$56.25
11/30/2023,$56.38,32769810,$56.61,$56.77,$55.53
11/29/2023,$56.40,23496210,$56.49,$57.13,$56.145
11/28/2023,$56.21,20457500,$55.98,$56.45,$55.69
11/27/2023,$56.06,19101870,$55.47,$56.455,$55.29
11/24/2023,$55.32,10696820,$55.15,$55.9363,$55.07
11/22/2023,$55.37,18467670,$55.10,$55.82,$54.96
11/21/2023,$54.85,34115510,$54.23,$55.08,$53.89
11/20/2023,$54.75,28529190,$53.83,$55.355,$53.76
11/17/2023,$54.44,16122440,$54.13,$54.51,$54.01
11/16/2023,$54.42,20810850,$53.50,$54.51,$53.15
11/15/2023,$53.76,22419700,$53.92,$54.26,$53.16
11/14/2023,$53.88,30621860,$52.90,$54.31,$52.39
11/13/2023,$52.24,21026870,$51.17,$52.42,$50.72
11/10/2023,$51.58,27238620,$50.01,$52.10,$49.90
11/09/2023,$50.05,29962340,$49.30,$50.68,$49.02
11/08/2023,$49.50,37726710,$50.04,$50.30,$48.90
11/07/2023,$49.92,81365360,$47.00,$50.04,$46.68
11/06/2023,$48.14,27843100,$47.94,$48.30,$47.43
11/03/2023,$47.75,21960650,$46.92,$48.15,$46.63
11/02/2023,$46.48,25816850,$45.35,$46.86,$45.25
11/01/2023,$43.83,18989320,$43.25,$44.00,$42.91
10/31/2023,$43.28,18414020,$42.82,$43.53,$42.20
10/30/2023,$42.73,21292720,$42.01,$43.00,$42.01
10/27/2023,$41.23,17098580,$41.21,$42.145,$40.80
10/26/2023,$40.62,23465460,$42.14,$42.30,$40.09
10/25/2023,$42.35,16495880,$43.30,$43.49,$42.065
10/24/2023,$44.19,17566480,$43.50,$44.325,$43.385
10/23/2023,$43.04,11277090,$42.53,$43.97,$42.25
10/20/2023,$42.96,13966110,$42.72,$43.3501,$42.26
10/19/2023,$42.72,16089980,$43.02,$43.27,$42.185
10/18/2023,$43.00,15387990,$43.90,$44.20,$42.91
10/17/2023,$44.38,17337780,$44.41,$45.26,$44.05
10/16/2023,$44.71,20447110,$43.765,$45.00,$43.465
10/13/2023,$43.48,28215660,$45.82,$46.29,$42.70
10/12/2023,$45.95,15983610,$46.54,$47.04,$45.60
10/11/2023,$46.64,12985480,$46.90,$47.21,$46.265
10/10/2023,$46.63,14538610,$45.75,$47.275,$45.55
10/09/2023,$45.45,11422320,$45.15,$45.60,$44.58
10/06/2023,$45.78,14380570,$44.06,$45.945,$44.06
10/05/2023,$44.61,14518800,$44.84,$44.93,$43.65
10/04/2023,$44.94,12476110,$44.79,$45.485,$44.18
10/03/2023,$44.51,11033390,$45.36,$45.605,$44.325
10/02/2023,$45.68,14976710,$45.57,$46.29,$45.1016
09/29/2023,$45.99,14247040,$46.75,$46.92,$45.85
09/28/2023,$46.14,22199170,$44.92,$46.58,$44.92
09/27/2023,$45.14,16835050,$44.51,$45.4725,$44.44
09/26/2023,$44.27,11283620,$44.50,$45.389,$44.045
09/25/2023,$44.91,9175373,$44.14,$45.11,$44.11
09/22/2023,$44.41,16158680,$45.16,$45.345,$44.03
09/21/2023,$44.60,27875720,$45.79,$45.79,$43.93
09/20/2023,$46.55,22581980,$46.865,$47.54,$46.40
09/19/2023,$47.59,19188600,$46.40,$47.755,$46.21
09/18/2023,$46.51,15025530,$47.30,$47.348,$46.48
09/15/2023,$47.52,16130140,$48.19,$48.49,$47.27
09/14/2023,$48.32,13068170,$48.63,$48.695,$47.805
09/13/2023,$48.16,12691850,$47.51,$48.3599,$47.28
09/12/2023,$47.92,18808980,$48.34,$49.1881,$47.90
09/11/2023,$48.94,19007310,$47.74,$48.97,$47.65
09/08/2023,$47.24,15965210,$46.34,$47.25,$46.27
09/07/2023,$46.27,14972150,$45.50,$46.68,$45.25
09/06/2023,$45.90,14262660,$46.34,$46.85,$45.61
09/05/2023,$46.55,16461660,$46.87,$47.14,$46.30
09/01/2023,$47.04,14614470,$47.51,$47.6999,$46.83
08/31/2023,$47.23,19263770,$46.69,$47.57,$46.52
08/30/2023,$46.51,19869420,$45.35,$46.75,$45.30
08/29/2023,$45.35,11335390,$44.21,$45.585,$44.1201
08/28/2023,$44.15,10424110,$44.11,$44.5199,$43.71
08/25/2023,$43.96,19132490,$44.71,$44.84,$43.08
08/24/2023,$44.68,18129590,$45.24,$45.7199,$44.64
08/23/2023,$45.14,14625810,$44.00,$45.615,$44.00
08/22/2023,$44.35,13599790,$44.94,$45.18,$44.02
08/21/2023,$44.63,15362070,$44.98,$45.30,$44.01
08/18/2023,$44.69,17137980,$43.27,$44.84,$43.19
08/17/2023,$43.97,21326620,$44.18,$44.86,$43.91
08/16/2023,$43.65,14980820,$43.98,$44.33,$43.40
08/15/2023,$44.08,13404700,$44.70,$44.88,$44.01
08/14/2023,$44.85,15828850,$43.50,$44.885,$42.95
08/11/2023,$43.71,16181110,$44.00,$44.30,$43.31
08/10/2023,$44.60,16908210,$44.13,$45.18,$44.09
08/09/2023,$44.11,20112960,$45.25,$45.46,$43.84
08/08/2023,$45.16,14742210,$44.50,$45.24,$44.085
08/07/2023,$44.95,22122550,$45.01,$45.53,$44.38
08/04/2023,$45.20,25657600,$46.00,$46.38,$45.02
08/03/2023,$45.91,25313220,$46.22,$47.85,$45.79
08/02/2023,$46.96,36303800,$46.055,$47.705,$45.67
08/01/2023,$46.65,82282790,$48.67,$49.03,$46.01
07/31/2023,$49.46,38736790,$48.85,$49.49,$48.15
07/28/2023,$48.14,17154630,$47.14,$48.43,$46.71
07/27/2023,$46.61,17991950,$48.00,$48.09,$46.355
07/26/2023,$47.31,16666160,$47.05,$47.555,$46.62
07/25/2023,$47.17,14188200,$47.20,$47.73,$46.93
07/24/2023,$47.32,16669820,$47.06,$47.55,$46.84
07/21/2023,$47.23,20181240,$46.55,$47.34,$46.2804
07/20/2023,$46.57,23085270,$46.07,$47.50,$45.86
07/19/2023,$47.12,21990940,$47.10,$47.90,$46.55
07/18/2023,$47.41,42620240,$45.34,$47.75,$45.34
07/17/2023,$45.51,21937910,$44.68,$45.65,$44.50
07/14/2023,$44.75,22054800,$45.905,$46.40,$44.56
07/13/2023,$45.64,21193220,$45.21,$45.935,$44.6218
07/12/2023,$44.52,21830120,$45.00,$45.22,$43.97
07/11/2023,$44.36,32164970,$42.10,$44.67,$41.746
07/10/2023,$42.78,15821820,$42.58,$43.20,$42.44
07/07/2023,$42.91,14937560,$42.07,$43.12,$41.9412
07/06/2023,$42.11,18048160,$42.99,$43.00,$41.87
07/05/2023,$43.66,15730400,$42.89,$43.88,$42.89
07/03/2023,$43.09,7578076,$43.17,$43.40,$42.58
06/30/2023,$43.17,17589240,$43.11,$43.4299,$42.92
06/29/2023,$42.58,28595290,$44.09,$44.28,$42.11
06/28/2023,$44.24,28187370,$43.50,$45.24,$43.32
06/27/2023,$43.83,29652070,$44.69,$44.83,$43.75
06/26/2023,$44.42,33692970,$43.75,$45.04,$43.68
06/23/2023,$43.34,23186640,$42.59,$43.755,$42.33
06/22/2023,$42.81,19542080,$42.30,$43.87,$42.21
06/21/2023,$42.66,21916500,$42.50,$43.2178,$41.77
06/20/2023,$42.17,19936200,$42.77,$43.47,$42.02
06/16/2023,$43.52,27986350,$43.07,$43.665,$42.53
06/15/2023,$43.36,41477790,$41.02,$43.75,$40.94
06/14/2023,$41.27,15077580,$41.30,$41.59,$40.57
06/13/2023,$41.41,16659590,$41.75,$41.83,$40.89
06/12/2023,$41.74,16016440,$41.26,$41.745,$41.06
06/09/2023,$40.99,21980660,$40.05,$41.00,$40.02
06/08/2023,$40.26,20301810,$39.18,$40.63,$39.04
06/07/2023,$38.99,23653910,$40.24,$40.25,$38.61
06/06/2023,$40.25,14570120,$40.249,$40.73,$39.93
06/05/2023,$40.42,24218600,$39.50,$40.79,$39.525
06/02/2023,$39.73,21218950,$39.00,$39.89,$39.00
06/01/2023,$38.48,17115300,$37.50,$38.50,$37.265
05/31/2023,$37.93,34506310,$37.25,$38.05,$37.07
05/30/2023,$37.56,18143190,$38.73,$39.06,$37.56
05/26/2023,$38.45,14438770,$38.24,$38.76,$38.22
05/25/2023,$37.95,18634220,$38.48,$38.585,$37.525
05/24/2023,$37.96,22074720,$38.05,$38.66,$37.77
05/23/2023,$38.66,18679370,$38.99,$39.65,$38.51
05/22/2023,$39.17,27581560,$39.13,$40.50,$39.076
05/19/2023,$39.18,19785500,$39.25,$39.49,$38.915
05/18/2023,$39.25,27828120,$37.98,$39.49,$37.76
05/17/2023,$37.84,19534400,$37.73,$37.955,$37.36
05/16/2023,$37.44,21836860,$37.93,$38.15,$37.44
05/15/2023,$38.14,17826610,$38.34,$38.48,$37.99
05/12/2023,$38.45,21626040,$38.64,$39.23,$38.20
05/11/2023,$38.42,16515580,$38.64,$39.18,$38.34
05/10/2023,$38.79,19531550,$38.60,$38.95,$38.1699
05/09/2023,$38.19,19393600,$38.49,$38.58,$37.905
05/08/2023,$38.83,30992060,$37.82,$38.93,$37.48
05/05/2023,$37.75,24682890,$37.48,$37.95,$36.87
05/04/2023,$37.49,44819400,$37.48,$37.80,$36.685
05/03/2023,$37.84,68580800,$36.75,$38.35,$36.35
05/02/2023,$36.52,102993500,$35.02,$36.625,$34.23
05/01/2023,$32.74,49867120,$32.00,$33.00,$31.76
04/28/2023,$31.05,28516090,$29.62,$31.27,$29.415
04/27/2023,$29.70,27293660,$30.07,$30.1699,$29.22
04/26/2023,$29.68,14277140,$29.70,$30.12,$29.465
04/25/2023,$29.59,20399240,$30.34,$30.47,$29.5539
04/24/2023,$30.68,14596160,$30.68,$31.06,$30.23
04/21/2023,$30.83,40543150,$31.36,$31.46,$29.71
04/20/2023,$31.50,12747080,$31.52,$32.04,$31.40
04/19/2023,$32.04,13821970,$31.35,$32.37,$31.16
04/18/2023,$31.73,18698560,$32.37,$32.93,$31.61
04/17/2023,$32.08,25206220,$32.19,$32.19,$31.63
04/14/2023,$31.48,11851870,$31.31,$31.62,$30.9302
04/13/2023,$31.44,15079610,$30.835,$31.59,$30.69
04/12/2023,$30.59,15964930,$31.19,$31.4499,$30.40
04/11/2023,$31.12,16906490,$31.75,$31.80,$30.88
04/10/2023,$31.74,16463110,$30.96,$31.785,$30.61
04/06/2023,$31.18,14486920,$30.93,$31.49,$30.50
04/05/2023,$31.12,17243300,$30.95,$31.235,$30.47
04/04/2023,$31.39,15146850,$31.94,$32.1295,$31.285
04/03/2023,$31.46,23529100,$31.50,$31.755,$31.1674
03/31/2023,$31.70,14824600,$31.42,$31.845,$31.21
03/30/2023,$31.19,16261300,$31.50,$31.85,$30.88
03/29/2023,$30.87,18917520,$30.62,$30.90,$30.20
03/28/2023,$30.07,23087310,$30.53,$30.8599,$29.98
03/27/2023,$30.62,17917990,$31.03,$31.04,$30.14
03/24/2023,$30.75,14786750,$30.94,$31.15,$30.29
03/23/2023,$31.18,16806900,$31.88,$32.2001,$30.7503
03/22/2023,$31.52,24636360,$32.58,$32.72,$31.50
03/21/2023,$32.86,19780180,$32.33,$33.14,$32.23
03/20/2023,$31.93,14157850,$31.60,$32.36,$31.46
03/17/2023,$31.78,27102500,$32.38,$32.47,$31.51
03/16/2023,$32.73,20088660,$31.59,$32.90,$31.55
03/15/2023,$31.97,28434860,$31.83,$32.235,$31.385
03/14/2023,$32.36,34241850,$32.94,$33.42,$32.16
03/13/2023,$30.82,24302640,$30.585,$31.085,$29.97
03/10/2023,$31.11,32553610,$32.00,$32.035,$30.77
03/09/2023,$32.32,27629680,$34.41,$34.52,$32.28
03/08/2023,$34.01,16174270,$34.01,$34.63,$33.52
03/07/2023,$34.14,25538360,$33.85,$35.00,$33.60
03/06/2023,$33.88,18903010,$34.585,$35.11,$33.85
03/03/2023,$34.57,14990370,$34.00,$34.59,$33.80
03/02/2023,$33.69,17976270,$32.54,$33.80,$32.23
03/01/2023,$32.99,14404670,$33.43,$33.58,$32.89
02/28/2023,$33.26,17144020,$33.75,$34.00,$33.165
02/27/2023,$33.55,19079080,$33.675,$33.85,$33.06
02/24/2023,$33.40,19101000,$33.70,$33.92,$33.02
02/23/2023,$34.47,23661720,$34.79,$34.7999,$33.70
02/22/2023,$34.54,23294040,$34.35,$35.17,$34.22
02/21/2023,$34.20,24696830,$33.78,$34.39,$33.49
02/17/2023,$34.77,27946730,$35.96,$36.23,$34.57
02/16/2023,$36.22,28202690,$35.60,$36.73,$35.452
02/15/2023,$36.23,31492170,$35.01,$36.24,$34.715
02/14/2023,$35.23,38856460,$33.11,$35.36,$32.7239
02/13/2023,$33.44,35043740,$34.50,$34.52,$33.35
02/10/2023,$34.30,41936380,$34.40,$35.3986,$34.05
02/09/2023,$35.89,44068510,$36.89,$37.36,$35.65
02/08/2023,$36.83,109597800,$37.43,$37.58,$34.50
02/07/2023,$34.90,59374040,$33.66,$35.06,$33.41
02/06/2023,$33.90,33594930,$33.53,$34.21,$32.90
02/03/2023,$33.09,25804880,$32.17,$33.95,$32.15
02/02/2023,$33.05,32045470,$32.42,$33.47,$32.42
02/01/2023,$31.49,21206350,$30.88,$31.85,$30.64
01/31/2023,$30.93,15611530,$29.75,$30.96,$29.74
01/30/2023,$29.63,17969730,$30.20,$30.54,$29.59
01/27/2023,$30.36,18223990,$29.70,$30.5968,$29.50
01/26/2023,$30.02,25383590,$30.53,$30.6472,$29.31
01/25/2023,$30.29,14488140,$29.22,$30.40,$28.80
01/24/2023,$29.93,14464360,$25.71,$31.20,$25.71
01/23/2023,$30.53,22041060,$30.63,$31.11,$30.265
01/20/2023,$30.36,23008700,$29.30,$30.39,$29.12
01/19/2023,$29.03,15651530,$28.47,$29.2854,$28.34
01/18/2023,$28.96,25257240,$29.95,$30.09,$28.885
01/17/2023,$29.20,20816490,$29.44,$29.78,$28.955
01/13/2023,$29.44,16940710,$28.68,$29.50,$28.66
01/12/2023,$29.03,17513400,$28.85,$29.185,$28.20
01/11/2023,$28.35,15421720,$28.24,$28.52,$27.92
01/10/2023,$28.04,15413740,$27.40,$28.25,$27.15
01/09/2023,$27.40,24962060,$27.30,$28.05,$27.15
01/06/2023,$26.40,19443750,$25.86,$26.54,$25.40
01/05/2023,$25.55,9942038,$25.73,$26.01,$25.55
01/04/2023,$25.91,14815960,$25.73,$25.97,$25.32
01/03/2023,$25.36,22155280,$25.37,$25.75,$25.02
12/30/2022,$24.73,20474050,$24.42,$24.85,$24.24
12/29/2022,$24.91,17828300,$24.75,$25.375,$24.29
12/28/2022,$24.59,15669210,$24.21,$24.72,$24.02
12/27/2022,$24.40,15258600,$24.29,$24.70,$23.90
12/23/2022,$24.64,11610050,$24.46,$24.725,$24.162
12/22/2022,$24.64,23752730,$24.93,$25.10,$24.0415
12/21/2022,$25.36,20444480,$25.15,$25.67,$24.8709
12/20/2022,$24.96,28536480,$24.72,$25.28,$24.61
12/19/2022,$24.95,35616090,$26.02,$26.02,$24.69
12/16/2022,$25.97,22684200,$26.06,$26.45,$25.66
12/15/2022,$26.24,19383730,$26.98,$27.11,$25.88
12/14/2022,$27.47,19427280,$27.07,$27.82,$26.77
12/13/2022,$26.98,27635360,$28.03,$28.455,$26.91
12/12/2022,$27.03,16483630,$26.42,$27.23,$26.11
12/09/2022,$26.55,14253510,$26.40,$26.96,$26.24
12/08/2022,$26.45,14909650,$26.52,$27.03,$26.2761
12/07/2022,$26.40,21193950,$26.61,$26.87,$26.02
12/06/2022,$26.92,19772910,$27.70,$27.86,$26.70
12/05/2022,$27.70,17486340,$28.41,$28.86,$27.65
12/02/2022,$28.75,15980530,$27.38,$28.78,$27.19
12/01/2022,$28.34,18066600,$29.22,$29.60,$28.30
11/30/2022,$29.14,18177030,$27.80,$29.14,$27.64
11/29/2022,$27.76,15007820,$28.05,$28.23,$27.58
11/28/2022,$27.76,11126990,$28.11,$28.655,$27.73
11/25/2022,$28.50,5200356,$28.71,$28.88,$28.24
11/23/2022,$28.79,12964920,$28.36,$28.94,$28.14
11/22/2022,$28.08,20368640,$28.27,$28.33,$27.3117
11/21/2022,$28.25,16159380,$28.52,$28.71,$28.01
11/18/2022,$28.96,15676270,$29.21,$29.405,$28.70
11/17/2022,$28.88,22684060,$29.10,$29.50,$28.40
11/16/2022,$30.04,26540200,$30.95,$31.16,$29.83
11/15/2022,$31.57,43066490,$30.25,$31.815,$30.00
11/14/2022,$29.07,24426190,$28.85,$29.70,$28.79
11/11/2022,$29.15,35861060,$28.95,$30.435,$28.70
11/10/2022,$28.85,35196920,$28.38,$29.32,$28.10
11/09/2022,$26.55,21186270,$27.31,$28.005,$26.44
11/08/2022,$27.44,27033900,$27.57,$28.33,$26.82
11/07/2022,$27.69,19204080,$28.705,$28.825,$27.615
11/04/2022,$28.39,22304190,$29.44,$29.725,$28.04
11/03/2022,$28.73,28033210,$28.03,$29.52,$27.71
11/02/2022,$28.81,37083450,$29.57,$30.16,$28.63
11/01/2022,$29.75,87994010,$30.07,$30.9999,$29.12
10/31/2022,$26.57,37327040,$27.61,$27.73,$26.30
10/28/2022,$27.50,27116700,$27.81,$27.88,$26.49
10/27/2022,$27.82,16768630,$28.40,$28.76,$27.66
10/26/2022,$28.20,17349540,$28.17,$28.9801,$27.865
10/25/2022,$28.36,17366380,$28.00,$28.545,$27.33
10/24/2022,$27.65,19194220,$27.71,$27.98,$26.51
10/21/2022,$28.02,20651550,$27.50,$28.435,$27.16
10/20/2022,$27.87,20835270,$27.32,$28.68,$27.24
10/19/2022,$27.53,15428470,$27.06,$27.73,$26.85
10/18/2022,$27.61,25643310,$27.07,$27.71,$26.495
10/17/2022,$25.94,25074910,$25.26,$26.265,$25.08
10/14/2022,$24.71,22553950,$25.65,$26.07,$24.66
10/13/2022,$25.00,32838500,$24.47,$26.025,$24.19
10/12/2022,$25.98,30945850,$25.05,$26.115,$24.56
10/11/2022,$24.66,92468790,$25.545,$26.05,$22.94
10/10/2022,$27.53,13413530,$28.24,$28.45,$27.23
10/07/2022,$28.07,19690230,$28.83,$28.86,$27.92
10/06/2022,$29.73,25399520,$29.20,$30.24,$28.96
10/05/2022,$29.18,21458520,$28.48,$29.65,$28.31
10/04/2022,$29.19,25462210,$27.625,$29.25,$27.5995
10/03/2022,$26.72,19940790,$26.76,$26.90,$25.96
09/30/2022,$26.50,23894900,$26.16,$27.31,$26.16
09/29/2022,$26.42,26170830,$27.66,$27.72,$26.00
09/28/2022,$28.04,21290380,$27.43,$28.16,$27.19
09/27/2022,$27.57,22392780,$27.67,$28.49,$27.16
09/26/2022,$26.89,24953820,$27.71,$28.16,$26.82
09/23/2022,$27.82,26472610,$28.01,$28.34,$27.36
09/22/2022,$28.58,29038110,$30.19,$30.19,$28.53
09/21/2022,$30.47,22328370,$31.45,$31.675,$30.35
09/20/2022,$31.49,23652410,$31.49,$32.56,$31.19
09/19/2022,$31.49,22867570,$31.44,$31.98,$31.06
09/16/2022,$31.93,50970680,$30.96,$32.145,$30.88
09/15/2022,$33.13,41849090,$32.95,$34.325,$32.7401
09/14/2022,$33.05,34493390,$31.25,$33.14,$31.10
09/13/2022,$31.32,29364740,$30.69,$31.78,$30.22
09/12/2022,$32.50,29349910,$31.95,$32.62,$31.85
09/09/2022,$31.78,28055860,$31.00,$32.05,$30.89
09/08/2022,$30.68,29393510,$29.42,$30.90,$29.29
09/07/2022,$30.03,20632170,$28.91,$30.15,$28.82
09/06/2022,$28.89,20422800,$29.34,$29.37,$28.28
09/02/2022,$29.05,14604360,$29.50,$29.635,$28.6499
09/01/2022,$28.92,17828090,$28.17,$28.95,$27.69
08/31/2022,$28.76,20740660,$29.11,$29.8799,$28.75
08/30/2022,$28.71,24409320,$29.18,$29.29,$28.12
08/29/2022,$28.74,17245100,$28.10,$29.19,$28.06
08/26/2022,$28.58,16490810,$29.51,$29.71,$28.3601
08/25/2022,$29.62,15470920,$28.89,$29.64,$28.81
08/24/2022,$28.71,20022520,$27.93,$29.22,$27.85
08/23/2022,$27.81,24298330,$28.06,$28.675,$27.75
08/22/2022,$28.00,20233070,$28.34,$28.805,$27.87
08/19/2022,$29.01,24180910,$29.50,$29.57,$28.63
08/18/2022,$30.15,20831620,$30.56,$30.62,$29.86
08/17/2022,$30.72,24239350,$31.65,$31.71,$30.44
08/16/2022,$32.38,28072340,$32.08,$32.725,$31.33
08/15/2022,$32.49,14149210,$32.10,$32.91,$31.93
08/12/2022,$32.47,21950690,$32.59,$32.76,$31.70
08/11/2022,$32.24,24624630,$33.16,$33.36,$32.0415
08/10/2022,$32.80,31318070,$32.44,$33.19,$32.23
08/09/2022,$31.06,27042940,$31.37,$31.55,$30.72
08/08/2022,$31.85,28064920,$32.33,$32.955,$31.66
08/05/2022,$32.01,39963620,$31.20,$32.63,$31.04
08/04/2022,$31.85,55573600,$29.78,$32.23,$29.60
08/03/2022,$30.19,62061200,$29.72,$31.43,$29.36
08/02/2022,$29.25,107926300,$28.49,$29.43,$27.10
08/01/2022,$24.60,46960680,$23.43,$24.62,$22.885
07/29/2022,$23.45,29406650,$23.18,$23.485,$22.39
07/28/2022,$23.31,22886080,$22.89,$23.42,$22.14
07/27/2022,$23.09,28384350,$23.00,$23.3199,$22.49
07/26/2022,$22.55,24402800,$23.15,$23.15,$22.45
07/25/2022,$23.35,12923040,$23.27,$23.54,$22.63
07/22/2022,$23.30,20209440,$24.33,$24.81,$23.085
07/21/2022,$24.23,18425360,$24.02,$24.25,$23.60
07/20/2022,$24.12,27844620,$22.89,$24.22,$22.805
07/19/2022,$22.67,23148940,$22.75,$23.08,$22.19
07/18/2022,$22.58,30935860,$22.17,$23.20,$22.11
07/15/2022,$21.67,24503630,$21.00,$21.78,$20.765
07/14/2022,$20.65,31561680,$21.25,$21.465,$20.5905
07/13/2022,$21.50,18994920,$20.93,$21.61,$20.72
07/12/2022,$21.57,17373540,$21.28,$21.78,$20.975
07/11/2022,$21.19,17562120,$21.95,$22.25,$21.14
07/08/2022,$22.34,20231300,$22.43,$22.96,$21.8321
07/07/2022,$22.74,23121890,$21.64,$22.7589,$21.61
07/06/2022,$21.50,32689430,$21.50,$22.08,$21.32
07/05/2022,$22.52,24515800,$21.17,$22.55,$20.83
07/01/2022,$21.34,20693310,$20.70,$21.37,$20.43
06/30/2022,$20.46,30882450,$21.11,$21.1255,$19.895
06/29/2022,$21.47,30704790,$22.11,$22.15,$21.08
06/28/2022,$22.08,24360150,$22.97,$23.46,$22.04
06/27/2022,$22.86,27153350,$23.45,$23.64,$22.345
06/24/2022,$23.03,38140100,$22.48,$23.19,$22.30
06/23/2022,$22.37,27010550,$21.63,$22.44,$21.39
06/22/2022,$21.50,32353320,$21.41,$22.21,$21.30
06/21/2022,$21.76,35257650,$22.00,$22.46,$21.69
06/17/2022,$21.81,46728430,$20.37,$21.96,$20.37
06/16/2022,$20.47,55312350,$21.04,$21.40,$20.155
06/15/2022,$22.03,36073710,$21.34,$22.39,$21.24
06/14/2022,$21.09,43006330,$21.72,$21.9523,$20.8936
06/13/2022,$21.57,33130330,$22.22,$22.585,$21.3429
06/10/2022,$23.72,29897400,$24.80,$24.9709,$23.65
06/09/2022,$25.44,42149560,$25.94,$26.69,$25.355
06/08/2022,$25.83,31225310,$25.70,$26.55,$25.30
06/07/2022,$25.30,27453720,$24.20,$25.70,$24.07
06/06/2022,$24.73,29834680,$24.86,$25.435,$24.28
06/03/2022,$24.15,24283630,$24.17,$24.495,$23.725
06/02/2022,$24.74,30691100,$23.07,$24.83,$22.94
06/01/2022,$22.94,26383610,$23.53,$23.87,$22.565
05/31/2022,$23.20,33194790,$23.50,$23.90,$23.034
05/27/2022,$23.67,29710160,$23.49,$24.13,$23.33
05/26/2022,$23.10,30199400,$22.15,$23.28,$21.925
05/25/2022,$22.04,31270770,$21.71,$22.355,$21.275
05/24/2022,$21.55,40726060,$23.69,$23.74,$21.41
05/23/2022,$23.78,35204800,$23.32,$23.83,$22.71
05/20/2022,$23.35,32104720,$23.81,$24.10,$22.41
05/19/2022,$23.24,36461190,$22.29,$23.81,$22.20
05/18/2022,$22.46,35747320,$23.98,$24.1882,$22.34
05/17/2022,$24.20,33859420,$24.32,$24.90,$23.59
05/16/2022,$23.59,27285200,$24.31,$24.46,$23.40
05/13/2022,$24.39,53577610,$23.88,$24.8711,$23.68
05/12/2022,$23.29,63999350,$22.15,$24.06,$21.69
05/11/2022,$22.57,51137730,$23.28,$24.15,$22.50
05/10/2022,$23.67,47982540,$23.85,$24.55,$22.80
05/09/2022,$23.05,58095900,$25.41,$26.065,$22.80
05/06/2022,$26.07,56575090,$26.84,$26.84,$24.75
05/05/2022,$26.83,52804190,$27.87,$28.83,$26.20
05/04/2022,$28.10,115601800,$27.41,$28.40,$25.90
05/03/2022,$29.47,58340740,$30.15,$30.59,$28.85
05/02/2022,$30.39,45650980,$31.24,$31.35,$29.51
04/29/2022,$31.48,24948560,$32.52,$33.15,$31.41
04/28/2022,$32.82,30251630,$31.00,$32.87,$30.98
04/27/2022,$30.68,30762550,$31.10,$31.98,$30.16
04/26/2022,$31.33,26981910,$32.04,$32.20,$31.00
04/25/2022,$32.44,29416340,$30.59,$32.50,$30.46
04/22/2022,$30.83,22748880,$31.62,$32.225,$30.80
04/21/2022,$31.68,32937080,$34.25,$34.41,$31.37
04/20/2022,$33.21,21330540,$33.99,$34.32,$33.18
04/19/2022,$33.80,23319580,$32.16,$33.99,$31.97
04/18/2022,$31.79,24413830,$32.55,$32.605,$31.42
04/14/2022,$32.68,18763000,$32.86,$33.465,$32.64
04/13/2022,$32.63,20186410,$32.00,$33.11,$31.93
04/12/2022,$31.99,32619820,$32.40,$33.095,$31.71
04/11/2022,$32.04,19680280,$31.36,$32.69,$31.11
04/08/2022,$32.05,17991010,$31.92,$32.551,$31.58
04/07/2022,$32.27,34581040,$33.34,$33.34,$31.02
04/06/2022,$33.41,28854790,$33.855,$34.00,$32.55
04/05/2022,$34.96,20984150,$36.35,$36.61,$34.72
04/04/2022,$36.51,20230460,$36.40,$36.93,$36.215
04/01/2022,$35.98,16793290,$35.68,$36.48,$35.40
03/31/2022,$35.68,20608650,$36.50,$36.73,$35.37
03/30/2022,$36.58,22306540,$36.66,$37.0885,$36.205
03/29/2022,$37.19,37969050,$35.57,$37.45,$35.57
03/28/2022,$34.77,22175230,$34.14,$34.91,$33.73
03/25/2022,$34.06,28078800,$34.55,$34.92,$33.55
03/24/2022,$34.70,52533580,$34.74,$34.95,$33.44
03/23/2022,$33.06,19024730,$32.71,$33.68,$32.57
03/22/2022,$33.35,21852810,$31.93,$33.60,$31.84
03/21/2022,$31.98,35200550,$32.82,$32.82,$31.25
03/18/2022,$33.36,35827780,$32.52,$33.42,$32.33
03/17/2022,$32.85,27278650,$32.34,$32.92,$31.57
03/16/2022,$32.61,34688770,$30.53,$32.635,$30.27
03/15/2022,$29.80,33060460,$29.52,$30.41,$29.06
03/14/2022,$29.27,41897400,$30.51,$30.55,$28.80
03/11/2022,$30.76,29454690,$31.30,$31.39,$30.42
03/10/2022,$30.41,30785880,$30.86,$31.145,$29.84
03/09/2022,$31.50,33734510,$31.75,$32.73,$31.20
03/08/2022,$30.74,55014740,$28.51,$31.57,$28.2777
03/07/2022,$28.57,60265810,$31.48,$31.9384,$28.55
03/04/2022,$29.83,52160490,$31.50,$31.73,$29.27
03/03/2022,$31.72,38337650,$34.22,$34.2914,$31.415
03/02/2022,$34.04,26112460,$34.00,$34.22,$32.97
03/01/2022,$33.89,31436210,$35.45,$35.60,$33.65
02/28/2022,$36.03,44865190,$35.26,$36.31,$34.9845
02/25/2022,$34.98,23691460,$34.84,$35.2717,$34.01
02/24/2022,$34.87,42978100,$29.97,$34.95,$29.71
02/23/2022,$32.39,27254850,$33.89,$34.2099,$32.30
02/22/2022,$33.68,28731340,$34.21,$35.10,$33.28
02/18/2022,$34.68,28199910,$35.52,$36.325,$34.67
02/17/2022,$35.71,28432070,$36.13,$37.43,$35.41
02/16/2022,$36.58,33165890,$36.63,$37.39,$36.27
02/15/2022,$37.09,38183480,$35.44,$37.21,$35.11
02/14/2022,$34.59,44556750,$35.20,$35.99,$34.32
02/11/2022,$35.29,72568420,$37.96,$38.65,$34.48
02/10/2022,$37.75,113915000,$41.00,$42.56,$37.35
02/09/2022,$40.19,52614110,$38.81,$40.40,$38.16
02/08/2022,$38.34,25857620,$37.25,$38.57,$36.95
02/07/2022,$37.54,30303150,$36.985,$39.05,$36.985
02/04/2022,$37.05,33082060,$35.00,$37.355,$34.36
02/03/2022,$34.54,32192060,$36.08,$36.74,$34.30
02/02/2022,$37.17,19591120,$38.53,$38.62,$37.03
02/01/2022,$38.61,19669920,$37.63,$38.705,$37.20
01/31/2022,$37.40,22899350,$35.34,$37.54,$35.30
01/28/2022,$35.21,28007150,$34.17,$35.22,$32.81
01/27/2022,$34.09,26086750,$35.37,$35.79,$33.94
01/26/2022,$34.80,29495870,$36.07,$36.68,$34.45
01/25/2022,$34.82,29576950,$35.47,$36.09,$34.515
01/24/2022,$36.28,49280930,$34.91,$36.42,$33.51
01/21/2022,$35.94,41836760,$37.41,$37.60,$35.845
01/20/2022,$37.82,21720080,$38.29,$39.64,$37.75
01/19/2022,$37.86,35552500,$38.21,$38.89,$37.115
01/18/2022,$38.41,36902200,$40.96,$40.96,$38.37
01/14/2022,$41.51,25817800,$42.40,$42.72,$40.355
01/13/2022,$42.87,17190080,$43.34,$43.92,$42.725
01/12/2022,$43.04,18993870,$43.99,$44.10,$42.535
01/11/2022,$43.62,22160980,$42.36,$44.17,$42.19
01/10/2022,$42.60,29783760,$41.48,$42.81,$40.16
01/07/2022,$41.51,24875830,$42.00,$42.65,$41.20
01/06/2022,$42.03,32434250,$43.11,$44.08,$40.97
01/05/2022,$43.24,28498660,$44.29,$45.90,$42.86
01/04/2022,$44.42,30845320,$44.23,$44.80,$42.58
01/03/2022,$43.95,26364970,$42.48,$44.405,$41.89
12/31/2021,$41.93,13746890,$42.53,$43.12,$41.93
12/30/2021,$42.66,13516260,$42.29,$43.34,$42.20
12/29/2021,$42.46,15908610,$42.72,$42.93,$41.815
12/28/2021,$42.54,21480950,$42.60,$43.74,$42.30
12/27/2021,$42.96,28284980,$43.44,$44.24,$42.8201
12/23/2021,$43.91,21763420,$43.03,$44.35,$42.76
12/22/2021,$43.02,27675670,$41.95,$43.23,$41.45
12/21/2021,$41.97,28385160,$39.82,$42.08,$39.82
12/20/2021,$39.70,28153740,$38.45,$40.1491,$38.08
12/17/2021,$39.68,51048120,$37.20,$40.00,$36.74
12/16/2021,$37.70,31478390,$38.25,$38.5765,$37.125
12/15/2021,$37.83,37612570,$36.91,$38.375,$36.24
12/14/2021,$37.26,45491730,$35.25,$38.45,$35.21
12/13/2021,$35.73,38394720,$36.18,$36.308,$34.88
12/10/2021,$36.67,25760610,$37.41,$37.87,$36.61
12/09/2021,$37.54,22994810,$38.44,$38.70,$37.475
12/08/2021,$38.81,29688550,$38.30,$39.41,$38.01
12/07/2021,$38.08,40443330,$39.40,$40.22,$37.76
12/06/2021,$38.49,36689190,$35.95,$38.69,$35.44
12/03/2021,$35.85,47392730,$37.42,$37.84,$35.26
12/02/2021,$38.12,32266970,$36.55,$38.395,$36.45
12/01/2021,$36.02,47369180,$39.45,$39.50,$35.80
11/30/2021,$38.00,55268520,$39.25,$39.95,$37.035
11/29/2021,$39.70,27724440,$41.06,$41.25,$38.78
11/26/2021,$40.52,35453590,$39.61,$40.62,$38.77
11/24/2021,$42.08,17118200,$42.00,$42.37,$41.24
11/23/2021,$42.68,18099400,$42.38,$43.1399,$41.60
11/22/2021,$42.60,31355200,$43.96,$44.40,$41.805
11/19/2021,$44.23,21465520,$43.93,$44.72,$43.50
11/18/2021,$45.00,27839870,$44.53,$45.325,$43.575
11/17/2021,$44.11,25036350,$45.36,$45.64,$43.90
11/16/2021,$45.76,46219690,$45.54,$46.66,$44.8607
11/15/2021,$43.61,19690000,$45.11,$45.26,$43.56
11/12/2021,$45.12,29804570,$43.57,$45.13,$43.57
11/11/2021,$43.28,27307790,$43.32,$43.72,$42.44
11/10/2021,$43.38,33712210,$44.90,$45.25,$42.60
11/09/2021,$45.51,33588850,$45.91,$45.98,$43.68
11/08/2021,$45.89,25257850,$47.08,$47.645,$45.82
11/05/2021,$47.19,45641490,$47.50,$48.74,$46.61
11/04/2021,$45.27,31903050,$45.54,$46.53,$44.99
11/03/2021,$45.72,38499590,$45.33,$46.26,$44.71
11/02/2021,$42.89,28002580,$44.34,$44.35,$42.3309
11/01/2021,$44.36,20983930,$44.07,$45.025,$43.65
10/29/2021,$43.82,18283200,$44.49,$44.80,$43.57
10/28/2021,$44.62,14768790,$45.00,$45.4117,$44.3833
10/27/2021,$44.73,26999750,$46.47,$46.55,$44.165
10/26/2021,$46.02,19491760,$46.28,$47.69,$45.86
10/25/2021,$45.72,12955480,$45.67,$46.07,$45.0173
10/22/2021,$45.51,19259200,$46.00,$46.50,$45.23
10/21/2021,$46.47,15741030,$45.97,$47.54,$45.52
10/20/2021,$46.00,15570860,$47.15,$47.54,$45.93
10/19/2021,$47.05,16500200,$47.20,$47.69,$46.74
10/18/2021,$47.07,19806660,$47.68,$47.95,$46.75
10/15/2021,$48.36,20581670,$47.91,$48.84,$47.34
10/14/2021,$47.28,18514020,$46.98,$47.94,$46.84
10/13/2021,$46.41,13754400,$46.26,$47.00,$45.94
10/12/2021,$46.72,12404190,$46.33,$47.05,$46.155
10/11/2021,$46.29,16336780,$47.70,$47.87,$46.28
10/08/2021,$47.77,17980420,$48.08,$48.88,$47.605
10/07/2021,$47.91,25961570,$47.64,$48.2384,$46.89
10/06/2021,$47.01,24868680,$45.33,$47.18,$45.00
10/05/2021,$45.61,12433930,$45.91,$46.08,$45.345
10/04/2021,$45.72,21588150,$46.47,$46.83,$45.20
10/01/2021,$47.05,25428280,$45.915,$47.25,$45.79
09/30/2021,$44.80,16659700,$44.71,$45.365,$43.86
09/29/2021,$44.52,24599490,$46.00,$46.53,$44.30
09/28/2021,$45.98,23707880,$46.70,$47.00,$45.76
09/27/2021,$47.25,23034750,$46.77,$47.43,$46.19
09/24/2021,$46.63,29458270,$45.46,$47.045,$45.291
09/23/2021,$45.48,26232790,$45.35,$45.84,$44.71
09/22/2021,$44.87,56455150,$44.90,$46.62,$44.61
09/21/2021,$44.36,106631700,$42.34,$45.00,$42.18
09/20/2021,$39.79,35417620,$38.88,$40.22,$38.73
09/17/2021,$39.75,32178090,$39.90,$40.225,$39.29
09/16/2021,$39.52,25374020,$38.30,$39.67,$38.09
09/15/2021,$38.48,30368820,$39.00,$39.00,$38.08
09/14/2021,$39.01,36717260,$39.90,$40.10,$38.55
09/13/2021,$40.07,28868760,$40.26,$41.19,$39.26
09/10/2021,$39.89,14230630,$40.62,$40.83,$39.865
09/09/2021,$40.35,14260280,$40.10,$40.95,$39.84
09/08/2021,$40.07,16219950,$40.85,$41.34,$39.83
09/07/2021,$40.95,15708570,$40.49,$41.08,$40.31
09/03/2021,$40.32,15466520,$41.22,$41.575,$40.23
09/02/2021,$41.40,20654220,$40.75,$41.86,$40.5365
09/01/2021,$40.62,27788580,$39.98,$41.665,$39.87
08/31/2021,$39.14,26396000,$39.81,$40.275,$39.125
08/30/2021,$39.59,29516300,$40.58,$40.74,$39.11
08/27/2021,$40.69,13612500,$40.53,$41.31,$40.50
08/26/2021,$40.62,17473360,$41.49,$41.94,$40.54
08/25/2021,$41.55,26498360,$40.44,$42.11,$40.04
08/24/2021,$40.17,44872760,$41.10,$41.21,$39.97
08/23/2021,$41.00,33901260,$39.00,$41.08,$38.84
08/20/2021,$39.95,18080690,$39.69,$40.0799,$39.2399
08/19/2021,$39.86,22471420,$40.28,$40.60,$39.51
08/18/2021,$40.88,13682290,$40.97,$41.53,$40.80
08/17/2021,$41.00,20364440,$41.00,$41.48,$40.58
08/16/2021,$41.50,19250130,$41.76,$41.79,$40.86
08/13/2021,$42.22,8598787,$42.80,$43.03,$42.20
08/12/2021,$42.73,16556290,$42.86,$42.965,$42.18
08/11/2021,$43.08,21766050,$43.41,$43.50,$42.00
08/10/2021,$43.50,26675230,$43.70,$44.24,$43.25
08/09/2021,$43.25,19238410,$44.19,$44.27,$43.21
08/06/2021,$44.28,25514940,$43.74,$44.935,$43.65
08/05/2021,$43.07,60871530,$40.50,$44.65,$40.15
08/04/2021,$41.81,42969150,$42.70,$42.82,$41.37
08/03/2021,$42.79,37622180,$43.56,$43.68,$41.62
08/02/2021,$43.49,26579890,$44.10,$44.29,$43.445
07/30/2021,$43.46,22194940,$44.38,$44.73,$43.34
07/29/2021,$44.69,51033700,$44.12,$45.21,$44.00
07/28/2021,$46.14,19510260,$45.88,$46.9632,$45.81
07/27/2021,$45.82,16874230,$46.54,$46.6599,$44.765
07/26/2021,$46.81,12498000,$47.04,$47.60,$46.37
07/23/2021,$47.46,9540666,$47.61,$47.69,$46.78
07/22/2021,$47.57,11560840,$47.70,$48.17,$47.24
07/21/2021,$47.52,14953650,$46.53,$47.94,$46.35
07/20/2021,$46.32,13851370,$45.46,$46.66,$45.07
07/19/2021,$45.56,20890640,$45.00,$45.7466,$44.435
07/16/2021,$46.19,18224520,$46.40,$47.09,$46.01
07/15/2021,$46.42,17225280,$46.86,$47.46,$46.15
07/14/2021,$47.15,15837010,$48.28,$48.59,$47.11
07/13/2021,$48.08,11283580,$48.49,$48.59,$47.75
07/12/2021,$48.41,14142310,$48.87,$49.29,$48.09
07/09/2021,$49.07,15400980,$47.84,$49.25,$47.71
07/08/2021,$47.55,24930160,$47.16,$48.21,$46.57
07/07/2021,$48.68,24559510,$50.80,$51.03,$48.54
07/06/2021,$50.80,21357830,$50.60,$52.03,$50.40
07/02/2021,$51.71,13698240,$50.57,$51.825,$50.39
07/01/2021,$50.59,17732590,$50.88,$51.60,$50.02
06/30/2021,$50.12,18069430,$51.02,$51.13,$49.71
06/29/2021,$50.76,14104180,$51.00,$51.30,$50.24
06/28/2021,$51.11,22518030,$51.75,$52.36,$50.365
06/25/2021,$51.73,25727830,$51.18,$51.83,$50.53
06/24/2021,$50.82,12403300,$51.30,$51.55,$50.22
06/23/2021,$50.51,19843280,$49.06,$50.77,$49.01
06/22/2021,$49.05,19472460,$48.30,$49.34,$47.75
06/21/2021,$48.12,30752160,$49.72,$49.86,$47.90
06/18/2021,$49.70,20633520,$49.31,$50.39,$48.775
06/17/2021,$49.70,18887260,$48.96,$49.835,$48.31
06/16/2021,$48.89,18975750,$49.35,$49.66,$48.29
06/15/2021,$49.30,20358630,$49.55,$49.955,$49.09
06/14/2021,$50.77,15399160,$50.06,$51.49,$49.56
06/11/2021,$50.01,12127110,$50.03,$50.36,$49.535
06/10/2021,$49.55,14926470,$49.69,$49.895,$48.425
06/09/2021,$49.14,12615210,$50.00,$50.17,$49.11
06/08/2021,$49.88,19672720,$50.70,$51.40,$48.66
06/07/2021,$50.76,16466230,$50.49,$51.22,$49.75
06/04/2021,$50.18,10409830,$49.56,$50.22,$49.07
06/03/2021,$48.70,14712860,$50.43,$50.50,$48.53
06/02/2021,$50.79,13484210,$51.19,$51.41,$50.55
06/01/2021,$50.98,16583750,$51.62,$51.66,$49.84
05/28/2021,$50.83,14226760,$50.675,$51.74,$50.47
05/27/2021,$50.71,51346020,$51.44,$51.69,$48.72
05/26/2021,$51.12,16393710,$50.32,$51.36,$49.76
05/25/2021,$50.46,16930930,$50.74,$51.59,$50.44
05/24/2021,$50.03,16768420,$49.33,$50.40,$48.85
05/21/2021,$48.82,20013220,$49.57,$49.95,$48.76
05/20/2021,$49.33,18822300,$49.57,$49.95,$48.76
05/19/2021,$49.47,16517480,$47.53,$49.83,$47.37
05/18/2021,$49.17,28244450,$49.67,$50.29,$48.525
05/17/2021,$47.51,17466540,$47.24,$47.94,$46.51
05/14/2021,$47.42,25323280,$45.03,$47.71,$44.85
05/13/2021,$44.48,36205110,$44.99,$46.10,$43.5601
05/12/2021,$43.81,32117360,$45.90,$46.105,$43.17
05/11/2021,$46.21,29106920,$44.50,$46.79,$44.182
05/10/2021,$45.79,28309810,$47.71,$47.85,$45.60
05/07/2021,$47.03,27933930,$47.22,$48.60,$46.5346
05/06/2021,$46.65,79242390,$48.39,$49.81,$45.72
05/05/2021,$51.18,28232540,$53.87,$54.07,$50.63
05/04/2021,$52.99,19336650,$54.52,$54.72,$52.01
05/03/2021,$54.85,13903300,$55.12,$56.13,$54.84
04/30/2021,$54.77,16736580,$54.30,$55.65,$54.11
04/29/2021,$54.93,43407950,$59.00,$59.22,$53.11
04/28/2021,$58.44,9269739,$56.88,$58.48,$56.66
04/27/2021,$57.16,12926760,$58.32,$58.40,$57.05
04/26/2021,$57.61,8361602,$58.05,$58.36,$57.33
04/23/2021,$57.93,8763212,$56.56,$57.95,$56.39
04/22/2021,$56.28,16936170,$55.85,$57.2189,$55.19
04/21/2021,$55.77,11523910,$55.00,$56.20,$54.61
04/20/2021,$55.48,19081120,$58.00,$58.12,$55.244
04/19/2021,$57.85,16956890,$60.00,$60.2201,$57.52
04/16/2021,$60.35,11856110,$60.74,$60.85,$59.54
04/15/2021,$60.74,17500180,$59.88,$61.09,$59.5501
04/14/2021,$59.23,18959760,$60.11,$61.50,$59.18
04/13/2021,$60.64,21006090,$59.65,$61.01,$58.53
04/12/2021,$59.44,36041320,$59.05,$60.77,$58.75
04/09/2021,$57.68,10228470,$57.32,$57.88,$56.40
04/08/2021,$57.83,9498507,$56.65,$57.94,$56.54
04/07/2021,$56.89,12921860,$58.02,$58.13,$55.95
04/06/2021,$58.05,13579180,$57.34,$58.99,$57.16
04/05/2021,$57.40,13490250,$58.10,$58.42,$56.64
04/01/2021,$57.60,18703400,$55.61,$57.63,$54.81
03/31/2021,$54.51,14760460,$53.96,$55.18,$53.58
03/30/2021,$53.46,9497186,$52.99,$54.12,$52.64
03/29/2021,$53.35,9724766,$54.80,$54.80,$52.85
03/26/2021,$54.71,13528230,$54.41,$55.25,$53.52
03/25/2021,$53.89,13210740,$52.00,$54.28,$51.80
03/24/2021,$52.57,13700840,$54.46,$54.96,$52.54
03/23/2021,$53.49,14513460,$55.63,$55.63,$53.11
03/22/2021,$55.69,14149410,$57.25,$57.61,$55.47
03/19/2021,$57.08,17396300,$55.48,$57.18,$54.34
03/18/2021,$55.69,15742990,$56.63,$57.48,$55.21
03/17/2021,$56.36,25509930,$57.07,$57.57,$55.54
03/16/2021,$58.85,12885730,$59.99,$61.02,$58.38
03/15/2021,$60.19,14993630,$60.35,$60.53,$59.12
03/12/2021,$60.35,14839310,$58.97,$60.59,$57.62
03/11/2021,$58.95,17293750,$58.80,$59.48,$58.22
03/10/2021,$57.68,27997020,$57.21,$58.90,$56.27
03/09/2021,$55.25,17192940,$56.00,$56.15,$54.72
03/08/2021,$53.20,19912070,$55.50,$56.45,$52.89
03/05/2021,$55.54,31576180,$54.28,$55.83,$50.81
03/04/2021,$53.07,27409570,$55.75,$57.16,$51.61
03/03/2021,$56.11,28485380,$55.93,$57.80,$54.65
03/02/2021,$54.65,15199540,$55.54,$55.62,$54.1894
03/01/2021,$54.40,18481140,$53.67,$54.76,$53.30
02/26/2021,$51.75,16349840,$52.07,$52.75,$50.61
02/25/2021,$51.45,27049080,$54.58,$54.60,$50.86
02/24/2021,$53.91,24626970,$54.95,$55.15,$53.66
02/23/2021,$56.00,23947540,$53.50,$56.37,$51.89
02/22/2021,$55.31,25565420,$57.76,$58.10,$54.8157
02/19/2021,$58.39,28097000,$58.36,$60.4572,$58.113
02/18/2021,$59.00,15135650,$60.00,$60.29,$58.23
02/17/2021,$60.81,12669990,$60.33,$60.95,$58.95
02/16/2021,$60.52,15413080,$61.02,$61.31,$59.84
02/12/2021,$60.63,14607830,$60.12,$60.93,$59.315
02/11/2021,$60.71,41363410,$63.25,$64.05,$60.395
02/10/2021,$63.18,36972930,$62.00,$63.50,$60.80
02/09/2021,$59.61,23510740,$58.91,$61.06,$58.62
02/08/2021,$59.29,18410640,$59.70,$60.11,$58.69
02/05/2021,$58.58,15729170,$58.16,$58.7075,$57.37
02/04/2021,$57.85,13847260,$56.45,$57.85,$56.11
02/03/2021,$57.12,13519010,$57.87,$58.13,$56.74
02/02/2021,$56.46,30286800,$55.11,$58.03,$54.89
02/01/2021,$52.76,15570900,$52.12,$52.90,$51.35
01/29/2021,$50.93,18743230,$50.63,$51.4899,$49.635
01/28/2021,$51.58,28114700,$50.12,$52.52,$49.88
01/27/2021,$48.11,33283420,$49.97,$50.86,$47.15
01/26/2021,$51.92,25677020,$54.62,$55.52,$51.53
01/25/2021,$54.29,40890090,$54.50,$54.52,$49.65
01/22/2021,$54.31,19570510,$55.25,$55.47,$54.01
01/21/2021,$55.79,13432030,$56.57,$57.00,$55.3136
01/20/2021,$56.38,16904340,$57.00,$57.98,$55.47
01/19/2021,$56.30,16953660,$56.39,$56.8424,$55.00
01/15/2021,$55.52,23708800,$57.49,$57.90,$55.00
01/14/2021,$56.91,26561000,$60.00,$60.03,$56.70
01/13/2021,$59.40,24178500,$58.54,$59.88,$57.53
01/12/2021,$58.54,52151410,$55.50,$59.39,$55.00
01/11/2021,$54.59,23213840,$53.11,$55.00,$52.99
01/08/2021,$53.28,37999440,$54.395,$54.79,$52.58
01/07/2021,$56.13,23737540,$53.37,$56.25,$53.20
01/06/2021,$52.48,17738120,$53.31,$54.07,$52.00
01/05/2021,$54.01,21403170,$51.00,$54.19,$50.76
01/04/2021,$51.14,17291800,$52.22,$52.32,$49.635
12/31/2020,$51.00,13282790,$53.28,$53.28,$51.00
12/30/2020,$53.15,9518600,$52.72,$53.85,$52.22
12/29/2020,$52.27,10140560,$52.33,$52.99,$51.47
12/28/2020,$51.97,12058980,$53.02,$53.13,$51.56
12/24/2020,$52.88,6316761,$53.60,$53.625,$52.29
12/23/2020,$53.71,12671110,$53.80,$54.09,$52.99
12/22/2020,$53.78,23885280,$52.11,$54.36,$51.92
12/21/2020,$51.80,23562860,$49.00,$52.35,$48.79
12/18/2020,$50.62,24355170,$50.81,$50.95,$49.52
12/17/2020,$50.63,19688320,$50.59,$51.30,$50.17
12/16/2020,$50.49,19577760,$51.18,$51.68,$50.29
12/15/2020,$51.00,17504740,$52.12,$52.825,$50.87
12/14/2020,$51.46,19048540,$53.27,$53.44,$51.24
12/11/2020,$52.63,16817870,$54.47,$55.025,$52.33
12/10/2020,$54.35,20207660,$52.33,$54.62,$51.30
12/09/2020,$53.79,46777880,$53.98,$56.02,$53.06
12/08/2020,$53.01,26167350,$52.40,$54.22,$52.35
12/07/2020,$53.80,13764430,$54.59,$54.87,$53.65
12/04/2020,$54.86,22207890,$52.71,$54.86,$52.71
12/03/2020,$52.52,13122390,$53.30,$53.49,$52.12
12/02/2020,$53.09,30381460,$49.26,$53.45,$48.53
12/01/2020,$49.63,20619100,$50.00,$51.41,$49.07
11/30/2020,$49.66,17221540,$50.22,$51.005,$48.53
11/27/2020,$50.72,8339157,$50.93,$51.19,$50.20
11/25/2020,$50.80,11641560,$51.27,$51.45,$49.92
11/24/2020,$51.26,16216230,$50.62,$52.15,$50.4838
11/23/2020,$50.04,17147060,$48.66,$50.88,$48.51
11/20/2020,$48.43,17330370,$49.98,$50.75,$48.27
11/19/2020,$49.26,13480260,$49.10,$49.91,$48.65
11/18/2020,$49.11,17783510,$48.77,$49.95,$48.33
11/17/2020,$48.89,16638330,$48.72,$49.62,$48.50
11/16/2020,$49.21,29301710,$48.74,$50.09,$48.48
11/13/2020,$47.61,15569910,$47.11,$47.79,$45.93
11/12/2020,$46.40,16255470,$45.39,$47.47,$45.05
11/11/2020,$46.23,19213690,$46.72,$47.52,$45.91
11/10/2020,$47.00,33079780,$46.74,$49.36,$46.045
11/09/2020,$48.18,61632340,$48.01,$49.62,$47.30
11/06/2020,$44.87,57670670,$42.09,$45.38,$41.62
11/05/2020,$41.96,34177620,$40.33,$42.05,$40.01
11/04/2020,$40.99,101818200,$40.66,$42.15,$39.00
11/03/2020,$35.77,16208780,$35.27,$36.15,$35.15
11/02/2020,$34.81,18350450,$34.15,$35.05,$34.06
10/30/2020,$33.41,13508510,$33.91,$34.3903,$33.155
10/29/2020,$34.06,13735350,$33.71,$34.935,$33.33
10/28/2020,$33.65,15787860,$33.62,$33.66,$32.90
10/27/2020,$34.16,13692120,$35.51,$35.70,$34.02
10/26/2020,$35.49,12511720,$36.50,$36.74,$35.12
10/23/2020,$36.75,15960600,$36.50,$36.99,$35.9238
10/22/2020,$36.70,14243610,$35.42,$36.89,$34.9146
10/21/2020,$35.20,19058730,$36.25,$36.25,$34.8751
10/20/2020,$36.31,29820700,$34.53,$36.76,$34.53
10/19/2020,$34.22,19278580,$34.16,$34.59,$34.00
10/16/2020,$33.72,14904330,$34.78,$34.80,$33.61
10/15/2020,$34.26,15449850,$34.68,$34.81,$34.02
10/14/2020,$35.11,15402930,$35.69,$36.09,$35.075
10/13/2020,$35.56,15463090,$36.22,$36.23,$35.02
10/12/2020,$36.26,16569420,$37.56,$37.56,$36.175
10/09/2020,$37.27,13172030,$37.91,$38.35,$37.19
10/08/2020,$37.34,12212370,$37.00,$37.83,$36.96
10/07/2020,$36.78,13782140,$36.59,$37.11,$36.365
10/06/2020,$36.26,13074680,$37.17,$37.37,$36.04
10/05/2020,$37.14,13093070,$37.70,$38.00,$36.88
10/02/2020,$37.72,20123450,$36.00,$37.99,$35.94
10/01/2020,$37.14,19187500,$36.86,$37.8282,$36.58
09/30/2020,$36.48,21386310,$35.28,$36.50,$35.28
09/29/2020,$35.43,16503440,$35.56,$35.65,$34.595
09/28/2020,$35.56,22878430,$35.80,$36.625,$35.26
09/25/2020,$34.46,10736300,$33.20,$34.50,$33.20
09/24/2020,$33.35,16404060,$33.66,$34.00,$32.89
09/23/2020,$33.55,15796890,$34.45,$34.805,$33.40
09/22/2020,$34.40,28242760,$36.53,$36.55,$34.10
09/21/2020,$36.49,19100810,$35.86,$36.58,$35.12
09/18/2020,$37.12,68428610,$37.15,$37.565,$36.39
09/17/2020,$37.06,23534830,$36.68,$37.445,$36.14
09/16/2020,$37.66,21786590,$37.39,$38.52,$37.39
09/15/2020,$37.47,23532580,$37.95,$38.48,$37.27
09/14/2020,$37.95,28016040,$37.10,$38.00,$37.08
09/11/2020,$36.98,27130920,$36.30,$37.145,$36.254
09/10/2020,$35.98,35468320,$35.20,$36.78,$35.19
09/09/2020,$35.01,22803540,$34.11,$35.50,$34.11
09/08/2020,$34.32,33683490,$32.36,$35.10,$32.16
09/04/2020,$33.24,17480620,$33.33,$33.65,$31.55
09/03/2020,$33.41,17288820,$34.08,$34.74,$32.95
09/02/2020,$34.37,16552690,$34.21,$34.505,$33.29
09/01/2020,$34.30,16026170,$33.45,$34.51,$33.145
08/31/2020,$33.63,14980620,$33.62,$33.92,$33.1401
08/28/2020,$33.80,17833020,$33.00,$33.94,$32.82
08/27/2020,$32.80,21306490,$32.40,$33.07,$32.27
08/26/2020,$32.30,20599780,$31.01,$32.71,$30.95
08/25/2020,$31.19,10056760,$31.04,$31.19,$30.60
08/24/2020,$31.04,17406240,$30.97,$31.30,$30.37
08/21/2020,$30.83,20217000,$31.39,$31.82,$30.7144
08/20/2020,$31.41,56663350,$29.13,$31.70,$28.48
08/19/2020,$29.42,14050330,$30.15,$30.349,$29.39
08/18/2020,$30.08,29398210,$29.50,$30.46,$29.41
08/17/2020,$29.48,18544680,$30.05,$30.12,$29.14
08/14/2020,$29.99,17631630,$30.40,$30.49,$29.815
08/13/2020,$30.46,21976780,$30.52,$31.33,$30.32
08/12/2020,$30.84,23415150,$31.46,$32.22,$30.69
08/11/2020,$31.21,31569920,$31.66,$32.21,$30.65
08/10/2020,$32.27,21347590,$33.04,$33.18,$31.51
08/07/2020,$32.90,39071190,$33.09,$33.70,$32.45
08/06/2020,$34.71,38601490,$33.27,$34.795,$33.21
08/05/2020,$33.20,17279010,$33.10,$33.32,$32.50
08/04/2020,$32.68,21958140,$31.17,$32.845,$31.17
08/03/2020,$31.19,17084300,$30.24,$31.295,$30.06
07/31/2020,$30.26,16361000,$30.40,$30.42,$29.785
07/30/2020,$30.24,13062910,$30.65,$30.68,$29.97
07/29/2020,$31.02,8215892,$30.92,$31.26,$30.77
07/28/2020,$30.81,12977150,$30.79,$31.24,$30.35
07/27/2020,$30.99,10182300,$31.21,$31.60,$30.75
07/24/2020,$31.18,16896060,$31.74,$31.80,$30.47
07/23/2020,$32.17,12749770,$32.33,$33.02,$31.983
07/22/2020,$32.66,12128380,$32.44,$32.88,$32.33
07/21/2020,$32.55,16743290,$34.16,$34.23,$32.53
07/20/2020,$33.66,16213610,$32.48,$33.925,$32.35
07/17/2020,$32.55,13667900,$32.58,$32.8162,$31.85
07/16/2020,$32.35,11090750,$32.05,$32.59,$31.55
07/15/2020,$32.81,20976520,$32.10,$32.97,$31.68
07/14/2020,$30.93,21781830,$31.35,$31.38,$30.48
07/13/2020,$31.72,19604820,$33.21,$33.60,$31.66
07/10/2020,$33.14,13586290,$33.14,$33.55,$32.65
07/09/2020,$33.15,25061820,$34.24,$34.46,$32.2599
07/08/2020,$33.93,24602370,$33.21,$33.97,$32.68
07/07/2020,$32.82,34874660,$32.46,$33.5598,$32.39
07/06/2020,$32.52,42392220,$33.10,$33.20,$31.76
07/02/2020,$30.68,14981140,$31.02,$31.57,$30.51
07/01/2020,$30.43,13611540,$30.96,$31.265,$30.1622
06/30/2020,$31.08,21282810,$30.83,$31.25,$30.13
06/29/2020,$29.63,20795400,$29.51,$29.75,$28.39
06/26/2020,$29.61,46482330,$30.44,$30.44,$29.2099
06/25/2020,$30.58,19142790,$30.00,$30.855,$29.56
06/24/2020,$30.46,29477230,$32.75,$32.93,$30.455
06/23/2020,$33.05,13622130,$32.88,$33.21,$32.5901
06/22/2020,$32.68,17790280,$32.43,$32.85,$31.43
06/19/2020,$32.30,29426290,$33.98,$34.02,$32.27
06/18/2020,$33.40,15495840,$33.00,$33.44,$32.80
06/17/2020,$33.29,14827740,$33.50,$33.595,$33.011
06/16/2020,$33.49,21377120,$34.00,$34.17,$32.43
06/15/2020,$32.67,21350290,$31.16,$32.68,$31.0201
06/12/2020,$32.24,27685170,$32.73,$32.74,$31.04
06/11/2020,$31.10,45298710,$32.63,$33.245,$30.8904
06/10/2020,$34.83,43473720,$36.69,$36.80,$34.265
06/09/2020,$36.59,15127270,$36.70,$37.33,$36.25
06/08/2020,$37.08,30099530,$37.87,$37.90,$36.09
06/05/2020,$37.21,30393430,$37.53,$38.7825,$36.92
06/04/2020,$36.43,17423580,$36.42,$37.30,$36.28
06/03/2020,$36.75,23051780,$36.20,$37.3678,$36.14
06/02/2020,$35.81,19328420,$36.16,$36.42,$35.26
06/01/2020,$35.82,21893810,$35.64,$36.39,$35.16
05/29/2020,$36.32,72422930,$34.18,$36.45,$34.00
05/28/2020,$34.15,21959580,$34.90,$35.10,$33.82
05/27/2020,$34.88,27514550,$34.42,$35.00,$33.10
05/26/2020,$34.56,23483220,$35.97,$36.00,$34.50
05/22/2020,$34.83,18675680,$34.15,$34.93,$33.57
05/21/2020,$34.26,24075310,$34.45,$35.01,$33.47
05/20/2020,$34.48,21386700,$34.12,$34.77,$33.82
05/19/2020,$33.40,20223570,$33.68,$34.00,$32.86
05/18/2020,$33.62,47561740,$33.70,$36.00,$32.99
05/15/2020,$32.47,25949970,$32.26,$32.89,$31.59
05/14/2020,$32.79,32912580,$32.53,$33.0399,$31.24
05/13/2020,$33.02,47279490,$32.30,$33.06,$30.83
05/12/2020,$32.40,89585970,$31.42,$34.45,$30.41
05/11/2020,$31.64,26439190,$31.98,$32.385,$31.41
05/08/2020,$32.79,69525790,$32.59,$33.30,$31.64
05/07/2020,$30.93,62229500,$29.60,$31.65,$29.58
05/06/2020,$27.82,31076450,$27.50,$28.06,$26.81
05/05/2020,$28.07,30725370,$28.25,$28.9088,$27.44
05/04/2020,$27.42,23428330,$27.56,$28.07,$26.58
05/01/2020,$28.39,19290190,$29.13,$29.72,$28.325
04/30/2020,$30.27,20095400,$30.50,$31.05,$29.75
04/29/2020,$31.37,28288120,$31.00,$32.00,$30.33
04/28/2020,$30.12,27383200,$31.00,$31.83,$29.36
04/27/2020,$30.08,31705830,$29.74,$30.49,$29.4112
04/24/2020,$29.49,20648860,$28.51,$29.59,$28.14
04/23/2020,$28.33,26992380,$28.75,$29.25,$28.2414
04/22/2020,$28.24,21222360,$27.97,$28.56,$27.51
04/21/2020,$27.19,20969120,$27.50,$28.15,$26.60
04/20/2020,$28.19,32224040,$27.07,$28.76,$26.90
04/17/2020,$28.00,34129830,$28.69,$28.79,$27.26
04/16/2020,$27.03,24088740,$27.21,$28.05,$26.46
04/15/2020,$27.41,18720880,$26.82,$27.79,$26.44
04/14/2020,$27.75,32625330,$28.00,$28.77,$27.013
04/13/2020,$27.99,24671570,$27.04,$28.08,$26.47
04/09/2020,$27.11,36189610,$27.88,$28.89,$26.46
04/08/2020,$26.94,36166870,$26.00,$27.8781,$25.79
04/07/2020,$25.74,36433760,$27.95,$28.11,$25.50
04/06/2020,$25.99,34692630,$24.13,$26.09,$23.93
04/03/2020,$22.82,40572020,$23.73,$23.79,$21.67
04/02/2020,$23.68,35838240,$25.01,$25.20,$23.00
04/01/2020,$25.42,38538380,$26.50,$26.767,$24.8101
03/31/2020,$27.92,43126370,$27.75,$28.25,$26.92
03/30/2020,$27.83,37725660,$26.33,$28.39,$25.31
03/27/2020,$27.28,40292210,$25.82,$28.03,$25.07
03/26/2020,$28.12,41370840,$26.60,$28.44,$25.78
03/25/2020,$26.19,52473950,$26.18,$28.45,$25.3104
03/24/2020,$26.39,58505020,$24.41,$26.84,$23.59
03/23/2020,$22.40,47787090,$21.07,$22.73,$19.73
03/20/2020,$21.33,76529680,$22.53,$23.89,$20.61
03/19/2020,$20.49,83988720,$15.96,$21.26,$15.70
03/18/2020,$14.82,78286210,$17.76,$17.80,$13.71
03/17/2020,$18.91,60003890,$20.18,$20.31,$18.01
03/16/2020,$20.29,56913950,$20.15,$21.49,$19.10
03/13/2020,$22.60,53844420,$24.01,$24.81,$21.13
03/12/2020,$22.61,54041980,$23.26,$24.69,$22.11
03/11/2020,$26.24,43212770,$27.91,$28.14,$25.61
03/10/2020,$28.97,36308320,$29.47,$29.86,$27.00
03/09/2020,$28.17,37439160,$28.50,$30.32,$28.15
03/06/2020,$31.68,34808730,$31.23,$32.41,$30.45
03/05/2020,$32.21,32764550,$33.47,$33.57,$31.97
03/04/2020,$34.53,44738640,$33.93,$35.34,$32.28
03/03/2020,$33.04,35182370,$34.02,$34.18,$31.90
03/02/2020,$32.85,46662020,$34.05,$34.08,$31.74
02/28/2020,$33.87,52100200,$31.81,$34.29,$31.00
02/27/2020,$32.45,66557250,$32.03,$34.16,$30.67
02/26/2020,$34.45,44108920,$35.53,$36.165,$33.89
02/25/2020,$35.89,49281560,$38.90,$39.15,$35.50
02/24/2020,$38.31,37123160,$38.21,$39.14,$37.75
02/21/2020,$40.72,20600620,$40.89,$40.89,$40.05
02/20/2020,$40.92,25446390,$41.00,$41.19,$39.85
02/19/2020,$41.05,23287330,$40.42,$41.23,$40.115
02/18/2020,$40.18,22168470,$39.49,$40.27,$39.45
02/14/2020,$39.66,32014220,$40.02,$40.31,$38.70
02/13/2020,$40.09,23850950,$40.93,$41.55,$40.00
02/12/2020,$41.25,26444890,$41.50,$41.86,$41.065
02/11/2020,$41.27,33895960,$40.25,$41.465,$40.05
02/10/2020,$40.01,60840790,$40.65,$41.34,$39.96
02/07/2020,$40.63,112325800,$39.98,$41.00,$38.86
02/06/2020,$37.09,52699340,$37.30,$37.39,$36.73
02/05/2020,$36.81,38413310,$38.89,$38.97,$36.735
02/04/2020,$38.53,32425930,$37.87,$38.99,$37.26
02/03/2020,$37.59,23537340,$36.75,$37.64,$36.53
01/31/2020,$36.29,21553670,$37.00,$37.04,$35.69
01/30/2020,$36.68,22846950,$36.82,$37.1319,$35.95
01/29/2020,$36.99,16882300,$36.98,$37.565,$36.80
01/28/2020,$37.01,28973960,$37.14,$37.33,$36.04
01/27/2020,$36.30,18817970,$35.23,$36.65,$34.19
01/24/2020,$36.80,21598010,$37.50,$37.665,$36.25
01/23/2020,$37.40,21365950,$36.97,$37.95,$36.725
01/22/2020,$37.04,29765240,$37.94,$37.94,$36.92
01/21/2020,$37.60,48746660,$35.50,$37.80,$35.41
01/17/2020,$35.13,17251230,$34.97,$35.25,$34.65
01/16/2020,$34.68,21955290,$35.03,$35.06,$34.18
01/15/2020,$35.01,20762170,$34.90,$35.1493,$34.51
01/14/2020,$34.84,26029810,$34.20,$35.02,$33.92
01/13/2020,$34.14,16833140,$34.29,$34.34,$33.55
01/10/2020,$34.01,34276990,$34.08,$34.99,$33.835
01/09/2020,$33.97,29407620,$34.45,$34.47,$33.22
01/08/2020,$33.93,43955450,$32.73,$34.52,$32.46
01/07/2020,$32.81,30268970,$31.79,$32.84,$31.36
01/06/2020,$31.58,21215870,$31.01,$32.06,$31.00
01/03/2020,$31.37,18831450,$30.62,$31.43,$30.48
01/02/2020,$30.99,20583240,$29.94,$31.00,$29.79
12/31/2019,$29.74,16233060,$29.11,$29.95,$28.90
12/30/2019,$29.74,18812850,$30.13,$30.20,$29.35
12/27/2019,$30.17,18465970,$30.80,$31.06,$30.17
12/26/2019,$30.67,22224500,$30.47,$30.79,$30.03
12/24/2019,$30.44,12938590,$30.33,$30.84,$30.11
12/23/2019,$30.33,31212260,$30.49,$30.94,$29.83
12/20/2019,$30.45,95461690,$30.10,$31.03,$29.85
12/19/2019,$29.99,33816870,$29.84,$30.17,$29.5301
12/18/2019,$30.13,35389840,$29.62,$30.14,$29.34
12/17/2019,$29.75,38254270,$30.37,$30.42,$29.53
12/16/2019,$30.05,57408200,$29.11,$30.13,$29.10
12/13/2019,$28.49,25439340,$28.58,$28.84,$28.27
12/12/2019,$28.69,23581480,$28.29,$28.75,$28.19
12/11/2019,$28.42,23286550,$27.99,$28.545,$27.8497
12/10/2019,$27.89,23604940,$27.73,$27.993,$27.605
12/09/2019,$27.68,21098390,$27.96,$28.36,$27.68
12/06/2019,$27.86,33144370,$28.40,$28.925,$27.8001
12/05/2019,$28.65,22567270,$28.94,$28.99,$28.18
12/04/2019,$29.06,22526470,$29.10,$29.20,$28.70
12/03/2019,$29.02,25389160,$28.20,$29.33,$28.15
12/02/2019,$28.98,17423900,$29.32,$29.525,$28.70
11/29/2019,$29.60,8115145,$29.41,$29.85,$29.25
11/27/2019,$29.49,22463870,$29.42,$29.59,$28.88
11/26/2019,$29.53,29590490,$29.49,$30.15,$29.36
11/25/2019,$29.11,37571610,$28.69,$29.60,$28.38
11/22/2019,$29.56,44383880,$29.84,$30.13,$29.21
11/21/2019,$29.46,55658630,$28.67,$29.60,$28.50
11/20/2019,$28.03,54075770,$27.06,$28.40,$26.945
11/19/2019,$27.05,34115870,$26.77,$27.22,$26.61
11/18/2019,$26.75,37309670,$26.80,$27.00,$26.30
11/15/2019,$26.79,41372770,$26.18,$26.80,$25.955
11/14/2019,$25.99,28027880,$26.80,$26.86,$25.665
11/13/2019,$26.71,34512660,$26.47,$26.82,$26.14
11/12/2019,$26.70,37095390,$27.38,$27.66,$26.66
11/11/2019,$27.14,41445730,$27.03,$27.21,$26.23
11/08/2019,$27.01,45263120,$27.48,$27.62,$26.915
11/07/2019,$27.38,65949470,$26.80,$27.42,$26.45
11/06/2019,$26.94,133569800,$26.06,$27.55,$25.58
11/05/2019,$28.02,52180620,$29.13,$29.30,$27.97
11/04/2019,$31.08,32330120,$31.45,$31.75,$30.12
11/01/2019,$31.37,10460430,$31.45,$31.70,$30.7412
10/31/2019,$31.50,16130020,$33.23,$33.36,$31.26
10/30/2019,$33.75,10861060,$32.51,$33.80,$32.11
10/29/2019,$32.42,9357355,$32.37,$32.92,$31.8146
10/28/2019,$33.22,8073107,$32.90,$33.355,$32.50
10/25/2019,$32.71,8106804,$33.20,$33.48,$32.61
10/24/2019,$33.28,6789619,$33.00,$33.42,$32.51
10/23/2019,$33.05,6843199,$32.87,$33.27,$32.17
10/22/2019,$32.53,19244280,$31.41,$33.89,$30.22
10/21/2019,$31.41,7232322,$31.95,$32.2828,$31.185
10/18/2019,$32.06,8074207,$32.55,$32.66,$31.27
10/17/2019,$32.62,7239293,$31.80,$32.93,$31.45
10/16/2019,$31.87,7802690,$31.80,$32.38,$31.4376
10/15/2019,$32.00,7904528,$31.20,$32.17,$31.195
10/14/2019,$31.12,7966943,$30.22,$31.54,$29.8186
10/11/2019,$30.13,10298620,$28.95,$30.40,$28.94
10/10/2019,$28.87,7797845,$29.21,$29.28,$28.58
10/09/2019,$29.07,7162775,$29.62,$29.62,$28.81
10/08/2019,$29.28,7806911,$30.01,$30.15,$29.17
10/07/2019,$30.37,10151450,$30.60,$30.75,$29.83
10/04/2019,$29.67,8633938,$29.90,$30.18,$28.90
10/03/2019,$29.72,9461973,$28.97,$29.88,$28.52
10/02/2019,$29.00,9371270,$28.67,$29.55,$28.31
10/01/2019,$29.15,13448060,$30.37,$30.51,$28.65
09/30/2019,$30.47,5021190,$30.40,$30.735,$30.17
09/27/2019,$30.29,11875120,$31.71,$31.90,$30.13
09/26/2019,$31.57,6062457,$31.72,$32.13,$31.13
09/25/2019,$31.68,7879880,$31.27,$31.72,$30.76
09/24/2019,$31.30,10625790,$33.00,$33.1453,$31.01
09/23/2019,$33.00,5526412,$32.52,$33.01,$32.06
09/20/2019,$32.60,12026860,$33.98,$34.2173,$32.50
09/19/2019,$33.82,6884274,$34.20,$34.64,$33.68
09/18/2019,$34.26,6624433,$34.35,$34.89,$33.75
09/17/2019,$34.29,5588258,$34.75,$34.75,$33.55
09/16/2019,$34.43,7942590,$33.60,$34.80,$33.47
09/13/2019,$33.25,9428551,$34.25,$34.435,$32.94
09/12/2019,$34.07,7734849,$34.14,$34.4862,$33.33
09/11/2019,$34.00,14715770,$33.38,$35.14,$33.02
09/10/2019,$33.51,10817140,$32.00,$33.74,$31.65
09/09/2019,$32.24,7448418,$32.05,$32.39,$31.46
09/06/2019,$31.86,7035967,$32.71,$32.74,$31.41
09/05/2019,$32.51,7938083,$32.33,$33.03,$32.25
09/04/2019,$31.99,10367330,$30.91,$32.36,$30.85
09/03/2019,$30.70,12194310,$32.10,$32.53,$30.665
08/30/2019,$32.57,6636847,$33.00,$33.13,$32.04
08/29/2019,$32.76,5811175,$32.90,$33.30,$32.60
08/28/2019,$32.59,6261038,$32.56,$33.05,$32.26
08/27/2019,$33.11,6596129,$33.69,$34.24,$32.98
08/26/2019,$33.31,5669714,$33.67,$33.83,$33.06
08/23/2019,$33.43,8186706,$33.65,$34.23,$33.12
08/22/2019,$34.00,8516485,$34.80,$34.91,$33.52
08/21/2019,$34.91,7949074,$35.50,$35.83,$34.75
08/20/2019,$35.29,10766390,$34.48,$36.07,$34.39
08/19/2019,$34.61,10853130,$35.53,$35.80,$34.37
08/16/2019,$35.23,13883150,$33.46,$35.48,$33.40
08/15/2019,$33.22,13265790,$34.52,$34.55,$32.92
08/14/2019,$33.96,24481640,$36.00,$36.2999,$33.36
08/13/2019,$36.45,19031420,$37.00,$37.46,$36.12
08/12/2019,$37.00,21231430,$39.83,$39.95,$37.00
08/09/2019,$40.05,35138780,$39.56,$40.68,$38.71
08/08/2019,$42.97,29610460,$41.98,$43.00,$41.25
08/07/2019,$39.70,8896039,$39.06,$39.99,$38.32
08/06/2019,$39.15,8570273,$39.68,$40.808,$38.36
08/05/2019,$39.05,9799269,$39.35,$39.42,$38.4325
08/02/2019,$40.40,8225677,$41.03,$41.06,$39.95
08/01/2019,$41.31,7349740,$42.14,$42.5355,$41.00
07/31/2019,$42.14,5970774,$42.60,$42.98,$41.84
07/30/2019,$42.59,7686342,$43.71,$43.74,$42.49
07/29/2019,$43.88,8652204,$45.00,$45.627,$43.12
07/26/2019,$44.52,7598828,$43.42,$44.96,$43.39
07/25/2019,$43.40,4411991,$43.72,$43.96,$43.21
07/24/2019,$43.76,3775677,$43.36,$43.87,$43.36
07/23/2019,$43.36,5110090,$43.75,$44.31,$43.11
07/22/2019,$43.69,3822276,$43.25,$43.72,$43.01
07/19/2019,$43.18,4021018,$43.90,$44.086,$43.16
07/18/2019,$43.71,4123615,$43.50,$43.85,$43.19
07/17/2019,$43.62,5854149,$44.06,$44.35,$43.52
07/16/2019,$44.13,5613321,$44.60,$44.98,$44.02
07/15/2019,$44.53,5811160,$44.20,$44.70,$43.97
07/12/2019,$43.99,8760526,$44.16,$44.24,$43.39
07/11/2019,$43.99,8050856,$44.10,$44.29,$43.31
07/10/2019,$43.70,9746505,$44.48,$44.80,$43.56
07/09/2019,$44.20,5251564,$43.18,$44.23,$42.98
07/08/2019,$42.95,9304101,$43.59,$43.85,$42.75
07/05/2019,$43.53,8239452,$44.31,$44.55,$43.01
07/03/2019,$44.23,3380003,$44.00,$44.46,$43.79
07/02/2019,$44.00,11881270,$44.55,$44.68,$43.75
07/01/2019,$44.27,17740000,$46.98,$47.04,$44.06
06/28/2019,$46.38,28657000,$45.10,$47.08,$45.08
06/27/2019,$45.13,20155080,$43.35,$45.30,$43.20
06/26/2019,$42.50,8109056,$43.25,$43.40,$42.36
06/25/2019,$43.09,5755107,$43.28,$43.79,$42.4431
06/24/2019,$43.09,5985052,$44.00,$44.07,$42.82
06/21/2019,$44.00,4973987,$43.85,$44.14,$43.38
06/20/2019,$43.86,9567367,$45.03,$45.29,$43.51
06/19/2019,$44.86,10331520,$44.46,$45.50,$43.95
06/18/2019,$43.86,7313602,$44.30,$44.89,$43.75
06/17/2019,$43.78,6557589,$43.28,$44.079,$42.93
06/14/2019,$43.23,7902223,$44.75,$44.80,$43.11
06/13/2019,$44.31,10178940,$43.05,$44.35,$42.80
06/12/2019,$42.17,5965250,$42.52,$42.65,$41.71
06/11/2019,$42.45,9095044,$43.22,$43.65,$41.80
06/10/2019,$42.61,11618700,$44.02,$44.59,$42.53
06/07/2019,$44.16,12654670,$44.92,$45.67,$44.13
06/06/2019,$44.92,16403690,$45.00,$45.75,$44.28
06/05/2019,$45.00,28609600,$42.87,$45.66,$42.50
06/04/2019,$42.75,23432140,$42.56,$42.88,$40.70
06/03/2019,$41.25,16605260,$40.744,$41.85,$40.24
05/31/2019,$40.41,23209850,$41.15,$41.57,$39.41
05/30/2019,$39.80,26451860,$40.07,$40.38,$39.50
05/29/2019,$39.94,14060450,$40.52,$40.71,$39.1473
05/28/2019,$40.95,13391610,$41.70,$41.80,$40.60
05/24/2019,$41.51,8786751,$41.28,$41.51,$40.50
05/23/2019,$40.47,11119870,$40.80,$41.09,$40.02
05/22/2019,$41.25,9089469,$41.05,$41.28,$40.50
05/21/2019,$41.50,10802850,$42.00,$42.24,$41.25
05/20/2019,$41.59,29222330,$41.19,$41.68,$39.46
05/17/2019,$41.91,20225690,$41.98,$43.29,$41.27
05/16/2019,$43.00,38115520,$41.48,$44.06,$41.25
05/15/2019,$41.29,36086070,$39.37,$41.88,$38.95
05/14/2019,$39.96,46661150,$38.31,$39.96,$36.85
05/13/2019,$37.10,79442420,$38.79,$39.24,$36.08
05/10/2019,$41.57,186322500,$42.00,$45.00,$41.06
