ticker,date_only,expiration_date,underlying_symbol,option_type,strike,volume,open_price,close_price,high_price,low_price,transactions,window_start,days_to_expiry,underlying_open,underlying_close,underlying_high,underlying_low,underlying_spot,underlying_close_at_expiry,underlying_high_at_expiry,underlying_spot_at_expiry
O:ORCL160108C00032000,2016-01-04,2016-01-08,ORCL,C,2.13,25,0.94,0.94,0.94,0.94,1,1451883600000000000,4,,,,,,,,
O:ORCL160108C00035500,2016-01-04,2016-01-08,ORCL,C,2.37,57,0.12,0.12,0.12,0.1,7,1451883600000000000,4,,,,,,,,
O:ORCL160108C00036000,2016-01-04,2016-01-08,ORCL,C,2.4,488,0.06,0.06,0.08,0.06,26,1451883600000000000,4,,,,,,,,
O:ORCL160108C00036500,2016-01-04,2016-01-08,ORCL,C,2.43,1215,0.04,0.03,0.04,0.02,27,1451883600000000000,4,,,,,,,,
O:ORCL160108C00037000,2016-01-04,2016-01-08,ORCL,C,2.47,2,0.01,0.01,0.01,0.01,1,1451883600000000000,4,,,,,,,,
O:ORCL160108C00037500,2016-01-04,2016-01-08,ORCL,C,2.5,30,0.0,0.0,0.0,0.0,2,1451883600000000000,4,,,,,,,,
O:ORCL160108C00038500,2016-01-04,2016-01-08,ORCL,C,2.57,10,0.0,0.0,0.0,0.0,1,1451883600000000000,4,,,,,,,,
O:ORCL160115C00030000,2016-01-11,2016-01-15,ORCL,C,2.0,30,1.18,1.25,1.25,1.18,3,1452488400000000000,4,34.75,34.94,35.12,34.52,35.12,34.12,34.51,34.51
O:ORCL160115C00034000,2016-01-11,2016-01-15,ORCL,C,2.27,350,0.28,0.3,0.3,0.23,16,1452488400000000000,4,34.75,34.94,35.12,34.52,35.12,34.12,34.51,34.51
O:ORCL160115C00034500,2016-01-11,2016-01-15,ORCL,C,2.3,165,0.18,0.19,0.19,0.14,15,1452488400000000000,4,34.75,34.94,35.12,34.52,35.12,34.12,34.51,34.51
O:ORCL160115C00035000,2016-01-11,2016-01-15,ORCL,C,2.33,705,0.12,0.1,0.12,0.06,37,1452488400000000000,4,34.75,34.94,35.12,34.52,35.12,34.12,34.51,34.51
O:ORCL160115C00035500,2016-01-11,2016-01-15,ORCL,C,2.37,927,0.06,0.06,0.06,0.04,36,1452488400000000000,4,34.75,34.94,35.12,34.52,35.12,34.12,34.51,34.51
O:ORCL160115C00036000,2016-01-11,2016-01-15,ORCL,C,2.4,305,0.03,0.02,0.03,0.02,25,1452488400000000000,4,34.75,34.94,35.12,34.52,35.12,34.12,34.51,34.51
O:ORCL160115C00036500,2016-01-11,2016-01-15,ORCL,C,2.43,2,0.01,0.01,0.01,0.01,1,1452488400000000000,4,34.75,34.94,35.12,34.52,35.12,34.12,34.51,34.51
O:ORCL160115C00037000,2016-01-11,2016-01-15,ORCL,C,2.47,94,0.01,0.01,0.01,0.0,26,1452488400000000000,4,34.75,34.94,35.12,34.52,35.12,34.12,34.51,34.51
O:ORCL160115C00037500,2016-01-11,2016-01-15,ORCL,C,2.5,2,0.01,0.01,0.01,0.01,1,1452488400000000000,4,34.75,34.94,35.12,34.52,35.12,34.12,34.51,34.51
O:ORCL160115C00038000,2016-01-11,2016-01-15,ORCL,C,2.53,87,0.06,0.0,0.06,0.0,16,1452488400000000000,4,34.75,34.94,35.12,34.52,35.12,34.12,34.51,34.51
O:ORCL160115C00040000,2016-01-11,2016-01-15,ORCL,C,2.67,29,0.0,0.0,0.0,0.0,12,1452488400000000000,4,34.75,34.94,35.12,34.52,35.12,34.12,34.51,34.51
O:ORCL160115C00041000,2016-01-11,2016-01-15,ORCL,C,2.73,31,0.0,0.0,0.0,0.0,3,1452488400000000000,4,34.75,34.94,35.12,34.52,35.12,34.12,34.51,34.51
O:ORCL160115C00047000,2016-01-11,2016-01-15,ORCL,C,3.13,1,0.0,0.0,0.0,0.0,1,1452488400000000000,4,34.75,34.94,35.12,34.52,35.12,34.12,34.51,34.51
O:ORCL160115C00050000,2016-01-11,2016-01-15,ORCL,C,3.33,4,0.0,0.0,0.0,0.0,1,1452488400000000000,4,34.75,34.94,35.12,34.52,35.12,34.12,34.51,34.51
O:ORCL160129C00033500,2016-01-25,2016-01-29,ORCL,C,2.23,20,0.34,0.3,0.34,0.3,2,1453698000000000000,4,34.58,34.34,34.94,34.3,34.94,36.31,36.31,36.31
O:ORCL160129C00034500,2016-01-25,2016-01-29,ORCL,C,2.3,4,0.1,0.1,0.1,0.1,4,1453698000000000000,4,34.58,34.34,34.94,34.3,34.94,36.31,36.31,36.31
O:ORCL160129C00035000,2016-01-25,2016-01-29,ORCL,C,2.33,144,0.06,0.08,0.09,0.06,17,1453698000000000000,4,34.58,34.34,34.94,34.3,34.94,36.31,36.31,36.31
O:ORCL160129C00035500,2016-01-25,2016-01-29,ORCL,C,2.37,54,0.02,0.02,0.04,0.02,12,1453698000000000000,4,34.58,34.34,34.94,34.3,34.94,36.31,36.31,36.31
O:ORCL160129C00036000,2016-01-25,2016-01-29,ORCL,C,2.4,137,0.01,0.01,0.02,0.01,6,1453698000000000000,4,34.58,34.34,34.94,34.3,34.94,36.31,36.31,36.31
O:ORCL160129C00040000,2016-01-25,2016-01-29,ORCL,C,2.67,4,0.0,0.01,0.02,0.0,3,1453698000000000000,4,34.58,34.34,34.94,34.3,34.94,36.31,36.31,36.31
O:ORCL160205C00035000,2016-02-01,2016-02-05,ORCL,C,2.33,1,0.38,0.38,0.38,0.38,1,1454302800000000000,4,35.9,36.32,36.54,35.85,36.54,35.7,36.24,36.24
O:ORCL160205C00035500,2016-02-01,2016-02-05,ORCL,C,2.37,37,0.23,0.27,0.27,0.22,3,1454302800000000000,4,35.9,36.32,36.54,35.85,36.54,35.7,36.24,36.24
O:ORCL160205C00036000,2016-02-01,2016-02-05,ORCL,C,2.4,134,0.11,0.16,0.18,0.11,13,1454302800000000000,4,35.9,36.32,36.54,35.85,36.54,35.7,36.24,36.24
O:ORCL160205C00036500,2016-02-01,2016-02-05,ORCL,C,2.43,213,0.04,0.09,0.09,0.04,17,1454302800000000000,4,35.9,36.32,36.54,35.85,36.54,35.7,36.24,36.24
O:ORCL160205C00037000,2016-02-01,2016-02-05,ORCL,C,2.47,50,0.02,0.04,0.04,0.02,10,1454302800000000000,4,35.9,36.32,36.54,35.85,36.54,35.7,36.24,36.24
O:ORCL160212C00034000,2016-02-08,2016-02-12,ORCL,C,2.27,10,0.22,0.22,0.22,0.22,1,1454907600000000000,4,35.13,35.61,35.7,34.48,35.7,35.54,35.55,35.55
O:ORCL160212C00034500,2016-02-08,2016-02-12,ORCL,C,2.3,60,0.2,0.22,0.22,0.19,3,1454907600000000000,4,35.13,35.61,35.7,34.48,35.7,35.54,35.55,35.55
O:ORCL160212C00035000,2016-02-08,2016-02-12,ORCL,C,2.33,135,0.15,0.19,0.19,0.09,16,1454907600000000000,4,35.13,35.61,35.7,34.48,35.7,35.54,35.55,35.55
O:ORCL160212C00035500,2016-02-08,2016-02-12,ORCL,C,2.37,156,0.1,0.14,0.14,0.05,18,1454907600000000000,4,35.13,35.61,35.7,34.48,35.7,35.54,35.55,35.55
O:ORCL160212C00036000,2016-02-08,2016-02-12,ORCL,C,2.4,82,0.04,0.08,0.08,0.02,20,1454907600000000000,4,35.13,35.61,35.7,34.48,35.7,35.54,35.55,35.55
O:ORCL160212C00036500,2016-02-08,2016-02-12,ORCL,C,2.43,5,0.01,0.01,0.01,0.01,3,1454907600000000000,4,35.13,35.61,35.7,34.48,35.7,35.54,35.55,35.55
O:ORCL160212C00037000,2016-02-08,2016-02-12,ORCL,C,2.47,75,0.02,0.02,0.02,0.02,1,1454907600000000000,4,35.13,35.61,35.7,34.48,35.7,35.54,35.55,35.55
O:ORCL160226C00030000,2016-02-22,2016-02-26,ORCL,C,2.0,2,1.8,1.8,1.8,1.8,1,1456117200000000000,4,37.11,37.11,37.49,36.9,37.49,36.96,37.65,37.65
O:ORCL160226C00035500,2016-02-22,2016-02-26,ORCL,C,2.37,209,0.46,0.42,0.46,0.42,2,1456117200000000000,4,37.11,37.11,37.49,36.9,37.49,36.96,37.65,37.65
O:ORCL160226C00036000,2016-02-22,2016-02-26,ORCL,C,2.4,450,0.32,0.29,0.34,0.29,13,1456117200000000000,4,37.11,37.11,37.49,36.9,37.49,36.96,37.65,37.65
O:ORCL160226C00036500,2016-02-22,2016-02-26,ORCL,C,2.43,47,0.21,0.19,0.21,0.19,11,1456117200000000000,4,37.11,37.11,37.49,36.9,37.49,36.96,37.65,37.65
O:ORCL160226C00037000,2016-02-22,2016-02-26,ORCL,C,2.47,342,0.12,0.11,0.16,0.11,19,1456117200000000000,4,37.11,37.11,37.49,36.9,37.49,36.96,37.65,37.65
O:ORCL160226C00037500,2016-02-22,2016-02-26,ORCL,C,2.5,313,0.06,0.04,0.09,0.04,19,1456117200000000000,4,37.11,37.11,37.49,36.9,37.49,36.96,37.65,37.65
O:ORCL160226C00038000,2016-02-22,2016-02-26,ORCL,C,2.53,66,0.04,0.02,0.04,0.02,12,1456117200000000000,4,37.11,37.11,37.49,36.9,37.49,36.96,37.65,37.65
O:ORCL160226C00038500,2016-02-22,2016-02-26,ORCL,C,2.57,6,0.0,0.0,0.0,0.0,1,1456117200000000000,4,37.11,37.11,37.49,36.9,37.49,36.96,37.65,37.65
O:ORCL160304C00035000,2016-02-29,2016-03-04,ORCL,C,2.33,10,0.5,0.5,0.5,0.5,1,1456722000000000000,4,37.0,36.78,37.33,36.62,37.33,37.89,38.16,38.16
O:ORCL160304C00036000,2016-02-29,2016-03-04,ORCL,C,2.4,15,0.24,0.24,0.24,0.24,1,1456722000000000000,4,37.0,36.78,37.33,36.62,37.33,37.89,38.16,38.16
O:ORCL160304C00037000,2016-02-29,2016-03-04,ORCL,C,2.47,95,0.11,0.08,0.12,0.08,8,1456722000000000000,4,37.0,36.78,37.33,36.62,37.33,37.89,38.16,38.16
O:ORCL160304C00037500,2016-02-29,2016-03-04,ORCL,C,2.5,125,0.05,0.03,0.06,0.03,14,1456722000000000000,4,37.0,36.78,37.33,36.62,37.33,37.89,38.16,38.16
O:ORCL160304C00038000,2016-02-29,2016-03-04,ORCL,C,2.53,307,0.02,0.02,0.02,0.02,9,1456722000000000000,4,37.0,36.78,37.33,36.62,37.33,37.89,38.16,38.16
O:ORCL160311C00036000,2016-03-07,2016-03-11,ORCL,C,2.4,1,0.57,0.57,0.57,0.57,1,1457326800000000000,4,37.54,38.36,38.45,37.52,38.45,38.95,38.97,38.97
O:ORCL160311C00036500,2016-03-07,2016-03-11,ORCL,C,2.43,1,0.3,0.3,0.3,0.3,1,1457326800000000000,4,37.54,38.36,38.45,37.52,38.45,38.95,38.97,38.97
O:ORCL160311C00037000,2016-03-07,2016-03-11,ORCL,C,2.47,16,0.36,0.36,0.36,0.36,2,1457326800000000000,4,37.54,38.36,38.45,37.52,38.45,38.95,38.97,38.97
O:ORCL160311C00037500,2016-03-07,2016-03-11,ORCL,C,2.5,46,0.2,0.22,0.22,0.2,4,1457326800000000000,4,37.54,38.36,38.45,37.52,38.45,38.95,38.97,38.97
O:ORCL160311C00038000,2016-03-07,2016-03-11,ORCL,C,2.53,138,0.08,0.16,0.16,0.06,10,1457326800000000000,4,37.54,38.36,38.45,37.52,38.45,38.95,38.97,38.97
O:ORCL160311C00038500,2016-03-07,2016-03-11,ORCL,C,2.57,15,0.05,0.06,0.06,0.05,2,1457326800000000000,4,37.54,38.36,38.45,37.52,38.45,38.95,38.97,38.97
O:ORCL160311C00039000,2016-03-07,2016-03-11,ORCL,C,2.6,169,0.02,0.04,0.04,0.02,11,1457326800000000000,4,37.54,38.36,38.45,37.52,38.45,38.95,38.97,38.97
O:ORCL160311C00039500,2016-03-07,2016-03-11,ORCL,C,2.63,58,0.0,0.0,0.0,0.0,3,1457326800000000000,4,37.54,38.36,38.45,37.52,38.45,38.95,38.97,38.97
O:ORCL160311C00040000,2016-03-07,2016-03-11,ORCL,C,2.67,150,0.0,0.0,0.0,0.0,4,1457326800000000000,4,37.54,38.36,38.45,37.52,38.45,38.95,38.97,38.97
O:ORCL160318C00034000,2016-03-14,2016-03-18,ORCL,C,2.27,82,1.2,1.2,1.2,1.2,1,1457928000000000000,4,38.91,38.7,38.94,38.55,38.94,41.48,41.49,41.49
O:ORCL160318C00035000,2016-03-14,2016-03-18,ORCL,C,2.33,146,0.94,0.94,0.96,0.94,11,1457928000000000000,4,38.91,38.7,38.94,38.55,38.94,41.48,41.49,41.49
O:ORCL160318C00036000,2016-03-14,2016-03-18,ORCL,C,2.4,20,0.72,0.73,0.73,0.72,4,1457928000000000000,4,38.91,38.7,38.94,38.55,38.94,41.48,41.49,41.49
O:ORCL160318C00036500,2016-03-14,2016-03-18,ORCL,C,2.43,2,0.62,0.62,0.62,0.62,1,1457928000000000000,4,38.91,38.7,38.94,38.55,38.94,41.48,41.49,41.49
O:ORCL160318C00037000,2016-03-14,2016-03-18,ORCL,C,2.47,517,0.53,0.53,0.58,0.49,57,1457928000000000000,4,38.91,38.7,38.94,38.55,38.94,41.48,41.49,41.49
O:ORCL160318C00037500,2016-03-14,2016-03-18,ORCL,C,2.5,28,0.45,0.42,0.45,0.42,5,1457928000000000000,4,38.91,38.7,38.94,38.55,38.94,41.48,41.49,41.49
O:ORCL160318C00038000,2016-03-14,2016-03-18,ORCL,C,2.53,377,0.37,0.36,0.37,0.32,43,1457928000000000000,4,38.91,38.7,38.94,38.55,38.94,41.48,41.49,41.49
O:ORCL160318C00038500,2016-03-14,2016-03-18,ORCL,C,2.57,811,0.27,0.28,0.29,0.26,29,1457928000000000000,4,38.91,38.7,38.94,38.55,38.94,41.48,41.49,41.49
O:ORCL160318C00039000,2016-03-14,2016-03-18,ORCL,C,2.6,7645,0.22,0.2,0.23,0.19,148,1457928000000000000,4,38.91,38.7,38.94,38.55,38.94,41.48,41.49,41.49
O:ORCL160318C00039500,2016-03-14,2016-03-18,ORCL,C,2.63,2307,0.15,0.15,0.16,0.14,51,1457928000000000000,4,38.91,38.7,38.94,38.55,38.94,41.48,41.49,41.49
O:ORCL160318C00040000,2016-03-14,2016-03-18,ORCL,C,2.67,3204,0.11,0.1,0.12,0.1,92,1457928000000000000,4,38.91,38.7,38.94,38.55,38.94,41.48,41.49,41.49
O:ORCL160318C00040500,2016-03-14,2016-03-18,ORCL,C,2.7,1337,0.06,0.08,0.08,0.06,19,1457928000000000000,4,38.91,38.7,38.94,38.55,38.94,41.48,41.49,41.49
O:ORCL160318C00041000,2016-03-14,2016-03-18,ORCL,C,2.73,526,0.04,0.05,0.06,0.04,60,1457928000000000000,4,38.91,38.7,38.94,38.55,38.94,41.48,41.49,41.49
O:ORCL160318C00041500,2016-03-14,2016-03-18,ORCL,C,2.77,37,0.03,0.04,0.04,0.03,5,1457928000000000000,4,38.91,38.7,38.94,38.55,38.94,41.48,41.49,41.49
O:ORCL160318C00042000,2016-03-14,2016-03-18,ORCL,C,2.8,391,0.02,0.02,0.02,0.02,16,1457928000000000000,4,38.91,38.7,38.94,38.55,38.94,41.48,41.49,41.49
O:ORCL160318C00042500,2016-03-14,2016-03-18,ORCL,C,2.83,311,0.02,0.02,0.02,0.01,21,1457928000000000000,4,38.91,38.7,38.94,38.55,38.94,41.48,41.49,41.49
O:ORCL160401C00037000,2016-03-28,2016-04-01,ORCL,C,2.47,50,0.92,0.92,0.92,0.92,1,1459137600000000000,4,41.11,40.62,41.11,40.56,41.11,41.16,41.22,41.22
O:ORCL160401C00038000,2016-03-28,2016-04-01,ORCL,C,2.53,1,0.7,0.7,0.7,0.7,1,1459137600000000000,4,41.11,40.62,41.11,40.56,41.11,41.16,41.22,41.22
O:ORCL160401C00039000,2016-03-28,2016-04-01,ORCL,C,2.6,1,0.45,0.45,0.45,0.45,1,1459137600000000000,4,41.11,40.62,41.11,40.56,41.11,41.16,41.22,41.22
O:ORCL160401C00040500,2016-03-28,2016-04-01,ORCL,C,2.7,154,0.13,0.12,0.13,0.12,10,1459137600000000000,4,41.11,40.62,41.11,40.56,41.11,41.16,41.22,41.22
O:ORCL160401C00041000,2016-03-28,2016-04-01,ORCL,C,2.73,662,0.07,0.04,0.07,0.04,30,1459137600000000000,4,41.11,40.62,41.11,40.56,41.11,41.16,41.22,41.22
O:ORCL160401C00041500,2016-03-28,2016-04-01,ORCL,C,2.77,113,0.02,0.02,0.02,0.02,6,1459137600000000000,4,41.11,40.62,41.11,40.56,41.11,41.16,41.22,41.22
O:ORCL160401C00042000,2016-03-28,2016-04-01,ORCL,C,2.8,545,0.01,0.0,0.01,0.0,18,1459137600000000000,4,41.11,40.62,41.11,40.56,41.11,41.16,41.22,41.22
O:ORCL160401C00042500,2016-03-28,2016-04-01,ORCL,C,2.83,9,0.0,0.0,0.0,0.0,1,1459137600000000000,4,41.11,40.62,41.11,40.56,41.11,41.16,41.22,41.22
O:ORCL160401C00043000,2016-03-28,2016-04-01,ORCL,C,2.87,9,0.0,0.0,0.0,0.0,1,1459137600000000000,4,41.11,40.62,41.11,40.56,41.11,41.16,41.22,41.22
O:ORCL160408C00040000,2016-04-04,2016-04-08,ORCL,C,2.67,12,0.28,0.29,0.32,0.28,4,1459742400000000000,4,41.15,41.07,41.28,40.9,41.28,40.36,40.54,40.54
O:ORCL160408C00040500,2016-04-04,2016-04-08,ORCL,C,2.7,49,0.18,0.16,0.18,0.16,7,1459742400000000000,4,41.15,41.07,41.28,40.9,41.28,40.36,40.54,40.54
O:ORCL160408C00041000,2016-04-04,2016-04-08,ORCL,C,2.73,77,0.09,0.08,0.12,0.08,9,1459742400000000000,4,41.15,41.07,41.28,40.9,41.28,40.36,40.54,40.54
O:ORCL160408C00041500,2016-04-04,2016-04-08,ORCL,C,2.77,4103,0.03,0.03,0.05,0.02,102,1459742400000000000,4,41.15,41.07,41.28,40.9,41.28,40.36,40.54,40.54
O:ORCL160408C00042000,2016-04-04,2016-04-08,ORCL,C,2.8,120,0.01,0.01,0.01,0.01,6,1459742400000000000,4,41.15,41.07,41.28,40.9,41.28,40.36,40.54,40.54
O:ORCL160408C00042500,2016-04-04,2016-04-08,ORCL,C,2.83,25,0.01,0.01,0.01,0.01,1,1459742400000000000,4,41.15,41.07,41.28,40.9,41.28,40.36,40.54,40.54
O:ORCL160408C00043000,2016-04-04,2016-04-08,ORCL,C,2.87,48,0.0,0.0,0.0,0.0,2,1459742400000000000,4,41.15,41.07,41.28,40.9,41.28,40.36,40.54,40.54
O:ORCL160415C00033000,2016-04-11,2016-04-15,ORCL,C,2.2,130,1.92,1.92,1.92,1.92,2,1460347200000000000,4,40.59,40.39,41.08,40.38,41.08,41.02,41.38,41.38
O:ORCL160415C00034000,2016-04-11,2016-04-15,ORCL,C,2.27,130,1.68,1.68,1.68,1.68,2,1460347200000000000,4,40.59,40.39,41.08,40.38,41.08,41.02,41.38,41.38
O:ORCL160415C00035000,2016-04-11,2016-04-15,ORCL,C,2.33,1000,1.42,1.44,1.45,1.42,4,1460347200000000000,4,40.59,40.39,41.08,40.38,41.08,41.02,41.38,41.38
O:ORCL160415C00036000,2016-04-11,2016-04-15,ORCL,C,2.4,1043,1.14,1.16,1.25,1.12,21,1460347200000000000,4,40.59,40.39,41.08,40.38,41.08,41.02,41.38,41.38
O:ORCL160415C00037000,2016-04-11,2016-04-15,ORCL,C,2.47,1400,0.94,0.89,0.95,0.89,12,1460347200000000000,4,40.59,40.39,41.08,40.38,41.08,41.02,41.38,41.38
O:ORCL160415C00038000,2016-04-11,2016-04-15,ORCL,C,2.53,1335,0.67,0.62,0.73,0.62,26,1460347200000000000,4,40.59,40.39,41.08,40.38,41.08,41.02,41.38,41.38
O:ORCL160415C00039000,2016-04-11,2016-04-15,ORCL,C,2.6,3678,0.41,0.36,0.5,0.35,36,1460347200000000000,4,40.59,40.39,41.08,40.38,41.08,41.02,41.38,41.38
O:ORCL160415C00039500,2016-04-11,2016-04-15,ORCL,C,2.63,8,0.25,0.25,0.25,0.25,2,1460347200000000000,4,40.59,40.39,41.08,40.38,41.08,41.02,41.38,41.38
O:ORCL160415C00040000,2016-04-11,2016-04-15,ORCL,C,2.67,328,0.18,0.12,0.26,0.12,50,1460347200000000000,4,40.59,40.39,41.08,40.38,41.08,41.02,41.38,41.38
O:ORCL160415C00040500,2016-04-11,2016-04-15,ORCL,C,2.7,404,0.08,0.06,0.11,0.06,23,1460347200000000000,4,40.59,40.39,41.08,40.38,41.08,41.02,41.38,41.38
O:ORCL160415C00041000,2016-04-11,2016-04-15,ORCL,C,2.73,2130,0.03,0.02,0.06,0.02,47,1460347200000000000,4,40.59,40.39,41.08,40.38,41.08,41.02,41.38,41.38
O:ORCL160415C00041500,2016-04-11,2016-04-15,ORCL,C,2.77,99,0.01,0.02,0.02,0.01,11,1460347200000000000,4,40.59,40.39,41.08,40.38,41.08,41.02,41.38,41.38
O:ORCL160415C00042000,2016-04-11,2016-04-15,ORCL,C,2.8,78,0.0,0.0,0.0,0.0,11,1460347200000000000,4,40.59,40.39,41.08,40.38,41.08,41.02,41.38,41.38
O:ORCL160415C00042500,2016-04-11,2016-04-15,ORCL,C,2.83,2,0.0,0.0,0.0,0.0,1,1460347200000000000,4,40.59,40.39,41.08,40.38,41.08,41.02,41.38,41.38
O:ORCL160415C00043000,2016-04-11,2016-04-15,ORCL,C,2.87,1,0.0,0.0,0.0,0.0,1,1460347200000000000,4,40.59,40.39,41.08,40.38,41.08,41.02,41.38,41.38
O:ORCL160422C00039000,2016-04-18,2016-04-22,ORCL,C,2.6,2,0.55,0.55,0.55,0.55,1,1460952000000000000,4,40.84,41.24,41.25,40.8,41.25,40.7,41.43,41.43
O:ORCL160422C00040000,2016-04-18,2016-04-22,ORCL,C,2.67,12,0.3,0.31,0.31,0.3,6,1460952000000000000,4,40.84,41.24,41.25,40.8,41.25,40.7,41.43,41.43
O:ORCL160422C00040500,2016-04-18,2016-04-22,ORCL,C,2.7,7,0.12,0.2,0.2,0.12,3,1460952000000000000,4,40.84,41.24,41.25,40.8,41.25,40.7,41.43,41.43
O:ORCL160422C00041000,2016-04-18,2016-04-22,ORCL,C,2.73,35,0.06,0.1,0.12,0.06,10,1460952000000000000,4,40.84,41.24,41.25,40.8,41.25,40.7,41.43,41.43
O:ORCL160422C00041500,2016-04-18,2016-04-22,ORCL,C,2.77,115,0.03,0.04,0.05,0.03,26,1460952000000000000,4,40.84,41.24,41.25,40.8,41.25,40.7,41.43,41.43
O:ORCL160422C00042000,2016-04-18,2016-04-22,ORCL,C,2.8,21,0.01,0.02,0.02,0.01,8,1460952000000000000,4,40.84,41.24,41.25,40.8,41.25,40.7,41.43,41.43
O:ORCL160422C00042500,2016-04-18,2016-04-22,ORCL,C,2.83,2,0.01,0.01,0.01,0.01,1,1460952000000000000,4,40.84,41.24,41.25,40.8,41.25,40.7,41.43,41.43
O:ORCL160422C00043500,2016-04-18,2016-04-22,ORCL,C,2.9,2,0.0,0.0,0.0,0.0,1,1460952000000000000,4,40.84,41.24,41.25,40.8,41.25,40.7,41.43,41.43
O:ORCL160429C00038000,2016-04-25,2016-04-29,ORCL,C,2.53,1,0.65,0.65,0.65,0.65,1,1461556800000000000,4,40.59,40.78,40.83,40.47,40.83,39.86,40.17,40.17
O:ORCL160429C00039000,2016-04-25,2016-04-29,ORCL,C,2.6,261,0.42,0.44,0.46,0.39,75,1461556800000000000,4,40.59,40.78,40.83,40.47,40.83,39.86,40.17,40.17
O:ORCL160429C00040000,2016-04-25,2016-04-29,ORCL,C,2.67,137,0.21,0.19,0.21,0.18,12,1461556800000000000,4,40.59,40.78,40.83,40.47,40.83,39.86,40.17,40.17
O:ORCL160429C00040500,2016-04-25,2016-04-29,ORCL,C,2.7,4,0.12,0.12,0.12,0.12,1,1461556800000000000,4,40.59,40.78,40.83,40.47,40.83,39.86,40.17,40.17
O:ORCL160429C00041000,2016-04-25,2016-04-29,ORCL,C,2.73,837,0.05,0.05,0.07,0.04,36,1461556800000000000,4,40.59,40.78,40.83,40.47,40.83,39.86,40.17,40.17
O:ORCL160429C00041500,2016-04-25,2016-04-29,ORCL,C,2.77,62,0.02,0.02,0.02,0.02,6,1461556800000000000,4,40.59,40.78,40.83,40.47,40.83,39.86,40.17,40.17
O:ORCL160429C00042000,2016-04-25,2016-04-29,ORCL,C,2.8,76,0.01,0.0,0.01,0.0,16,1461556800000000000,4,40.59,40.78,40.83,40.47,40.83,39.86,40.17,40.17
O:ORCL160506C00037000,2016-05-02,2016-05-06,ORCL,C,2.47,3,0.73,0.73,0.73,0.73,1,1462161600000000000,4,39.9,40.3,40.43,39.83,40.43,39.41,39.42,39.42
O:ORCL160506C00038000,2016-05-02,2016-05-06,ORCL,C,2.53,10,0.5,0.5,0.5,0.5,1,1462161600000000000,4,39.9,40.3,40.43,39.83,40.43,39.41,39.42,39.42
O:ORCL160506C00039000,2016-05-02,2016-05-06,ORCL,C,2.6,111,0.28,0.31,0.31,0.25,5,1462161600000000000,4,39.9,40.3,40.43,39.83,40.43,39.41,39.42,39.42
O:ORCL160506C00039500,2016-05-02,2016-05-06,ORCL,C,2.63,87,0.17,0.24,0.24,0.15,7,1462161600000000000,4,39.9,40.3,40.43,39.83,40.43,39.41,39.42,39.42
O:ORCL160506C00040000,2016-05-02,2016-05-06,ORCL,C,2.67,165,0.08,0.12,0.12,0.07,21,1462161600000000000,4,39.9,40.3,40.43,39.83,40.43,39.41,39.42,39.42
O:ORCL160506C00040500,2016-05-02,2016-05-06,ORCL,C,2.7,996,0.04,0.06,0.06,0.03,25,1462161600000000000,4,39.9,40.3,40.43,39.83,40.43,39.41,39.42,39.42
O:ORCL160506C00041000,2016-05-02,2016-05-06,ORCL,C,2.73,265,0.02,0.02,0.02,0.01,33,1462161600000000000,4,39.9,40.3,40.43,39.83,40.43,39.41,39.42,39.42
O:ORCL160506C00041500,2016-05-02,2016-05-06,ORCL,C,2.77,10,0.01,0.0,0.01,0.0,3,1462161600000000000,4,39.9,40.3,40.43,39.83,40.43,39.41,39.42,39.42
O:ORCL160513C00037500,2016-05-09,2016-05-13,ORCL,C,2.5,2,0.53,0.53,0.53,0.53,1,1462766400000000000,4,39.34,39.36,39.72,39.22,39.72,39.61,40.08,40.08
O:ORCL160513C00039000,2016-05-09,2016-05-13,ORCL,C,2.6,79,0.16,0.14,0.17,0.14,4,1462766400000000000,4,39.34,39.36,39.72,39.22,39.72,39.61,40.08,40.08
O:ORCL160513C00039500,2016-05-09,2016-05-13,ORCL,C,2.63,13,0.08,0.08,0.08,0.06,7,1462766400000000000,4,39.34,39.36,39.72,39.22,39.72,39.61,40.08,40.08
O:ORCL160513C00040000,2016-05-09,2016-05-13,ORCL,C,2.67,1127,0.04,0.02,0.04,0.02,25,1462766400000000000,4,39.34,39.36,39.72,39.22,39.72,39.61,40.08,40.08
O:ORCL160513C00040500,2016-05-09,2016-05-13,ORCL,C,2.7,10,0.02,0.01,0.02,0.0,3,1462766400000000000,4,39.34,39.36,39.72,39.22,39.72,39.61,40.08,40.08
O:ORCL160513C00041000,2016-05-09,2016-05-13,ORCL,C,2.73,9,0.0,0.0,0.0,0.0,1,1462766400000000000,4,39.34,39.36,39.72,39.22,39.72,39.61,40.08,40.08
O:ORCL160520C00035000,2016-05-16,2016-05-20,ORCL,C,2.33,3,1.23,1.23,1.23,1.23,1,1463371200000000000,4,39.77,39.97,40.1,39.46,40.1,39.41,39.58,39.58
O:ORCL160520C00035500,2016-05-16,2016-05-20,ORCL,C,2.37,1,1.05,1.05,1.05,1.05,1,1463371200000000000,4,39.77,39.97,40.1,39.46,40.1,39.41,39.58,39.58
O:ORCL160520C00036000,2016-05-16,2016-05-20,ORCL,C,2.4,1,0.89,0.89,0.89,0.89,1,1463371200000000000,4,39.77,39.97,40.1,39.46,40.1,39.41,39.58,39.58
O:ORCL160520C00037000,2016-05-16,2016-05-20,ORCL,C,2.47,94,0.66,0.77,0.77,0.64,41,1463371200000000000,4,39.77,39.97,40.1,39.46,40.1,39.41,39.58,39.58
O:ORCL160520C00038000,2016-05-16,2016-05-20,ORCL,C,2.53,36,0.42,0.5,0.53,0.42,10,1463371200000000000,4,39.77,39.97,40.1,39.46,40.1,39.41,39.58,39.58
O:ORCL160520C00038500,2016-05-16,2016-05-20,ORCL,C,2.57,3442,0.35,0.37,0.41,0.28,690,1463371200000000000,4,39.77,39.97,40.1,39.46,40.1,39.41,39.58,39.58
O:ORCL160520C00039000,2016-05-16,2016-05-20,ORCL,C,2.6,223,0.2,0.26,0.28,0.19,18,1463371200000000000,4,39.77,39.97,40.1,39.46,40.1,39.41,39.58,39.58
O:ORCL160520C00039500,2016-05-16,2016-05-20,ORCL,C,2.63,132,0.16,0.17,0.17,0.1,26,1463371200000000000,4,39.77,39.97,40.1,39.46,40.1,39.41,39.58,39.58
O:ORCL160520C00040000,2016-05-16,2016-05-20,ORCL,C,2.67,632,0.05,0.07,0.09,0.04,56,1463371200000000000,4,39.77,39.97,40.1,39.46,40.1,39.41,39.58,39.58
O:ORCL160520C00040500,2016-05-16,2016-05-20,ORCL,C,2.7,353,0.02,0.03,0.03,0.01,36,1463371200000000000,4,39.77,39.97,40.1,39.46,40.1,39.41,39.58,39.58
O:ORCL160520C00041000,2016-05-16,2016-05-20,ORCL,C,2.73,93,0.01,0.01,0.01,0.0,19,1463371200000000000,4,39.77,39.97,40.1,39.46,40.1,39.41,39.58,39.58
O:ORCL160520C00041500,2016-05-16,2016-05-20,ORCL,C,2.77,1,0.0,0.0,0.0,0.0,1,1463371200000000000,4,39.77,39.97,40.1,39.46,40.1,39.41,39.58,39.58
O:ORCL160520C00042000,2016-05-16,2016-05-20,ORCL,C,2.8,6,0.0,0.0,0.0,0.0,2,1463371200000000000,4,39.77,39.97,40.1,39.46,40.1,39.41,39.58,39.58
O:ORCL160527C00037000,2016-05-23,2016-05-27,ORCL,C,2.47,1,0.61,0.61,0.61,0.61,1,1463976000000000000,4,39.31,39.18,39.44,39.14,39.44,40.07,40.08,40.08
O:ORCL160527C00038000,2016-05-23,2016-05-27,ORCL,C,2.53,8,0.34,0.34,0.34,0.34,1,1463976000000000000,4,39.31,39.18,39.44,39.14,39.44,40.07,40.08,40.08
O:ORCL160527C00039000,2016-05-23,2016-05-27,ORCL,C,2.6,1,0.11,0.11,0.11,0.11,1,1463976000000000000,4,39.31,39.18,39.44,39.14,39.44,40.07,40.08,40.08
O:ORCL160527C00039500,2016-05-23,2016-05-27,ORCL,C,2.63,919,0.06,0.04,0.06,0.04,34,1463976000000000000,4,39.31,39.18,39.44,39.14,39.44,40.07,40.08,40.08
O:ORCL160527C00040000,2016-05-23,2016-05-27,ORCL,C,2.67,34,0.02,0.02,0.02,0.02,5,1463976000000000000,4,39.31,39.18,39.44,39.14,39.44,40.07,40.08,40.08
O:ORCL160527C00040500,2016-05-23,2016-05-27,ORCL,C,2.7,1,0.0,0.0,0.0,0.0,1,1463976000000000000,4,39.31,39.18,39.44,39.14,39.44,40.07,40.08,40.08
O:ORCL160527C00042500,2016-05-23,2016-05-27,ORCL,C,2.83,30,0.0,0.0,0.0,0.0,1,1463976000000000000,4,39.31,39.18,39.44,39.14,39.44,40.07,40.08,40.08
O:ORCL160610C00032000,2016-06-06,2016-06-10,ORCL,C,2.13,4,1.88,1.88,1.88,1.88,1,1465185600000000000,4,39.19,39.44,39.64,39.12,39.64,38.74,38.99,38.99
O:ORCL160610C00037000,2016-06-06,2016-06-10,ORCL,C,2.47,20,0.6,0.65,0.66,0.6,6,1465185600000000000,4,39.19,39.44,39.64,39.12,39.64,38.74,38.99,38.99
O:ORCL160610C00038000,2016-06-06,2016-06-10,ORCL,C,2.53,24200,0.36,0.38,0.43,0.36,4337,1465185600000000000,4,39.19,39.44,39.64,39.12,39.64,38.74,38.99,38.99
O:ORCL160610C00038500,2016-06-06,2016-06-10,ORCL,C,2.57,311,0.26,0.3,0.32,0.26,68,1465185600000000000,4,39.19,39.44,39.64,39.12,39.64,38.74,38.99,38.99
O:ORCL160610C00039000,2016-06-06,2016-06-10,ORCL,C,2.6,8516,0.16,0.16,0.21,0.16,407,1465185600000000000,4,39.19,39.44,39.64,39.12,39.64,38.74,38.99,38.99
O:ORCL160610C00039500,2016-06-06,2016-06-10,ORCL,C,2.63,4093,0.08,0.07,0.12,0.07,286,1465185600000000000,4,39.19,39.44,39.64,39.12,39.64,38.74,38.99,38.99
O:ORCL160610C00040000,2016-06-06,2016-06-10,ORCL,C,2.67,1614,0.04,0.03,0.07,0.03,100,1465185600000000000,4,39.19,39.44,39.64,39.12,39.64,38.74,38.99,38.99
O:ORCL160610C00040500,2016-06-06,2016-06-10,ORCL,C,2.7,767,0.02,0.01,0.03,0.01,23,1465185600000000000,4,39.19,39.44,39.64,39.12,39.64,38.74,38.99,38.99
O:ORCL160610C00041000,2016-06-06,2016-06-10,ORCL,C,2.73,46,0.01,0.01,0.01,0.01,7,1465185600000000000,4,39.19,39.44,39.64,39.12,39.64,38.74,38.99,38.99
O:ORCL160610C00042500,2016-06-06,2016-06-10,ORCL,C,2.83,16,0.0,0.0,0.0,0.0,1,1465185600000000000,4,39.19,39.44,39.64,39.12,39.64,38.74,38.99,38.99
O:ORCL160617C00032000,2016-06-13,2016-06-17,ORCL,C,2.13,1,1.68,1.68,1.68,1.68,1,1465790400000000000,4,38.5,38.62,38.89,38.38,38.89,39.68,39.96,39.96
O:ORCL160617C00035000,2016-06-13,2016-06-17,ORCL,C,2.33,3,0.97,0.97,0.97,0.97,1,1465790400000000000,4,38.5,38.62,38.89,38.38,38.89,39.68,39.96,39.96
O:ORCL160617C00036000,2016-06-13,2016-06-17,ORCL,C,2.4,11,0.71,0.72,0.72,0.71,2,1465790400000000000,4,38.5,38.62,38.89,38.38,38.89,39.68,39.96,39.96
O:ORCL160617C00037000,2016-06-13,2016-06-17,ORCL,C,2.47,20,0.51,0.52,0.52,0.47,7,1465790400000000000,4,38.5,38.62,38.89,38.38,38.89,39.68,39.96,39.96
O:ORCL160617C00037500,2016-06-13,2016-06-17,ORCL,C,2.5,69,0.4,0.42,0.44,0.4,6,1465790400000000000,4,38.5,38.62,38.89,38.38,38.89,39.68,39.96,39.96
O:ORCL160617C00038000,2016-06-13,2016-06-17,ORCL,C,2.53,187,0.32,0.32,0.36,0.32,21,1465790400000000000,4,38.5,38.62,38.89,38.38,38.89,39.68,39.96,39.96
O:ORCL160617C00038500,2016-06-13,2016-06-17,ORCL,C,2.57,218,0.23,0.25,0.27,0.22,40,1465790400000000000,4,38.5,38.62,38.89,38.38,38.89,39.68,39.96,39.96
O:ORCL160617C00039000,2016-06-13,2016-06-17,ORCL,C,2.6,1520,0.18,0.19,0.22,0.16,93,1465790400000000000,4,38.5,38.62,38.89,38.38,38.89,39.68,39.96,39.96
O:ORCL160617C00039500,2016-06-13,2016-06-17,ORCL,C,2.63,4794,0.12,0.13,0.16,0.12,139,1465790400000000000,4,38.5,38.62,38.89,38.38,38.89,39.68,39.96,39.96
O:ORCL160617C00040000,2016-06-13,2016-06-17,ORCL,C,2.67,1012,0.09,0.1,0.11,0.09,69,1465790400000000000,4,38.5,38.62,38.89,38.38,38.89,39.68,39.96,39.96
O:ORCL160617C00040500,2016-06-13,2016-06-17,ORCL,C,2.7,145,0.06,0.06,0.07,0.06,17,1465790400000000000,4,38.5,38.62,38.89,38.38,38.89,39.68,39.96,39.96
O:ORCL160617C00041000,2016-06-13,2016-06-17,ORCL,C,2.73,1186,0.04,0.04,0.04,0.04,58,1465790400000000000,4,38.5,38.62,38.89,38.38,38.89,39.68,39.96,39.96
O:ORCL160617C00041500,2016-06-13,2016-06-17,ORCL,C,2.77,5142,0.02,0.02,0.03,0.02,11,1465790400000000000,4,38.5,38.62,38.89,38.38,38.89,39.68,39.96,39.96
O:ORCL160617C00042000,2016-06-13,2016-06-17,ORCL,C,2.8,197,0.01,0.02,0.02,0.01,17,1465790400000000000,4,38.5,38.62,38.89,38.38,38.89,39.68,39.96,39.96
O:ORCL160617C00042500,2016-06-13,2016-06-17,ORCL,C,2.83,24,0.01,0.01,0.01,0.01,2,1465790400000000000,4,38.5,38.62,38.89,38.38,38.89,39.68,39.96,39.96
O:ORCL160617C00043000,2016-06-13,2016-06-17,ORCL,C,2.87,10,0.01,0.01,0.01,0.01,1,1465790400000000000,4,38.5,38.62,38.89,38.38,38.89,39.68,39.96,39.96
O:ORCL160617C00044500,2016-06-13,2016-06-17,ORCL,C,2.97,20,0.01,0.01,0.01,0.01,1,1465790400000000000,4,38.5,38.62,38.89,38.38,38.89,39.68,39.96,39.96
O:ORCL160617C00047500,2016-06-13,2016-06-17,ORCL,C,3.17,10,0.0,0.0,0.0,0.0,1,1465790400000000000,4,38.5,38.62,38.89,38.38,38.89,39.68,39.96,39.96
O:ORCL160624C00036500,2016-06-20,2016-06-24,ORCL,C,2.43,5,0.86,0.86,0.86,0.86,1,1466395200000000000,4,39.9,39.73,40.35,39.7,40.35,39.23,39.89,39.89
O:ORCL160624C00037000,2016-06-20,2016-06-24,ORCL,C,2.47,1,0.69,0.69,0.69,0.69,1,1466395200000000000,4,39.9,39.73,40.35,39.7,40.35,39.23,39.89,39.89
O:ORCL160624C00037500,2016-06-20,2016-06-24,ORCL,C,2.5,16,0.64,0.61,0.64,0.61,2,1466395200000000000,4,39.9,39.73,40.35,39.7,40.35,39.23,39.89,39.89
O:ORCL160624C00038000,2016-06-20,2016-06-24,ORCL,C,2.53,385,0.54,0.44,0.54,0.44,10,1466395200000000000,4,39.9,39.73,40.35,39.7,40.35,39.23,39.89,39.89
O:ORCL160624C00038500,2016-06-20,2016-06-24,ORCL,C,2.57,134,0.43,0.38,0.44,0.38,9,1466395200000000000,4,39.9,39.73,40.35,39.7,40.35,39.23,39.89,39.89
O:ORCL160624C00039000,2016-06-20,2016-06-24,ORCL,C,2.6,63,0.31,0.24,0.34,0.24,22,1466395200000000000,4,39.9,39.73,40.35,39.7,40.35,39.23,39.89,39.89
O:ORCL160624C00039500,2016-06-20,2016-06-24,ORCL,C,2.63,99,0.18,0.15,0.23,0.15,21,1466395200000000000,4,39.9,39.73,40.35,39.7,40.35,39.23,39.89,39.89
O:ORCL160624C00040000,2016-06-20,2016-06-24,ORCL,C,2.67,583,0.09,0.07,0.14,0.07,73,1466395200000000000,4,39.9,39.73,40.35,39.7,40.35,39.23,39.89,39.89
O:ORCL160624C00040500,2016-06-20,2016-06-24,ORCL,C,2.7,1510,0.06,0.03,0.07,0.03,71,1466395200000000000,4,39.9,39.73,40.35,39.7,40.35,39.23,39.89,39.89
O:ORCL160624C00041000,2016-06-20,2016-06-24,ORCL,C,2.73,124,0.03,0.01,0.03,0.01,24,1466395200000000000,4,39.9,39.73,40.35,39.7,40.35,39.23,39.89,39.89
O:ORCL160624C00041500,2016-06-20,2016-06-24,ORCL,C,2.77,9,0.01,0.0,0.01,0.0,2,1466395200000000000,4,39.9,39.73,40.35,39.7,40.35,39.23,39.89,39.89
O:ORCL160701C00037500,2016-06-27,2016-07-01,ORCL,C,2.5,65,0.28,0.28,0.28,0.28,1,1467000000000000000,4,38.87,38.48,38.88,38.18,38.88,40.86,41.05,41.05
O:ORCL160701C00038000,2016-06-27,2016-07-01,ORCL,C,2.53,57,0.18,0.16,0.18,0.16,9,1467000000000000000,4,38.87,38.48,38.88,38.18,38.88,40.86,41.05,41.05
O:ORCL160701C00038500,2016-06-27,2016-07-01,ORCL,C,2.57,110,0.13,0.09,0.13,0.09,14,1467000000000000000,4,38.87,38.48,38.88,38.18,38.88,40.86,41.05,41.05
O:ORCL160701C00039000,2016-06-27,2016-07-01,ORCL,C,2.6,269,0.06,0.04,0.08,0.04,13,1467000000000000000,4,38.87,38.48,38.88,38.18,38.88,40.86,41.05,41.05
O:ORCL160701C00039500,2016-06-27,2016-07-01,ORCL,C,2.63,13,0.03,0.03,0.03,0.03,4,1467000000000000000,4,38.87,38.48,38.88,38.18,38.88,40.86,41.05,41.05
O:ORCL160701C00040000,2016-06-27,2016-07-01,ORCL,C,2.67,32,0.02,0.01,0.02,0.01,5,1467000000000000000,4,38.87,38.48,38.88,38.18,38.88,40.86,41.05,41.05
O:ORCL160701C00040500,2016-06-27,2016-07-01,ORCL,C,2.7,8,0.01,0.01,0.01,0.01,2,1467000000000000000,4,38.87,38.48,38.88,38.18,38.88,40.86,41.05,41.05
O:ORCL160701C00041000,2016-06-27,2016-07-01,ORCL,C,2.73,41,0.0,0.0,0.0,0.0,5,1467000000000000000,4,38.87,38.48,38.88,38.18,38.88,40.86,41.05,41.05
O:ORCL160715C00038000,2016-07-11,2016-07-15,ORCL,C,2.53,12,0.79,0.75,0.79,0.75,2,1468209600000000000,4,40.9,40.78,41.14,40.75,41.14,41.77,41.91,41.91
O:ORCL160715C00038500,2016-07-11,2016-07-15,ORCL,C,2.57,3,0.64,0.64,0.64,0.64,2,1468209600000000000,4,40.9,40.78,41.14,40.75,41.14,41.77,41.91,41.91
O:ORCL160715C00039000,2016-07-11,2016-07-15,ORCL,C,2.6,39,0.52,0.44,0.52,0.44,8,1468209600000000000,4,40.9,40.78,41.14,40.75,41.14,41.77,41.91,41.91
O:ORCL160715C00040000,2016-07-11,2016-07-15,ORCL,C,2.67,331,0.28,0.22,0.29,0.22,30,1468209600000000000,4,40.9,40.78,41.14,40.75,41.14,41.77,41.91,41.91
O:ORCL160715C00040500,2016-07-11,2016-07-15,ORCL,C,2.7,120,0.16,0.13,0.16,0.13,10,1468209600000000000,4,40.9,40.78,41.14,40.75,41.14,41.77,41.91,41.91
O:ORCL160715C00041000,2016-07-11,2016-07-15,ORCL,C,2.73,596,0.08,0.05,0.09,0.05,52,1468209600000000000,4,40.9,40.78,41.14,40.75,41.14,41.77,41.91,41.91
O:ORCL160715C00041500,2016-07-11,2016-07-15,ORCL,C,2.77,282,0.03,0.01,0.03,0.01,17,1468209600000000000,4,40.9,40.78,41.14,40.75,41.14,41.77,41.91,41.91
O:ORCL160715C00042000,2016-07-11,2016-07-15,ORCL,C,2.8,26,0.0,0.01,0.01,0.0,3,1468209600000000000,4,40.9,40.78,41.14,40.75,41.14,41.77,41.91,41.91
O:ORCL160722C00039500,2016-07-18,2016-07-22,ORCL,C,2.63,10,0.57,0.57,0.57,0.57,1,1468814400000000000,4,41.71,41.64,41.84,41.58,41.84,41.08,41.21,41.21
O:ORCL160722C00040500,2016-07-18,2016-07-22,ORCL,C,2.7,2,0.31,0.31,0.31,0.31,2,1468814400000000000,4,41.71,41.64,41.84,41.58,41.84,41.08,41.21,41.21
O:ORCL160722C00041000,2016-07-18,2016-07-22,ORCL,C,2.73,111,0.21,0.2,0.22,0.2,5,1468814400000000000,4,41.71,41.64,41.84,41.58,41.84,41.08,41.21,41.21
O:ORCL160722C00041500,2016-07-18,2016-07-22,ORCL,C,2.77,67,0.11,0.08,0.12,0.08,3,1468814400000000000,4,41.71,41.64,41.84,41.58,41.84,41.08,41.21,41.21
O:ORCL160722C00042000,2016-07-18,2016-07-22,ORCL,C,2.8,122,0.04,0.04,0.04,0.03,18,1468814400000000000,4,41.71,41.64,41.84,41.58,41.84,41.08,41.21,41.21
O:ORCL160722C00042500,2016-07-18,2016-07-22,ORCL,C,2.83,110,0.01,0.01,0.01,0.01,4,1468814400000000000,4,41.71,41.64,41.84,41.58,41.84,41.08,41.21,41.21
O:ORCL160729C00038500,2016-07-25,2016-07-29,ORCL,C,2.57,33,0.64,0.64,0.64,0.64,3,1469419200000000000,4,40.91,41.16,41.16,40.89,41.16,41.04,41.38,41.38
O:ORCL160729C00039000,2016-07-25,2016-07-29,ORCL,C,2.6,1,0.5,0.5,0.5,0.5,1,1469419200000000000,4,40.91,41.16,41.16,40.89,41.16,41.04,41.38,41.38
O:ORCL160729C00040000,2016-07-25,2016-07-29,ORCL,C,2.67,21,0.24,0.29,0.29,0.24,4,1469419200000000000,4,40.91,41.16,41.16,40.89,41.16,41.04,41.38,41.38
O:ORCL160729C00040500,2016-07-25,2016-07-29,ORCL,C,2.7,32,0.15,0.17,0.17,0.15,7,1469419200000000000,4,40.91,41.16,41.16,40.89,41.16,41.04,41.38,41.38
O:ORCL160729C00041000,2016-07-25,2016-07-29,ORCL,C,2.73,284,0.07,0.08,0.08,0.06,20,1469419200000000000,4,40.91,41.16,41.16,40.89,41.16,41.04,41.38,41.38
O:ORCL160729C00041500,2016-07-25,2016-07-29,ORCL,C,2.77,261,0.02,0.03,0.03,0.02,35,1469419200000000000,4,40.91,41.16,41.16,40.89,41.16,41.04,41.38,41.38
O:ORCL160729C00042000,2016-07-25,2016-07-29,ORCL,C,2.8,15,0.0,0.0,0.0,0.0,1,1469419200000000000,4,40.91,41.16,41.16,40.89,41.16,41.04,41.38,41.38
O:ORCL160805C00039000,2016-08-01,2016-08-05,ORCL,C,2.6,3,0.5,0.5,0.5,0.5,3,1470024000000000000,4,40.91,41.15,41.27,40.91,41.27,41.13,41.22,41.22
O:ORCL160805C00040000,2016-08-01,2016-08-05,ORCL,C,2.67,5,0.26,0.26,0.26,0.26,5,1470024000000000000,4,40.91,41.15,41.27,40.91,41.27,41.13,41.22,41.22
O:ORCL160805C00040500,2016-08-01,2016-08-05,ORCL,C,2.7,10,0.18,0.17,0.2,0.17,6,1470024000000000000,4,40.91,41.15,41.27,40.91,41.27,41.13,41.22,41.22
O:ORCL160805C00041000,2016-08-01,2016-08-05,ORCL,C,2.73,217,0.08,0.08,0.09,0.07,14,1470024000000000000,4,40.91,41.15,41.27,40.91,41.27,41.13,41.22,41.22
O:ORCL160805C00041500,2016-08-01,2016-08-05,ORCL,C,2.77,106,0.03,0.02,0.03,0.02,10,1470024000000000000,4,40.91,41.15,41.27,40.91,41.27,41.13,41.22,41.22
O:ORCL160805C00042000,2016-08-01,2016-08-05,ORCL,C,2.8,55,0.01,0.01,0.01,0.01,4,1470024000000000000,4,40.91,41.15,41.27,40.91,41.27,41.13,41.22,41.22
O:ORCL160805C00042500,2016-08-01,2016-08-05,ORCL,C,2.83,2,0.0,0.0,0.0,0.0,1,1470024000000000000,4,40.91,41.15,41.27,40.91,41.27,41.13,41.22,41.22
O:ORCL160812C00041000,2016-08-08,2016-08-12,ORCL,C,2.73,152,0.11,0.08,0.11,0.08,7,1470628800000000000,4,41.18,41.16,41.4,41.12,41.4,41.09,41.2,41.2
O:ORCL160812C00041500,2016-08-08,2016-08-12,ORCL,C,2.77,3636,0.03,0.03,0.05,0.03,55,1470628800000000000,4,41.18,41.16,41.4,41.12,41.4,41.09,41.2,41.2
O:ORCL160812C00042000,2016-08-08,2016-08-12,ORCL,C,2.8,19,0.01,0.01,0.01,0.01,2,1470628800000000000,4,41.18,41.16,41.4,41.12,41.4,41.09,41.2,41.2
O:ORCL160819C00037000,2016-08-15,2016-08-19,ORCL,C,2.47,49,1.02,1.11,1.16,1.02,13,1471233600000000000,4,41.0,41.39,41.64,41.0,41.64,41.32,41.34,41.34
O:ORCL160819C00038000,2016-08-15,2016-08-19,ORCL,C,2.53,9,0.84,0.8,0.88,0.8,3,1471233600000000000,4,41.0,41.39,41.64,41.0,41.64,41.32,41.34,41.34
O:ORCL160819C00039000,2016-08-15,2016-08-19,ORCL,C,2.6,72,0.53,0.63,0.66,0.53,26,1471233600000000000,4,41.0,41.39,41.64,41.0,41.64,41.32,41.34,41.34
O:ORCL160819C00040000,2016-08-15,2016-08-19,ORCL,C,2.67,73,0.34,0.39,0.42,0.34,11,1471233600000000000,4,41.0,41.39,41.64,41.0,41.64,41.32,41.34,41.34
O:ORCL160819C00040500,2016-08-15,2016-08-19,ORCL,C,2.7,220,0.23,0.3,0.3,0.23,15,1471233600000000000,4,41.0,41.39,41.64,41.0,41.64,41.32,41.34,41.34
O:ORCL160819C00041000,2016-08-15,2016-08-19,ORCL,C,2.73,17461,0.08,0.14,0.19,0.08,2106,1471233600000000000,4,41.0,41.39,41.64,41.0,41.64,41.32,41.34,41.34
O:ORCL160819C00041500,2016-08-15,2016-08-19,ORCL,C,2.77,2340,0.02,0.06,0.1,0.02,113,1471233600000000000,4,41.0,41.39,41.64,41.0,41.64,41.32,41.34,41.34
O:ORCL160819C00042000,2016-08-15,2016-08-19,ORCL,C,2.8,2546,0.01,0.02,0.04,0.01,163,1471233600000000000,4,41.0,41.39,41.64,41.0,41.64,41.32,41.34,41.34
O:ORCL160819C00042500,2016-08-15,2016-08-19,ORCL,C,2.83,51,0.01,0.0,0.01,0.0,5,1471233600000000000,4,41.0,41.39,41.64,41.0,41.64,41.32,41.34,41.34
O:ORCL160819C00043000,2016-08-15,2016-08-19,ORCL,C,2.87,5,0.0,0.0,0.0,0.0,1,1471233600000000000,4,41.0,41.39,41.64,41.0,41.64,41.32,41.34,41.34
O:ORCL160819C00045000,2016-08-15,2016-08-19,ORCL,C,3.0,2,0.0,0.0,0.0,0.0,2,1471233600000000000,4,41.0,41.39,41.64,41.0,41.64,41.32,41.34,41.34
O:ORCL160826C00039000,2016-08-22,2016-08-26,ORCL,C,2.6,1,0.56,0.56,0.56,0.56,1,1471838400000000000,4,41.11,41.22,41.39,41.11,41.39,41.26,41.58,41.58
O:ORCL160826C00040000,2016-08-22,2016-08-26,ORCL,C,2.67,105,0.31,0.32,0.32,0.31,2,1471838400000000000,4,41.11,41.22,41.39,41.11,41.39,41.26,41.58,41.58
O:ORCL160826C00040500,2016-08-22,2016-08-26,ORCL,C,2.7,5,0.2,0.2,0.2,0.2,1,1471838400000000000,4,41.11,41.22,41.39,41.11,41.39,41.26,41.58,41.58
O:ORCL160826C00041000,2016-08-22,2016-08-26,ORCL,C,2.73,127,0.09,0.11,0.12,0.08,11,1471838400000000000,4,41.11,41.22,41.39,41.11,41.39,41.26,41.58,41.58
O:ORCL160826C00041500,2016-08-22,2016-08-26,ORCL,C,2.77,205,0.03,0.02,0.04,0.02,23,1471838400000000000,4,41.11,41.22,41.39,41.11,41.39,41.26,41.58,41.58
O:ORCL160826C00042000,2016-08-22,2016-08-26,ORCL,C,2.8,51,0.0,0.0,0.0,0.0,2,1471838400000000000,4,41.11,41.22,41.39,41.11,41.39,41.26,41.58,41.58
O:ORCL160902C00040000,2016-08-29,2016-09-02,ORCL,C,2.67,19,0.36,0.34,0.36,0.34,8,1472443200000000000,4,41.48,41.31,41.53,41.26,41.53,41.25,41.42,41.42
O:ORCL160902C00040500,2016-08-29,2016-09-02,ORCL,C,2.7,1,0.25,0.25,0.25,0.25,1,1472443200000000000,4,41.48,41.31,41.53,41.26,41.53,41.25,41.42,41.42
O:ORCL160902C00041000,2016-08-29,2016-09-02,ORCL,C,2.73,68,0.14,0.13,0.14,0.12,17,1472443200000000000,4,41.48,41.31,41.53,41.26,41.53,41.25,41.42,41.42
O:ORCL160902C00041500,2016-08-29,2016-09-02,ORCL,C,2.77,201,0.07,0.04,0.07,0.04,28,1472443200000000000,4,41.48,41.31,41.53,41.26,41.53,41.25,41.42,41.42
O:ORCL160902C00042000,2016-08-29,2016-09-02,ORCL,C,2.8,35,0.02,0.01,0.02,0.01,14,1472443200000000000,4,41.48,41.31,41.53,41.26,41.53,41.25,41.42,41.42
O:ORCL160916C00036500,2016-09-12,2016-09-16,ORCL,C,2.43,6,1.05,1.04,1.05,1.04,4,1473652800000000000,4,39.96,40.68,40.75,39.68,40.75,38.92,39.95,39.95
O:ORCL160916C00037000,2016-09-12,2016-09-16,ORCL,C,2.47,15,0.74,0.9,0.9,0.74,5,1473652800000000000,4,39.96,40.68,40.75,39.68,40.75,38.92,39.95,39.95
O:ORCL160916C00038000,2016-09-12,2016-09-16,ORCL,C,2.53,26,0.6,0.7,0.7,0.6,7,1473652800000000000,4,39.96,40.68,40.75,39.68,40.75,38.92,39.95,39.95
O:ORCL160916C00039000,2016-09-12,2016-09-16,ORCL,C,2.6,73,0.38,0.48,0.48,0.38,9,1473652800000000000,4,39.96,40.68,40.75,39.68,40.75,38.92,39.95,39.95
O:ORCL160916C00039500,2016-09-12,2016-09-16,ORCL,C,2.63,188,0.3,0.38,0.38,0.29,19,1473652800000000000,4,39.96,40.68,40.75,39.68,40.75,38.92,39.95,39.95
O:ORCL160916C00040000,2016-09-12,2016-09-16,ORCL,C,2.67,1118,0.25,0.31,0.31,0.21,77,1473652800000000000,4,39.96,40.68,40.75,39.68,40.75,38.92,39.95,39.95
O:ORCL160916C00040500,2016-09-12,2016-09-16,ORCL,C,2.7,413,0.17,0.24,0.24,0.17,43,1473652800000000000,4,39.96,40.68,40.75,39.68,40.75,38.92,39.95,39.95
O:ORCL160916C00041000,2016-09-12,2016-09-16,ORCL,C,2.73,768,0.11,0.17,0.18,0.11,106,1473652800000000000,4,39.96,40.68,40.75,39.68,40.75,38.92,39.95,39.95
O:ORCL160916C00041500,2016-09-12,2016-09-16,ORCL,C,2.77,985,0.07,0.12,0.12,0.07,90,1473652800000000000,4,39.96,40.68,40.75,39.68,40.75,38.92,39.95,39.95
O:ORCL160916C00042000,2016-09-12,2016-09-16,ORCL,C,2.8,3426,0.06,0.08,0.08,0.04,121,1473652800000000000,4,39.96,40.68,40.75,39.68,40.75,38.92,39.95,39.95
O:ORCL160916C00042500,2016-09-12,2016-09-16,ORCL,C,2.83,503,0.04,0.05,0.05,0.03,30,1473652800000000000,4,39.96,40.68,40.75,39.68,40.75,38.92,39.95,39.95
O:ORCL160916C00043000,2016-09-12,2016-09-16,ORCL,C,2.87,295,0.02,0.03,0.03,0.02,35,1473652800000000000,4,39.96,40.68,40.75,39.68,40.75,38.92,39.95,39.95
O:ORCL160916C00043500,2016-09-12,2016-09-16,ORCL,C,2.9,63,0.01,0.02,0.02,0.01,6,1473652800000000000,4,39.96,40.68,40.75,39.68,40.75,38.92,39.95,39.95
O:ORCL160916C00045000,2016-09-12,2016-09-16,ORCL,C,3.0,16,0.01,0.0,0.01,0.0,8,1473652800000000000,4,39.96,40.68,40.75,39.68,40.75,38.92,39.95,39.95
O:ORCL160916C00047000,2016-09-12,2016-09-16,ORCL,C,3.13,2,0.0,0.0,0.0,0.0,1,1473652800000000000,4,39.96,40.68,40.75,39.68,40.75,38.92,39.95,39.95
O:ORCL160923C00036500,2016-09-19,2016-09-23,ORCL,C,2.43,17,0.67,0.68,0.7,0.67,4,1474257600000000000,4,39.13,39.23,39.55,39.04,39.55,39.23,39.42,39.42
O:ORCL160923C00037500,2016-09-19,2016-09-23,ORCL,C,2.5,1,0.44,0.44,0.44,0.44,1,1474257600000000000,4,39.13,39.23,39.55,39.04,39.55,39.23,39.42,39.42
O:ORCL160923C00038000,2016-09-19,2016-09-23,ORCL,C,2.53,2,0.3,0.3,0.3,0.3,1,1474257600000000000,4,39.13,39.23,39.55,39.04,39.55,39.23,39.42,39.42
O:ORCL160923C00038500,2016-09-19,2016-09-23,ORCL,C,2.57,30,0.21,0.22,0.22,0.18,7,1474257600000000000,4,39.13,39.23,39.55,39.04,39.55,39.23,39.42,39.42
O:ORCL160923C00039000,2016-09-19,2016-09-23,ORCL,C,2.6,815,0.12,0.12,0.17,0.09,60,1474257600000000000,4,39.13,39.23,39.55,39.04,39.55,39.23,39.42,39.42
O:ORCL160923C00039500,2016-09-19,2016-09-23,ORCL,C,2.63,1766,0.04,0.05,0.08,0.04,82,1474257600000000000,4,39.13,39.23,39.55,39.04,39.55,39.23,39.42,39.42
O:ORCL160923C00040000,2016-09-19,2016-09-23,ORCL,C,2.67,832,0.02,0.02,0.03,0.01,66,1474257600000000000,4,39.13,39.23,39.55,39.04,39.55,39.23,39.42,39.42
O:ORCL160923C00040500,2016-09-19,2016-09-23,ORCL,C,2.7,70,0.01,0.01,0.01,0.01,3,1474257600000000000,4,39.13,39.23,39.55,39.04,39.55,39.23,39.42,39.42
O:ORCL160923C00041000,2016-09-19,2016-09-23,ORCL,C,2.73,52,0.0,0.0,0.0,0.0,10,1474257600000000000,4,39.13,39.23,39.55,39.04,39.55,39.23,39.42,39.42
O:ORCL160923C00041500,2016-09-19,2016-09-23,ORCL,C,2.77,34,0.0,0.0,0.0,0.0,11,1474257600000000000,4,39.13,39.23,39.55,39.04,39.55,39.23,39.42,39.42
O:ORCL160923C00042000,2016-09-19,2016-09-23,ORCL,C,2.8,3,0.06,0.0,0.06,0.0,3,1474257600000000000,4,39.13,39.23,39.55,39.04,39.55,39.23,39.42,39.42
O:ORCL160923C00042500,2016-09-19,2016-09-23,ORCL,C,2.83,21,0.05,0.0,0.05,0.0,4,1474257600000000000,4,39.13,39.23,39.55,39.04,39.55,39.23,39.42,39.42
O:ORCL160930C00036500,2016-09-26,2016-09-30,ORCL,C,2.43,21,0.64,0.65,0.65,0.64,3,1474862400000000000,4,39.0,39.03,39.1,38.76,39.1,39.28,39.44,39.44
O:ORCL160930C00038000,2016-09-26,2016-09-30,ORCL,C,2.53,34,0.22,0.28,0.28,0.22,9,1474862400000000000,4,39.0,39.03,39.1,38.76,39.1,39.28,39.44,39.44
O:ORCL160930C00038500,2016-09-26,2016-09-30,ORCL,C,2.57,62,0.13,0.17,0.17,0.13,9,1474862400000000000,4,39.0,39.03,39.1,38.76,39.1,39.28,39.44,39.44
O:ORCL160930C00039000,2016-09-26,2016-09-30,ORCL,C,2.6,387,0.05,0.08,0.08,0.05,22,1474862400000000000,4,39.0,39.03,39.1,38.76,39.1,39.28,39.44,39.44
O:ORCL160930C00039500,2016-09-26,2016-09-30,ORCL,C,2.63,1720,0.02,0.02,0.02,0.02,37,1474862400000000000,4,39.0,39.03,39.1,38.76,39.1,39.28,39.44,39.44
O:ORCL160930C00040000,2016-09-26,2016-09-30,ORCL,C,2.67,262,0.0,0.0,0.01,0.0,8,1474862400000000000,4,39.0,39.03,39.1,38.76,39.1,39.28,39.44,39.44
O:ORCL160930C00042000,2016-09-26,2016-09-30,ORCL,C,2.8,10,0.04,0.01,0.04,0.01,2,1474862400000000000,4,39.0,39.03,39.1,38.76,39.1,39.28,39.44,39.44
O:ORCL160930C00042500,2016-09-26,2016-09-30,ORCL,C,2.83,3,0.0,0.0,0.0,0.0,1,1474862400000000000,4,39.0,39.03,39.1,38.76,39.1,39.28,39.44,39.44
O:ORCL161007C00038000,2016-10-03,2016-10-07,ORCL,C,2.53,60,0.26,0.26,0.26,0.26,1,1475467200000000000,4,39.2,38.99,39.26,38.86,39.26,38.71,39.0,39.0
O:ORCL161007C00038500,2016-10-03,2016-10-07,ORCL,C,2.57,1,0.19,0.19,0.19,0.19,1,1475467200000000000,4,39.2,38.99,39.26,38.86,39.26,38.71,39.0,39.0
O:ORCL161007C00039000,2016-10-03,2016-10-07,ORCL,C,2.6,407,0.07,0.06,0.08,0.06,25,1475467200000000000,4,39.2,38.99,39.26,38.86,39.26,38.71,39.0,39.0
O:ORCL161007C00039500,2016-10-03,2016-10-07,ORCL,C,2.63,1807,0.03,0.01,0.03,0.01,33,1475467200000000000,4,39.2,38.99,39.26,38.86,39.26,38.71,39.0,39.0
O:ORCL161007C00040000,2016-10-03,2016-10-07,ORCL,C,2.67,92,0.01,0.0,0.01,0.0,9,1475467200000000000,4,39.2,38.99,39.26,38.86,39.26,38.71,39.0,39.0
O:ORCL161014C00038000,2016-10-10,2016-10-14,ORCL,C,2.53,13,0.22,0.24,0.24,0.22,2,1476072000000000000,4,38.86,38.62,39.0,38.59,39.0,38.41,38.58,38.58
O:ORCL161014C00038500,2016-10-10,2016-10-14,ORCL,C,2.57,78,0.12,0.08,0.12,0.08,17,1476072000000000000,4,38.86,38.62,39.0,38.59,39.0,38.41,38.58,38.58
O:ORCL161014C00039000,2016-10-10,2016-10-14,ORCL,C,2.6,1118,0.06,0.02,0.06,0.02,37,1476072000000000000,4,38.86,38.62,39.0,38.59,39.0,38.41,38.58,38.58
O:ORCL161014C00039500,2016-10-10,2016-10-14,ORCL,C,2.63,1645,0.02,0.0,0.02,0.0,51,1476072000000000000,4,38.86,38.62,39.0,38.59,39.0,38.41,38.58,38.58
O:ORCL161014C00040000,2016-10-10,2016-10-14,ORCL,C,2.67,4,0.0,0.0,0.0,0.0,3,1476072000000000000,4,38.86,38.62,39.0,38.59,39.0,38.41,38.58,38.58
O:ORCL161021C00038000,2016-10-17,2016-10-21,ORCL,C,2.53,53,0.13,0.12,0.13,0.12,7,1476676800000000000,4,38.54,38.29,38.54,38.21,38.54,37.93,38.12,38.12
O:ORCL161021C00038500,2016-10-17,2016-10-21,ORCL,C,2.57,334,0.07,0.05,0.07,0.05,16,1476676800000000000,4,38.54,38.29,38.54,38.21,38.54,37.93,38.12,38.12
O:ORCL161021C00039000,2016-10-17,2016-10-21,ORCL,C,2.6,162,0.02,0.01,0.02,0.01,21,1476676800000000000,4,38.54,38.29,38.54,38.21,38.54,37.93,38.12,38.12
O:ORCL161021C00039500,2016-10-17,2016-10-21,ORCL,C,2.63,4,0.01,0.0,0.01,0.0,2,1476676800000000000,4,38.54,38.29,38.54,38.21,38.54,37.93,38.12,38.12
O:ORCL161021C00040000,2016-10-17,2016-10-21,ORCL,C,2.67,51,0.04,0.0,0.04,0.0,22,1476676800000000000,4,38.54,38.29,38.54,38.21,38.54,37.93,38.12,38.12
O:ORCL161021C00040500,2016-10-17,2016-10-21,ORCL,C,2.7,81,0.0,0.0,0.0,0.0,2,1476676800000000000,4,38.54,38.29,38.54,38.21,38.54,37.93,38.12,38.12
O:ORCL161021C00041000,2016-10-17,2016-10-21,ORCL,C,2.73,13,0.0,0.0,0.0,0.0,3,1476676800000000000,4,38.54,38.29,38.54,38.21,38.54,37.93,38.12,38.12
O:ORCL161021C00043000,2016-10-17,2016-10-21,ORCL,C,2.87,60,0.0,0.0,0.0,0.0,1,1476676800000000000,4,38.54,38.29,38.54,38.21,38.54,37.93,38.12,38.12
O:ORCL161021C00044000,2016-10-17,2016-10-21,ORCL,C,2.93,17,0.0,0.0,0.0,0.0,4,1476676800000000000,4,38.54,38.29,38.54,38.21,38.54,37.93,38.12,38.12
O:ORCL161028C00038000,2016-10-24,2016-10-28,ORCL,C,2.53,5,0.1,0.1,0.1,0.1,2,1477281600000000000,4,38.12,38.27,38.42,38.12,38.42,38.17,38.45,38.45
O:ORCL161028C00038500,2016-10-24,2016-10-28,ORCL,C,2.57,258,0.03,0.03,0.04,0.03,41,1477281600000000000,4,38.12,38.27,38.42,38.12,38.42,38.17,38.45,38.45
O:ORCL161028C00039000,2016-10-24,2016-10-28,ORCL,C,2.6,1524,0.0,0.0,0.0,0.0,20,1477281600000000000,4,38.12,38.27,38.42,38.12,38.42,38.17,38.45,38.45
O:ORCL161104C00037500,2016-10-31,2016-11-04,ORCL,C,2.5,15,0.26,0.26,0.26,0.26,1,1477886400000000000,4,38.31,38.42,38.51,38.2,38.51,38.28,38.58,38.58
O:ORCL161104C00038000,2016-10-31,2016-11-04,ORCL,C,2.53,14,0.13,0.13,0.13,0.13,2,1477886400000000000,4,38.31,38.42,38.51,38.2,38.51,38.28,38.58,38.58
O:ORCL161104C00038500,2016-10-31,2016-11-04,ORCL,C,2.57,623,0.06,0.06,0.06,0.04,55,1477886400000000000,4,38.31,38.42,38.51,38.2,38.51,38.28,38.58,38.58
O:ORCL161104C00039000,2016-10-31,2016-11-04,ORCL,C,2.6,2266,0.02,0.02,0.02,0.01,47,1477886400000000000,4,38.31,38.42,38.51,38.2,38.51,38.28,38.58,38.58
O:ORCL161111C00037000,2016-11-07,2016-11-11,ORCL,C,2.47,10,0.52,0.52,0.52,0.52,1,1478494800000000000,4,38.73,39.09,39.15,38.72,39.15,39.45,39.8,39.8
O:ORCL161111C00038500,2016-11-07,2016-11-11,ORCL,C,2.57,310,0.21,0.2,0.21,0.2,3,1478494800000000000,4,38.73,39.09,39.15,38.72,39.15,39.45,39.8,39.8
O:ORCL161111C00039000,2016-11-07,2016-11-11,ORCL,C,2.6,958,0.08,0.12,0.17,0.08,50,1478494800000000000,4,38.73,39.09,39.15,38.72,39.15,39.45,39.8,39.8
O:ORCL161111C00039500,2016-11-07,2016-11-11,ORCL,C,2.63,215,0.05,0.05,0.06,0.05,43,1478494800000000000,4,38.73,39.09,39.15,38.72,39.15,39.45,39.8,39.8
O:ORCL161111C00040000,2016-11-07,2016-11-11,ORCL,C,2.67,92,0.02,0.02,0.03,0.02,12,1478494800000000000,4,38.73,39.09,39.15,38.72,39.15,39.45,39.8,39.8
O:ORCL161118C00037000,2016-11-14,2016-11-18,ORCL,C,2.47,3,0.62,0.62,0.62,0.62,1,1479099600000000000,4,39.39,39.3,39.67,39.11,39.67,39.86,40.49,40.49
O:ORCL161118C00039000,2016-11-14,2016-11-18,ORCL,C,2.6,348,0.19,0.14,0.19,0.11,15,1479099600000000000,4,39.39,39.3,39.67,39.11,39.67,39.86,40.49,40.49
O:ORCL161118C00039500,2016-11-14,2016-11-18,ORCL,C,2.63,521,0.09,0.06,0.1,0.04,53,1479099600000000000,4,39.39,39.3,39.67,39.11,39.67,39.86,40.49,40.49
O:ORCL161118C00040000,2016-11-14,2016-11-18,ORCL,C,2.67,618,0.04,0.02,0.04,0.01,42,1479099600000000000,4,39.39,39.3,39.67,39.11,39.67,39.86,40.49,40.49
O:ORCL161118C00040500,2016-11-14,2016-11-18,ORCL,C,2.7,154,0.02,0.0,0.02,0.0,5,1479099600000000000,4,39.39,39.3,39.67,39.11,39.67,39.86,40.49,40.49
O:ORCL161118C00042000,2016-11-14,2016-11-18,ORCL,C,2.8,30,0.0,0.0,0.0,0.0,5,1479099600000000000,4,39.39,39.3,39.67,39.11,39.67,39.86,40.49,40.49
O:ORCL161125C00039000,2016-11-21,2016-11-25,ORCL,C,2.6,11,0.25,0.22,0.25,0.22,2,1479704400000000000,4,39.97,39.89,40.03,39.67,40.03,40.27,40.35,40.35
O:ORCL161125C00039500,2016-11-21,2016-11-25,ORCL,C,2.63,3026,0.14,0.11,0.15,0.11,55,1479704400000000000,4,39.97,39.89,40.03,39.67,40.03,40.27,40.35,40.35
O:ORCL161125C00040000,2016-11-21,2016-11-25,ORCL,C,2.67,448,0.06,0.03,0.06,0.02,22,1479704400000000000,4,39.97,39.89,40.03,39.67,40.03,40.27,40.35,40.35
O:ORCL161202C00038500,2016-11-28,2016-12-02,ORCL,C,2.57,2,0.46,0.46,0.46,0.46,1,1480309200000000000,4,40.13,40.3,40.53,40.05,40.53,38.5,38.83,38.83
O:ORCL161202C00039500,2016-11-28,2016-12-02,ORCL,C,2.63,402,0.18,0.25,0.25,0.18,15,1480309200000000000,4,40.13,40.3,40.53,40.05,40.53,38.5,38.83,38.83
O:ORCL161202C00040500,2016-11-28,2016-12-02,ORCL,C,2.7,96,0.02,0.04,0.06,0.02,18,1480309200000000000,4,40.13,40.3,40.53,40.05,40.53,38.5,38.83,38.83
O:ORCL161202C00041000,2016-11-28,2016-12-02,ORCL,C,2.73,4,0.01,0.01,0.01,0.01,2,1480309200000000000,4,40.13,40.3,40.53,40.05,40.53,38.5,38.83,38.83
O:ORCL161209C00038500,2016-12-05,2016-12-09,ORCL,C,2.57,168,0.12,0.16,0.18,0.12,6,1480914000000000000,4,38.6,38.97,39.11,38.54,39.11,40.52,40.77,40.77
O:ORCL161209C00039000,2016-12-05,2016-12-09,ORCL,C,2.6,668,0.04,0.08,0.1,0.04,31,1480914000000000000,4,38.6,38.97,39.11,38.54,39.11,40.52,40.77,40.77
O:ORCL161209C00039500,2016-12-05,2016-12-09,ORCL,C,2.63,129,0.02,0.03,0.04,0.02,21,1480914000000000000,4,38.6,38.97,39.11,38.54,39.11,40.52,40.77,40.77
O:ORCL161209C00040000,2016-12-05,2016-12-09,ORCL,C,2.67,60,0.01,0.01,0.01,0.01,5,1480914000000000000,4,38.6,38.97,39.11,38.54,39.11,40.52,40.77,40.77
O:ORCL161216C00039000,2016-12-12,2016-12-16,ORCL,C,2.6,230,0.49,0.43,0.49,0.43,10,1481518800000000000,4,40.35,40.51,40.7,40.35,40.7,39.1,40.22,40.22
O:ORCL161216C00039500,2016-12-12,2016-12-16,ORCL,C,2.63,21,0.38,0.36,0.38,0.36,3,1481518800000000000,4,40.35,40.51,40.7,40.35,40.7,39.1,40.22,40.22
O:ORCL161216C00040000,2016-12-12,2016-12-16,ORCL,C,2.67,776,0.3,0.28,0.3,0.27,36,1481518800000000000,4,40.35,40.51,40.7,40.35,40.7,39.1,40.22,40.22
O:ORCL161216C00040500,2016-12-12,2016-12-16,ORCL,C,2.7,825,0.17,0.2,0.76,0.17,148,1481518800000000000,4,40.35,40.51,40.7,40.35,40.7,39.1,40.22,40.22
O:ORCL161216C00041000,2016-12-12,2016-12-16,ORCL,C,2.73,964,0.15,0.15,0.18,0.14,57,1481518800000000000,4,40.35,40.51,40.7,40.35,40.7,39.1,40.22,40.22
O:ORCL161216C00041500,2016-12-12,2016-12-16,ORCL,C,2.77,663,0.08,0.1,0.64,0.08,125,1481518800000000000,4,40.35,40.51,40.7,40.35,40.7,39.1,40.22,40.22
O:ORCL161216C00042000,2016-12-12,2016-12-16,ORCL,C,2.8,263,0.06,0.07,0.08,0.06,35,1481518800000000000,4,40.35,40.51,40.7,40.35,40.7,39.1,40.22,40.22
O:ORCL161216C00042500,2016-12-12,2016-12-16,ORCL,C,2.83,100,0.05,0.05,0.05,0.04,4,1481518800000000000,4,40.35,40.51,40.7,40.35,40.7,39.1,40.22,40.22
O:ORCL161216C00043000,2016-12-12,2016-12-16,ORCL,C,2.87,65,0.06,0.03,0.06,0.02,10,1481518800000000000,4,40.35,40.51,40.7,40.35,40.7,39.1,40.22,40.22
O:ORCL161216C00043500,2016-12-12,2016-12-16,ORCL,C,2.9,18,0.02,0.02,0.02,0.02,1,1481518800000000000,4,40.35,40.51,40.7,40.35,40.7,39.1,40.22,40.22
O:ORCL161216C00044000,2016-12-12,2016-12-16,ORCL,C,2.93,10,0.01,0.01,0.01,0.01,1,1481518800000000000,4,40.35,40.51,40.7,40.35,40.7,39.1,40.22,40.22
O:ORCL161216C00044500,2016-12-12,2016-12-16,ORCL,C,2.97,88,0.01,0.01,0.01,0.01,4,1481518800000000000,4,40.35,40.51,40.7,40.35,40.7,39.1,40.22,40.22
O:ORCL161216C00045000,2016-12-12,2016-12-16,ORCL,C,3.0,14,0.01,0.01,0.01,0.01,1,1481518800000000000,4,40.35,40.51,40.7,40.35,40.7,39.1,40.22,40.22
O:ORCL161216C00046000,2016-12-12,2016-12-16,ORCL,C,3.07,100,0.01,0.01,0.01,0.01,2,1481518800000000000,4,40.35,40.51,40.7,40.35,40.7,39.1,40.22,40.22
O:ORCL161223C00038000,2016-12-19,2016-12-23,ORCL,C,2.53,11,0.22,0.24,0.24,0.22,2,1482123600000000000,4,39.03,38.9,39.19,38.59,39.19,38.78,39.02,39.02
O:ORCL161223C00038500,2016-12-19,2016-12-23,ORCL,C,2.57,75,0.14,0.14,0.16,0.09,7,1482123600000000000,4,39.03,38.9,39.19,38.59,39.19,38.78,39.02,39.02
O:ORCL161223C00039000,2016-12-19,2016-12-23,ORCL,C,2.6,596,0.08,0.06,0.08,0.03,67,1482123600000000000,4,39.03,38.9,39.19,38.59,39.19,38.78,39.02,39.02
O:ORCL161223C00039500,2016-12-19,2016-12-23,ORCL,C,2.63,1481,0.03,0.02,0.03,0.01,27,1482123600000000000,4,39.03,38.9,39.19,38.59,39.19,38.78,39.02,39.02
O:ORCL161223C00040000,2016-12-19,2016-12-23,ORCL,C,2.67,562,0.02,0.0,0.02,0.0,37,1482123600000000000,4,39.03,38.9,39.19,38.59,39.19,38.78,39.02,39.02
O:ORCL161223C00040500,2016-12-19,2016-12-23,ORCL,C,2.7,25,0.0,0.0,0.0,0.0,7,1482123600000000000,4,39.03,38.9,39.19,38.59,39.19,38.78,39.02,39.02
O:ORCL161223C00041000,2016-12-19,2016-12-23,ORCL,C,2.73,15,0.0,0.0,0.0,0.0,3,1482123600000000000,4,39.03,38.9,39.19,38.59,39.19,38.78,39.02,39.02
O:ORCL161223C00041500,2016-12-19,2016-12-23,ORCL,C,2.77,17,0.0,0.0,0.0,0.0,3,1482123600000000000,4,39.03,38.9,39.19,38.59,39.19,38.78,39.02,39.02
O:ORCL161223C00042000,2016-12-19,2016-12-23,ORCL,C,2.8,46,0.0,0.0,0.0,0.0,4,1482123600000000000,4,39.03,38.9,39.19,38.59,39.19,38.78,39.02,39.02
O:ORCL161223C00042500,2016-12-19,2016-12-23,ORCL,C,2.83,3,0.0,0.0,0.0,0.0,1,1482123600000000000,4,39.03,38.9,39.19,38.59,39.19,38.78,39.02,39.02
O:ORCL160324C00038500,2016-03-21,2016-03-24,ORCL,C,2.57,16,0.74,0.8,0.8,0.74,3,1458532800000000000,3,41.42,41.61,42.0,41.37,42.0,40.97,41.06,41.06
O:ORCL160324C00039000,2016-03-21,2016-03-24,ORCL,C,2.6,88,0.58,0.64,0.7,0.58,5,1458532800000000000,3,41.42,41.61,42.0,41.37,42.0,40.97,41.06,41.06
O:ORCL160324C00039500,2016-03-21,2016-03-24,ORCL,C,2.63,5,0.6,0.6,0.6,0.6,1,1458532800000000000,3,41.42,41.61,42.0,41.37,42.0,40.97,41.06,41.06
O:ORCL160324C00040000,2016-03-21,2016-03-24,ORCL,C,2.67,63,0.38,0.41,0.42,0.36,6,1458532800000000000,3,41.42,41.61,42.0,41.37,42.0,40.97,41.06,41.06
O:ORCL160324C00040500,2016-03-21,2016-03-24,ORCL,C,2.7,23,0.25,0.29,0.29,0.25,4,1458532800000000000,3,41.42,41.61,42.0,41.37,42.0,40.97,41.06,41.06
O:ORCL160324C00041000,2016-03-21,2016-03-24,ORCL,C,2.73,252,0.15,0.18,0.26,0.15,28,1458532800000000000,3,41.42,41.61,42.0,41.37,42.0,40.97,41.06,41.06
O:ORCL160324C00041500,2016-03-21,2016-03-24,ORCL,C,2.77,123,0.08,0.08,0.15,0.08,25,1458532800000000000,3,41.42,41.61,42.0,41.37,42.0,40.97,41.06,41.06
O:ORCL160324C00042000,2016-03-21,2016-03-24,ORCL,C,2.8,576,0.03,0.03,0.08,0.03,43,1458532800000000000,3,41.42,41.61,42.0,41.37,42.0,40.97,41.06,41.06
O:ORCL160324C00042500,2016-03-21,2016-03-24,ORCL,C,2.83,393,0.01,0.01,0.03,0.01,21,1458532800000000000,3,41.42,41.61,42.0,41.37,42.0,40.97,41.06,41.06
O:ORCL160122C00034000,2016-01-19,2016-01-22,ORCL,C,2.27,25,0.2,0.2,0.2,0.2,1,1453179600000000000,3,34.54,34.55,34.75,34.24,34.75,34.8,34.99,34.99
O:ORCL160122C00034500,2016-01-19,2016-01-22,ORCL,C,2.3,254,0.13,0.12,0.14,0.08,36,1453179600000000000,3,34.54,34.55,34.75,34.24,34.75,34.8,34.99,34.99
O:ORCL160122C00035000,2016-01-19,2016-01-22,ORCL,C,2.33,1530,0.07,0.08,0.08,0.04,85,1453179600000000000,3,34.54,34.55,34.75,34.24,34.75,34.8,34.99,34.99
O:ORCL160122C00035500,2016-01-19,2016-01-22,ORCL,C,2.37,209,0.02,0.03,0.03,0.02,16,1453179600000000000,3,34.54,34.55,34.75,34.24,34.75,34.8,34.99,34.99
O:ORCL160122C00036000,2016-01-19,2016-01-22,ORCL,C,2.4,98,0.0,0.01,0.01,0.0,4,1453179600000000000,3,34.54,34.55,34.75,34.24,34.75,34.8,34.99,34.99
O:ORCL160122C00036500,2016-01-19,2016-01-22,ORCL,C,2.43,150,0.01,0.01,0.01,0.01,1,1453179600000000000,3,34.54,34.55,34.75,34.24,34.75,34.8,34.99,34.99
O:ORCL160122C00041000,2016-01-19,2016-01-22,ORCL,C,2.73,8,0.02,0.02,0.02,0.02,1,1453179600000000000,3,34.54,34.55,34.75,34.24,34.75,34.8,34.99,34.99
O:ORCL160219C00034000,2016-02-16,2016-02-19,ORCL,C,2.27,4,0.46,0.45,0.46,0.45,2,1455598800000000000,3,35.76,35.7,35.91,35.42,35.91,36.78,36.79,36.79
O:ORCL160219C00035000,2016-02-16,2016-02-19,ORCL,C,2.33,252,0.25,0.22,0.25,0.2,16,1455598800000000000,3,35.76,35.7,35.91,35.42,35.91,36.78,36.79,36.79
O:ORCL160219C00035500,2016-02-16,2016-02-19,ORCL,C,2.37,987,0.16,0.12,0.16,0.1,35,1455598800000000000,3,35.76,35.7,35.91,35.42,35.91,36.78,36.79,36.79
O:ORCL160219C00036000,2016-02-16,2016-02-19,ORCL,C,2.4,649,0.1,0.05,0.1,0.04,75,1455598800000000000,3,35.76,35.7,35.91,35.42,35.91,36.78,36.79,36.79
O:ORCL160219C00036500,2016-02-16,2016-02-19,ORCL,C,2.43,185,0.02,0.02,0.03,0.02,12,1455598800000000000,3,35.76,35.7,35.91,35.42,35.91,36.78,36.79,36.79
O:ORCL160219C00037000,2016-02-16,2016-02-19,ORCL,C,2.47,116,0.02,0.01,0.02,0.0,15,1455598800000000000,3,35.76,35.7,35.91,35.42,35.91,36.78,36.79,36.79
O:ORCL160219C00038000,2016-02-16,2016-02-19,ORCL,C,2.53,16,0.03,0.0,0.03,0.0,10,1455598800000000000,3,35.76,35.7,35.91,35.42,35.91,36.78,36.79,36.79
O:ORCL160603C00038500,2016-05-31,2016-06-03,ORCL,C,2.57,4,0.39,0.39,0.39,0.39,1,1464667200000000000,3,40.08,40.2,40.22,39.95,40.22,39.1,39.21,39.21
O:ORCL160603C00040000,2016-05-31,2016-06-03,ORCL,C,2.67,765,0.07,0.09,0.09,0.06,21,1464667200000000000,3,40.08,40.2,40.22,39.95,40.22,39.1,39.21,39.21
O:ORCL160603C00040500,2016-05-31,2016-06-03,ORCL,C,2.7,45,0.02,0.03,0.03,0.02,10,1464667200000000000,3,40.08,40.2,40.22,39.95,40.22,39.1,39.21,39.21
O:ORCL160603C00041000,2016-05-31,2016-06-03,ORCL,C,2.73,10,0.01,0.01,0.01,0.01,1,1464667200000000000,3,40.08,40.2,40.22,39.95,40.22,39.1,39.21,39.21
O:ORCL160708C00039000,2016-07-05,2016-07-08,ORCL,C,2.6,100,0.38,0.38,0.38,0.38,2,1467691200000000000,3,40.33,40.4,40.58,40.15,40.58,40.87,41.18,41.18
O:ORCL160708C00040000,2016-07-05,2016-07-08,ORCL,C,2.67,10,0.11,0.11,0.11,0.11,1,1467691200000000000,3,40.33,40.4,40.58,40.15,40.58,40.87,41.18,41.18
O:ORCL160708C00040500,2016-07-05,2016-07-08,ORCL,C,2.7,473,0.08,0.06,0.08,0.04,18,1467691200000000000,3,40.33,40.4,40.58,40.15,40.58,40.87,41.18,41.18
O:ORCL160708C00041000,2016-07-05,2016-07-08,ORCL,C,2.73,353,0.03,0.02,0.03,0.02,16,1467691200000000000,3,40.33,40.4,40.58,40.15,40.58,40.87,41.18,41.18
O:ORCL160708C00042000,2016-07-05,2016-07-08,ORCL,C,2.8,1,0.0,0.0,0.0,0.0,1,1467691200000000000,3,40.33,40.4,40.58,40.15,40.58,40.87,41.18,41.18
O:ORCL160909C00040000,2016-09-06,2016-09-09,ORCL,C,2.67,4,0.39,0.28,0.39,0.28,2,1473134400000000000,3,41.37,41.25,41.37,41.07,41.37,40.03,40.74,40.74
O:ORCL160909C00040500,2016-09-06,2016-09-09,ORCL,C,2.7,14,0.17,0.19,0.19,0.17,4,1473134400000000000,3,41.37,41.25,41.37,41.07,41.37,40.03,40.74,40.74
O:ORCL160909C00041000,2016-09-06,2016-09-09,ORCL,C,2.73,645,0.08,0.07,0.08,0.07,34,1473134400000000000,3,41.37,41.25,41.37,41.07,41.37,40.03,40.74,40.74
O:ORCL160909C00041500,2016-09-06,2016-09-09,ORCL,C,2.77,748,0.08,0.02,0.08,0.01,39,1473134400000000000,3,41.37,41.25,41.37,41.07,41.37,40.03,40.74,40.74
O:ORCL160909C00042000,2016-09-06,2016-09-09,ORCL,C,2.8,30,0.0,0.01,0.01,0.0,3,1473134400000000000,3,41.37,41.25,41.37,41.07,41.37,40.03,40.74,40.74
O:ORCL160909C00042500,2016-09-06,2016-09-09,ORCL,C,2.83,37,0.04,0.0,0.04,0.0,9,1473134400000000000,3,41.37,41.25,41.37,41.07,41.37,40.03,40.74,40.74
O:ORCL161230C00038000,2016-12-27,2016-12-30,ORCL,C,2.53,20,0.21,0.21,0.21,0.21,1,1482814800000000000,3,38.77,38.82,39.04,38.76,39.04,38.45,38.86,38.86
O:ORCL161230C00038500,2016-12-27,2016-12-30,ORCL,C,2.57,35,0.12,0.1,0.12,0.1,3,1482814800000000000,3,38.77,38.82,39.04,38.76,39.04,38.45,38.86,38.86
O:ORCL161230C00039000,2016-12-27,2016-12-30,ORCL,C,2.6,1303,0.05,0.03,0.06,0.03,70,1482814800000000000,3,38.77,38.82,39.04,38.76,39.04,38.45,38.86,38.86
O:ORCL161230C00039500,2016-12-27,2016-12-30,ORCL,C,2.63,191,0.02,0.01,0.02,0.0,14,1482814800000000000,3,38.77,38.82,39.04,38.76,39.04,38.45,38.86,38.86
O:ORCL161230C00040000,2016-12-27,2016-12-30,ORCL,C,2.67,5,0.01,0.01,0.01,0.01,1,1482814800000000000,3,38.77,38.82,39.04,38.76,39.04,38.45,38.86,38.86
O:ORCL161230C00042000,2016-12-27,2016-12-30,ORCL,C,2.8,3,0.0,0.0,0.01,0.0,3,1482814800000000000,3,38.77,38.82,39.04,38.76,39.04,38.45,38.86,38.86
