ticker,date_only,expiration_date,underlying_symbol,option_type,strike,volume,open_price,close_price,otm_pct,ITM,premium,premium_yield_pct,premium_low,premium_yield_pct_low,high_price,low_price,transactions,window_start,days_to_expiry,time_remaining_category,underlying_open,underlying_close,underlying_high,underlying_low,underlying_spot,underlying_close_at_expiry,underlying_high_at_expiry,underlying_spot_at_expiry,fedfunds_rate,mid_price,high_yield_pct,implied_volatility,probability_itm
O:PLTR201120C00005000,2020-10-19,2020-11-20,PLTR,C,5.0,1,4.64,4.64,-49.08,YES,4.64,47.25,4.64,47.25,4.64,4.64,1,1603080000000000000,32,Monthly,9.79,9.57,9.82,9.53,9.82,18.15,19.66,19.66,0.0009,4.64,47.25,,
O:PLTR201120C00007000,2020-10-19,2020-11-20,PLTR,C,7.0,2,2.6,2.6,-28.72,YES,2.6,26.48,2.6,26.48,2.6,2.6,1,1603080000000000000,32,Monthly,9.79,9.57,9.82,9.53,9.82,18.15,19.66,19.66,0.0009,2.6,26.48,,
O:PLTR201120C00007500,2020-10-19,2020-11-20,PLTR,C,7.5,15,2.2,2.13,-23.63,YES,2.16,22.05,2.13,21.69,2.2,2.13,5,1603080000000000000,32,Monthly,9.79,9.57,9.82,9.53,9.82,18.15,19.66,19.66,0.0009,2.16,22.4,,
O:PLTR201120C00008500,2020-10-19,2020-11-20,PLTR,C,8.5,6,1.45,1.45,-13.44,YES,1.45,14.77,1.45,14.77,1.45,1.45,1,1603080000000000000,32,Monthly,9.79,9.57,9.82,9.53,9.82,18.15,19.66,19.66,0.0009,1.45,14.77,0.52,0.81
O:PLTR201120C00009000,2020-10-19,2020-11-20,PLTR,C,9.0,456,1.2,0.96,-8.35,YES,1.08,10.95,0.95,9.67,1.2,0.95,75,1603080000000000000,32,Monthly,9.79,9.57,9.82,9.53,9.82,18.15,19.66,19.66,0.0009,1.08,12.22,0.52,0.69
O:PLTR201120C00009500,2020-10-19,2020-11-20,PLTR,C,9.5,9,0.73,0.73,-3.26,YES,0.73,7.43,0.73,7.43,0.73,0.73,1,1603080000000000000,32,Monthly,9.79,9.57,9.82,9.53,9.82,18.15,19.66,19.66,0.0009,0.73,7.43,0.49,0.56
O:PLTR201120C00010000,2020-10-19,2020-11-20,PLTR,C,10.0,1565,0.7,0.53,1.83,NO,0.62,6.36,0.5,5.09,0.75,0.5,244,1603080000000000000,32,Monthly,9.79,9.57,9.82,9.53,9.82,18.15,19.66,19.66,0.0009,0.62,7.64,0.6,0.42
O:PLTR201120C00010500,2020-10-19,2020-11-20,PLTR,C,10.5,55,0.5,0.4,6.92,NO,0.44,4.48,0.38,3.87,0.5,0.38,23,1603080000000000000,32,Monthly,9.79,9.57,9.82,9.53,9.82,18.15,19.66,19.66,0.0009,0.44,5.09,0.61,0.32
O:PLTR201120C00011000,2020-10-19,2020-11-20,PLTR,C,11.0,563,0.4,0.29,12.02,NO,0.35,3.56,0.25,2.55,0.45,0.25,87,1603080000000000000,32,Monthly,9.79,9.57,9.82,9.53,9.82,18.15,19.66,19.66,0.0009,0.35,4.58,0.66,0.25
O:PLTR201120C00011500,2020-10-19,2020-11-20,PLTR,C,11.5,9,0.3,0.2,17.11,NO,0.25,2.55,0.2,2.04,0.3,0.2,7,1603080000000000000,32,Monthly,9.79,9.57,9.82,9.53,9.82,18.15,19.66,19.66,0.0009,0.25,3.05,0.66,0.18
O:PLTR201120C00012000,2020-10-19,2020-11-20,PLTR,C,12.0,9,0.2,0.2,22.2,NO,0.2,2.04,0.2,2.04,0.2,0.2,4,1603080000000000000,32,Monthly,9.79,9.57,9.82,9.53,9.82,18.15,19.66,19.66,0.0009,0.2,2.04,0.7,0.14
O:PLTR201120C00012500,2020-10-19,2020-11-20,PLTR,C,12.5,1023,0.23,0.14,27.29,NO,0.17,1.73,0.11,1.12,0.23,0.11,140,1603080000000000000,32,Monthly,9.79,9.57,9.82,9.53,9.82,18.15,19.66,19.66,0.0009,0.17,2.34,0.75,0.11
O:PLTR201120C00013000,2020-10-19,2020-11-20,PLTR,C,13.0,4,0.15,0.1,32.38,NO,0.12,1.27,0.1,1.02,0.15,0.1,4,1603080000000000000,32,Monthly,9.79,9.57,9.82,9.53,9.82,18.15,19.66,19.66,0.0009,0.12,1.53,0.74,0.08
O:PLTR201120C00014000,2020-10-19,2020-11-20,PLTR,C,14.0,205,0.1,0.09,42.57,NO,0.1,0.97,0.09,0.92,0.1,0.09,11,1603080000000000000,32,Monthly,9.79,9.57,9.82,9.53,9.82,18.15,19.66,19.66,0.0009,0.1,1.02,0.84,0.06
O:PLTR201120C00015000,2020-10-19,2020-11-20,PLTR,C,15.0,234,0.08,0.05,52.75,NO,0.08,0.76,0.05,0.51,0.1,0.05,44,1603080000000000000,32,Monthly,9.79,9.57,9.82,9.53,9.82,18.15,19.66,19.66,0.0009,0.08,1.02,0.91,0.04
O:PLTR201120C00016000,2020-10-19,2020-11-20,PLTR,C,16.0,3,0.05,0.05,62.93,NO,0.05,0.51,0.05,0.51,0.05,0.05,1,1603080000000000000,32,Monthly,9.79,9.57,9.82,9.53,9.82,18.15,19.66,19.66,0.0009,0.05,0.51,0.92,0.03
O:PLTR201120C00017500,2020-10-19,2020-11-20,PLTR,C,17.5,80,0.05,0.03,78.21,NO,0.04,0.41,0.03,0.31,0.05,0.03,8,1603080000000000000,32,Monthly,9.79,9.57,9.82,9.53,9.82,18.15,19.66,19.66,0.0009,0.04,0.51,1.01,0.02
O:PLTR201120C00019000,2020-10-19,2020-11-20,PLTR,C,19.0,1,0.05,0.05,93.48,NO,0.05,0.51,0.05,0.51,0.05,0.05,1,1603080000000000000,32,Monthly,9.79,9.57,9.82,9.53,9.82,18.15,19.66,19.66,0.0009,0.05,0.51,1.17,0.02
O:PLTR201120C00020000,2020-10-19,2020-11-20,PLTR,C,20.0,2,0.04,0.03,103.67,NO,0.04,0.36,0.03,0.31,0.04,0.03,2,1603080000000000000,32,Monthly,9.79,9.57,9.82,9.53,9.82,18.15,19.66,19.66,0.0009,0.04,0.41,1.19,0.01
O:PLTR201120C00005000,2020-10-20,2020-11-20,PLTR,C,5.0,10,4.4,4.4,-48.24,YES,4.4,45.55,4.4,45.55,4.4,4.4,1,1603166400000000000,31,Monthly,9.6,9.27,9.66,9.27,9.66,18.15,19.66,19.66,0.0009,4.4,45.55,,
O:PLTR201120C00007000,2020-10-20,2020-11-20,PLTR,C,7.0,9,2.45,2.43,-27.54,YES,2.46,25.47,2.43,25.16,2.49,2.43,4,1603166400000000000,31,Monthly,9.6,9.27,9.66,9.27,9.66,18.15,19.66,19.66,0.0009,2.46,25.78,,
O:PLTR201120C00007500,2020-10-20,2020-11-20,PLTR,C,7.5,15,2.05,1.95,-22.36,YES,2.0,20.7,1.95,20.19,2.05,1.95,6,1603166400000000000,31,Monthly,9.6,9.27,9.66,9.27,9.66,18.15,19.66,19.66,0.0009,2.0,21.22,,
O:PLTR201120C00008500,2020-10-20,2020-11-20,PLTR,C,8.5,1,1.5,1.5,-12.01,YES,1.5,15.53,1.5,15.53,1.5,1.5,1,1603166400000000000,31,Monthly,9.6,9.27,9.66,9.27,9.66,18.15,19.66,19.66,0.0009,1.5,15.53,0.75,0.68
O:PLTR201120C00009000,2020-10-20,2020-11-20,PLTR,C,9.0,403,1.05,0.78,-6.83,YES,0.9,9.32,0.75,7.76,1.05,0.75,90,1603166400000000000,31,Monthly,9.6,9.27,9.66,9.27,9.66,18.15,19.66,19.66,0.0009,0.9,10.87,0.46,0.68
O:PLTR201120C00009500,2020-10-20,2020-11-20,PLTR,C,9.5,116,1.25,0.55,-1.66,YES,0.9,9.32,0.55,5.69,1.25,0.55,19,1603166400000000000,31,Monthly,9.6,9.27,9.66,9.27,9.66,18.15,19.66,19.66,0.0009,0.9,12.94,0.74,0.49
O:PLTR201120C00010000,2020-10-20,2020-11-20,PLTR,C,10.0,1226,0.55,0.4,3.52,NO,0.48,4.97,0.36,3.73,0.6,0.36,212,1603166400000000000,31,Monthly,9.6,9.27,9.66,9.27,9.66,18.15,19.66,19.66,0.0009,0.48,6.21,0.56,0.38
O:PLTR201120C00010500,2020-10-20,2020-11-20,PLTR,C,10.5,45,0.33,0.25,8.7,NO,0.3,3.11,0.25,2.59,0.35,0.25,18,1603166400000000000,31,Monthly,9.6,9.27,9.66,9.27,9.66,18.15,19.66,19.66,0.0009,0.3,3.62,0.54,0.27
O:PLTR201120C00011000,2020-10-20,2020-11-20,PLTR,C,11.0,374,0.28,0.2,13.87,NO,0.24,2.54,0.2,2.07,0.29,0.2,62,1603166400000000000,31,Monthly,9.6,9.27,9.66,9.27,9.66,18.15,19.66,19.66,0.0009,0.24,3.0,0.6,0.2
O:PLTR201120C00011500,2020-10-20,2020-11-20,PLTR,C,11.5,9,0.16,0.16,19.05,NO,0.16,1.66,0.16,1.66,0.16,0.16,3,1603166400000000000,31,Monthly,9.6,9.27,9.66,9.27,9.66,18.15,19.66,19.66,0.0009,0.16,1.66,0.61,0.14
O:PLTR201120C00012000,2020-10-20,2020-11-20,PLTR,C,12.0,23,0.15,0.1,24.22,NO,0.12,1.29,0.1,1.04,0.15,0.1,13,1603166400000000000,31,Monthly,9.6,9.27,9.66,9.27,9.66,18.15,19.66,19.66,0.0009,0.12,1.55,0.64,0.1
O:PLTR201120C00012500,2020-10-20,2020-11-20,PLTR,C,12.5,550,0.15,0.14,29.4,NO,0.12,1.29,0.1,1.04,0.15,0.1,85,1603166400000000000,31,Monthly,9.6,9.27,9.66,9.27,9.66,18.15,19.66,19.66,0.0009,0.12,1.55,0.72,0.09
O:PLTR201120C00013000,2020-10-20,2020-11-20,PLTR,C,13.0,1,0.07,0.07,34.58,NO,0.07,0.72,0.07,0.72,0.07,0.07,1,1603166400000000000,31,Monthly,9.6,9.27,9.66,9.27,9.66,18.15,19.66,19.66,0.0009,0.07,0.72,0.69,0.06
O:PLTR201120C00014000,2020-10-20,2020-11-20,PLTR,C,14.0,4,0.06,0.05,44.93,NO,0.06,0.57,0.05,0.52,0.06,0.05,2,1603166400000000000,31,Monthly,9.6,9.27,9.66,9.27,9.66,18.15,19.66,19.66,0.0009,0.06,0.62,0.79,0.04
O:PLTR201120C00015000,2020-10-20,2020-11-20,PLTR,C,15.0,88,0.09,0.05,55.28,NO,0.07,0.72,0.05,0.52,0.09,0.05,19,1603166400000000000,31,Monthly,9.6,9.27,9.66,9.27,9.66,18.15,19.66,19.66,0.0009,0.07,0.93,0.93,0.04
O:PLTR201120C00016000,2020-10-20,2020-11-20,PLTR,C,16.0,5,0.05,0.05,65.63,NO,0.05,0.52,0.05,0.52,0.05,0.05,1,1603166400000000000,31,Monthly,9.6,9.27,9.66,9.27,9.66,18.15,19.66,19.66,0.0009,0.05,0.52,0.96,0.03
O:PLTR201120C00017500,2020-10-20,2020-11-20,PLTR,C,17.5,32,0.05,0.05,81.16,NO,0.05,0.52,0.05,0.52,0.05,0.05,1,1603166400000000000,31,Monthly,9.6,9.27,9.66,9.27,9.66,18.15,19.66,19.66,0.0009,0.05,0.52,1.09,0.02
O:PLTR201120C00020000,2020-10-20,2020-11-20,PLTR,C,20.0,4,0.03,0.02,107.04,NO,0.02,0.26,0.02,0.21,0.03,0.02,3,1603166400000000000,31,Monthly,9.6,9.27,9.66,9.27,9.66,18.15,19.66,19.66,0.0009,0.02,0.31,1.12,0.01
O:PLTR201120C00005000,2020-10-21,2020-11-20,PLTR,C,5.0,10,4.4,4.4,-47.26,YES,4.4,46.41,4.4,46.41,4.4,4.4,2,1603252800000000000,30,Monthly,9.3,9.2,9.48,9.2,9.48,18.15,19.66,19.66,0.0009,4.4,46.41,,
O:PLTR201120C00007000,2020-10-21,2020-11-20,PLTR,C,7.0,3,2.4,2.4,-26.16,YES,2.4,25.32,2.4,25.32,2.4,2.4,1,1603252800000000000,30,Monthly,9.3,9.2,9.48,9.2,9.48,18.15,19.66,19.66,0.0009,2.4,25.32,,
O:PLTR201120C00007500,2020-10-21,2020-11-20,PLTR,C,7.5,7,1.85,1.85,-20.89,YES,1.84,19.36,1.8,18.99,1.87,1.8,4,1603252800000000000,30,Monthly,9.3,9.2,9.48,9.2,9.48,18.15,19.66,19.66,0.0009,1.84,19.73,,
O:PLTR201120C00008500,2020-10-21,2020-11-20,PLTR,C,8.5,16,1.09,1.05,-10.34,YES,1.07,11.29,1.05,11.08,1.09,1.05,2,1603252800000000000,30,Monthly,9.3,9.2,9.48,9.2,9.48,18.15,19.66,19.66,0.0009,1.07,11.5,0.39,0.82
O:PLTR201120C00009000,2020-10-21,2020-11-20,PLTR,C,9.0,462,0.8,0.71,-5.06,YES,0.7,7.38,0.5,5.27,0.9,0.5,77,1603252800000000000,30,Monthly,9.3,9.2,9.48,9.2,9.48,18.15,19.66,19.66,0.0009,0.7,9.49,0.39,0.66
O:PLTR201120C00009500,2020-10-21,2020-11-20,PLTR,C,9.5,106,0.55,0.45,0.21,NO,0.52,5.54,0.45,4.75,0.6,0.45,19,1603252800000000000,30,Monthly,9.3,9.2,9.48,9.2,9.48,18.15,19.66,19.66,0.0009,0.52,6.33,0.49,0.47
O:PLTR201120C00010000,2020-10-21,2020-11-20,PLTR,C,10.0,857,0.45,0.35,5.49,NO,0.41,4.32,0.35,3.69,0.47,0.35,127,1603252800000000000,30,Monthly,9.3,9.2,9.48,9.2,9.48,18.15,19.66,19.66,0.0009,0.41,4.96,0.57,0.34
O:PLTR201120C00010500,2020-10-21,2020-11-20,PLTR,C,10.5,64,0.26,0.27,10.76,NO,0.28,2.9,0.25,2.64,0.3,0.25,14,1603252800000000000,30,Monthly,9.3,9.2,9.48,9.2,9.48,18.15,19.66,19.66,0.0009,0.28,3.16,0.59,0.24
O:PLTR201120C00011000,2020-10-21,2020-11-20,PLTR,C,11.0,191,0.2,0.2,16.03,NO,0.2,2.11,0.15,1.58,0.25,0.15,35,1603252800000000000,30,Monthly,9.3,9.2,9.48,9.2,9.48,18.15,19.66,19.66,0.0009,0.2,2.64,0.61,0.18
O:PLTR201120C00011500,2020-10-21,2020-11-20,PLTR,C,11.5,1,0.15,0.15,21.31,NO,0.15,1.58,0.15,1.58,0.15,0.15,1,1603252800000000000,30,Monthly,9.3,9.2,9.48,9.2,9.48,18.15,19.66,19.66,0.0009,0.15,1.58,0.65,0.13
O:PLTR201120C00012000,2020-10-21,2020-11-20,PLTR,C,12.0,25,0.15,0.1,26.58,NO,0.12,1.32,0.1,1.05,0.15,0.1,23,1603252800000000000,30,Monthly,9.3,9.2,9.48,9.2,9.48,18.15,19.66,19.66,0.0009,0.12,1.58,0.69,0.1
O:PLTR201120C00012500,2020-10-21,2020-11-20,PLTR,C,12.5,580,0.1,0.1,31.86,NO,0.12,1.27,0.09,0.95,0.15,0.09,65,1603252800000000000,30,Monthly,9.3,9.2,9.48,9.2,9.48,18.15,19.66,19.66,0.0009,0.12,1.58,0.77,0.09
O:PLTR201120C00014000,2020-10-21,2020-11-20,PLTR,C,14.0,14,0.1,0.07,47.68,NO,0.08,0.79,0.05,0.53,0.1,0.05,5,1603252800000000000,30,Monthly,9.3,9.2,9.48,9.2,9.48,18.15,19.66,19.66,0.0009,0.08,1.05,0.89,0.05
O:PLTR201120C00015000,2020-10-21,2020-11-20,PLTR,C,15.0,201,0.05,0.05,58.23,NO,0.03,0.37,0.01,0.11,0.06,0.01,28,1603252800000000000,30,Monthly,9.3,9.2,9.48,9.2,9.48,18.15,19.66,19.66,0.0009,0.03,0.63,0.83,0.02
O:PLTR201120C00017500,2020-10-21,2020-11-20,PLTR,C,17.5,5,0.04,0.04,84.6,NO,0.04,0.42,0.04,0.42,0.04,0.04,3,1603252800000000000,30,Monthly,9.3,9.2,9.48,9.2,9.48,18.15,19.66,19.66,0.0009,0.04,0.42,1.1,0.02
O:PLTR201120C00005000,2020-10-22,2020-11-20,PLTR,C,5.0,4,3.6,4.6,-48.72,YES,4.1,42.05,3.6,36.92,4.6,3.6,4,1603339200000000000,29,Monthly,9.37,9.68,9.75,9.22,9.75,18.15,19.66,19.66,0.0009,4.1,47.18,,
O:PLTR201120C00005500,2020-10-22,2020-11-20,PLTR,C,5.5,1,4.2,4.2,-43.59,YES,4.2,43.08,4.2,43.08,4.2,4.2,1,1603339200000000000,29,Monthly,9.37,9.68,9.75,9.22,9.75,18.15,19.66,19.66,0.0009,4.2,43.08,,
O:PLTR201120C00007500,2020-10-22,2020-11-20,PLTR,C,7.5,14,1.95,2.25,-23.08,YES,2.03,20.82,1.81,18.56,2.25,1.81,6,1603339200000000000,29,Monthly,9.37,9.68,9.75,9.22,9.75,18.15,19.66,19.66,0.0009,2.03,23.08,,
O:PLTR201120C00008000,2020-10-22,2020-11-20,PLTR,C,8.0,54,1.79,1.7,-17.95,YES,1.72,17.64,1.65,16.92,1.79,1.65,5,1603339200000000000,29,Monthly,9.37,9.68,9.75,9.22,9.75,18.15,19.66,19.66,0.0009,1.72,18.36,,
O:PLTR201120C00008500,2020-10-22,2020-11-20,PLTR,C,8.5,2,1.05,1.05,-12.82,YES,1.05,10.77,1.05,10.77,1.05,1.05,1,1603339200000000000,29,Monthly,9.37,9.68,9.75,9.22,9.75,18.15,19.66,19.66,0.0009,1.05,10.77,,
O:PLTR201120C00009000,2020-10-22,2020-11-20,PLTR,C,9.0,525,0.8,1.04,-7.69,YES,0.93,9.54,0.76,7.79,1.1,0.76,99,1603339200000000000,29,Monthly,9.37,9.68,9.75,9.22,9.75,18.15,19.66,19.66,0.0009,0.93,11.28,0.44,0.72
O:PLTR201120C00009500,2020-10-22,2020-11-20,PLTR,C,9.5,875,0.6,0.75,-2.56,YES,0.68,6.92,0.53,5.44,0.82,0.53,95,1603339200000000000,29,Monthly,9.37,9.68,9.75,9.22,9.75,18.15,19.66,19.66,0.0009,0.68,8.41,0.5,0.54
O:PLTR201120C00010000,2020-10-22,2020-11-20,PLTR,C,10.0,2030,0.47,0.57,2.56,NO,0.48,4.87,0.35,3.59,0.6,0.35,338,1603339200000000000,29,Monthly,9.37,9.68,9.75,9.22,9.75,18.15,19.66,19.66,0.0009,0.48,6.15,0.54,0.4
O:PLTR201120C00010500,2020-10-22,2020-11-20,PLTR,C,10.5,678,0.3,0.4,7.69,NO,0.33,3.44,0.25,2.56,0.42,0.25,110,1603339200000000000,29,Monthly,9.37,9.68,9.75,9.22,9.75,18.15,19.66,19.66,0.0009,0.33,4.31,0.56,0.29
O:PLTR201120C00011000,2020-10-22,2020-11-20,PLTR,C,11.0,747,0.25,0.3,12.82,NO,0.25,2.56,0.2,2.05,0.3,0.2,113,1603339200000000000,29,Monthly,9.37,9.68,9.75,9.22,9.75,18.15,19.66,19.66,0.0009,0.25,3.08,0.61,0.21
O:PLTR201120C00011500,2020-10-22,2020-11-20,PLTR,C,11.5,53,0.15,0.2,17.95,NO,0.19,1.95,0.14,1.44,0.24,0.14,13,1603339200000000000,29,Monthly,9.37,9.68,9.75,9.22,9.75,18.15,19.66,19.66,0.0009,0.19,2.46,0.64,0.16
O:PLTR201120C00012000,2020-10-22,2020-11-20,PLTR,C,12.0,38,0.15,0.18,23.08,NO,0.16,1.64,0.14,1.44,0.18,0.14,18,1603339200000000000,29,Monthly,9.37,9.68,9.75,9.22,9.75,18.15,19.66,19.66,0.0009,0.16,1.85,0.7,0.12
O:PLTR201120C00012500,2020-10-22,2020-11-20,PLTR,C,12.5,837,0.1,0.14,28.21,NO,0.1,1.03,0.05,0.51,0.15,0.05,136,1603339200000000000,29,Monthly,9.37,9.68,9.75,9.22,9.75,18.15,19.66,19.66,0.0009,0.1,1.54,0.69,0.08
O:PLTR201120C00013000,2020-10-22,2020-11-20,PLTR,C,13.0,8,0.12,0.1,33.33,NO,0.1,1.08,0.09,0.92,0.12,0.09,7,1603339200000000000,29,Monthly,9.37,9.68,9.75,9.22,9.75,18.15,19.66,19.66,0.0009,0.1,1.23,0.76,0.07
O:PLTR201120C00014000,2020-10-22,2020-11-20,PLTR,C,14.0,7,0.08,0.08,43.59,NO,0.08,0.87,0.08,0.82,0.09,0.08,4,1603339200000000000,29,Monthly,9.37,9.68,9.75,9.22,9.75,18.15,19.66,19.66,0.0009,0.08,0.92,0.85,0.05
O:PLTR201120C00014500,2020-10-22,2020-11-20,PLTR,C,14.5,3,0.05,0.05,48.72,NO,0.05,0.51,0.05,0.51,0.05,0.05,3,1603339200000000000,29,Monthly,9.37,9.68,9.75,9.22,9.75,18.15,19.66,19.66,0.0009,0.05,0.51,0.83,0.03
O:PLTR201120C00015000,2020-10-22,2020-11-20,PLTR,C,15.0,113,0.05,0.05,53.85,NO,0.06,0.67,0.03,0.31,0.1,0.03,31,1603339200000000000,29,Monthly,9.37,9.68,9.75,9.22,9.75,18.15,19.66,19.66,0.0009,0.06,1.03,0.91,0.04
O:PLTR201120C00016000,2020-10-22,2020-11-20,PLTR,C,16.0,1,0.05,0.05,64.1,NO,0.05,0.51,0.05,0.51,0.05,0.05,1,1603339200000000000,29,Monthly,9.37,9.68,9.75,9.22,9.75,18.15,19.66,19.66,0.0009,0.05,0.51,0.98,0.03
O:PLTR201120C00017500,2020-10-22,2020-11-20,PLTR,C,17.5,1,0.04,0.04,79.49,NO,0.04,0.41,0.04,0.41,0.04,0.04,1,1603339200000000000,29,Monthly,9.37,9.68,9.75,9.22,9.75,18.15,19.66,19.66,0.0009,0.04,0.41,1.07,0.02
O:PLTR201120C00020000,2020-10-22,2020-11-20,PLTR,C,20.0,17,0.03,0.02,105.13,NO,0.02,0.26,0.02,0.21,0.03,0.02,5,1603339200000000000,29,Monthly,9.37,9.68,9.75,9.22,9.75,18.15,19.66,19.66,0.0009,0.02,0.31,1.14,0.01
O:PLTR201120C00007500,2020-10-23,2020-11-20,PLTR,C,7.5,17,2.3,2.08,-23.7,YES,2.19,22.28,2.08,21.16,2.3,2.08,5,1603425600000000000,28,Monthly,9.71,9.49,9.83,9.47,9.83,18.15,19.66,19.66,0.0009,2.19,23.4,,
O:PLTR201120C00008000,2020-10-23,2020-11-20,PLTR,C,8.0,11,1.8,1.85,-18.62,YES,1.82,18.57,1.8,18.31,1.85,1.8,2,1603425600000000000,28,Monthly,9.71,9.49,9.83,9.47,9.83,18.15,19.66,19.66,0.0009,1.82,18.82,0.0,1.0
O:PLTR201120C00008500,2020-10-23,2020-11-20,PLTR,C,8.5,3,1.3,1.3,-13.53,YES,1.27,12.97,1.25,12.72,1.3,1.25,3,1603425600000000000,28,Monthly,9.71,9.49,9.83,9.47,9.83,18.15,19.66,19.66,0.0009,1.27,13.22,,
O:PLTR201120C00009000,2020-10-23,2020-11-20,PLTR,C,9.0,1457,1.05,0.95,-8.44,YES,1.08,10.94,0.95,9.66,1.2,0.95,165,1603425600000000000,28,Monthly,9.71,9.49,9.83,9.47,9.83,18.15,19.66,19.66,0.0009,1.08,12.21,0.55,0.69
O:PLTR201120C00009500,2020-10-23,2020-11-20,PLTR,C,9.5,182,0.8,0.71,-3.36,YES,0.77,7.88,0.7,7.12,0.85,0.7,30,1603425600000000000,28,Monthly,9.71,9.49,9.83,9.47,9.83,18.15,19.66,19.66,0.0009,0.77,8.65,0.55,0.56
O:PLTR201120C00010000,2020-10-23,2020-11-20,PLTR,C,10.0,1020,0.6,0.5,1.73,NO,0.57,5.85,0.5,5.09,0.65,0.5,174,1603425600000000000,28,Monthly,9.71,9.49,9.83,9.47,9.83,18.15,19.66,19.66,0.0009,0.57,6.61,0.6,0.43
O:PLTR201120C00010500,2020-10-23,2020-11-20,PLTR,C,10.5,165,0.45,0.35,6.82,NO,0.4,4.07,0.35,3.56,0.45,0.35,43,1603425600000000000,28,Monthly,9.71,9.49,9.83,9.47,9.83,18.15,19.66,19.66,0.0009,0.4,4.58,0.61,0.32
O:PLTR201120C00011000,2020-10-23,2020-11-20,PLTR,C,11.0,160,0.3,0.25,11.9,NO,0.3,3.05,0.25,2.54,0.35,0.25,41,1603425600000000000,28,Monthly,9.71,9.49,9.83,9.47,9.83,18.15,19.66,19.66,0.0009,0.3,3.56,0.65,0.24
O:PLTR201120C00011500,2020-10-23,2020-11-20,PLTR,C,11.5,12,0.24,0.2,16.99,NO,0.22,2.24,0.2,2.03,0.24,0.2,8,1603425600000000000,28,Monthly,9.71,9.49,9.83,9.47,9.83,18.15,19.66,19.66,0.0009,0.22,2.44,0.67,0.17
O:PLTR201120C00012000,2020-10-23,2020-11-20,PLTR,C,12.0,53,0.2,0.16,22.08,NO,0.18,1.78,0.15,1.53,0.2,0.15,36,1603425600000000000,28,Monthly,9.71,9.49,9.83,9.47,9.83,18.15,19.66,19.66,0.0009,0.18,2.03,0.72,0.14
O:PLTR201120C00012500,2020-10-23,2020-11-20,PLTR,C,12.5,618,0.14,0.14,27.16,NO,0.15,1.53,0.1,1.02,0.2,0.1,67,1603425600000000000,28,Monthly,9.71,9.49,9.83,9.47,9.83,18.15,19.66,19.66,0.0009,0.15,2.03,0.76,0.11
O:PLTR201120C00013000,2020-10-23,2020-11-20,PLTR,C,13.0,4,0.05,0.1,32.25,NO,0.08,0.76,0.05,0.51,0.1,0.05,4,1603425600000000000,28,Monthly,9.71,9.49,9.83,9.47,9.83,18.15,19.66,19.66,0.0009,0.08,1.02,0.72,0.07
O:PLTR201120C00014000,2020-10-23,2020-11-20,PLTR,C,14.0,4,0.05,0.06,42.42,NO,0.06,0.56,0.05,0.51,0.06,0.05,4,1603425600000000000,28,Monthly,9.71,9.49,9.83,9.47,9.83,18.15,19.66,19.66,0.0009,0.06,0.61,0.8,0.04
O:PLTR201120C00015000,2020-10-23,2020-11-20,PLTR,C,15.0,104,0.05,0.05,52.59,NO,0.04,0.46,0.04,0.41,0.05,0.04,11,1603425600000000000,28,Monthly,9.71,9.49,9.83,9.47,9.83,18.15,19.66,19.66,0.0009,0.04,0.51,0.85,0.03
O:PLTR201120C00016000,2020-10-23,2020-11-20,PLTR,C,16.0,20,0.12,0.12,62.77,NO,0.12,1.22,0.12,1.22,0.12,0.12,1,1603425600000000000,28,Monthly,9.71,9.49,9.83,9.47,9.83,18.15,19.66,19.66,0.0009,0.12,1.22,1.18,0.05
O:PLTR201120C00017500,2020-10-23,2020-11-20,PLTR,C,17.5,3,0.05,0.05,78.03,NO,0.05,0.51,0.05,0.51,0.05,0.05,2,1603425600000000000,28,Monthly,9.71,9.49,9.83,9.47,9.83,18.15,19.66,19.66,0.0009,0.05,0.51,1.12,0.02
O:PLTR201218C00008000,2020-11-16,2020-12-18,PLTR,C,8.0,10,7.68,7.68,-50.31,YES,7.68,47.7,7.68,47.7,7.68,7.68,1,1605502800000000000,32,Monthly,15.96,15.93,16.1,15.01,16.1,25.97,26.85,26.85,0.0009,7.68,47.7,,
O:PLTR201218C00009000,2020-11-16,2020-12-18,PLTR,C,9.0,12,6.73,6.85,-44.1,YES,6.79,42.17,6.73,41.8,6.85,6.73,2,1605502800000000000,32,Monthly,15.96,15.93,16.1,15.01,16.1,25.97,26.85,26.85,0.0009,6.79,42.55,,
O:PLTR201218C00010000,2020-11-16,2020-12-18,PLTR,C,10.0,58,5.84,6.0,-37.89,YES,5.8,36.02,5.5,34.16,6.1,5.5,26,1605502800000000000,32,Monthly,15.96,15.93,16.1,15.01,16.1,25.97,26.85,26.85,0.0009,5.8,37.89,,
O:PLTR201218C00011000,2020-11-16,2020-12-18,PLTR,C,11.0,44,4.9,5.1,-31.68,YES,4.85,30.12,4.5,27.95,5.2,4.5,15,1605502800000000000,32,Monthly,15.96,15.93,16.1,15.01,16.1,25.97,26.85,26.85,0.0009,4.85,32.3,,
O:PLTR201218C00012000,2020-11-16,2020-12-18,PLTR,C,12.0,541,4.1,4.15,-25.47,YES,4.1,25.43,3.73,23.17,4.46,3.73,26,1605502800000000000,32,Monthly,15.96,15.93,16.1,15.01,16.1,25.97,26.85,26.85,0.0009,4.1,27.7,0.0,1.0
O:PLTR201218C00013000,2020-11-16,2020-12-18,PLTR,C,13.0,182,3.5,3.4,-19.25,YES,3.28,20.4,2.85,17.7,3.72,2.85,28,1605502800000000000,32,Monthly,15.96,15.93,16.1,15.01,16.1,25.97,26.85,26.85,0.0009,3.28,23.11,0.64,0.85
O:PLTR201218C00014000,2020-11-16,2020-12-18,PLTR,C,14.0,342,2.8,2.76,-13.04,YES,2.78,17.3,2.37,14.72,3.2,2.37,70,1605502800000000000,32,Monthly,15.96,15.93,16.1,15.01,16.1,25.97,26.85,26.85,0.0009,2.78,19.88,0.85,0.67
O:PLTR201218C00015000,2020-11-16,2020-12-18,PLTR,C,15.0,860,2.35,2.3,-6.83,YES,2.24,13.94,1.84,11.43,2.65,1.84,201,1605502800000000000,32,Monthly,15.96,15.93,16.1,15.01,16.1,25.97,26.85,26.85,0.0009,2.24,16.46,0.89,0.55
O:PLTR201218C00016000,2020-11-16,2020-12-18,PLTR,C,16.0,1692,1.85,1.85,-0.62,YES,1.89,11.74,1.55,9.63,2.23,1.55,385,1605502800000000000,32,Monthly,15.96,15.93,16.1,15.01,16.1,25.97,26.85,26.85,0.0009,1.89,13.85,0.97,0.45
O:PLTR201218C00017000,2020-11-16,2020-12-18,PLTR,C,17.0,2834,1.5,1.55,5.59,NO,1.48,9.16,1.15,7.14,1.8,1.15,226,1605502800000000000,32,Monthly,15.96,15.93,16.1,15.01,16.1,25.97,26.85,26.85,0.0009,1.48,11.18,0.97,0.37
O:PLTR201218C00018000,2020-11-16,2020-12-18,PLTR,C,18.0,1147,1.2,1.29,11.8,NO,1.23,7.64,0.96,5.96,1.5,0.96,212,1605502800000000000,32,Monthly,15.96,15.93,16.1,15.01,16.1,25.97,26.85,26.85,0.0009,1.23,9.32,1.02,0.3
O:PLTR201218C00019000,2020-11-16,2020-12-18,PLTR,C,19.0,1171,1.0,1.0,18.01,NO,1.0,6.21,0.75,4.66,1.25,0.75,149,1605502800000000000,32,Monthly,15.96,15.93,16.1,15.01,16.1,25.97,26.85,26.85,0.0009,1.0,7.76,1.04,0.24
O:PLTR201218C00020000,2020-11-16,2020-12-18,PLTR,C,20.0,2539,0.8,0.88,24.22,NO,0.86,5.34,0.62,3.85,1.1,0.62,462,1605502800000000000,32,Monthly,15.96,15.93,16.1,15.01,16.1,25.97,26.85,26.85,0.0009,0.86,6.83,1.09,0.2
O:PLTR201218C00021000,2020-11-16,2020-12-18,PLTR,C,21.0,129,0.65,0.7,30.43,NO,0.7,4.32,0.59,3.66,0.8,0.59,35,1605502800000000000,32,Monthly,15.96,15.93,16.1,15.01,16.1,25.97,26.85,26.85,0.0009,0.7,4.97,1.1,0.16
O:PLTR201218C00022000,2020-11-16,2020-12-18,PLTR,C,22.0,1603,0.5,0.65,36.65,NO,0.55,3.45,0.41,2.55,0.7,0.41,109,1605502800000000000,32,Monthly,15.96,15.93,16.1,15.01,16.1,25.97,26.85,26.85,0.0009,0.55,4.35,1.1,0.13
O:PLTR201218C00023000,2020-11-16,2020-12-18,PLTR,C,23.0,169,0.4,0.45,42.86,NO,0.48,2.95,0.4,2.48,0.55,0.4,27,1605502800000000000,32,Monthly,15.96,15.93,16.1,15.01,16.1,25.97,26.85,26.85,0.0009,0.48,3.42,1.14,0.11
O:PLTR201218C00024000,2020-11-16,2020-12-18,PLTR,C,24.0,24,0.3,0.36,49.07,NO,0.4,2.48,0.3,1.86,0.5,0.3,10,1605502800000000000,32,Monthly,15.96,15.93,16.1,15.01,16.1,25.97,26.85,26.85,0.0009,0.4,3.11,1.16,0.09
O:PLTR201218C00025000,2020-11-16,2020-12-18,PLTR,C,25.0,893,0.3,0.33,55.28,NO,0.35,2.17,0.25,1.55,0.45,0.25,103,1605502800000000000,32,Monthly,15.96,15.93,16.1,15.01,16.1,25.97,26.85,26.85,0.0009,0.35,2.8,1.19,0.08
O:PLTR201218C00004000,2020-11-17,2020-12-18,PLTR,C,4.0,3,14.6,14.6,-78.67,YES,14.6,77.87,14.6,77.87,14.6,14.6,1,1605589200000000000,31,Monthly,16.29,17.85,18.75,16.18,18.75,25.97,26.85,26.85,0.0009,14.6,77.87,,
O:PLTR201218C00008000,2020-11-17,2020-12-18,PLTR,C,8.0,30,8.48,10.2,-57.33,YES,9.47,50.51,8.48,45.23,10.46,8.48,5,1605589200000000000,31,Monthly,16.29,17.85,18.75,16.18,18.75,25.97,26.85,26.85,0.0009,9.47,55.79,,
O:PLTR201218C00010000,2020-11-17,2020-12-18,PLTR,C,10.0,91,6.3,8.08,-46.67,YES,7.36,39.23,6.3,33.6,8.41,6.3,34,1605589200000000000,31,Monthly,16.29,17.85,18.75,16.18,18.75,25.97,26.85,26.85,0.0009,7.36,44.85,,
O:PLTR201218C00011000,2020-11-17,2020-12-18,PLTR,C,11.0,250,5.5,7.21,-41.33,YES,6.65,35.47,5.5,29.33,7.8,5.5,40,1605589200000000000,31,Monthly,16.29,17.85,18.75,16.18,18.75,25.97,26.85,26.85,0.0009,6.65,41.6,,
O:PLTR201218C00012000,2020-11-17,2020-12-18,PLTR,C,12.0,1135,4.7,6.1,-36.0,YES,5.8,30.93,4.7,25.07,6.9,4.7,109,1605589200000000000,31,Monthly,16.29,17.85,18.75,16.18,18.75,25.97,26.85,26.85,0.0009,5.8,36.8,,
O:PLTR201218C00013000,2020-11-17,2020-12-18,PLTR,C,13.0,806,3.8,5.1,-30.67,YES,4.9,26.13,3.8,20.27,6.0,3.8,113,1605589200000000000,31,Monthly,16.29,17.85,18.75,16.18,18.75,25.97,26.85,26.85,0.0009,4.9,32.0,,
O:PLTR201218C00014000,2020-11-17,2020-12-18,PLTR,C,14.0,869,3.1,4.4,-25.33,YES,4.1,21.87,3.0,16.0,5.2,3.0,151,1605589200000000000,31,Monthly,16.29,17.85,18.75,16.18,18.75,25.97,26.85,26.85,0.0009,4.1,27.73,,
O:PLTR201218C00015000,2020-11-17,2020-12-18,PLTR,C,15.0,2132,2.5,3.95,-20.0,YES,3.53,18.83,2.45,13.07,4.61,2.45,414,1605589200000000000,31,Monthly,16.29,17.85,18.75,16.18,18.75,25.97,26.85,26.85,0.0009,3.53,24.59,,
O:PLTR201218C00016000,2020-11-17,2020-12-18,PLTR,C,16.0,2428,1.9,3.3,-14.67,YES,2.96,15.79,1.9,10.13,4.02,1.9,526,1605589200000000000,31,Monthly,16.29,17.85,18.75,16.18,18.75,25.97,26.85,26.85,0.0009,2.96,21.44,0.53,0.83
O:PLTR201218C00017000,2020-11-17,2020-12-18,PLTR,C,17.0,3321,1.67,2.85,-9.33,YES,2.55,13.6,1.6,8.53,3.5,1.6,681,1605589200000000000,31,Monthly,16.29,17.85,18.75,16.18,18.75,25.97,26.85,26.85,0.0009,2.55,18.67,0.73,0.64
O:PLTR201218C00018000,2020-11-17,2020-12-18,PLTR,C,18.0,4304,1.44,2.5,-4.0,YES,2.19,11.68,1.35,7.2,3.03,1.35,952,1605589200000000000,31,Monthly,16.29,17.85,18.75,16.18,18.75,25.97,26.85,26.85,0.0009,2.19,16.16,0.84,0.52
O:PLTR201218C00019000,2020-11-17,2020-12-18,PLTR,C,19.0,2778,1.2,2.13,1.33,NO,1.9,10.13,1.1,5.87,2.7,1.1,483,1605589200000000000,31,Monthly,16.29,17.85,18.75,16.18,18.75,25.97,26.85,26.85,0.0009,1.9,14.4,0.92,0.43
O:PLTR201218C00020000,2020-11-17,2020-12-18,PLTR,C,20.0,12610,0.85,1.84,6.67,NO,1.6,8.56,0.85,4.53,2.36,0.85,2285,1605589200000000000,31,Monthly,16.29,17.85,18.75,16.18,18.75,25.97,26.85,26.85,0.0009,1.6,12.59,0.97,0.36
O:PLTR201218C00021000,2020-11-17,2020-12-18,PLTR,C,21.0,749,0.8,1.6,12.0,NO,1.4,7.47,0.8,4.27,2.0,0.8,247,1605589200000000000,31,Monthly,16.29,17.85,18.75,16.18,18.75,25.97,26.85,26.85,0.0009,1.4,10.67,1.02,0.3
O:PLTR201218C00022000,2020-11-17,2020-12-18,PLTR,C,22.0,1471,0.6,1.4,17.33,NO,1.2,6.4,0.6,3.2,1.8,0.6,382,1605589200000000000,31,Monthly,16.29,17.85,18.75,16.18,18.75,25.97,26.85,26.85,0.0009,1.2,9.6,1.06,0.25
O:PLTR201218C00023000,2020-11-17,2020-12-18,PLTR,C,23.0,1014,0.69,1.16,22.67,NO,1.1,5.87,0.65,3.47,1.55,0.65,123,1605589200000000000,31,Monthly,16.29,17.85,18.75,16.18,18.75,25.97,26.85,26.85,0.0009,1.1,8.27,1.13,0.22
O:PLTR201218C00024000,2020-11-17,2020-12-18,PLTR,C,24.0,429,0.46,1.03,28.0,NO,0.9,4.83,0.46,2.45,1.35,0.46,133,1605589200000000000,31,Monthly,16.29,17.85,18.75,16.18,18.75,25.97,26.85,26.85,0.0009,0.9,7.2,1.12,0.18
O:PLTR201218C00025000,2020-11-17,2020-12-18,PLTR,C,25.0,4244,0.4,0.92,33.33,NO,0.76,4.08,0.35,1.87,1.18,0.35,736,1605589200000000000,31,Monthly,16.29,17.85,18.75,16.18,18.75,25.97,26.85,26.85,0.0009,0.76,6.29,1.14,0.15
O:PLTR201218C00003000,2020-11-18,2020-12-18,PLTR,C,3.0,10,16.01,16.01,-84.42,YES,16.01,83.17,16.01,83.17,16.01,16.01,1,1605675600000000000,30,Monthly,18.28,17.9,19.25,17.54,19.25,25.97,26.85,26.85,0.0009,16.01,83.17,,
O:PLTR201218C00004000,2020-11-18,2020-12-18,PLTR,C,4.0,4,15.02,15.02,-79.22,YES,15.02,78.03,15.02,78.03,15.02,15.02,1,1605675600000000000,30,Monthly,18.28,17.9,19.25,17.54,19.25,25.97,26.85,26.85,0.0009,15.02,78.03,,
O:PLTR201218C00007000,2020-11-18,2020-12-18,PLTR,C,7.0,4,11.1,11.7,-63.64,YES,11.4,59.22,11.1,57.66,11.7,11.1,2,1605675600000000000,30,Monthly,18.28,17.9,19.25,17.54,19.25,25.97,26.85,26.85,0.0009,11.4,60.78,,
O:PLTR201218C00009000,2020-11-18,2020-12-18,PLTR,C,9.0,5,8.77,9.14,-53.25,YES,9.28,48.23,8.77,45.56,9.8,8.77,3,1605675600000000000,30,Monthly,18.28,17.9,19.25,17.54,19.25,25.97,26.85,26.85,0.0009,9.28,50.91,,
O:PLTR201218C00010000,2020-11-18,2020-12-18,PLTR,C,10.0,34,8.1,7.7,-48.05,YES,8.5,44.16,7.7,40.0,9.3,7.7,19,1605675600000000000,30,Monthly,18.28,17.9,19.25,17.54,19.25,25.97,26.85,26.85,0.0009,8.5,48.31,,
O:PLTR201218C00011000,2020-11-18,2020-12-18,PLTR,C,11.0,43,7.1,7.07,-42.86,YES,7.55,39.22,6.9,35.84,8.2,6.9,12,1605675600000000000,30,Monthly,18.28,17.9,19.25,17.54,19.25,25.97,26.85,26.85,0.0009,7.55,42.6,,
O:PLTR201218C00012000,2020-11-18,2020-12-18,PLTR,C,12.0,117,6.5,6.37,-37.66,YES,6.83,35.48,6.35,32.99,7.31,6.35,17,1605675600000000000,30,Monthly,18.28,17.9,19.25,17.54,19.25,25.97,26.85,26.85,0.0009,6.83,37.97,,
O:PLTR201218C00013000,2020-11-18,2020-12-18,PLTR,C,13.0,139,5.3,5.4,-32.47,YES,5.76,29.9,5.0,25.97,6.51,5.0,34,1605675600000000000,30,Monthly,18.28,17.9,19.25,17.54,19.25,25.97,26.85,26.85,0.0009,5.76,33.82,,
O:PLTR201218C00014000,2020-11-18,2020-12-18,PLTR,C,14.0,252,4.8,4.5,-27.27,YES,5.1,26.49,4.4,22.86,5.8,4.4,58,1605675600000000000,30,Monthly,18.28,17.9,19.25,17.54,19.25,25.97,26.85,26.85,0.0009,5.1,30.13,,
O:PLTR201218C00015000,2020-11-18,2020-12-18,PLTR,C,15.0,1134,4.2,3.8,-22.08,YES,4.38,22.75,3.66,19.01,5.1,3.66,170,1605675600000000000,30,Monthly,18.28,17.9,19.25,17.54,19.25,25.97,26.85,26.85,0.0009,4.38,26.49,0.65,0.9
O:PLTR201218C00016000,2020-11-18,2020-12-18,PLTR,C,16.0,700,3.6,3.2,-16.88,YES,3.8,19.74,3.1,16.1,4.5,3.1,211,1605675600000000000,30,Monthly,18.28,17.9,19.25,17.54,19.25,25.97,26.85,26.85,0.0009,3.8,23.38,0.85,0.74
O:PLTR201218C00017000,2020-11-18,2020-12-18,PLTR,C,17.0,2325,3.1,2.71,-11.69,YES,3.28,17.01,2.65,13.77,3.9,2.65,300,1605675600000000000,30,Monthly,18.28,17.9,19.25,17.54,19.25,25.97,26.85,26.85,0.0009,3.28,20.26,0.95,0.63
O:PLTR201218C00018000,2020-11-18,2020-12-18,PLTR,C,18.0,3747,2.67,2.3,-6.49,YES,2.88,14.94,2.25,11.69,3.5,2.25,597,1605675600000000000,30,Monthly,18.28,17.9,19.25,17.54,19.25,25.97,26.85,26.85,0.0009,2.88,18.18,1.04,0.53
O:PLTR201218C00019000,2020-11-18,2020-12-18,PLTR,C,19.0,2753,2.3,1.95,-1.3,YES,2.49,12.91,1.87,9.71,3.1,1.87,666,1605675600000000000,30,Monthly,18.28,17.9,19.25,17.54,19.25,25.97,26.85,26.85,0.0009,2.49,16.1,1.08,0.45
O:PLTR201218C00020000,2020-11-18,2020-12-18,PLTR,C,20.0,9055,2.0,1.65,3.9,NO,2.12,11.04,1.55,8.05,2.7,1.55,1838,1605675600000000000,30,Monthly,18.28,17.9,19.25,17.54,19.25,25.97,26.85,26.85,0.0009,2.12,14.03,1.11,0.39
O:PLTR201218C00021000,2020-11-18,2020-12-18,PLTR,C,21.0,699,1.75,1.38,9.09,NO,1.84,9.56,1.35,7.01,2.33,1.35,194,1605675600000000000,30,Monthly,18.28,17.9,19.25,17.54,19.25,25.97,26.85,26.85,0.0009,1.84,12.1,1.15,0.33
O:PLTR201218C00022000,2020-11-18,2020-12-18,PLTR,C,22.0,2389,1.5,1.15,14.29,NO,1.6,8.29,1.1,5.71,2.09,1.1,401,1605675600000000000,30,Monthly,18.28,17.9,19.25,17.54,19.25,25.97,26.85,26.85,0.0009,1.6,10.86,1.18,0.29
O:PLTR201218C00023000,2020-11-18,2020-12-18,PLTR,C,23.0,772,1.27,0.98,19.48,NO,1.39,7.22,0.95,4.94,1.83,0.95,152,1605675600000000000,30,Monthly,18.28,17.9,19.25,17.54,19.25,25.97,26.85,26.85,0.0009,1.39,9.51,1.2,0.25
O:PLTR201218C00024000,2020-11-18,2020-12-18,PLTR,C,24.0,370,1.15,0.87,24.68,NO,1.24,6.42,0.82,4.26,1.65,0.82,119,1605675600000000000,30,Monthly,18.28,17.9,19.25,17.54,19.25,25.97,26.85,26.85,0.0009,1.24,8.57,1.24,0.21
O:PLTR201218C00025000,2020-11-18,2020-12-18,PLTR,C,25.0,2210,1.05,0.71,29.87,NO,1.08,5.64,0.67,3.48,1.5,0.67,452,1605675600000000000,30,Monthly,18.28,17.9,19.25,17.54,19.25,25.97,26.85,26.85,0.0009,1.08,7.79,1.26,0.18
O:PLTR201218C00026000,2020-11-18,2020-12-18,PLTR,C,26.0,208,1.1,0.66,35.06,NO,0.94,4.91,0.64,3.32,1.25,0.64,30,1605675600000000000,30,Monthly,18.28,17.9,19.25,17.54,19.25,25.97,26.85,26.85,0.0009,0.94,6.49,1.28,0.16
O:PLTR201218C00027000,2020-11-18,2020-12-18,PLTR,C,27.0,50,0.9,0.56,40.26,NO,0.8,4.18,0.55,2.86,1.06,0.55,20,1605675600000000000,30,Monthly,18.28,17.9,19.25,17.54,19.25,25.97,26.85,26.85,0.0009,0.8,5.51,1.28,0.13
O:PLTR201218C00028000,2020-11-18,2020-12-18,PLTR,C,28.0,26,0.6,0.46,45.45,NO,0.73,3.79,0.46,2.39,1.0,0.46,7,1605675600000000000,30,Monthly,18.28,17.9,19.25,17.54,19.25,25.97,26.85,26.85,0.0009,0.73,5.19,1.32,0.12
O:PLTR201218C00029000,2020-11-18,2020-12-18,PLTR,C,29.0,111,0.85,0.45,50.65,NO,0.65,3.38,0.45,2.34,0.85,0.45,14,1605675600000000000,30,Monthly,18.28,17.9,19.25,17.54,19.25,25.97,26.85,26.85,0.0009,0.65,4.42,1.34,0.1
O:PLTR201218C00030000,2020-11-18,2020-12-18,PLTR,C,30.0,1285,0.4,0.38,55.84,NO,0.61,3.17,0.37,1.92,0.85,0.37,143,1605675600000000000,30,Monthly,18.28,17.9,19.25,17.54,19.25,25.97,26.85,26.85,0.0009,0.61,4.42,1.37,0.09
O:PLTR201218C00035000,2020-11-18,2020-12-18,PLTR,C,35.0,706,0.5,0.23,81.82,NO,0.38,1.95,0.2,1.04,0.55,0.2,77,1605675600000000000,30,Monthly,18.28,17.9,19.25,17.54,19.25,25.97,26.85,26.85,0.0009,0.38,2.86,1.47,0.05
O:PLTR201218C00003000,2020-11-19,2020-12-18,PLTR,C,3.0,11,15.2,15.25,-84.19,YES,15.22,80.22,15.2,80.08,15.25,15.2,2,1605762000000000000,29,Monthly,18.5,18.98,18.98,17.96,18.98,25.97,26.85,26.85,0.0009,15.22,80.35,,
O:PLTR201218C00004000,2020-11-19,2020-12-18,PLTR,C,4.0,4,14.28,14.54,-78.93,YES,14.41,75.92,14.28,75.24,14.54,14.28,2,1605762000000000000,29,Monthly,18.5,18.98,18.98,17.96,18.98,25.97,26.85,26.85,0.0009,14.41,76.61,,
O:PLTR201218C00008000,2020-11-19,2020-12-18,PLTR,C,8.0,83,10.3,10.75,-57.85,YES,10.52,55.45,10.3,54.27,10.75,10.3,15,1605762000000000000,29,Monthly,18.5,18.98,18.98,17.96,18.98,25.97,26.85,26.85,0.0009,10.52,56.64,,
O:PLTR201218C00009000,2020-11-19,2020-12-18,PLTR,C,9.0,32,9.4,9.91,-52.58,YES,9.65,50.87,9.4,49.53,9.91,9.4,7,1605762000000000000,29,Monthly,18.5,18.98,18.98,17.96,18.98,25.97,26.85,26.85,0.0009,9.65,52.21,,
O:PLTR201218C00010000,2020-11-19,2020-12-18,PLTR,C,10.0,90,8.65,8.9,-47.31,YES,8.6,45.31,8.3,43.73,8.9,8.3,27,1605762000000000000,29,Monthly,18.5,18.98,18.98,17.96,18.98,25.97,26.85,26.85,0.0009,8.6,46.89,,
O:PLTR201218C00011000,2020-11-19,2020-12-18,PLTR,C,11.0,76,7.88,8.0,-42.04,YES,7.65,40.31,7.3,38.46,8.0,7.3,18,1605762000000000000,29,Monthly,18.5,18.98,18.98,17.96,18.98,25.97,26.85,26.85,0.0009,7.65,42.15,,
O:PLTR201218C00012000,2020-11-19,2020-12-18,PLTR,C,12.0,47,6.84,6.9,-36.78,YES,6.65,35.04,6.4,33.72,6.9,6.4,17,1605762000000000000,29,Monthly,18.5,18.98,18.98,17.96,18.98,25.97,26.85,26.85,0.0009,6.65,36.35,,
O:PLTR201218C00013000,2020-11-19,2020-12-18,PLTR,C,13.0,59,5.6,6.2,-31.51,YES,5.85,30.82,5.5,28.98,6.2,5.5,15,1605762000000000000,29,Monthly,18.5,18.98,18.98,17.96,18.98,25.97,26.85,26.85,0.0009,5.85,32.67,,
O:PLTR201218C00014000,2020-11-19,2020-12-18,PLTR,C,14.0,193,5.02,5.0,-26.24,YES,4.95,26.08,4.7,24.76,5.2,4.7,55,1605762000000000000,29,Monthly,18.5,18.98,18.98,17.96,18.98,25.97,26.85,26.85,0.0009,4.95,27.4,0.0,1.0
O:PLTR201218C00015000,2020-11-19,2020-12-18,PLTR,C,15.0,305,4.4,4.6,-20.97,YES,4.28,22.52,3.9,20.55,4.65,3.9,69,1605762000000000000,29,Monthly,18.5,18.98,18.98,17.96,18.98,25.97,26.85,26.85,0.0009,4.28,24.5,0.81,0.82
O:PLTR201218C00016000,2020-11-19,2020-12-18,PLTR,C,16.0,254,3.4,3.92,-15.7,YES,3.61,19.02,3.3,17.39,3.92,3.3,74,1605762000000000000,29,Monthly,18.5,18.98,18.98,17.96,18.98,25.97,26.85,26.85,0.0009,3.61,20.65,0.88,0.71
O:PLTR201218C00017000,2020-11-19,2020-12-18,PLTR,C,17.0,414,3.1,3.3,-10.43,YES,3.08,16.23,2.83,14.91,3.33,2.83,106,1605762000000000000,29,Monthly,18.5,18.98,18.98,17.96,18.98,25.97,26.85,26.85,0.0009,3.08,17.54,0.96,0.61
O:PLTR201218C00018000,2020-11-19,2020-12-18,PLTR,C,18.0,1148,2.65,2.9,-5.16,YES,2.62,13.78,2.33,12.28,2.9,2.33,272,1605762000000000000,29,Monthly,18.5,18.98,18.98,17.96,18.98,25.97,26.85,26.85,0.0009,2.62,15.28,1.01,0.52
O:PLTR201218C00019000,2020-11-19,2020-12-18,PLTR,C,19.0,2260,2.25,2.5,0.11,NO,2.25,11.85,2.0,10.54,2.5,2.0,375,1605762000000000000,29,Monthly,18.5,18.98,18.98,17.96,18.98,25.97,26.85,26.85,0.0009,2.25,13.17,1.06,0.44
O:PLTR201218C00020000,2020-11-19,2020-12-18,PLTR,C,20.0,3784,1.85,2.1,5.37,NO,1.88,9.88,1.65,8.69,2.1,1.65,874,1605762000000000000,29,Monthly,18.5,18.98,18.98,17.96,18.98,25.97,26.85,26.85,0.0009,1.88,11.06,1.08,0.37
O:PLTR201218C00021000,2020-11-19,2020-12-18,PLTR,C,21.0,732,1.4,1.8,10.64,NO,1.58,8.3,1.35,7.11,1.8,1.35,319,1605762000000000000,29,Monthly,18.5,18.98,18.98,17.96,18.98,25.97,26.85,26.85,0.0009,1.58,9.48,1.1,0.32
O:PLTR201218C00022000,2020-11-19,2020-12-18,PLTR,C,22.0,1045,1.44,1.52,15.91,NO,1.38,7.24,1.2,6.32,1.55,1.2,207,1605762000000000000,29,Monthly,18.5,18.98,18.98,17.96,18.98,25.97,26.85,26.85,0.0009,1.38,8.17,1.14,0.27
O:PLTR201218C00023000,2020-11-19,2020-12-18,PLTR,C,23.0,451,1.25,1.33,21.18,NO,1.16,6.14,1.0,5.27,1.33,1.0,88,1605762000000000000,29,Monthly,18.5,18.98,18.98,17.96,18.98,25.97,26.85,26.85,0.0009,1.16,7.01,1.16,0.23
O:PLTR201218C00024000,2020-11-19,2020-12-18,PLTR,C,24.0,245,1.05,1.12,26.45,NO,0.99,5.22,0.85,4.48,1.13,0.85,69,1605762000000000000,29,Monthly,18.5,18.98,18.98,17.96,18.98,25.97,26.85,26.85,0.0009,0.99,5.95,1.18,0.19
O:PLTR201218C00025000,2020-11-19,2020-12-18,PLTR,C,25.0,1460,0.91,1.0,31.72,NO,0.88,4.61,0.75,3.95,1.0,0.75,271,1605762000000000000,29,Monthly,18.5,18.98,18.98,17.96,18.98,25.97,26.85,26.85,0.0009,0.88,5.27,1.21,0.16
O:PLTR201218C00026000,2020-11-19,2020-12-18,PLTR,C,26.0,34,0.8,0.8,36.99,NO,0.74,3.93,0.69,3.64,0.8,0.69,17,1605762000000000000,29,Monthly,18.5,18.98,18.98,17.96,18.98,25.97,26.85,26.85,0.0009,0.74,4.21,1.22,0.14
O:PLTR201218C00027000,2020-11-19,2020-12-18,PLTR,C,27.0,33,0.6,0.7,42.26,NO,0.65,3.42,0.6,3.16,0.7,0.6,12,1605762000000000000,29,Monthly,18.5,18.98,18.98,17.96,18.98,25.97,26.85,26.85,0.0009,0.65,3.69,1.24,0.12
O:PLTR201218C00028000,2020-11-19,2020-12-18,PLTR,C,28.0,29,0.6,0.6,47.52,NO,0.56,2.95,0.52,2.74,0.6,0.52,15,1605762000000000000,29,Monthly,18.5,18.98,18.98,17.96,18.98,25.97,26.85,26.85,0.0009,0.56,3.16,1.26,0.1
O:PLTR201218C00029000,2020-11-19,2020-12-18,PLTR,C,29.0,45,0.5,0.54,52.79,NO,0.51,2.69,0.47,2.48,0.55,0.47,12,1605762000000000000,29,Monthly,18.5,18.98,18.98,17.96,18.98,25.97,26.85,26.85,0.0009,0.51,2.9,1.29,0.09
O:PLTR201218C00030000,2020-11-19,2020-12-18,PLTR,C,30.0,228,0.4,0.55,58.06,NO,0.48,2.5,0.4,2.11,0.55,0.4,63,1605762000000000000,29,Monthly,18.5,18.98,18.98,17.96,18.98,25.97,26.85,26.85,0.0009,0.48,2.9,1.33,0.08
O:PLTR201218C00035000,2020-11-19,2020-12-18,PLTR,C,35.0,332,0.25,0.3,84.4,NO,0.25,1.32,0.2,1.05,0.3,0.2,65,1605762000000000000,29,Monthly,18.5,18.98,18.98,17.96,18.98,25.97,26.85,26.85,0.0009,0.25,1.58,1.39,0.04
O:PLTR201218C00003000,2020-11-20,2020-12-18,PLTR,C,3.0,3,15.2,15.2,-84.74,YES,15.2,77.31,15.2,77.31,15.2,15.2,2,1605848400000000000,28,Monthly,19.03,18.15,19.66,18.0,19.66,25.97,26.85,26.85,0.0009,15.2,77.31,,
O:PLTR201218C00004000,2020-11-20,2020-12-18,PLTR,C,4.0,3,14.8,14.8,-79.65,YES,14.8,75.28,14.8,75.28,14.8,14.8,1,1605848400000000000,28,Monthly,19.03,18.15,19.66,18.0,19.66,25.97,26.85,26.85,0.0009,14.8,75.28,,
O:PLTR201218C00008000,2020-11-20,2020-12-18,PLTR,C,8.0,6,11.24,10.7,-59.31,YES,10.97,55.8,10.7,54.43,11.24,10.7,2,1605848400000000000,28,Monthly,19.03,18.15,19.66,18.0,19.66,25.97,26.85,26.85,0.0009,10.97,57.17,,
O:PLTR201218C00009000,2020-11-20,2020-12-18,PLTR,C,9.0,1,9.58,9.58,-54.22,YES,9.58,48.73,9.58,48.73,9.58,9.58,1,1605848400000000000,28,Monthly,19.03,18.15,19.66,18.0,19.66,25.97,26.85,26.85,0.0009,9.58,48.73,,
O:PLTR201218C00010000,2020-11-20,2020-12-18,PLTR,C,10.0,47,9.2,8.17,-49.14,YES,8.68,44.18,8.17,41.56,9.2,8.17,11,1605848400000000000,28,Monthly,19.03,18.15,19.66,18.0,19.66,25.97,26.85,26.85,0.0009,8.68,46.8,,
O:PLTR201218C00011000,2020-11-20,2020-12-18,PLTR,C,11.0,72,8.05,7.2,-44.05,YES,7.7,39.17,7.2,36.62,8.2,7.2,17,1605848400000000000,28,Monthly,19.03,18.15,19.66,18.0,19.66,25.97,26.85,26.85,0.0009,7.7,41.71,,
O:PLTR201218C00012000,2020-11-20,2020-12-18,PLTR,C,12.0,214,7.45,6.2,-38.96,YES,6.9,35.1,6.2,31.54,7.6,6.2,27,1605848400000000000,28,Monthly,19.03,18.15,19.66,18.0,19.66,25.97,26.85,26.85,0.0009,6.9,38.66,,
O:PLTR201218C00013000,2020-11-20,2020-12-18,PLTR,C,13.0,66,6.25,5.5,-33.88,YES,6.05,30.77,5.4,27.47,6.7,5.4,36,1605848400000000000,28,Monthly,19.03,18.15,19.66,18.0,19.66,25.97,26.85,26.85,0.0009,6.05,34.08,,
O:PLTR201218C00014000,2020-11-20,2020-12-18,PLTR,C,14.0,77,5.45,4.66,-28.79,YES,5.15,26.2,4.5,22.89,5.8,4.5,35,1605848400000000000,28,Monthly,19.03,18.15,19.66,18.0,19.66,25.97,26.85,26.85,0.0009,5.15,29.5,,
O:PLTR201218C00015000,2020-11-20,2020-12-18,PLTR,C,15.0,718,4.7,4.0,-23.7,YES,4.56,23.17,3.94,20.04,5.17,3.94,84,1605848400000000000,28,Monthly,19.03,18.15,19.66,18.0,19.66,25.97,26.85,26.85,0.0009,4.56,26.3,,
O:PLTR201218C00016000,2020-11-20,2020-12-18,PLTR,C,16.0,262,4.0,3.4,-18.62,YES,3.79,19.28,3.2,16.28,4.38,3.2,105,1605848400000000000,28,Monthly,19.03,18.15,19.66,18.0,19.66,25.97,26.85,26.85,0.0009,3.79,22.28,0.57,0.89
O:PLTR201218C00017000,2020-11-20,2020-12-18,PLTR,C,17.0,524,3.5,2.9,-13.53,YES,3.3,16.79,2.75,13.99,3.85,2.75,118,1605848400000000000,28,Monthly,19.03,18.15,19.66,18.0,19.66,25.97,26.85,26.85,0.0009,3.3,19.58,0.81,0.7
O:PLTR201218C00018000,2020-11-20,2020-12-18,PLTR,C,18.0,1319,2.9,2.4,-8.44,YES,2.85,14.5,2.3,11.7,3.4,2.3,293,1605848400000000000,28,Monthly,19.03,18.15,19.66,18.0,19.66,25.97,26.85,26.85,0.0009,2.85,17.29,0.92,0.59
O:PLTR201218C00019000,2020-11-20,2020-12-18,PLTR,C,19.0,4097,2.48,2.1,-3.36,YES,2.42,12.33,1.95,9.92,2.9,1.95,627,1605848400000000000,28,Monthly,19.03,18.15,19.66,18.0,19.66,25.97,26.85,26.85,0.0009,2.42,14.75,0.97,0.5
O:PLTR201218C00020000,2020-11-20,2020-12-18,PLTR,C,20.0,3791,2.13,1.76,1.73,NO,2.03,10.33,1.6,8.14,2.46,1.6,1064,1605848400000000000,28,Monthly,19.03,18.15,19.66,18.0,19.66,25.97,26.85,26.85,0.0009,2.03,12.51,1.01,0.42
O:PLTR201218C00021000,2020-11-20,2020-12-18,PLTR,C,21.0,673,1.9,1.48,6.82,NO,1.75,8.9,1.4,7.12,2.1,1.4,218,1605848400000000000,28,Monthly,19.03,18.15,19.66,18.0,19.66,25.97,26.85,26.85,0.0009,1.75,10.68,1.05,0.36
O:PLTR201218C00022000,2020-11-20,2020-12-18,PLTR,C,22.0,1978,1.65,1.3,11.9,NO,1.48,7.53,1.16,5.9,1.8,1.16,326,1605848400000000000,28,Monthly,19.03,18.15,19.66,18.0,19.66,25.97,26.85,26.85,0.0009,1.48,9.16,1.08,0.3
O:PLTR201218C00023000,2020-11-20,2020-12-18,PLTR,C,23.0,1244,1.35,1.08,16.99,NO,1.27,6.46,0.99,5.04,1.55,0.99,137,1605848400000000000,28,Monthly,19.03,18.15,19.66,18.0,19.66,25.97,26.85,26.85,0.0009,1.27,7.88,1.11,0.25
O:PLTR201218C00024000,2020-11-20,2020-12-18,PLTR,C,24.0,349,1.23,0.89,22.08,NO,1.08,5.49,0.85,4.32,1.31,0.85,93,1605848400000000000,28,Monthly,19.03,18.15,19.66,18.0,19.66,25.97,26.85,26.85,0.0009,1.08,6.66,1.13,0.21
O:PLTR201218C00025000,2020-11-20,2020-12-18,PLTR,C,25.0,1991,1.03,0.79,27.16,NO,0.95,4.83,0.7,3.56,1.2,0.7,466,1605848400000000000,28,Monthly,19.03,18.15,19.66,18.0,19.66,25.97,26.85,26.85,0.0009,0.95,6.1,1.17,0.18
O:PLTR201218C00026000,2020-11-20,2020-12-18,PLTR,C,26.0,246,0.85,0.7,32.25,NO,0.82,4.2,0.65,3.31,1.0,0.65,137,1605848400000000000,28,Monthly,19.03,18.15,19.66,18.0,19.66,25.97,26.85,26.85,0.0009,0.82,5.09,1.19,0.16
O:PLTR201218C00027000,2020-11-20,2020-12-18,PLTR,C,27.0,22,0.75,0.6,37.33,NO,0.72,3.69,0.6,3.05,0.85,0.6,17,1605848400000000000,28,Monthly,19.03,18.15,19.66,18.0,19.66,25.97,26.85,26.85,0.0009,0.72,4.32,1.22,0.13
O:PLTR201218C00028000,2020-11-20,2020-12-18,PLTR,C,28.0,80,0.65,0.55,42.42,NO,0.65,3.31,0.5,2.54,0.8,0.5,15,1605848400000000000,28,Monthly,19.03,18.15,19.66,18.0,19.66,25.97,26.85,26.85,0.0009,0.65,4.07,1.25,0.12
O:PLTR201218C00029000,2020-11-20,2020-12-18,PLTR,C,29.0,484,0.55,0.45,47.51,NO,0.53,2.7,0.42,2.14,0.64,0.42,29,1605848400000000000,28,Monthly,19.03,18.15,19.66,18.0,19.66,25.97,26.85,26.85,0.0009,0.53,3.26,1.24,0.1
O:PLTR201218C00030000,2020-11-20,2020-12-18,PLTR,C,30.0,186,0.63,0.45,52.59,NO,0.5,2.54,0.37,1.88,0.63,0.37,45,1605848400000000000,28,Monthly,19.03,18.15,19.66,18.0,19.66,25.97,26.85,26.85,0.0009,0.5,3.2,1.29,0.09
O:PLTR201218C00035000,2020-11-20,2020-12-18,PLTR,C,35.0,583,0.3,0.22,78.03,NO,0.28,1.45,0.22,1.12,0.35,0.22,69,1605848400000000000,28,Monthly,19.03,18.15,19.66,18.0,19.66,25.97,26.85,26.85,0.0009,0.28,1.78,1.38,0.04
O:PLTR210115C00009000,2020-12-14,2021-01-15,PLTR,C,9.0,1,18.45,18.45,-68.15,YES,18.45,65.29,18.45,65.29,18.45,18.45,1,1607922000000000000,32,Monthly,28.26,27.24,28.26,26.73,28.26,25.64,28.0,28.0,0.0009,18.45,65.29,,
O:PLTR210115C00013000,2020-12-14,2021-01-15,PLTR,C,13.0,28,14.65,14.05,-54.0,YES,14.52,51.4,14.05,49.72,15.0,14.05,6,1607922000000000000,32,Monthly,28.26,27.24,28.26,26.73,28.26,25.64,28.0,28.0,0.0009,14.52,53.08,,
O:PLTR210115C00014000,2020-12-14,2021-01-15,PLTR,C,14.0,3,14.2,13.25,-50.46,YES,13.72,48.57,13.25,46.89,14.2,13.25,2,1607922000000000000,32,Monthly,28.26,27.24,28.26,26.73,28.26,25.64,28.0,28.0,0.0009,13.72,50.25,,
O:PLTR210115C00015000,2020-12-14,2021-01-15,PLTR,C,15.0,29,12.5,12.05,-46.92,YES,12.45,44.06,12.0,42.46,12.9,12.0,19,1607922000000000000,32,Monthly,28.26,27.24,28.26,26.73,28.26,25.64,28.0,28.0,0.0009,12.45,45.65,,
O:PLTR210115C00016000,2020-12-14,2021-01-15,PLTR,C,16.0,14,12.0,11.08,-43.38,YES,11.58,40.96,11.05,39.1,12.1,11.05,13,1607922000000000000,32,Monthly,28.26,27.24,28.26,26.73,28.26,25.64,28.0,28.0,0.0009,11.58,42.82,,
O:PLTR210115C00017000,2020-12-14,2021-01-15,PLTR,C,17.0,12,10.9,10.13,-39.84,YES,10.56,37.37,10.13,35.85,10.99,10.13,7,1607922000000000000,32,Monthly,28.26,27.24,28.26,26.73,28.26,25.64,28.0,28.0,0.0009,10.56,38.89,,
O:PLTR210115C00018000,2020-12-14,2021-01-15,PLTR,C,18.0,36,10.42,9.2,-36.31,YES,9.81,34.71,9.2,32.55,10.42,9.2,13,1607922000000000000,32,Monthly,28.26,27.24,28.26,26.73,28.26,25.64,28.0,28.0,0.0009,9.81,36.87,,
O:PLTR210115C00019000,2020-12-14,2021-01-15,PLTR,C,19.0,22,9.02,8.35,-32.77,YES,8.75,30.96,8.35,29.55,9.15,8.35,12,1607922000000000000,32,Monthly,28.26,27.24,28.26,26.73,28.26,25.64,28.0,28.0,0.0009,8.75,32.38,,
O:PLTR210115C00020000,2020-12-14,2021-01-15,PLTR,C,20.0,632,8.68,7.8,-29.23,YES,8.15,28.84,7.4,26.19,8.9,7.4,179,1607922000000000000,32,Monthly,28.26,27.24,28.26,26.73,28.26,25.64,28.0,28.0,0.0009,8.15,31.49,,
O:PLTR210115C00021000,2020-12-14,2021-01-15,PLTR,C,21.0,79,7.8,6.81,-25.69,YES,7.38,26.13,6.77,23.96,8.0,6.77,31,1607922000000000000,32,Monthly,28.26,27.24,28.26,26.73,28.26,25.64,28.0,28.0,0.0009,7.38,28.31,0.64,0.93
O:PLTR210115C00022000,2020-12-14,2021-01-15,PLTR,C,22.0,232,7.4,6.4,-22.15,YES,6.75,23.89,6.1,21.59,7.4,6.1,65,1607922000000000000,32,Monthly,28.26,27.24,28.26,26.73,28.26,25.64,28.0,28.0,0.0009,6.75,26.19,0.83,0.82
O:PLTR210115C00023000,2020-12-14,2021-01-15,PLTR,C,23.0,347,6.57,5.8,-18.61,YES,6.08,21.5,5.45,19.29,6.7,5.45,121,1607922000000000000,32,Monthly,28.26,27.24,28.26,26.73,28.26,25.64,28.0,28.0,0.0009,6.08,23.71,0.88,0.74
O:PLTR210115C00024000,2020-12-14,2021-01-15,PLTR,C,24.0,363,6.03,5.1,-15.07,YES,5.6,19.82,5.0,17.69,6.2,5.0,121,1607922000000000000,32,Monthly,28.26,27.24,28.26,26.73,28.26,25.64,28.0,28.0,0.0009,5.6,21.94,0.98,0.66
O:PLTR210115C00025000,2020-12-14,2021-01-15,PLTR,C,25.0,1139,5.55,4.7,-11.54,YES,5.1,18.05,4.5,15.92,5.7,4.5,246,1607922000000000000,32,Monthly,28.26,27.24,28.26,26.73,28.26,25.64,28.0,28.0,0.0009,5.1,20.17,1.03,0.6
O:PLTR210115C00026000,2020-12-14,2021-01-15,PLTR,C,26.0,361,5.0,4.07,-8.0,YES,4.62,16.37,4.05,14.33,5.2,4.05,132,1607922000000000000,32,Monthly,28.26,27.24,28.26,26.73,28.26,25.64,28.0,28.0,0.0009,4.62,18.4,1.06,0.54
O:PLTR210115C00027000,2020-12-14,2021-01-15,PLTR,C,27.0,1860,4.65,3.86,-4.46,YES,4.2,14.86,3.65,12.92,4.75,3.65,433,1607922000000000000,32,Monthly,28.26,27.24,28.26,26.73,28.26,25.64,28.0,28.0,0.0009,4.2,16.81,1.09,0.49
O:PLTR210115C00028000,2020-12-14,2021-01-15,PLTR,C,28.0,2124,4.5,3.5,-0.92,YES,3.88,13.75,3.27,11.57,4.5,3.27,538,1607922000000000000,32,Monthly,28.26,27.24,28.26,26.73,28.26,25.64,28.0,28.0,0.0009,3.88,15.92,1.13,0.44
O:PLTR210115C00029000,2020-12-14,2021-01-15,PLTR,C,29.0,538,4.0,3.15,2.62,NO,3.46,12.24,2.92,10.33,4.0,2.92,208,1607922000000000000,32,Monthly,28.26,27.24,28.26,26.73,28.26,25.64,28.0,28.0,0.0009,3.46,14.15,1.13,0.4
O:PLTR210115C00030000,2020-12-14,2021-01-15,PLTR,C,30.0,6419,3.48,2.83,6.16,NO,3.16,11.16,2.61,9.24,3.7,2.61,1957,1607922000000000000,32,Monthly,28.26,27.24,28.26,26.73,28.26,25.64,28.0,28.0,0.0009,3.16,13.09,1.16,0.36
O:PLTR210115C00031000,2020-12-14,2021-01-15,PLTR,C,31.0,849,3.15,2.52,9.7,NO,2.82,10.0,2.35,8.32,3.3,2.35,235,1607922000000000000,32,Monthly,28.26,27.24,28.26,26.73,28.26,25.64,28.0,28.0,0.0009,2.82,11.68,1.16,0.33
O:PLTR210115C00032000,2020-12-14,2021-01-15,PLTR,C,32.0,761,3.4,2.24,13.23,NO,2.76,9.78,2.13,7.54,3.4,2.13,243,1607922000000000000,32,Monthly,28.26,27.24,28.26,26.73,28.26,25.64,28.0,28.0,0.0009,2.76,12.03,1.24,0.3
O:PLTR210115C00033000,2020-12-14,2021-01-15,PLTR,C,33.0,345,2.74,2.0,16.77,NO,2.32,8.21,1.88,6.65,2.76,1.88,168,1607922000000000000,32,Monthly,28.26,27.24,28.26,26.73,28.26,25.64,28.0,28.0,0.0009,2.32,9.77,1.19,0.27
O:PLTR210115C00034000,2020-12-14,2021-01-15,PLTR,C,34.0,264,2.41,1.76,20.31,NO,2.08,7.36,1.68,5.94,2.48,1.68,124,1607922000000000000,32,Monthly,28.26,27.24,28.26,26.73,28.26,25.64,28.0,28.0,0.0009,2.08,8.78,1.2,0.24
O:PLTR210115C00035000,2020-12-14,2021-01-15,PLTR,C,35.0,3004,2.23,1.58,23.85,NO,1.98,7.01,1.51,5.34,2.45,1.51,1005,1607922000000000000,32,Monthly,28.26,27.24,28.26,26.73,28.26,25.64,28.0,28.0,0.0009,1.98,8.67,1.24,0.22
O:PLTR210115C00036000,2020-12-14,2021-01-15,PLTR,C,36.0,116,2.02,1.47,27.39,NO,1.72,6.07,1.41,4.99,2.02,1.41,61,1607922000000000000,32,Monthly,28.26,27.24,28.26,26.73,28.26,25.64,28.0,28.0,0.0009,1.72,7.15,1.22,0.2
O:PLTR210115C00037000,2020-12-14,2021-01-15,PLTR,C,37.0,105,1.84,1.28,30.93,NO,1.56,5.54,1.27,4.49,1.86,1.27,58,1607922000000000000,32,Monthly,28.26,27.24,28.26,26.73,28.26,25.64,28.0,28.0,0.0009,1.56,6.58,1.23,0.18
O:PLTR210115C00038000,2020-12-14,2021-01-15,PLTR,C,38.0,100,1.65,1.15,34.47,NO,1.4,4.97,1.14,4.03,1.67,1.14,51,1607922000000000000,32,Monthly,28.26,27.24,28.26,26.73,28.26,25.64,28.0,28.0,0.0009,1.4,5.91,1.23,0.16
O:PLTR210115C00039000,2020-12-14,2021-01-15,PLTR,C,39.0,146,1.38,1.05,38.0,NO,1.24,4.37,1.0,3.54,1.47,1.0,43,1607922000000000000,32,Monthly,28.26,27.24,28.26,26.73,28.26,25.64,28.0,28.0,0.0009,1.24,5.2,1.23,0.14
O:PLTR210115C00040000,2020-12-14,2021-01-15,PLTR,C,40.0,2109,1.3,0.98,41.54,NO,1.15,4.07,0.88,3.11,1.42,0.88,653,1607922000000000000,32,Monthly,28.26,27.24,28.26,26.73,28.26,25.64,28.0,28.0,0.0009,1.15,5.02,1.25,0.13
O:PLTR210115C00041000,2020-12-14,2021-01-15,PLTR,C,41.0,91,1.24,0.87,45.08,NO,1.06,3.77,0.85,3.01,1.28,0.85,36,1607922000000000000,32,Monthly,28.26,27.24,28.26,26.73,28.26,25.64,28.0,28.0,0.0009,1.06,4.53,1.26,0.12
O:PLTR210115C00042000,2020-12-14,2021-01-15,PLTR,C,42.0,622,1.13,0.79,48.62,NO,0.96,3.41,0.76,2.69,1.17,0.76,107,1607922000000000000,32,Monthly,28.26,27.24,28.26,26.73,28.26,25.64,28.0,28.0,0.0009,0.96,4.14,1.27,0.11
O:PLTR210115C00043000,2020-12-14,2021-01-15,PLTR,C,43.0,28,1.04,0.74,52.16,NO,0.89,3.15,0.7,2.48,1.08,0.7,17,1607922000000000000,32,Monthly,28.26,27.24,28.26,26.73,28.26,25.64,28.0,28.0,0.0009,0.89,3.82,1.28,0.1
O:PLTR210115C00044000,2020-12-14,2021-01-15,PLTR,C,44.0,143,0.97,0.66,55.7,NO,0.82,2.92,0.65,2.3,1.0,0.65,43,1607922000000000000,32,Monthly,28.26,27.24,28.26,26.73,28.26,25.64,28.0,28.0,0.0009,0.82,3.54,1.29,0.09
O:PLTR210115C00045000,2020-12-14,2021-01-15,PLTR,C,45.0,805,0.93,0.61,59.24,NO,0.76,2.69,0.59,2.09,0.93,0.59,111,1607922000000000000,32,Monthly,28.26,27.24,28.26,26.73,28.26,25.64,28.0,28.0,0.0009,0.76,3.29,1.31,0.08
O:PLTR210115C00046000,2020-12-14,2021-01-15,PLTR,C,46.0,125,0.81,0.57,62.77,NO,0.68,2.42,0.54,1.91,0.83,0.54,44,1607922000000000000,32,Monthly,28.26,27.24,28.26,26.73,28.26,25.64,28.0,28.0,0.0009,0.68,2.94,1.3,0.07
O:PLTR210115C00047000,2020-12-14,2021-01-15,PLTR,C,47.0,34,0.77,0.51,66.31,NO,0.63,2.23,0.49,1.73,0.77,0.49,28,1607922000000000000,32,Monthly,28.26,27.24,28.26,26.73,28.26,25.64,28.0,28.0,0.0009,0.63,2.72,1.32,0.07
O:PLTR210115C00048000,2020-12-14,2021-01-15,PLTR,C,48.0,917,0.68,0.49,69.85,NO,0.58,2.07,0.45,1.59,0.72,0.45,116,1607922000000000000,32,Monthly,28.26,27.24,28.26,26.73,28.26,25.64,28.0,28.0,0.0009,0.58,2.55,1.32,0.06
O:PLTR210115C00049000,2020-12-14,2021-01-15,PLTR,C,49.0,34,0.63,0.46,73.39,NO,0.56,1.96,0.46,1.63,0.65,0.46,12,1607922000000000000,32,Monthly,28.26,27.24,28.26,26.73,28.26,25.64,28.0,28.0,0.0009,0.56,2.3,1.35,0.06
O:PLTR210115C00050000,2020-12-14,2021-01-15,PLTR,C,50.0,1037,0.49,0.41,76.93,NO,0.5,1.79,0.37,1.31,0.64,0.37,316,1607922000000000000,32,Monthly,28.26,27.24,28.26,26.73,28.26,25.64,28.0,28.0,0.0009,0.5,2.26,1.34,0.05
O:PLTR210115C00003000,2020-12-15,2021-01-15,PLTR,C,3.0,6,23.21,23.21,-88.93,YES,23.21,85.65,23.21,85.65,23.21,23.21,1,1608008400000000000,31,Monthly,26.82,26.43,27.1,25.52,27.1,25.64,28.0,28.0,0.0009,23.21,85.65,,
O:PLTR210115C00007000,2020-12-15,2021-01-15,PLTR,C,7.0,2,18.9,18.9,-74.17,YES,18.9,69.74,18.9,69.74,18.9,18.9,1,1608008400000000000,31,Monthly,26.82,26.43,27.1,25.52,27.1,25.64,28.0,28.0,0.0009,18.9,69.74,,
O:PLTR210115C00010000,2020-12-15,2021-01-15,PLTR,C,10.0,1,16.2,16.2,-63.1,YES,16.2,59.78,16.2,59.78,16.2,16.2,1,1608008400000000000,31,Monthly,26.82,26.43,27.1,25.52,27.1,25.64,28.0,28.0,0.0009,16.2,59.78,,
O:PLTR210115C00012000,2020-12-15,2021-01-15,PLTR,C,12.0,60,15.0,14.0,-55.72,YES,14.5,53.51,14.0,51.66,15.0,14.0,5,1608008400000000000,31,Monthly,26.82,26.43,27.1,25.52,27.1,25.64,28.0,28.0,0.0009,14.5,55.35,,
O:PLTR210115C00014000,2020-12-15,2021-01-15,PLTR,C,14.0,11,11.9,12.1,-48.34,YES,12.05,44.46,11.9,43.91,12.2,11.9,5,1608008400000000000,31,Monthly,26.82,26.43,27.1,25.52,27.1,25.64,28.0,28.0,0.0009,12.05,45.02,,
O:PLTR210115C00015000,2020-12-15,2021-01-15,PLTR,C,15.0,25,10.97,11.52,-44.65,YES,11.26,41.55,10.97,40.48,11.55,10.97,15,1608008400000000000,31,Monthly,26.82,26.43,27.1,25.52,27.1,25.64,28.0,28.0,0.0009,11.26,42.62,,
O:PLTR210115C00016000,2020-12-15,2021-01-15,PLTR,C,16.0,36,11.1,10.15,-40.96,YES,10.55,38.93,10.0,36.9,11.1,10.0,20,1608008400000000000,31,Monthly,26.82,26.43,27.1,25.52,27.1,25.64,28.0,28.0,0.0009,10.55,40.96,,
O:PLTR210115C00017000,2020-12-15,2021-01-15,PLTR,C,17.0,26,10.27,9.5,-37.27,YES,9.56,35.28,8.85,32.66,10.27,8.85,12,1608008400000000000,31,Monthly,26.82,26.43,27.1,25.52,27.1,25.64,28.0,28.0,0.0009,9.56,37.9,,
O:PLTR210115C00018000,2020-12-15,2021-01-15,PLTR,C,18.0,40,8.6,8.35,-33.58,YES,8.28,30.54,7.9,29.15,8.65,7.9,16,1608008400000000000,31,Monthly,26.82,26.43,27.1,25.52,27.1,25.64,28.0,28.0,0.0009,8.28,31.92,,
O:PLTR210115C00019000,2020-12-15,2021-01-15,PLTR,C,19.0,49,8.55,7.5,-29.89,YES,7.82,28.87,7.1,26.2,8.55,7.1,25,1608008400000000000,31,Monthly,26.82,26.43,27.1,25.52,27.1,25.64,28.0,28.0,0.0009,7.82,31.55,,
O:PLTR210115C00020000,2020-12-15,2021-01-15,PLTR,C,20.0,3555,7.75,7.0,-26.2,YES,7.02,25.89,6.28,23.17,7.75,6.28,679,1608008400000000000,31,Monthly,26.82,26.43,27.1,25.52,27.1,25.64,28.0,28.0,0.0009,7.02,28.6,,
O:PLTR210115C00021000,2020-12-15,2021-01-15,PLTR,C,21.0,57,6.05,6.27,-22.51,YES,6.05,22.32,5.8,21.4,6.3,5.8,34,1608008400000000000,31,Monthly,26.82,26.43,27.1,25.52,27.1,25.64,28.0,28.0,0.0009,6.05,23.25,0.0,1.0
O:PLTR210115C00022000,2020-12-15,2021-01-15,PLTR,C,22.0,296,6.18,5.4,-18.82,YES,5.62,20.74,4.99,18.41,6.25,4.99,119,1608008400000000000,31,Monthly,26.82,26.43,27.1,25.52,27.1,25.64,28.0,28.0,0.0009,5.62,23.06,0.77,0.79
O:PLTR210115C00023000,2020-12-15,2021-01-15,PLTR,C,23.0,489,5.4,5.0,-15.13,YES,4.97,18.36,4.55,16.79,5.4,4.55,189,1608008400000000000,31,Monthly,26.82,26.43,27.1,25.52,27.1,25.64,28.0,28.0,0.0009,4.97,19.93,0.82,0.71
O:PLTR210115C00024000,2020-12-15,2021-01-15,PLTR,C,24.0,490,5.13,4.45,-11.44,YES,4.56,16.85,4.0,14.76,5.13,4.0,198,1608008400000000000,31,Monthly,26.82,26.43,27.1,25.52,27.1,25.64,28.0,28.0,0.0009,4.56,18.93,0.92,0.62
O:PLTR210115C00025000,2020-12-15,2021-01-15,PLTR,C,25.0,1362,4.65,4.0,-7.75,YES,4.1,15.13,3.55,13.1,4.65,3.55,465,1608008400000000000,31,Monthly,26.82,26.43,27.1,25.52,27.1,25.64,28.0,28.0,0.0009,4.1,17.16,0.97,0.56
O:PLTR210115C00026000,2020-12-15,2021-01-15,PLTR,C,26.0,2109,4.26,3.55,-4.06,YES,3.7,13.67,3.15,11.62,4.26,3.15,490,1608008400000000000,31,Monthly,26.82,26.43,27.1,25.52,27.1,25.64,28.0,28.0,0.0009,3.7,15.72,1.01,0.5
O:PLTR210115C00027000,2020-12-15,2021-01-15,PLTR,C,27.0,2713,3.8,3.15,-0.37,YES,3.36,12.4,2.82,10.41,3.9,2.82,732,1608008400000000000,31,Monthly,26.82,26.43,27.1,25.52,27.1,25.64,28.0,28.0,0.0009,3.36,14.39,1.06,0.44
O:PLTR210115C00028000,2020-12-15,2021-01-15,PLTR,C,28.0,1979,3.4,2.82,3.32,NO,2.97,10.96,2.49,9.19,3.45,2.49,626,1608008400000000000,31,Monthly,26.82,26.43,27.1,25.52,27.1,25.64,28.0,28.0,0.0009,2.97,12.73,1.07,0.4
O:PLTR210115C00029000,2020-12-15,2021-01-15,PLTR,C,29.0,841,3.01,2.5,7.01,NO,2.68,9.89,2.24,8.27,3.12,2.24,368,1608008400000000000,31,Monthly,26.82,26.43,27.1,25.52,27.1,25.64,28.0,28.0,0.0009,2.68,11.51,1.09,0.36
O:PLTR210115C00030000,2020-12-15,2021-01-15,PLTR,C,30.0,15875,2.7,2.2,10.7,NO,2.35,8.65,1.96,7.23,2.73,1.96,3532,1608008400000000000,31,Monthly,26.82,26.43,27.1,25.52,27.1,25.64,28.0,28.0,0.0009,2.35,10.07,1.09,0.32
O:PLTR210115C00031000,2020-12-15,2021-01-15,PLTR,C,31.0,1074,2.44,1.97,14.39,NO,2.1,7.75,1.76,6.49,2.44,1.76,279,1608008400000000000,31,Monthly,26.82,26.43,27.1,25.52,27.1,25.64,28.0,28.0,0.0009,2.1,9.0,1.11,0.28
O:PLTR210115C00032000,2020-12-15,2021-01-15,PLTR,C,32.0,1130,2.17,1.74,18.08,NO,1.86,6.86,1.55,5.72,2.17,1.55,324,1608008400000000000,31,Monthly,26.82,26.43,27.1,25.52,27.1,25.64,28.0,28.0,0.0009,1.86,8.01,1.12,0.25
O:PLTR210115C00033000,2020-12-15,2021-01-15,PLTR,C,33.0,715,1.96,1.54,21.77,NO,1.67,6.18,1.39,5.13,1.96,1.39,183,1608008400000000000,31,Monthly,26.82,26.43,27.1,25.52,27.1,25.64,28.0,28.0,0.0009,1.67,7.23,1.14,0.22
O:PLTR210115C00034000,2020-12-15,2021-01-15,PLTR,C,34.0,404,1.69,1.34,25.46,NO,1.48,5.44,1.24,4.58,1.71,1.24,129,1608008400000000000,31,Monthly,26.82,26.43,27.1,25.52,27.1,25.64,28.0,28.0,0.0009,1.48,6.31,1.14,0.2
O:PLTR210115C00035000,2020-12-15,2021-01-15,PLTR,C,35.0,10821,1.52,1.2,29.15,NO,1.34,4.93,1.1,4.06,1.57,1.1,2212,1608008400000000000,31,Monthly,26.82,26.43,27.1,25.52,27.1,25.64,28.0,28.0,0.0009,1.34,5.79,1.16,0.18
O:PLTR210115C00036000,2020-12-15,2021-01-15,PLTR,C,36.0,345,1.45,1.09,32.84,NO,1.22,4.48,0.98,3.62,1.45,0.98,108,1608008400000000000,31,Monthly,26.82,26.43,27.1,25.52,27.1,25.64,28.0,28.0,0.0009,1.22,5.35,1.18,0.16
O:PLTR210115C00037000,2020-12-15,2021-01-15,PLTR,C,37.0,293,1.28,0.93,36.53,NO,1.08,4.0,0.89,3.28,1.28,0.89,111,1608008400000000000,31,Monthly,26.82,26.43,27.1,25.52,27.1,25.64,28.0,28.0,0.0009,1.08,4.72,1.18,0.14
O:PLTR210115C00038000,2020-12-15,2021-01-15,PLTR,C,38.0,176,1.08,0.85,40.22,NO,0.96,3.52,0.79,2.92,1.12,0.79,69,1608008400000000000,31,Monthly,26.82,26.43,27.1,25.52,27.1,25.64,28.0,28.0,0.0009,0.96,4.13,1.19,0.13
O:PLTR210115C00039000,2020-12-15,2021-01-15,PLTR,C,39.0,109,1.04,0.78,43.91,NO,0.88,3.25,0.72,2.66,1.04,0.72,37,1608008400000000000,31,Monthly,26.82,26.43,27.1,25.52,27.1,25.64,28.0,28.0,0.0009,0.88,3.84,1.21,0.11
O:PLTR210115C00040000,2020-12-15,2021-01-15,PLTR,C,40.0,2001,0.97,0.67,47.6,NO,0.8,2.93,0.62,2.29,0.97,0.62,600,1608008400000000000,31,Monthly,26.82,26.43,27.1,25.52,27.1,25.64,28.0,28.0,0.0009,0.8,3.58,1.22,0.1
O:PLTR210115C00041000,2020-12-15,2021-01-15,PLTR,C,41.0,110,0.77,0.62,51.29,NO,0.67,2.47,0.57,2.1,0.77,0.57,41,1608008400000000000,31,Monthly,26.82,26.43,27.1,25.52,27.1,25.64,28.0,28.0,0.0009,0.67,2.84,1.2,0.09
O:PLTR210115C00042000,2020-12-15,2021-01-15,PLTR,C,42.0,183,0.75,0.54,54.98,NO,0.64,2.34,0.52,1.92,0.75,0.52,52,1608008400000000000,31,Monthly,26.82,26.43,27.1,25.52,27.1,25.64,28.0,28.0,0.0009,0.64,2.77,1.23,0.08
O:PLTR210115C00043000,2020-12-15,2021-01-15,PLTR,C,43.0,39,0.56,0.47,58.67,NO,0.52,1.9,0.46,1.7,0.57,0.46,20,1608008400000000000,31,Monthly,26.82,26.43,27.1,25.52,27.1,25.64,28.0,28.0,0.0009,0.52,2.1,1.2,0.07
O:PLTR210115C00044000,2020-12-15,2021-01-15,PLTR,C,44.0,68,0.57,0.39,62.36,NO,0.48,1.77,0.39,1.44,0.57,0.39,29,1608008400000000000,31,Monthly,26.82,26.43,27.1,25.52,27.1,25.64,28.0,28.0,0.0009,0.48,2.1,1.22,0.06
O:PLTR210115C00045000,2020-12-15,2021-01-15,PLTR,C,45.0,508,0.58,0.39,66.05,NO,0.48,1.79,0.38,1.4,0.59,0.38,140,1608008400000000000,31,Monthly,26.82,26.43,27.1,25.52,27.1,25.64,28.0,28.0,0.0009,0.48,2.18,1.26,0.06
O:PLTR210115C00046000,2020-12-15,2021-01-15,PLTR,C,46.0,145,0.54,0.35,69.74,NO,0.44,1.62,0.34,1.25,0.54,0.34,25,1608008400000000000,31,Monthly,26.82,26.43,27.1,25.52,27.1,25.64,28.0,28.0,0.0009,0.44,1.99,1.27,0.05
O:PLTR210115C00047000,2020-12-15,2021-01-15,PLTR,C,47.0,221,0.43,0.34,73.43,NO,0.36,1.35,0.3,1.11,0.43,0.3,36,1608008400000000000,31,Monthly,26.82,26.43,27.1,25.52,27.1,25.64,28.0,28.0,0.0009,0.36,1.59,1.24,0.04
O:PLTR210115C00048000,2020-12-15,2021-01-15,PLTR,C,48.0,101,0.49,0.29,77.12,NO,0.39,1.44,0.29,1.07,0.49,0.29,20,1608008400000000000,31,Monthly,26.82,26.43,27.1,25.52,27.1,25.64,28.0,28.0,0.0009,0.39,1.81,1.3,0.04
O:PLTR210115C00049000,2020-12-15,2021-01-15,PLTR,C,49.0,116,0.34,0.27,80.81,NO,0.31,1.14,0.27,1.0,0.35,0.27,63,1608008400000000000,31,Monthly,26.82,26.43,27.1,25.52,27.1,25.64,28.0,28.0,0.0009,0.31,1.29,1.27,0.04
O:PLTR210115C00050000,2020-12-15,2021-01-15,PLTR,C,50.0,1243,0.43,0.25,84.5,NO,0.33,1.22,0.23,0.85,0.43,0.23,190,1608008400000000000,31,Monthly,26.82,26.43,27.1,25.52,27.1,25.64,28.0,28.0,0.0009,0.33,1.59,1.32,0.04
O:PLTR210115C00009000,2020-12-16,2021-01-15,PLTR,C,9.0,10,16.6,16.6,-65.6,YES,16.6,63.46,16.6,63.46,16.6,16.6,1,1608094800000000000,30,Monthly,25.71,25.92,26.16,25.11,26.16,25.64,28.0,28.0,0.0009,16.6,63.46,,
O:PLTR210115C00011000,2020-12-16,2021-01-15,PLTR,C,11.0,5,14.91,14.91,-57.95,YES,14.91,57.0,14.91,57.0,14.91,14.91,2,1608094800000000000,30,Monthly,25.71,25.92,26.16,25.11,26.16,25.64,28.0,28.0,0.0009,14.91,57.0,,
O:PLTR210115C00013000,2020-12-16,2021-01-15,PLTR,C,13.0,1,12.25,12.25,-50.31,YES,12.25,46.83,12.25,46.83,12.25,12.25,1,1608094800000000000,30,Monthly,25.71,25.92,26.16,25.11,26.16,25.64,28.0,28.0,0.0009,12.25,46.83,,
O:PLTR210115C00014000,2020-12-16,2021-01-15,PLTR,C,14.0,27,11.45,12.06,-46.48,YES,11.75,44.92,11.44,43.73,12.06,11.44,7,1608094800000000000,30,Monthly,25.71,25.92,26.16,25.11,26.16,25.64,28.0,28.0,0.0009,11.75,46.1,,
O:PLTR210115C00015000,2020-12-16,2021-01-15,PLTR,C,15.0,46,10.5,10.75,-42.66,YES,10.72,41.0,10.35,39.56,11.1,10.35,14,1608094800000000000,30,Monthly,25.71,25.92,26.16,25.11,26.16,25.64,28.0,28.0,0.0009,10.72,42.43,,
O:PLTR210115C00016000,2020-12-16,2021-01-15,PLTR,C,16.0,16,9.45,9.9,-38.84,YES,9.61,36.74,9.32,35.63,9.9,9.32,8,1608094800000000000,30,Monthly,25.71,25.92,26.16,25.11,26.16,25.64,28.0,28.0,0.0009,9.61,37.84,,
O:PLTR210115C00017000,2020-12-16,2021-01-15,PLTR,C,17.0,12,8.6,9.05,-35.02,YES,8.75,33.45,8.35,31.92,9.15,8.35,6,1608094800000000000,30,Monthly,25.71,25.92,26.16,25.11,26.16,25.64,28.0,28.0,0.0009,8.75,34.98,,
O:PLTR210115C00018000,2020-12-16,2021-01-15,PLTR,C,18.0,54,8.0,8.15,-31.19,YES,7.86,30.06,7.55,28.86,8.18,7.55,21,1608094800000000000,30,Monthly,25.71,25.92,26.16,25.11,26.16,25.64,28.0,28.0,0.0009,7.86,31.27,,
O:PLTR210115C00019000,2020-12-16,2021-01-15,PLTR,C,19.0,68,6.75,7.13,-27.37,YES,7.06,26.99,6.67,25.5,7.45,6.67,29,1608094800000000000,30,Monthly,25.71,25.92,26.16,25.11,26.16,25.64,28.0,28.0,0.0009,7.06,28.48,,
O:PLTR210115C00020000,2020-12-16,2021-01-15,PLTR,C,20.0,658,6.35,6.33,-23.55,YES,6.24,23.83,5.9,22.55,6.57,5.9,170,1608094800000000000,30,Monthly,25.71,25.92,26.16,25.11,26.16,25.64,28.0,28.0,0.0009,6.24,25.11,0.57,0.94
O:PLTR210115C00021000,2020-12-16,2021-01-15,PLTR,C,21.0,148,5.25,5.75,-19.72,YES,5.55,21.22,5.25,20.07,5.85,5.25,54,1608094800000000000,30,Monthly,25.71,25.92,26.16,25.11,26.16,25.64,28.0,28.0,0.0009,5.55,22.36,0.74,0.82
O:PLTR210115C00022000,2020-12-16,2021-01-15,PLTR,C,22.0,527,4.9,4.91,-15.9,YES,4.92,18.83,4.6,17.58,5.25,4.6,172,1608094800000000000,30,Monthly,25.71,25.92,26.16,25.11,26.16,25.64,28.0,28.0,0.0009,4.92,20.07,0.82,0.73
O:PLTR210115C00023000,2020-12-16,2021-01-15,PLTR,C,23.0,985,4.4,4.35,-12.08,YES,4.32,16.53,4.05,15.48,4.6,4.05,288,1608094800000000000,30,Monthly,25.71,25.92,26.16,25.11,26.16,25.64,28.0,28.0,0.0009,4.32,17.58,0.86,0.65
O:PLTR210115C00024000,2020-12-16,2021-01-15,PLTR,C,24.0,753,3.9,3.9,-8.26,YES,3.88,14.81,3.6,13.76,4.15,3.6,273,1608094800000000000,30,Monthly,25.71,25.92,26.16,25.11,26.16,25.64,28.0,28.0,0.0009,3.88,15.86,0.93,0.58
O:PLTR210115C00025000,2020-12-16,2021-01-15,PLTR,C,25.0,1356,3.5,3.45,-4.43,YES,3.48,13.28,3.2,12.23,3.75,3.2,467,1608094800000000000,30,Monthly,25.71,25.92,26.16,25.11,26.16,25.64,28.0,28.0,0.0009,3.48,14.33,0.98,0.51
O:PLTR210115C00026000,2020-12-16,2021-01-15,PLTR,C,26.0,4664,3.1,3.08,-0.61,YES,3.0,11.47,2.69,10.28,3.31,2.69,1929,1608094800000000000,30,Monthly,25.71,25.92,26.16,25.11,26.16,25.64,28.0,28.0,0.0009,3.0,12.65,0.98,0.45
O:PLTR210115C00027000,2020-12-16,2021-01-15,PLTR,C,27.0,1953,2.84,2.71,3.21,NO,2.72,10.38,2.49,9.52,2.94,2.49,596,1608094800000000000,30,Monthly,25.71,25.92,26.16,25.11,26.16,25.64,28.0,28.0,0.0009,2.72,11.24,1.03,0.4
O:PLTR210115C00028000,2020-12-16,2021-01-15,PLTR,C,28.0,1596,2.5,2.4,7.03,NO,2.39,9.14,2.19,8.37,2.59,2.19,640,1608094800000000000,30,Monthly,25.71,25.92,26.16,25.11,26.16,25.64,28.0,28.0,0.0009,2.39,9.9,1.05,0.35
O:PLTR210115C00029000,2020-12-16,2021-01-15,PLTR,C,29.0,1065,2.25,2.1,10.86,NO,2.11,8.07,1.94,7.42,2.28,1.94,293,1608094800000000000,30,Monthly,25.71,25.92,26.16,25.11,26.16,25.64,28.0,28.0,0.0009,2.11,8.72,1.06,0.31
O:PLTR210115C00030000,2020-12-16,2021-01-15,PLTR,C,30.0,10807,2.05,1.82,14.68,NO,1.86,7.09,1.66,6.35,2.05,1.66,3074,1608094800000000000,30,Monthly,25.71,25.92,26.16,25.11,26.16,25.64,28.0,28.0,0.0009,1.86,7.84,1.08,0.28
O:PLTR210115C00031000,2020-12-16,2021-01-15,PLTR,C,31.0,657,1.72,1.61,18.5,NO,1.62,6.21,1.49,5.7,1.76,1.49,229,1608094800000000000,30,Monthly,25.71,25.92,26.16,25.11,26.16,25.64,28.0,28.0,0.0009,1.62,6.73,1.08,0.24
O:PLTR210115C00032000,2020-12-16,2021-01-15,PLTR,C,32.0,741,1.49,1.45,22.32,NO,1.43,5.47,1.3,4.97,1.56,1.3,233,1608094800000000000,30,Monthly,25.71,25.92,26.16,25.11,26.16,25.64,28.0,28.0,0.0009,1.43,5.96,1.1,0.21
O:PLTR210115C00033000,2020-12-16,2021-01-15,PLTR,C,33.0,268,1.31,1.22,26.15,NO,1.26,4.82,1.15,4.4,1.37,1.15,116,1608094800000000000,30,Monthly,25.71,25.92,26.16,25.11,26.16,25.64,28.0,28.0,0.0009,1.26,5.24,1.11,0.19
O:PLTR210115C00034000,2020-12-16,2021-01-15,PLTR,C,34.0,747,1.13,1.07,29.97,NO,1.11,4.24,1.01,3.86,1.21,1.01,156,1608094800000000000,30,Monthly,25.71,25.92,26.16,25.11,26.16,25.64,28.0,28.0,0.0009,1.11,4.63,1.12,0.16
O:PLTR210115C00035000,2020-12-16,2021-01-15,PLTR,C,35.0,4241,1.0,0.94,33.79,NO,1.0,3.82,0.88,3.36,1.12,0.88,1107,1608094800000000000,30,Monthly,25.71,25.92,26.16,25.11,26.16,25.64,28.0,28.0,0.0009,1.0,4.28,1.14,0.15
O:PLTR210115C00036000,2020-12-16,2021-01-15,PLTR,C,36.0,157,0.93,0.83,37.61,NO,0.86,3.31,0.79,3.02,0.94,0.79,79,1608094800000000000,30,Monthly,25.71,25.92,26.16,25.11,26.16,25.64,28.0,28.0,0.0009,0.86,3.59,1.14,0.13
O:PLTR210115C00037000,2020-12-16,2021-01-15,PLTR,C,37.0,141,0.75,0.72,41.44,NO,0.76,2.92,0.69,2.64,0.84,0.69,57,1608094800000000000,30,Monthly,25.71,25.92,26.16,25.11,26.16,25.64,28.0,28.0,0.0009,0.76,3.21,1.15,0.11
O:PLTR210115C00038000,2020-12-16,2021-01-15,PLTR,C,38.0,86,0.73,0.65,45.26,NO,0.68,2.58,0.62,2.37,0.73,0.62,44,1608094800000000000,30,Monthly,25.71,25.92,26.16,25.11,26.16,25.64,28.0,28.0,0.0009,0.68,2.79,1.16,0.1
O:PLTR210115C00039000,2020-12-16,2021-01-15,PLTR,C,39.0,51,0.65,0.56,49.08,NO,0.59,2.26,0.53,2.03,0.65,0.53,32,1608094800000000000,30,Monthly,25.71,25.92,26.16,25.11,26.16,25.64,28.0,28.0,0.0009,0.59,2.48,1.16,0.09
O:PLTR210115C00040000,2020-12-16,2021-01-15,PLTR,C,40.0,2334,0.57,0.5,52.91,NO,0.54,2.06,0.48,1.83,0.6,0.48,526,1608094800000000000,30,Monthly,25.71,25.92,26.16,25.11,26.16,25.64,28.0,28.0,0.0009,0.54,2.29,1.18,0.08
O:PLTR210115C00041000,2020-12-16,2021-01-15,PLTR,C,41.0,510,0.47,0.45,56.73,NO,0.46,1.78,0.44,1.68,0.49,0.44,75,1608094800000000000,30,Monthly,25.71,25.92,26.16,25.11,26.16,25.64,28.0,28.0,0.0009,0.46,1.87,1.17,0.07
O:PLTR210115C00042000,2020-12-16,2021-01-15,PLTR,C,42.0,94,0.5,0.4,60.55,NO,0.44,1.7,0.39,1.49,0.5,0.39,34,1608094800000000000,30,Monthly,25.71,25.92,26.16,25.11,26.16,25.64,28.0,28.0,0.0009,0.44,1.91,1.2,0.06
O:PLTR210115C00043000,2020-12-16,2021-01-15,PLTR,C,43.0,53,0.39,0.35,64.37,NO,0.38,1.45,0.35,1.34,0.41,0.35,24,1608094800000000000,30,Monthly,25.71,25.92,26.16,25.11,26.16,25.64,28.0,28.0,0.0009,0.38,1.57,1.2,0.05
O:PLTR210115C00044000,2020-12-16,2021-01-15,PLTR,C,44.0,81,0.35,0.34,68.2,NO,0.33,1.28,0.31,1.19,0.36,0.31,40,1608094800000000000,30,Monthly,25.71,25.92,26.16,25.11,26.16,25.64,28.0,28.0,0.0009,0.33,1.38,1.2,0.05
O:PLTR210115C00045000,2020-12-16,2021-01-15,PLTR,C,45.0,270,0.36,0.28,72.02,NO,0.32,1.22,0.28,1.07,0.36,0.28,58,1608094800000000000,30,Monthly,25.71,25.92,26.16,25.11,26.16,25.64,28.0,28.0,0.0009,0.32,1.38,1.23,0.04
O:PLTR210115C00046000,2020-12-16,2021-01-15,PLTR,C,46.0,79,0.35,0.26,75.84,NO,0.3,1.15,0.25,0.96,0.35,0.25,7,1608094800000000000,30,Monthly,25.71,25.92,26.16,25.11,26.16,25.64,28.0,28.0,0.0009,0.3,1.34,1.25,0.04
O:PLTR210115C00047000,2020-12-16,2021-01-15,PLTR,C,47.0,8,0.25,0.25,79.66,NO,0.24,0.94,0.24,0.92,0.25,0.24,5,1608094800000000000,30,Monthly,25.71,25.92,26.16,25.11,26.16,25.64,28.0,28.0,0.0009,0.24,0.96,1.22,0.03
O:PLTR210115C00048000,2020-12-16,2021-01-15,PLTR,C,48.0,68,0.22,0.22,83.49,NO,0.22,0.86,0.21,0.8,0.24,0.21,18,1608094800000000000,30,Monthly,25.71,25.92,26.16,25.11,26.16,25.64,28.0,28.0,0.0009,0.22,0.92,1.24,0.03
O:PLTR210115C00049000,2020-12-16,2021-01-15,PLTR,C,49.0,43,0.23,0.2,87.31,NO,0.21,0.8,0.19,0.73,0.23,0.19,21,1608094800000000000,30,Monthly,25.71,25.92,26.16,25.11,26.16,25.64,28.0,28.0,0.0009,0.21,0.88,1.26,0.03
O:PLTR210115C00050000,2020-12-16,2021-01-15,PLTR,C,50.0,500,0.19,0.18,91.13,NO,0.18,0.71,0.16,0.61,0.21,0.16,135,1608094800000000000,30,Monthly,25.71,25.92,26.16,25.11,26.16,25.64,28.0,28.0,0.0009,0.18,0.8,1.25,0.02
O:PLTR210115C00012000,2020-12-17,2021-01-15,PLTR,C,12.0,1,14.5,14.5,-56.28,YES,14.5,52.82,14.5,52.82,14.5,14.5,1,1608181200000000000,29,Monthly,26.52,27.23,27.45,26.05,27.45,25.64,28.0,28.0,0.0009,14.5,52.82,,
O:PLTR210115C00014000,2020-12-17,2021-01-15,PLTR,C,14.0,11,12.6,13.3,-49.0,YES,12.95,47.18,12.6,45.9,13.3,12.6,7,1608181200000000000,29,Monthly,26.52,27.23,27.45,26.05,27.45,25.64,28.0,28.0,0.0009,12.95,48.45,,
O:PLTR210115C00015000,2020-12-17,2021-01-15,PLTR,C,15.0,83,11.92,12.13,-45.36,YES,11.92,43.44,11.5,41.89,12.35,11.5,25,1608181200000000000,29,Monthly,26.52,27.23,27.45,26.05,27.45,25.64,28.0,28.0,0.0009,11.92,44.99,,
O:PLTR210115C00016000,2020-12-17,2021-01-15,PLTR,C,16.0,59,10.69,11.1,-41.71,YES,10.98,39.98,10.6,38.62,11.35,10.6,13,1608181200000000000,29,Monthly,26.52,27.23,27.45,26.05,27.45,25.64,28.0,28.0,0.0009,10.98,41.35,,
O:PLTR210115C00017000,2020-12-17,2021-01-15,PLTR,C,17.0,17,9.55,10.2,-38.07,YES,9.93,36.16,9.55,34.79,10.3,9.55,11,1608181200000000000,29,Monthly,26.52,27.23,27.45,26.05,27.45,25.64,28.0,28.0,0.0009,9.93,37.52,,
O:PLTR210115C00018000,2020-12-17,2021-01-15,PLTR,C,18.0,72,8.5,9.19,-34.43,YES,8.93,32.53,8.47,30.86,9.39,8.47,26,1608181200000000000,29,Monthly,26.52,27.23,27.45,26.05,27.45,25.64,28.0,28.0,0.0009,8.93,34.21,,
O:PLTR210115C00019000,2020-12-17,2021-01-15,PLTR,C,19.0,28,7.95,8.22,-30.78,YES,8.14,29.67,7.74,28.2,8.55,7.74,18,1608181200000000000,29,Monthly,26.52,27.23,27.45,26.05,27.45,25.64,28.0,28.0,0.0009,8.14,31.15,,
O:PLTR210115C00020000,2020-12-17,2021-01-15,PLTR,C,20.0,682,6.61,7.3,-27.14,YES,7.1,25.88,6.57,23.93,7.64,6.57,156,1608181200000000000,29,Monthly,26.52,27.23,27.45,26.05,27.45,25.64,28.0,28.0,0.0009,7.1,27.83,,
O:PLTR210115C00021000,2020-12-17,2021-01-15,PLTR,C,21.0,67,6.11,6.55,-23.5,YES,6.38,23.26,5.97,21.75,6.8,5.97,31,1608181200000000000,29,Monthly,26.52,27.23,27.45,26.05,27.45,25.64,28.0,28.0,0.0009,6.38,24.77,,
O:PLTR210115C00022000,2020-12-17,2021-01-15,PLTR,C,22.0,436,5.2,5.95,-19.85,YES,5.66,20.62,5.2,18.94,6.12,5.2,71,1608181200000000000,29,Monthly,26.52,27.23,27.45,26.05,27.45,25.64,28.0,28.0,0.0009,5.66,22.3,0.62,0.88
O:PLTR210115C00023000,2020-12-17,2021-01-15,PLTR,C,23.0,237,4.6,5.2,-16.21,YES,5.03,18.31,4.6,16.76,5.45,4.6,103,1608181200000000000,29,Monthly,26.52,27.23,27.45,26.05,27.45,25.64,28.0,28.0,0.0009,5.03,19.85,0.74,0.77
O:PLTR210115C00024000,2020-12-17,2021-01-15,PLTR,C,24.0,1104,4.2,4.7,-12.57,YES,4.51,16.43,4.1,14.94,4.92,4.1,340,1608181200000000000,29,Monthly,26.52,27.23,27.45,26.05,27.45,25.64,28.0,28.0,0.0009,4.51,17.92,0.83,0.68
O:PLTR210115C00025000,2020-12-17,2021-01-15,PLTR,C,25.0,1436,3.9,4.2,-8.93,YES,3.95,14.39,3.55,12.93,4.35,3.55,491,1608181200000000000,29,Monthly,26.52,27.23,27.45,26.05,27.45,25.64,28.0,28.0,0.0009,3.95,15.85,0.86,0.6
O:PLTR210115C00026000,2020-12-17,2021-01-15,PLTR,C,26.0,2358,3.4,3.7,-5.28,YES,3.54,12.9,3.15,11.48,3.93,3.15,896,1608181200000000000,29,Monthly,26.52,27.23,27.45,26.05,27.45,25.64,28.0,28.0,0.0009,3.54,14.32,0.92,0.53
O:PLTR210115C00027000,2020-12-17,2021-01-15,PLTR,C,27.0,8583,3.04,3.35,-1.64,YES,3.19,11.62,2.83,10.31,3.55,2.83,1477,1608181200000000000,29,Monthly,26.52,27.23,27.45,26.05,27.45,25.64,28.0,28.0,0.0009,3.19,12.93,0.97,0.47
O:PLTR210115C00028000,2020-12-17,2021-01-15,PLTR,C,28.0,3361,2.65,2.93,2.0,NO,2.82,10.27,2.49,9.07,3.15,2.49,1001,1608181200000000000,29,Monthly,26.52,27.23,27.45,26.05,27.45,25.64,28.0,28.0,0.0009,2.82,11.48,0.99,0.42
O:PLTR210115C00029000,2020-12-17,2021-01-15,PLTR,C,29.0,1449,2.41,2.59,5.65,NO,2.5,9.11,2.2,8.01,2.8,2.2,550,1608181200000000000,29,Monthly,26.52,27.23,27.45,26.05,27.45,25.64,28.0,28.0,0.0009,2.5,10.2,1.02,0.37
O:PLTR210115C00030000,2020-12-17,2021-01-15,PLTR,C,30.0,14613,2.28,2.29,9.29,NO,2.22,8.07,1.93,7.03,2.5,1.93,4122,1608181200000000000,29,Monthly,26.52,27.23,27.45,26.05,27.45,25.64,28.0,28.0,0.0009,2.22,9.11,1.04,0.33
O:PLTR210115C00031000,2020-12-17,2021-01-15,PLTR,C,31.0,1246,1.82,2.01,12.93,NO,1.96,7.16,1.71,6.23,2.22,1.71,501,1608181200000000000,29,Monthly,26.52,27.23,27.45,26.05,27.45,25.64,28.0,28.0,0.0009,1.96,8.09,1.05,0.29
O:PLTR210115C00032000,2020-12-17,2021-01-15,PLTR,C,32.0,1885,1.59,1.79,16.58,NO,1.73,6.3,1.5,5.46,1.96,1.5,420,1608181200000000000,29,Monthly,26.52,27.23,27.45,26.05,27.45,25.64,28.0,28.0,0.0009,1.73,7.14,1.07,0.25
O:PLTR210115C00033000,2020-12-17,2021-01-15,PLTR,C,33.0,875,1.42,1.58,20.22,NO,1.52,5.52,1.31,4.77,1.72,1.31,270,1608181200000000000,29,Monthly,26.52,27.23,27.45,26.05,27.45,25.64,28.0,28.0,0.0009,1.52,6.27,1.08,0.22
O:PLTR210115C00034000,2020-12-17,2021-01-15,PLTR,C,34.0,1047,1.2,1.4,23.86,NO,1.34,4.88,1.15,4.19,1.53,1.15,342,1608181200000000000,29,Monthly,26.52,27.23,27.45,26.05,27.45,25.64,28.0,28.0,0.0009,1.34,5.57,1.09,0.2
O:PLTR210115C00035000,2020-12-17,2021-01-15,PLTR,C,35.0,2919,1.08,1.2,27.5,NO,1.19,4.35,1.0,3.64,1.39,1.0,870,1608181200000000000,29,Monthly,26.52,27.23,27.45,26.05,27.45,25.64,28.0,28.0,0.0009,1.19,5.06,1.1,0.17
O:PLTR210115C00036000,2020-12-17,2021-01-15,PLTR,C,36.0,345,0.94,1.09,31.15,NO,1.04,3.79,0.89,3.24,1.19,0.89,98,1608181200000000000,29,Monthly,26.52,27.23,27.45,26.05,27.45,25.64,28.0,28.0,0.0009,1.04,4.34,1.11,0.15
O:PLTR210115C00037000,2020-12-17,2021-01-15,PLTR,C,37.0,650,0.82,0.94,34.79,NO,0.96,3.5,0.82,2.99,1.1,0.82,117,1608181200000000000,29,Monthly,26.52,27.23,27.45,26.05,27.45,25.64,28.0,28.0,0.0009,0.96,4.01,1.14,0.14
O:PLTR210115C00038000,2020-12-17,2021-01-15,PLTR,C,38.0,523,0.7,0.83,38.43,NO,0.84,3.08,0.7,2.55,0.99,0.7,117,1608181200000000000,29,Monthly,26.52,27.23,27.45,26.05,27.45,25.64,28.0,28.0,0.0009,0.84,3.61,1.14,0.12
O:PLTR210115C00039000,2020-12-17,2021-01-15,PLTR,C,39.0,64,0.68,0.73,42.08,NO,0.77,2.81,0.68,2.48,0.86,0.68,36,1608181200000000000,29,Monthly,26.52,27.23,27.45,26.05,27.45,25.64,28.0,28.0,0.0009,0.77,3.13,1.16,0.11
O:PLTR210115C00040000,2020-12-17,2021-01-15,PLTR,C,40.0,3753,0.6,0.68,45.72,NO,0.67,2.44,0.55,2.0,0.79,0.55,595,1608181200000000000,29,Monthly,26.52,27.23,27.45,26.05,27.45,25.64,28.0,28.0,0.0009,0.67,2.88,1.16,0.09
O:PLTR210115C00041000,2020-12-17,2021-01-15,PLTR,C,41.0,52,0.54,0.59,49.36,NO,0.62,2.26,0.54,1.97,0.7,0.54,19,1608181200000000000,29,Monthly,26.52,27.23,27.45,26.05,27.45,25.64,28.0,28.0,0.0009,0.62,2.55,1.18,0.09
O:PLTR210115C00042000,2020-12-17,2021-01-15,PLTR,C,42.0,194,0.57,0.54,53.01,NO,0.56,2.04,0.49,1.79,0.63,0.49,48,1608181200000000000,29,Monthly,26.52,27.23,27.45,26.05,27.45,25.64,28.0,28.0,0.0009,0.56,2.3,1.2,0.08
O:PLTR210115C00043000,2020-12-17,2021-01-15,PLTR,C,43.0,67,0.4,0.47,56.65,NO,0.48,1.73,0.4,1.46,0.55,0.4,26,1608181200000000000,29,Monthly,26.52,27.23,27.45,26.05,27.45,25.64,28.0,28.0,0.0009,0.48,2.0,1.19,0.07
O:PLTR210115C00044000,2020-12-17,2021-01-15,PLTR,C,44.0,104,0.35,0.42,60.29,NO,0.43,1.57,0.35,1.28,0.51,0.35,36,1608181200000000000,29,Monthly,26.52,27.23,27.45,26.05,27.45,25.64,28.0,28.0,0.0009,0.43,1.86,1.2,0.06
O:PLTR210115C00045000,2020-12-17,2021-01-15,PLTR,C,45.0,556,0.35,0.38,63.93,NO,0.42,1.55,0.34,1.24,0.51,0.34,117,1608181200000000000,29,Monthly,26.52,27.23,27.45,26.05,27.45,25.64,28.0,28.0,0.0009,0.42,1.86,1.23,0.06
O:PLTR210115C00046000,2020-12-17,2021-01-15,PLTR,C,46.0,96,0.32,0.39,67.58,NO,0.36,1.33,0.32,1.17,0.41,0.32,34,1608181200000000000,29,Monthly,26.52,27.23,27.45,26.05,27.45,25.64,28.0,28.0,0.0009,0.36,1.49,1.23,0.05
O:PLTR210115C00047000,2020-12-17,2021-01-15,PLTR,C,47.0,150,0.28,0.29,71.22,NO,0.32,1.18,0.28,1.02,0.37,0.28,24,1608181200000000000,29,Monthly,26.52,27.23,27.45,26.05,27.45,25.64,28.0,28.0,0.0009,0.32,1.35,1.23,0.04
O:PLTR210115C00048000,2020-12-17,2021-01-15,PLTR,C,48.0,301,0.25,0.3,74.86,NO,0.29,1.06,0.25,0.91,0.33,0.25,67,1608181200000000000,29,Monthly,26.52,27.23,27.45,26.05,27.45,25.64,28.0,28.0,0.0009,0.29,1.2,1.24,0.04
O:PLTR210115C00049000,2020-12-17,2021-01-15,PLTR,C,49.0,111,0.23,0.25,78.51,NO,0.3,1.07,0.23,0.84,0.36,0.23,27,1608181200000000000,29,Monthly,26.52,27.23,27.45,26.05,27.45,25.64,28.0,28.0,0.0009,0.3,1.31,1.28,0.04
O:PLTR210115C00050000,2020-12-17,2021-01-15,PLTR,C,50.0,2412,0.18,0.24,82.15,NO,0.24,0.87,0.18,0.66,0.3,0.18,296,1608181200000000000,29,Monthly,26.52,27.23,27.45,26.05,27.45,25.64,28.0,28.0,0.0009,0.24,1.09,1.26,0.03
O:PLTR210115C00003000,2020-12-18,2021-01-15,PLTR,C,3.0,3,23.55,23.45,-88.83,YES,23.5,87.52,23.45,87.34,23.55,23.45,3,1608267600000000000,28,Monthly,26.27,25.97,26.85,25.8,26.85,25.64,28.0,28.0,0.0009,23.5,87.71,,
O:PLTR210115C00006000,2020-12-18,2021-01-15,PLTR,C,6.0,1,20.65,20.65,-77.65,YES,20.65,76.91,20.65,76.91,20.65,20.65,1,1608267600000000000,28,Monthly,26.27,25.97,26.85,25.8,26.85,25.64,28.0,28.0,0.0009,20.65,76.91,0.0,1.0
O:PLTR210115C00010000,2020-12-18,2021-01-15,PLTR,C,10.0,11,16.42,16.42,-62.76,YES,16.42,61.15,16.42,61.15,16.42,16.42,1,1608267600000000000,28,Monthly,26.27,25.97,26.85,25.8,26.85,25.64,28.0,28.0,0.0009,16.42,61.15,,
O:PLTR210115C00011000,2020-12-18,2021-01-15,PLTR,C,11.0,8,15.4,15.25,-59.03,YES,15.32,57.08,15.2,56.61,15.45,15.2,7,1608267600000000000,28,Monthly,26.27,25.97,26.85,25.8,26.85,25.64,28.0,28.0,0.0009,15.32,57.54,,
O:PLTR210115C00014000,2020-12-18,2021-01-15,PLTR,C,14.0,7,12.39,12.15,-47.86,YES,12.27,45.7,12.15,45.25,12.39,12.15,2,1608267600000000000,28,Monthly,26.27,25.97,26.85,25.8,26.85,25.64,28.0,28.0,0.0009,12.27,46.15,,
O:PLTR210115C00015000,2020-12-18,2021-01-15,PLTR,C,15.0,21,11.4,10.95,-44.13,YES,11.19,41.68,10.95,40.78,11.43,10.95,8,1608267600000000000,28,Monthly,26.27,25.97,26.85,25.8,26.85,25.64,28.0,28.0,0.0009,11.19,42.57,,
O:PLTR210115C00016000,2020-12-18,2021-01-15,PLTR,C,16.0,19,10.6,10.0,-40.41,YES,10.35,38.55,10.0,37.24,10.7,10.0,7,1608267600000000000,28,Monthly,26.27,25.97,26.85,25.8,26.85,25.64,28.0,28.0,0.0009,10.35,39.85,,
O:PLTR210115C00017000,2020-12-18,2021-01-15,PLTR,C,17.0,31,9.35,9.0,-36.69,YES,9.25,34.45,9.0,33.52,9.5,9.0,10,1608267600000000000,28,Monthly,26.27,25.97,26.85,25.8,26.85,25.64,28.0,28.0,0.0009,9.25,35.38,,
O:PLTR210115C00018000,2020-12-18,2021-01-15,PLTR,C,18.0,51,8.2,8.15,-32.96,YES,8.48,31.56,8.1,30.17,8.85,8.1,17,1608267600000000000,28,Monthly,26.27,25.97,26.85,25.8,26.85,25.64,28.0,28.0,0.0009,8.48,32.96,,
O:PLTR210115C00019000,2020-12-18,2021-01-15,PLTR,C,19.0,41,7.76,7.25,-29.24,YES,7.53,28.04,7.2,26.82,7.86,7.2,18,1608267600000000000,28,Monthly,26.27,25.97,26.85,25.8,26.85,25.64,28.0,28.0,0.0009,7.53,29.27,,
O:PLTR210115C00020000,2020-12-18,2021-01-15,PLTR,C,20.0,329,6.65,6.45,-25.51,YES,6.68,24.86,6.25,23.28,7.1,6.25,102,1608267600000000000,28,Monthly,26.27,25.97,26.85,25.8,26.85,25.64,28.0,28.0,0.0009,6.68,26.44,,
O:PLTR210115C00021000,2020-12-18,2021-01-15,PLTR,C,21.0,53,6.1,5.3,-21.79,YES,5.7,21.23,5.3,19.74,6.1,5.3,23,1608267600000000000,28,Monthly,26.27,25.97,26.85,25.8,26.85,25.64,28.0,28.0,0.0009,5.7,22.72,,
O:PLTR210115C00022000,2020-12-18,2021-01-15,PLTR,C,22.0,402,5.24,4.8,-18.06,YES,5.07,18.9,4.8,17.88,5.35,4.8,65,1608267600000000000,28,Monthly,26.27,25.97,26.85,25.8,26.85,25.64,28.0,28.0,0.0009,5.07,19.93,0.59,0.87
O:PLTR210115C00023000,2020-12-18,2021-01-15,PLTR,C,23.0,537,4.5,4.15,-14.34,YES,4.55,16.95,4.15,15.46,4.95,4.15,184,1608267600000000000,28,Monthly,26.27,25.97,26.85,25.8,26.85,25.64,28.0,28.0,0.0009,4.55,18.44,0.76,0.74
O:PLTR210115C00024000,2020-12-18,2021-01-15,PLTR,C,24.0,402,4.15,3.66,-10.61,YES,4.0,14.9,3.65,13.59,4.35,3.65,163,1608267600000000000,28,Monthly,26.27,25.97,26.85,25.8,26.85,25.64,28.0,28.0,0.0009,4.0,16.2,0.82,0.65
O:PLTR210115C00025000,2020-12-18,2021-01-15,PLTR,C,25.0,1245,3.7,3.2,-6.89,YES,3.5,13.04,3.15,11.73,3.85,3.15,418,1608267600000000000,28,Monthly,26.27,25.97,26.85,25.8,26.85,25.64,28.0,28.0,0.0009,3.5,14.34,0.86,0.57
O:PLTR210115C00026000,2020-12-18,2021-01-15,PLTR,C,26.0,8363,3.2,2.75,-3.17,YES,3.08,11.47,2.66,9.91,3.5,2.66,2708,1608267600000000000,28,Monthly,26.27,25.97,26.85,25.8,26.85,25.64,28.0,28.0,0.0009,3.08,13.04,0.9,0.5
O:PLTR210115C00027000,2020-12-18,2021-01-15,PLTR,C,27.0,4828,2.89,2.4,0.56,NO,2.72,10.15,2.35,8.75,3.1,2.35,1299,1608267600000000000,28,Monthly,26.27,25.97,26.85,25.8,26.85,25.64,28.0,28.0,0.0009,2.72,11.55,0.94,0.44
O:PLTR210115C00028000,2020-12-18,2021-01-15,PLTR,C,28.0,3259,2.6,2.06,4.28,NO,2.38,8.86,2.03,7.56,2.73,2.03,952,1608267600000000000,28,Monthly,26.27,25.97,26.85,25.8,26.85,25.64,28.0,28.0,0.0009,2.38,10.17,0.97,0.39
O:PLTR210115C00029000,2020-12-18,2021-01-15,PLTR,C,29.0,1383,2.29,1.74,8.01,NO,2.08,7.75,1.74,6.48,2.42,1.74,436,1608267600000000000,28,Monthly,26.27,25.97,26.85,25.8,26.85,25.64,28.0,28.0,0.0009,2.08,9.01,0.99,0.34
O:PLTR210115C00030000,2020-12-18,2021-01-15,PLTR,C,30.0,14299,2.15,1.51,11.73,NO,1.82,6.76,1.48,5.51,2.15,1.48,3445,1608267600000000000,28,Monthly,26.27,25.97,26.85,25.8,26.85,25.64,28.0,28.0,0.0009,1.82,8.01,1.01,0.3
O:PLTR210115C00031000,2020-12-18,2021-01-15,PLTR,C,31.0,1371,1.7,1.3,15.46,NO,1.56,5.79,1.25,4.66,1.86,1.25,431,1608267600000000000,28,Monthly,26.27,25.97,26.85,25.8,26.85,25.64,28.0,28.0,0.0009,1.56,6.93,1.01,0.26
O:PLTR210115C00032000,2020-12-18,2021-01-15,PLTR,C,32.0,1409,1.45,1.12,19.18,NO,1.37,5.1,1.08,4.02,1.66,1.08,463,1608267600000000000,28,Monthly,26.27,25.97,26.85,25.8,26.85,25.64,28.0,28.0,0.0009,1.37,6.18,1.03,0.22
O:PLTR210115C00033000,2020-12-18,2021-01-15,PLTR,C,33.0,949,1.32,0.94,22.91,NO,1.19,4.43,0.93,3.46,1.45,0.93,312,1608267600000000000,28,Monthly,26.27,25.97,26.85,25.8,26.85,25.64,28.0,28.0,0.0009,1.19,5.4,1.04,0.2
O:PLTR210115C00034000,2020-12-18,2021-01-15,PLTR,C,34.0,615,1.15,0.8,26.63,NO,1.0,3.72,0.79,2.94,1.21,0.79,220,1608267600000000000,28,Monthly,26.27,25.97,26.85,25.8,26.85,25.64,28.0,28.0,0.0009,1.0,4.51,1.04,0.17
O:PLTR210115C00035000,2020-12-18,2021-01-15,PLTR,C,35.0,4297,1.0,0.69,30.35,NO,0.89,3.31,0.66,2.46,1.12,0.66,1007,1608267600000000000,28,Monthly,26.27,25.97,26.85,25.8,26.85,25.64,28.0,28.0,0.0009,0.89,4.17,1.06,0.15
O:PLTR210115C00036000,2020-12-18,2021-01-15,PLTR,C,36.0,633,0.9,0.6,34.08,NO,0.77,2.87,0.57,2.12,0.97,0.57,181,1608267600000000000,28,Monthly,26.27,25.97,26.85,25.8,26.85,25.64,28.0,28.0,0.0009,0.77,3.61,1.07,0.13
O:PLTR210115C00037000,2020-12-18,2021-01-15,PLTR,C,37.0,459,0.7,0.52,37.8,NO,0.66,2.48,0.49,1.82,0.84,0.49,118,1608267600000000000,28,Monthly,26.27,25.97,26.85,25.8,26.85,25.64,28.0,28.0,0.0009,0.66,3.13,1.07,0.11
O:PLTR210115C00038000,2020-12-18,2021-01-15,PLTR,C,38.0,282,0.62,0.45,41.53,NO,0.57,2.14,0.42,1.56,0.73,0.42,98,1608267600000000000,28,Monthly,26.27,25.97,26.85,25.8,26.85,25.64,28.0,28.0,0.0009,0.57,2.72,1.08,0.09
O:PLTR210115C00039000,2020-12-18,2021-01-15,PLTR,C,39.0,608,0.63,0.41,45.25,NO,0.5,1.86,0.36,1.34,0.64,0.36,87,1608267600000000000,28,Monthly,26.27,25.97,26.85,25.8,26.85,25.64,28.0,28.0,0.0009,0.5,2.38,1.09,0.08
O:PLTR210115C00040000,2020-12-18,2021-01-15,PLTR,C,40.0,4102,0.56,0.35,48.98,NO,0.46,1.73,0.32,1.19,0.61,0.32,736,1608267600000000000,28,Monthly,26.27,25.97,26.85,25.8,26.85,25.64,28.0,28.0,0.0009,0.46,2.27,1.11,0.07
O:PLTR210115C00041000,2020-12-18,2021-01-15,PLTR,C,41.0,120,0.52,0.31,52.7,NO,0.4,1.49,0.28,1.04,0.52,0.28,30,1608267600000000000,28,Monthly,26.27,25.97,26.85,25.8,26.85,25.64,28.0,28.0,0.0009,0.4,1.94,1.12,0.06
O:PLTR210115C00042000,2020-12-18,2021-01-15,PLTR,C,42.0,618,0.45,0.27,56.42,NO,0.36,1.34,0.24,0.89,0.48,0.24,125,1608267600000000000,28,Monthly,26.27,25.97,26.85,25.8,26.85,25.64,28.0,28.0,0.0009,0.36,1.79,1.13,0.06
O:PLTR210115C00043000,2020-12-18,2021-01-15,PLTR,C,43.0,102,0.41,0.24,60.15,NO,0.32,1.17,0.22,0.82,0.41,0.22,32,1608267600000000000,28,Monthly,26.27,25.97,26.85,25.8,26.85,25.64,28.0,28.0,0.0009,0.32,1.53,1.14,0.05
O:PLTR210115C00044000,2020-12-18,2021-01-15,PLTR,C,44.0,200,0.37,0.21,63.87,NO,0.28,1.02,0.18,0.67,0.37,0.18,94,1608267600000000000,28,Monthly,26.27,25.97,26.85,25.8,26.85,25.64,28.0,28.0,0.0009,0.28,1.38,1.15,0.04
O:PLTR210115C00045000,2020-12-18,2021-01-15,PLTR,C,45.0,817,0.34,0.19,67.6,NO,0.26,0.95,0.17,0.63,0.34,0.17,127,1608267600000000000,28,Monthly,26.27,25.97,26.85,25.8,26.85,25.64,28.0,28.0,0.0009,0.26,1.27,1.17,0.04
O:PLTR210115C00046000,2020-12-18,2021-01-15,PLTR,C,46.0,58,0.29,0.18,71.32,NO,0.23,0.86,0.17,0.63,0.29,0.17,15,1608267600000000000,28,Monthly,26.27,25.97,26.85,25.8,26.85,25.64,28.0,28.0,0.0009,0.23,1.08,1.17,0.03
O:PLTR210115C00047000,2020-12-18,2021-01-15,PLTR,C,47.0,151,0.24,0.16,75.05,NO,0.2,0.74,0.15,0.56,0.25,0.15,16,1608267600000000000,28,Monthly,26.27,25.97,26.85,25.8,26.85,25.64,28.0,28.0,0.0009,0.2,0.93,1.18,0.03
O:PLTR210115C00048000,2020-12-18,2021-01-15,PLTR,C,48.0,141,0.21,0.12,78.77,NO,0.18,0.67,0.11,0.41,0.25,0.11,38,1608267600000000000,28,Monthly,26.27,25.97,26.85,25.8,26.85,25.64,28.0,28.0,0.0009,0.18,0.93,1.19,0.03
O:PLTR210115C00049000,2020-12-18,2021-01-15,PLTR,C,49.0,126,0.19,0.14,82.5,NO,0.16,0.6,0.12,0.45,0.2,0.12,29,1608267600000000000,28,Monthly,26.27,25.97,26.85,25.8,26.85,25.64,28.0,28.0,0.0009,0.16,0.74,1.19,0.02
O:PLTR210115C00050000,2020-12-18,2021-01-15,PLTR,C,50.0,1712,0.18,0.13,86.22,NO,0.15,0.56,0.09,0.34,0.21,0.09,380,1608267600000000000,28,Monthly,26.27,25.97,26.85,25.8,26.85,25.64,28.0,28.0,0.0009,0.15,0.78,1.21,0.02
