ticker,date_only,expiration_date,underlying_symbol,option_type,strike,volume,open_price,close_price,high_price,low_price,transactions,window_start,days_to_expiry,time_remaining_category
O:AMD170113C00007000,2017-01-09,2017-01-13,AMD,C,70.0,10,4.65,4.65,4.65,4.65,1,1483938000000000000,4,Weekly
O:AMD170113C00008500,2017-01-09,2017-01-13,AMD,C,85.0,10,3.0,3.0,3.0,3.0,1,1483938000000000000,4,Weekly
O:AMD170113C00010000,2017-01-09,2017-01-13,AMD,C,100.0,49,1.39,1.56,1.56,1.39,4,1483938000000000000,4,Weekly
O:AMD170113C00010500,2017-01-09,2017-01-13,AMD,C,105.0,33,1.15,0.98,1.15,0.98,2,1483938000000000000,4,Weekly
O:AMD170113C00011000,2017-01-09,2017-01-13,AMD,C,110.0,517,0.47,0.56,0.67,0.47,42,1483938000000000000,4,Weekly
O:AMD170113C00011500,2017-01-09,2017-01-13,AMD,C,115.0,4670,0.19,0.23,0.34,0.18,286,1483938000000000000,4,Weekly
O:AMD170113C00012000,2017-01-09,2017-01-13,AMD,C,120.0,4165,0.09,0.07,0.13,0.06,189,1483938000000000000,4,Weekly
O:AMD170113C00012500,2017-01-09,2017-01-13,AMD,C,125.0,302,0.04,0.03,0.04,0.03,17,1483938000000000000,4,Weekly
O:AMD170113C00013000,2017-01-09,2017-01-13,AMD,C,130.0,123,0.04,0.01,0.04,0.01,7,1483938000000000000,4,Weekly
O:AMD170113P00009500,2017-01-09,2017-01-13,AMD,P,95.0,10,0.01,0.01,0.01,0.01,1,1483938000000000000,4,Weekly
O:AMD170113P00010000,2017-01-09,2017-01-13,AMD,P,100.0,5,0.02,0.02,0.02,0.02,2,1483938000000000000,4,Weekly
O:AMD170113P00010500,2017-01-09,2017-01-13,AMD,P,105.0,433,0.02,0.02,0.02,0.02,11,1483938000000000000,4,Weekly
O:AMD170113P00011000,2017-01-09,2017-01-13,AMD,P,110.0,1605,0.11,0.07,0.11,0.06,61,1483938000000000000,4,Weekly
O:AMD170113P00011500,2017-01-09,2017-01-13,AMD,P,115.0,7897,0.33,0.24,0.33,0.21,148,1483938000000000000,4,Weekly
O:AMD170113P00012000,2017-01-09,2017-01-13,AMD,P,120.0,344,0.54,0.57,0.62,0.5,28,1483938000000000000,4,Weekly
O:AMD170113P00012500,2017-01-09,2017-01-13,AMD,P,125.0,11,1.12,1.0,1.12,1.0,2,1483938000000000000,4,Weekly
O:AMD170127C00007500,2017-01-23,2017-01-27,AMD,C,75.0,10,2.25,2.25,2.25,2.25,1,1485147600000000000,4,Weekly
O:AMD170127C00008500,2017-01-23,2017-01-27,AMD,C,85.0,27,1.43,1.41,1.43,1.41,2,1485147600000000000,4,Weekly
O:AMD170127C00009000,2017-01-23,2017-01-27,AMD,C,90.0,254,0.82,0.92,1.06,0.82,24,1485147600000000000,4,Weekly
O:AMD170127C00009500,2017-01-23,2017-01-27,AMD,C,95.0,764,0.39,0.48,0.6,0.35,59,1485147600000000000,4,Weekly
O:AMD170127C00010000,2017-01-23,2017-01-27,AMD,C,100.0,5320,0.14,0.17,0.25,0.12,249,1485147600000000000,4,Weekly
O:AMD170127C00010500,2017-01-23,2017-01-27,AMD,C,105.0,1493,0.05,0.04,0.08,0.03,76,1485147600000000000,4,Weekly
O:AMD170127C00011000,2017-01-23,2017-01-27,AMD,C,110.0,471,0.04,0.03,0.04,0.02,17,1485147600000000000,4,Weekly
O:AMD170127C00011500,2017-01-23,2017-01-27,AMD,C,115.0,21,0.01,0.01,0.02,0.01,4,1485147600000000000,4,Weekly
O:AMD170127C00012000,2017-01-23,2017-01-27,AMD,C,120.0,523,0.02,0.01,0.02,0.01,10,1485147600000000000,4,Weekly
O:AMD170127P00008500,2017-01-23,2017-01-27,AMD,P,85.0,5,0.01,0.01,0.01,0.01,1,1485147600000000000,4,Weekly
O:AMD170127P00009000,2017-01-23,2017-01-27,AMD,P,90.0,444,0.05,0.03,0.05,0.02,12,1485147600000000000,4,Weekly
O:AMD170127P00009500,2017-01-23,2017-01-27,AMD,P,95.0,857,0.16,0.07,0.16,0.05,53,1485147600000000000,4,Weekly
O:AMD170127P00010000,2017-01-23,2017-01-27,AMD,P,100.0,1104,0.29,0.27,0.41,0.21,64,1485147600000000000,4,Weekly
O:AMD170127P00010500,2017-01-23,2017-01-27,AMD,P,105.0,111,0.67,0.63,0.67,0.52,9,1485147600000000000,4,Weekly
O:AMD170127P00011000,2017-01-23,2017-01-27,AMD,P,110.0,42,1.28,1.11,1.28,1.09,15,1485147600000000000,4,Weekly
O:AMD170127P00012000,2017-01-23,2017-01-27,AMD,P,120.0,73,2.31,2.25,2.31,2.25,5,1485147600000000000,4,Weekly
O:AMD170127P00013000,2017-01-23,2017-01-27,AMD,P,130.0,5,3.24,3.24,3.24,3.24,1,1485147600000000000,4,Weekly
O:AMD170203C00006500,2017-01-30,2017-02-03,AMD,C,65.0,5,4.11,4.11,4.11,4.11,2,1485752400000000000,4,Weekly
O:AMD170203C00008000,2017-01-30,2017-02-03,AMD,C,80.0,5,2.56,2.65,2.66,2.55,5,1485752400000000000,4,Weekly
O:AMD170203C00008500,2017-01-30,2017-02-03,AMD,C,85.0,10,1.95,1.95,1.95,1.95,1,1485752400000000000,4,Weekly
O:AMD170203C00009000,2017-01-30,2017-02-03,AMD,C,90.0,465,1.61,1.68,1.68,1.43,46,1485752400000000000,4,Weekly
O:AMD170203C00009500,2017-01-30,2017-02-03,AMD,C,95.0,1854,1.25,1.28,1.31,1.04,85,1485752400000000000,4,Weekly
O:AMD170203C00010000,2017-01-30,2017-02-03,AMD,C,100.0,788,0.97,0.91,0.97,0.71,95,1485752400000000000,4,Weekly
O:AMD170203C00010500,2017-01-30,2017-02-03,AMD,C,105.0,4327,0.64,0.65,0.68,0.47,284,1485752400000000000,4,Weekly
O:AMD170203C00011000,2017-01-30,2017-02-03,AMD,C,110.0,3820,0.45,0.42,0.45,0.3,351,1485752400000000000,4,Weekly
O:AMD170203C00011500,2017-01-30,2017-02-03,AMD,C,115.0,1620,0.27,0.27,0.3,0.2,117,1485752400000000000,4,Weekly
O:AMD170203C00012000,2017-01-30,2017-02-03,AMD,C,120.0,1517,0.15,0.18,0.19,0.11,94,1485752400000000000,4,Weekly
O:AMD170203C00012500,2017-01-30,2017-02-03,AMD,C,125.0,980,0.16,0.11,0.16,0.08,63,1485752400000000000,4,Weekly
O:AMD170203C00013000,2017-01-30,2017-02-03,AMD,C,130.0,354,0.08,0.08,0.08,0.06,34,1485752400000000000,4,Weekly
O:AMD170203C00013500,2017-01-30,2017-02-03,AMD,C,135.0,295,0.05,0.07,0.07,0.03,23,1485752400000000000,4,Weekly
O:AMD170203C00014000,2017-01-30,2017-02-03,AMD,C,140.0,1,0.04,0.04,0.04,0.04,1,1485752400000000000,4,Weekly
O:AMD170203C00014500,2017-01-30,2017-02-03,AMD,C,145.0,15,0.03,0.03,0.03,0.03,1,1485752400000000000,4,Weekly
O:AMD170203C00015000,2017-01-30,2017-02-03,AMD,C,150.0,15,0.02,0.01,0.02,0.01,2,1485752400000000000,4,Weekly
O:AMD170203P00008000,2017-01-30,2017-02-03,AMD,P,80.0,150,0.01,0.02,0.02,0.01,9,1485752400000000000,4,Weekly
O:AMD170203P00008500,2017-01-30,2017-02-03,AMD,P,85.0,410,0.03,0.04,0.05,0.03,7,1485752400000000000,4,Weekly
O:AMD170203P00009000,2017-01-30,2017-02-03,AMD,P,90.0,1635,0.1,0.08,0.12,0.06,98,1485752400000000000,4,Weekly
O:AMD170203P00009500,2017-01-30,2017-02-03,AMD,P,95.0,1801,0.15,0.16,0.23,0.14,192,1485752400000000000,4,Weekly
O:AMD170203P00010000,2017-01-30,2017-02-03,AMD,P,100.0,2818,0.31,0.31,0.42,0.29,212,1485752400000000000,4,Weekly
O:AMD170203P00010500,2017-01-30,2017-02-03,AMD,P,105.0,868,0.49,0.51,0.68,0.49,114,1485752400000000000,4,Weekly
O:AMD170203P00011000,2017-01-30,2017-02-03,AMD,P,110.0,391,0.82,0.81,1.0,0.79,31,1485752400000000000,4,Weekly
O:AMD170203P00011500,2017-01-30,2017-02-03,AMD,P,115.0,108,1.11,1.16,1.39,1.11,11,1485752400000000000,4,Weekly
O:AMD170203P00012000,2017-01-30,2017-02-03,AMD,P,120.0,324,1.68,1.57,1.71,1.54,9,1485752400000000000,4,Weekly
O:AMD170210C00006000,2017-02-06,2017-02-10,AMD,C,60.0,9,6.65,6.65,6.65,6.65,1,1486357200000000000,4,Weekly
O:AMD170210C00008000,2017-02-06,2017-02-10,AMD,C,80.0,20,5.22,5.55,5.55,5.22,3,1486357200000000000,4,Weekly
O:AMD170210C00008500,2017-02-06,2017-02-10,AMD,C,85.0,27,4.17,4.62,4.62,4.17,3,1486357200000000000,4,Weekly
O:AMD170210C00009000,2017-02-06,2017-02-10,AMD,C,90.0,4,3.7,4.0,4.0,3.7,2,1486357200000000000,4,Weekly
O:AMD170210C00009500,2017-02-06,2017-02-10,AMD,C,95.0,10,3.3,3.3,3.3,3.3,1,1486357200000000000,4,Weekly
O:AMD170210C00010000,2017-02-06,2017-02-10,AMD,C,100.0,34,2.44,3.56,3.56,2.44,15,1486357200000000000,4,Weekly
O:AMD170210C00010500,2017-02-06,2017-02-10,AMD,C,105.0,372,2.11,3.15,3.15,1.93,52,1486357200000000000,4,Weekly
O:AMD170210C00011000,2017-02-06,2017-02-10,AMD,C,110.0,833,1.45,2.61,2.61,1.45,43,1486357200000000000,4,Weekly
O:AMD170210C00011500,2017-02-06,2017-02-10,AMD,C,115.0,296,1.09,2.1,2.1,1.09,50,1486357200000000000,4,Weekly
O:AMD170210C00012000,2017-02-06,2017-02-10,AMD,C,120.0,2155,0.6,1.71,1.71,0.6,201,1486357200000000000,4,Weekly
O:AMD170210C00012500,2017-02-06,2017-02-10,AMD,C,125.0,9709,0.37,1.19,1.23,0.29,458,1486357200000000000,4,Weekly
O:AMD170210C00013000,2017-02-06,2017-02-10,AMD,C,130.0,13583,0.1,0.78,0.81,0.1,850,1486357200000000000,4,Weekly
O:AMD170210C00013500,2017-02-06,2017-02-10,AMD,C,135.0,15830,0.09,0.43,0.49,0.07,916,1486357200000000000,4,Weekly
O:AMD170210C00014000,2017-02-06,2017-02-10,AMD,C,140.0,7598,0.04,0.24,0.28,0.04,492,1486357200000000000,4,Weekly
O:AMD170210C00014500,2017-02-06,2017-02-10,AMD,C,145.0,3752,0.03,0.13,0.15,0.03,174,1486357200000000000,4,Weekly
O:AMD170210C00015000,2017-02-06,2017-02-10,AMD,C,150.0,3292,0.03,0.06,0.08,0.03,95,1486357200000000000,4,Weekly
O:AMD170210C00015500,2017-02-06,2017-02-10,AMD,C,155.0,1126,0.02,0.04,0.05,0.02,29,1486357200000000000,4,Weekly
O:AMD170210C00016000,2017-02-06,2017-02-10,AMD,C,160.0,64,0.03,0.02,0.03,0.02,8,1486357200000000000,4,Weekly
O:AMD170210C00016500,2017-02-06,2017-02-10,AMD,C,165.0,2,0.03,0.03,0.03,0.03,2,1486357200000000000,4,Weekly
O:AMD170210P00008500,2017-02-06,2017-02-10,AMD,P,85.0,12,0.01,0.01,0.01,0.01,1,1486357200000000000,4,Weekly
O:AMD170210P00009000,2017-02-06,2017-02-10,AMD,P,90.0,12,0.01,0.01,0.01,0.01,1,1486357200000000000,4,Weekly
O:AMD170210P00009500,2017-02-06,2017-02-10,AMD,P,95.0,8,0.01,0.01,0.01,0.01,1,1486357200000000000,4,Weekly
O:AMD170210P00010000,2017-02-06,2017-02-10,AMD,P,100.0,2,0.01,0.01,0.01,0.01,2,1486357200000000000,4,Weekly
O:AMD170210P00010500,2017-02-06,2017-02-10,AMD,P,105.0,10,0.02,0.02,0.02,0.02,1,1486357200000000000,4,Weekly
O:AMD170210P00011000,2017-02-06,2017-02-10,AMD,P,110.0,105,0.01,0.02,0.02,0.01,13,1486357200000000000,4,Weekly
O:AMD170210P00011500,2017-02-06,2017-02-10,AMD,P,115.0,975,0.04,0.02,0.04,0.02,31,1486357200000000000,4,Weekly
O:AMD170210P00012000,2017-02-06,2017-02-10,AMD,P,120.0,3708,0.15,0.02,0.15,0.02,205,1486357200000000000,4,Weekly
O:AMD170210P00012500,2017-02-06,2017-02-10,AMD,P,125.0,3964,0.35,0.06,0.36,0.05,317,1486357200000000000,4,Weekly
O:AMD170210P00013000,2017-02-06,2017-02-10,AMD,P,130.0,14044,0.63,0.14,0.63,0.13,810,1486357200000000000,4,Weekly
O:AMD170210P00013500,2017-02-06,2017-02-10,AMD,P,135.0,12125,1.16,0.31,1.16,0.3,768,1486357200000000000,4,Weekly
O:AMD170210P00014000,2017-02-06,2017-02-10,AMD,P,140.0,4531,0.98,0.61,0.99,0.58,221,1486357200000000000,4,Weekly
O:AMD170210P00014500,2017-02-06,2017-02-10,AMD,P,145.0,113,1.16,0.99,1.2,0.99,13,1486357200000000000,4,Weekly
O:AMD170210P00015000,2017-02-06,2017-02-10,AMD,P,150.0,77,2.5,1.55,2.5,1.43,32,1486357200000000000,4,Weekly
O:AMD170210P00016000,2017-02-06,2017-02-10,AMD,P,160.0,36,3.45,2.52,3.45,2.43,27,1486357200000000000,4,Weekly
O:AMD170303C00007000,2017-02-27,2017-03-03,AMD,C,70.0,2,8.1,8.1,8.1,8.1,2,1488171600000000000,4,Weekly
O:AMD170303C00009000,2017-02-27,2017-03-03,AMD,C,90.0,3,6.1,6.1,6.1,6.1,1,1488171600000000000,4,Weekly
O:AMD170303C00010000,2017-02-27,2017-03-03,AMD,C,100.0,29,4.5,5.1,5.1,4.5,6,1488171600000000000,4,Weekly
O:AMD170303C00012000,2017-02-27,2017-03-03,AMD,C,120.0,135,2.51,3.15,3.2,2.51,13,1488171600000000000,4,Weekly
O:AMD170303C00012500,2017-02-27,2017-03-03,AMD,C,125.0,154,2.05,2.8,2.8,2.05,11,1488171600000000000,4,Weekly
O:AMD170303C00013000,2017-02-27,2017-03-03,AMD,C,130.0,748,1.47,2.21,2.3,1.47,45,1488171600000000000,4,Weekly
O:AMD170303C00013500,2017-02-27,2017-03-03,AMD,C,135.0,2692,0.9,1.66,1.77,0.9,172,1488171600000000000,4,Weekly
O:AMD170303C00014000,2017-02-27,2017-03-03,AMD,C,140.0,5601,0.62,1.28,1.4,0.62,366,1488171600000000000,4,Weekly
O:AMD170303C00014500,2017-02-27,2017-03-03,AMD,C,145.0,10866,0.27,0.86,0.97,0.27,628,1488171600000000000,4,Weekly
O:AMD170303C00015000,2017-02-27,2017-03-03,AMD,C,150.0,22574,0.15,0.51,0.62,0.15,960,1488171600000000000,4,Weekly
O:AMD170303C00015500,2017-02-27,2017-03-03,AMD,C,155.0,9064,0.11,0.29,0.38,0.09,505,1488171600000000000,4,Weekly
O:AMD170303C00016000,2017-02-27,2017-03-03,AMD,C,160.0,5450,0.05,0.16,0.2,0.05,315,1488171600000000000,4,Weekly
O:AMD170303C00016500,2017-02-27,2017-03-03,AMD,C,165.0,932,0.03,0.07,0.11,0.03,57,1488171600000000000,4,Weekly
O:AMD170303C00017000,2017-02-27,2017-03-03,AMD,C,170.0,1839,0.02,0.04,0.06,0.02,28,1488171600000000000,4,Weekly
O:AMD170303C00017500,2017-02-27,2017-03-03,AMD,C,175.0,288,0.02,0.02,0.03,0.02,9,1488171600000000000,4,Weekly
O:AMD170303C00018000,2017-02-27,2017-03-03,AMD,C,180.0,200,0.01,0.02,0.02,0.01,6,1488171600000000000,4,Weekly
O:AMD170303P00011000,2017-02-27,2017-03-03,AMD,P,110.0,20,0.01,0.01,0.01,0.01,1,1488171600000000000,4,Weekly
O:AMD170303P00011500,2017-02-27,2017-03-03,AMD,P,115.0,80,0.01,0.01,0.01,0.01,1,1488171600000000000,4,Weekly
O:AMD170303P00012000,2017-02-27,2017-03-03,AMD,P,120.0,180,0.01,0.01,0.01,0.01,1,1488171600000000000,4,Weekly
O:AMD170303P00012500,2017-02-27,2017-03-03,AMD,P,125.0,15,0.01,0.01,0.01,0.01,4,1488171600000000000,4,Weekly
O:AMD170303P00013000,2017-02-27,2017-03-03,AMD,P,130.0,712,0.06,0.01,0.06,0.01,33,1488171600000000000,4,Weekly
O:AMD170303P00013500,2017-02-27,2017-03-03,AMD,P,135.0,1248,0.1,0.02,0.1,0.02,70,1488171600000000000,4,Weekly
O:AMD170303P00014000,2017-02-27,2017-03-03,AMD,P,140.0,4938,0.2,0.06,0.21,0.05,218,1488171600000000000,4,Weekly
O:AMD170303P00014500,2017-02-27,2017-03-03,AMD,P,145.0,7876,0.36,0.13,0.41,0.12,351,1488171600000000000,4,Weekly
O:AMD170303P00015000,2017-02-27,2017-03-03,AMD,P,150.0,20551,0.8,0.31,0.8,0.27,845,1488171600000000000,4,Weekly
O:AMD170303P00015500,2017-02-27,2017-03-03,AMD,P,155.0,5242,1.05,0.58,1.05,0.52,284,1488171600000000000,4,Weekly
O:AMD170303P00016000,2017-02-27,2017-03-03,AMD,P,160.0,611,1.22,0.95,1.22,0.86,33,1488171600000000000,4,Weekly
O:AMD170303P00016500,2017-02-27,2017-03-03,AMD,P,165.0,10,1.36,1.36,1.36,1.36,1,1488171600000000000,4,Weekly
O:AMD170303P00018000,2017-02-27,2017-03-03,AMD,P,180.0,16,2.78,2.76,2.83,2.68,16,1488171600000000000,4,Weekly
O:AMD170310C00010000,2017-03-06,2017-03-10,AMD,C,100.0,136,2.91,2.76,2.98,2.5,24,1488776400000000000,4,Weekly
O:AMD170310C00011000,2017-03-06,2017-03-10,AMD,C,110.0,73,1.8,2.04,2.04,1.52,9,1488776400000000000,4,Weekly
O:AMD170310C00011500,2017-03-06,2017-03-10,AMD,C,115.0,267,1.37,1.59,1.59,1.05,18,1488776400000000000,4,Weekly
O:AMD170310C00012000,2017-03-06,2017-03-10,AMD,C,120.0,931,1.32,1.16,1.39,0.6,105,1488776400000000000,4,Weekly
O:AMD170310C00012500,2017-03-06,2017-03-10,AMD,C,125.0,3730,0.8,0.7,0.94,0.3,242,1488776400000000000,4,Weekly
O:AMD170310C00013000,2017-03-06,2017-03-10,AMD,C,130.0,13783,0.42,0.37,0.59,0.13,713,1488776400000000000,4,Weekly
O:AMD170310C00013500,2017-03-06,2017-03-10,AMD,C,135.0,12297,0.22,0.19,0.34,0.06,472,1488776400000000000,4,Weekly
O:AMD170310C00014000,2017-03-06,2017-03-10,AMD,C,140.0,9566,0.11,0.09,0.18,0.03,384,1488776400000000000,4,Weekly
O:AMD170310C00014500,2017-03-06,2017-03-10,AMD,C,145.0,3075,0.05,0.05,0.09,0.02,61,1488776400000000000,4,Weekly
O:AMD170310C00015000,2017-03-06,2017-03-10,AMD,C,150.0,285,0.04,0.02,0.04,0.01,32,1488776400000000000,4,Weekly
O:AMD170310C00015500,2017-03-06,2017-03-10,AMD,C,155.0,42,0.02,0.02,0.02,0.01,9,1488776400000000000,4,Weekly
O:AMD170310C00016000,2017-03-06,2017-03-10,AMD,C,160.0,130,0.03,0.04,0.04,0.02,8,1488776400000000000,4,Weekly
O:AMD170310P00011000,2017-03-06,2017-03-10,AMD,P,110.0,223,0.17,0.01,0.17,0.01,11,1488776400000000000,4,Weekly
O:AMD170310P00011500,2017-03-06,2017-03-10,AMD,P,115.0,423,0.04,0.02,0.07,0.02,26,1488776400000000000,4,Weekly
O:AMD170310P00012000,2017-03-06,2017-03-10,AMD,P,120.0,8526,0.09,0.06,0.17,0.05,407,1488776400000000000,4,Weekly
O:AMD170310P00012500,2017-03-06,2017-03-10,AMD,P,125.0,6057,0.2,0.15,0.38,0.12,379,1488776400000000000,4,Weekly
O:AMD170310P00013000,2017-03-06,2017-03-10,AMD,P,130.0,7184,0.39,0.35,0.71,0.25,319,1488776400000000000,4,Weekly
O:AMD170310P00013500,2017-03-06,2017-03-10,AMD,P,135.0,903,0.68,0.66,1.15,0.5,123,1488776400000000000,4,Weekly
O:AMD170310P00014000,2017-03-06,2017-03-10,AMD,P,140.0,918,0.86,1.03,1.6,0.86,117,1488776400000000000,4,Weekly
O:AMD170310P00014500,2017-03-06,2017-03-10,AMD,P,145.0,302,1.33,1.5,2.09,1.33,58,1488776400000000000,4,Weekly
O:AMD170310P00015000,2017-03-06,2017-03-10,AMD,P,150.0,265,1.96,1.96,2.58,1.96,21,1488776400000000000,4,Weekly
O:AMD170310P00015500,2017-03-06,2017-03-10,AMD,P,155.0,33,2.57,2.97,3.0,2.57,9,1488776400000000000,4,Weekly
O:AMD170310P00016000,2017-03-06,2017-03-10,AMD,P,160.0,1,3.6,3.6,3.6,3.6,1,1488776400000000000,4,Weekly
O:AMD170310P00017000,2017-03-06,2017-03-10,AMD,P,170.0,5,4.5,4.5,4.5,4.5,1,1488776400000000000,4,Weekly
O:AMD170324C00008000,2017-03-20,2017-03-24,AMD,C,80.0,3,6.22,6.29,6.29,6.22,2,1489982400000000000,4,Weekly
O:AMD170324C00010000,2017-03-20,2017-03-24,AMD,C,100.0,10,4.05,4.05,4.05,4.05,2,1489982400000000000,4,Weekly
O:AMD170324C00011000,2017-03-20,2017-03-24,AMD,C,110.0,4,3.3,3.3,3.3,3.3,1,1489982400000000000,4,Weekly
O:AMD170324C00011500,2017-03-20,2017-03-24,AMD,C,115.0,10,2.7,2.85,2.85,2.7,2,1489982400000000000,4,Weekly
O:AMD170324C00012000,2017-03-20,2017-03-24,AMD,C,120.0,373,1.65,2.42,2.42,1.64,34,1489982400000000000,4,Weekly
O:AMD170324C00012500,2017-03-20,2017-03-24,AMD,C,125.0,1772,1.16,1.92,1.96,1.16,33,1489982400000000000,4,Weekly
O:AMD170324C00013000,2017-03-20,2017-03-24,AMD,C,130.0,1445,0.81,1.42,1.5,0.73,101,1489982400000000000,4,Weekly
O:AMD170324C00013500,2017-03-20,2017-03-24,AMD,C,135.0,4700,0.36,0.97,1.03,0.34,312,1489982400000000000,4,Weekly
O:AMD170324C00014000,2017-03-20,2017-03-24,AMD,C,140.0,12674,0.3,0.54,0.62,0.16,808,1489982400000000000,4,Weekly
O:AMD170324C00014500,2017-03-20,2017-03-24,AMD,C,145.0,19233,0.11,0.27,0.32,0.08,922,1489982400000000000,4,Weekly
O:AMD170324C00015000,2017-03-20,2017-03-24,AMD,C,150.0,12482,0.05,0.12,0.14,0.03,446,1489982400000000000,4,Weekly
O:AMD170324C00015500,2017-03-20,2017-03-24,AMD,C,155.0,1695,0.02,0.05,0.06,0.01,69,1489982400000000000,4,Weekly
O:AMD170324C00016000,2017-03-20,2017-03-24,AMD,C,160.0,923,0.03,0.02,0.04,0.02,25,1489982400000000000,4,Weekly
O:AMD170324C00016500,2017-03-20,2017-03-24,AMD,C,165.0,274,0.01,0.01,0.02,0.01,9,1489982400000000000,4,Weekly
O:AMD170324C00017000,2017-03-20,2017-03-24,AMD,C,170.0,8,0.01,0.01,0.01,0.01,1,1489982400000000000,4,Weekly
O:AMD170324P00011000,2017-03-20,2017-03-24,AMD,P,110.0,11,0.01,0.01,0.01,0.01,2,1489982400000000000,4,Weekly
O:AMD170324P00011500,2017-03-20,2017-03-24,AMD,P,115.0,25,0.01,0.01,0.01,0.01,3,1489982400000000000,4,Weekly
O:AMD170324P00012000,2017-03-20,2017-03-24,AMD,P,120.0,54,0.01,0.01,0.01,0.01,8,1489982400000000000,4,Weekly
O:AMD170324P00012500,2017-03-20,2017-03-24,AMD,P,125.0,569,0.02,0.01,0.05,0.01,37,1489982400000000000,4,Weekly
O:AMD170324P00013000,2017-03-20,2017-03-24,AMD,P,130.0,2383,0.14,0.02,0.14,0.01,168,1489982400000000000,4,Weekly
O:AMD170324P00013500,2017-03-20,2017-03-24,AMD,P,135.0,4171,0.29,0.05,0.31,0.04,236,1489982400000000000,4,Weekly
O:AMD170324P00014000,2017-03-20,2017-03-24,AMD,P,140.0,6535,0.63,0.14,0.63,0.13,411,1489982400000000000,4,Weekly
O:AMD170324P00014500,2017-03-20,2017-03-24,AMD,P,145.0,14380,0.76,0.35,0.76,0.31,476,1489982400000000000,4,Weekly
O:AMD170324P00015000,2017-03-20,2017-03-24,AMD,P,150.0,871,1.4,0.7,1.4,0.63,60,1489982400000000000,4,Weekly
O:AMD170324P00015500,2017-03-20,2017-03-24,AMD,P,155.0,372,1.3,1.11,1.35,1.11,19,1489982400000000000,4,Weekly
O:AMD170331C00012000,2017-03-27,2017-03-31,AMD,C,120.0,126,1.5,1.64,1.64,1.36,6,1490587200000000000,4,Weekly
O:AMD170331C00012500,2017-03-27,2017-03-31,AMD,C,125.0,255,0.92,1.2,1.2,0.9,11,1490587200000000000,4,Weekly
O:AMD170331C00013000,2017-03-27,2017-03-31,AMD,C,130.0,1430,0.73,0.78,0.85,0.55,59,1490587200000000000,4,Weekly
O:AMD170331C00013500,2017-03-27,2017-03-31,AMD,C,135.0,7737,0.35,0.42,0.49,0.26,297,1490587200000000000,4,Weekly
O:AMD170331C00014000,2017-03-27,2017-03-31,AMD,C,140.0,8980,0.1,0.18,0.23,0.1,441,1490587200000000000,4,Weekly
O:AMD170331C00014500,2017-03-27,2017-03-31,AMD,C,145.0,3509,0.08,0.07,0.11,0.05,232,1490587200000000000,4,Weekly
O:AMD170331C00015000,2017-03-27,2017-03-31,AMD,C,150.0,1797,0.28,0.03,0.28,0.02,75,1490587200000000000,4,Weekly
O:AMD170331C00015500,2017-03-27,2017-03-31,AMD,C,155.0,151,0.24,0.02,0.24,0.02,9,1490587200000000000,4,Weekly
O:AMD170331C00016000,2017-03-27,2017-03-31,AMD,C,160.0,210,0.01,0.01,0.01,0.01,2,1490587200000000000,4,Weekly
O:AMD170331C00017500,2017-03-27,2017-03-31,AMD,C,175.0,5,0.05,0.05,0.05,0.05,1,1490587200000000000,4,Weekly
O:AMD170331P00010500,2017-03-27,2017-03-31,AMD,P,105.0,200,0.01,0.01,0.01,0.01,1,1490587200000000000,4,Weekly
O:AMD170331P00011000,2017-03-27,2017-03-31,AMD,P,110.0,2,0.01,0.01,0.01,0.01,1,1490587200000000000,4,Weekly
O:AMD170331P00011500,2017-03-27,2017-03-31,AMD,P,115.0,97,0.01,0.02,0.02,0.01,7,1490587200000000000,4,Weekly
O:AMD170331P00012000,2017-03-27,2017-03-31,AMD,P,120.0,487,0.04,0.02,0.04,0.01,7,1490587200000000000,4,Weekly
O:AMD170331P00012500,2017-03-27,2017-03-31,AMD,P,125.0,755,0.24,0.03,0.24,0.03,21,1490587200000000000,4,Weekly
O:AMD170331P00013000,2017-03-27,2017-03-31,AMD,P,130.0,2767,0.3,0.08,0.3,0.07,166,1490587200000000000,4,Weekly
O:AMD170331P00013500,2017-03-27,2017-03-31,AMD,P,135.0,3139,0.29,0.22,0.55,0.22,140,1490587200000000000,4,Weekly
O:AMD170331P00014000,2017-03-27,2017-03-31,AMD,P,140.0,2079,0.59,0.48,0.87,0.46,111,1490587200000000000,4,Weekly
O:AMD170331P00014500,2017-03-27,2017-03-31,AMD,P,145.0,510,1.1,0.95,1.25,0.84,34,1490587200000000000,4,Weekly
O:AMD170331P00015000,2017-03-27,2017-03-31,AMD,P,150.0,395,1.7,1.33,1.72,1.31,9,1490587200000000000,4,Weekly
O:AMD170331P00015500,2017-03-27,2017-03-31,AMD,P,155.0,20,2.1,2.1,2.1,2.1,1,1490587200000000000,4,Weekly
O:AMD170331P00016000,2017-03-27,2017-03-31,AMD,P,160.0,6,2.7,2.4,2.7,2.4,2,1490587200000000000,4,Weekly
O:AMD170407C00012000,2017-04-03,2017-04-07,AMD,C,120.0,60,2.62,2.65,2.75,2.47,7,1491192000000000000,4,Weekly
O:AMD170407C00012500,2017-04-03,2017-04-07,AMD,C,125.0,4,2.0,2.0,2.02,2.0,3,1491192000000000000,4,Weekly
O:AMD170407C00013000,2017-04-03,2017-04-07,AMD,C,130.0,137,1.59,1.66,1.69,1.44,21,1491192000000000000,4,Weekly
O:AMD170407C00013500,2017-04-03,2017-04-07,AMD,C,135.0,202,1.27,1.2,1.27,0.87,38,1491192000000000000,4,Weekly
O:AMD170407C00014000,2017-04-03,2017-04-07,AMD,C,140.0,2589,0.74,0.68,0.81,0.47,129,1491192000000000000,4,Weekly
O:AMD170407C00014500,2017-04-03,2017-04-07,AMD,C,145.0,6563,0.37,0.35,0.5,0.23,369,1491192000000000000,4,Weekly
O:AMD170407C00015000,2017-04-03,2017-04-07,AMD,C,150.0,9122,0.21,0.16,0.24,0.08,520,1491192000000000000,4,Weekly
O:AMD170407C00015500,2017-04-03,2017-04-07,AMD,C,155.0,2147,0.09,0.06,0.09,0.03,89,1491192000000000000,4,Weekly
O:AMD170407C00016000,2017-04-03,2017-04-07,AMD,C,160.0,730,0.07,0.04,0.07,0.03,12,1491192000000000000,4,Weekly
O:AMD170407C00016500,2017-04-03,2017-04-07,AMD,C,165.0,200,0.02,0.02,0.02,0.02,2,1491192000000000000,4,Weekly
O:AMD170407C00017000,2017-04-03,2017-04-07,AMD,C,170.0,10,0.02,0.02,0.02,0.02,1,1491192000000000000,4,Weekly
O:AMD170407C00018000,2017-04-03,2017-04-07,AMD,C,180.0,125,0.01,0.01,0.01,0.01,4,1491192000000000000,4,Weekly
O:AMD170407P00011000,2017-04-03,2017-04-07,AMD,P,110.0,15,0.01,0.01,0.01,0.01,1,1491192000000000000,4,Weekly
O:AMD170407P00012000,2017-04-03,2017-04-07,AMD,P,120.0,3,0.01,0.01,0.01,0.01,1,1491192000000000000,4,Weekly
O:AMD170407P00012500,2017-04-03,2017-04-07,AMD,P,125.0,191,0.02,0.02,0.03,0.01,15,1491192000000000000,4,Weekly
O:AMD170407P00013000,2017-04-03,2017-04-07,AMD,P,130.0,521,0.05,0.02,0.05,0.01,15,1491192000000000000,4,Weekly
O:AMD170407P00013500,2017-04-03,2017-04-07,AMD,P,135.0,2744,0.05,0.03,0.07,0.02,96,1491192000000000000,4,Weekly
O:AMD170407P00014000,2017-04-03,2017-04-07,AMD,P,140.0,10111,0.11,0.07,0.17,0.06,375,1491192000000000000,4,Weekly
O:AMD170407P00014500,2017-04-03,2017-04-07,AMD,P,145.0,10806,0.34,0.21,0.4,0.17,460,1491192000000000000,4,Weekly
O:AMD170407P00015000,2017-04-03,2017-04-07,AMD,P,150.0,5576,0.6,0.48,0.77,0.44,147,1491192000000000000,4,Weekly
O:AMD170407P00015500,2017-04-03,2017-04-07,AMD,P,155.0,129,0.98,0.92,1.2,0.92,15,1491192000000000000,4,Weekly
O:AMD170428C00009000,2017-04-24,2017-04-28,AMD,C,90.0,3,4.1,4.1,4.1,4.1,1,1493006400000000000,4,Weekly
O:AMD170428C00010000,2017-04-24,2017-04-28,AMD,C,100.0,21,3.1,3.15,3.2,3.1,3,1493006400000000000,4,Weekly
O:AMD170428C00011500,2017-04-24,2017-04-28,AMD,C,115.0,21,1.65,1.68,1.68,1.65,2,1493006400000000000,4,Weekly
O:AMD170428C00012000,2017-04-24,2017-04-28,AMD,C,120.0,93,1.19,1.14,1.22,1.0,14,1493006400000000000,4,Weekly
O:AMD170428C00012500,2017-04-24,2017-04-28,AMD,C,125.0,586,0.69,0.67,0.74,0.64,41,1493006400000000000,4,Weekly
O:AMD170428C00013000,2017-04-24,2017-04-28,AMD,C,130.0,3282,0.35,0.3,0.4,0.27,145,1493006400000000000,4,Weekly
O:AMD170428C00013500,2017-04-24,2017-04-28,AMD,C,135.0,10415,0.16,0.1,0.16,0.08,252,1493006400000000000,4,Weekly
O:AMD170428C00014000,2017-04-24,2017-04-28,AMD,C,140.0,3593,0.05,0.03,0.07,0.02,142,1493006400000000000,4,Weekly
O:AMD170428C00014500,2017-04-24,2017-04-28,AMD,C,145.0,265,0.04,0.02,0.04,0.01,15,1493006400000000000,4,Weekly
O:AMD170428C00015000,2017-04-24,2017-04-28,AMD,C,150.0,209,0.05,0.01,0.05,0.01,14,1493006400000000000,4,Weekly
O:AMD170428C00015500,2017-04-24,2017-04-28,AMD,C,155.0,2,0.01,0.01,0.01,0.01,1,1493006400000000000,4,Weekly
O:AMD170428C00016000,2017-04-24,2017-04-28,AMD,C,160.0,6,0.01,0.01,0.01,0.01,2,1493006400000000000,4,Weekly
O:AMD170428C00016500,2017-04-24,2017-04-28,AMD,C,165.0,4,0.01,0.01,0.01,0.01,1,1493006400000000000,4,Weekly
O:AMD170428C00018500,2017-04-24,2017-04-28,AMD,C,185.0,20,0.01,0.01,0.01,0.01,1,1493006400000000000,4,Weekly
O:AMD170428P00011000,2017-04-24,2017-04-28,AMD,P,110.0,6,0.01,0.01,0.01,0.01,2,1493006400000000000,4,Weekly
O:AMD170428P00012000,2017-04-24,2017-04-28,AMD,P,120.0,172,0.05,0.02,0.05,0.01,22,1493006400000000000,4,Weekly
O:AMD170428P00012500,2017-04-24,2017-04-28,AMD,P,125.0,1120,0.08,0.04,0.08,0.03,52,1493006400000000000,4,Weekly
O:AMD170428P00013000,2017-04-24,2017-04-28,AMD,P,130.0,1609,0.09,0.17,0.24,0.08,108,1493006400000000000,4,Weekly
O:AMD170428P00013500,2017-04-24,2017-04-28,AMD,P,135.0,444,0.5,0.47,0.5,0.39,30,1493006400000000000,4,Weekly
O:AMD170428P00014000,2017-04-24,2017-04-28,AMD,P,140.0,71,0.91,0.84,0.94,0.83,7,1493006400000000000,4,Weekly
O:AMD170428P00014500,2017-04-24,2017-04-28,AMD,P,145.0,1,1.35,1.35,1.35,1.35,1,1493006400000000000,4,Weekly
O:AMD170428P00015000,2017-04-24,2017-04-28,AMD,P,150.0,3,1.98,1.98,1.98,1.98,1,1493006400000000000,4,Weekly
O:AMD170428P00015500,2017-04-24,2017-04-28,AMD,P,155.0,3,2.37,2.37,2.37,2.37,1,1493006400000000000,4,Weekly
O:AMD170505C00010000,2017-05-01,2017-05-05,AMD,C,100.0,10,3.26,3.26,3.26,3.26,1,1493611200000000000,4,Weekly
O:AMD170505C00011000,2017-05-01,2017-05-05,AMD,C,110.0,74,2.53,2.62,2.66,2.47,21,1493611200000000000,4,Weekly
O:AMD170505C00011500,2017-05-01,2017-05-05,AMD,C,115.0,27,2.09,2.2,2.2,1.9,8,1493611200000000000,4,Weekly
O:AMD170505C00012000,2017-05-01,2017-05-05,AMD,C,120.0,809,1.64,1.77,1.77,1.43,100,1493611200000000000,4,Weekly
O:AMD170505C00012500,2017-05-01,2017-05-05,AMD,C,125.0,2149,1.25,1.36,1.36,1.06,109,1493611200000000000,4,Weekly
O:AMD170505C00013000,2017-05-01,2017-05-05,AMD,C,130.0,4465,0.94,1.01,1.02,0.77,407,1493611200000000000,4,Weekly
O:AMD170505C00013500,2017-05-01,2017-05-05,AMD,C,135.0,21456,0.66,0.75,0.76,0.52,1469,1493611200000000000,4,Weekly
O:AMD170505C00014000,2017-05-01,2017-05-05,AMD,C,140.0,30552,0.47,0.52,0.59,0.34,1352,1493611200000000000,4,Weekly
O:AMD170505C00014500,2017-05-01,2017-05-05,AMD,C,145.0,7660,0.31,0.34,0.39,0.21,618,1493611200000000000,4,Weekly
O:AMD170505C00015000,2017-05-01,2017-05-05,AMD,C,150.0,23542,0.22,0.23,0.27,0.12,822,1493611200000000000,4,Weekly
O:AMD170505C00015500,2017-05-01,2017-05-05,AMD,C,155.0,4413,0.15,0.15,0.18,0.08,263,1493611200000000000,4,Weekly
O:AMD170505C00016000,2017-05-01,2017-05-05,AMD,C,160.0,14296,0.11,0.1,0.13,0.06,306,1493611200000000000,4,Weekly
O:AMD170505C00016500,2017-05-01,2017-05-05,AMD,C,165.0,3130,0.04,0.05,0.08,0.04,123,1493611200000000000,4,Weekly
O:AMD170505C00017000,2017-05-01,2017-05-05,AMD,C,170.0,1414,0.05,0.03,0.06,0.03,61,1493611200000000000,4,Weekly
O:AMD170505C00017500,2017-05-01,2017-05-05,AMD,C,175.0,52,0.03,0.04,0.04,0.02,6,1493611200000000000,4,Weekly
O:AMD170505C00018000,2017-05-01,2017-05-05,AMD,C,180.0,609,0.05,0.03,0.05,0.02,17,1493611200000000000,4,Weekly
O:AMD170505C00018500,2017-05-01,2017-05-05,AMD,C,185.0,185,0.02,0.03,0.05,0.02,4,1493611200000000000,4,Weekly
O:AMD170505C00019000,2017-05-01,2017-05-05,AMD,C,190.0,20,0.01,0.01,0.01,0.01,3,1493611200000000000,4,Weekly
O:AMD170505C00019500,2017-05-01,2017-05-05,AMD,C,195.0,280,0.01,0.01,0.01,0.01,4,1493611200000000000,4,Weekly
O:AMD170505C00020000,2017-05-01,2017-05-05,AMD,C,200.0,2,0.06,0.06,0.06,0.06,1,1493611200000000000,4,Weekly
O:AMD170505P00007500,2017-05-01,2017-05-05,AMD,P,75.0,2,0.02,0.02,0.02,0.02,1,1493611200000000000,4,Weekly
O:AMD170505P00009000,2017-05-01,2017-05-05,AMD,P,90.0,116,0.01,0.01,0.02,0.01,4,1493611200000000000,4,Weekly
O:AMD170505P00009500,2017-05-01,2017-05-05,AMD,P,95.0,100,0.02,0.02,0.02,0.02,1,1493611200000000000,4,Weekly
O:AMD170505P00010000,2017-05-01,2017-05-05,AMD,P,100.0,243,0.01,0.02,0.02,0.01,11,1493611200000000000,4,Weekly
O:AMD170505P00010500,2017-05-01,2017-05-05,AMD,P,105.0,1561,0.02,0.03,0.05,0.01,87,1493611200000000000,4,Weekly
O:AMD170505P00011000,2017-05-01,2017-05-05,AMD,P,110.0,3778,0.05,0.03,0.06,0.02,154,1493611200000000000,4,Weekly
O:AMD170505P00011500,2017-05-01,2017-05-05,AMD,P,115.0,3668,0.09,0.06,0.11,0.05,232,1493611200000000000,4,Weekly
O:AMD170505P00012000,2017-05-01,2017-05-05,AMD,P,120.0,13338,0.2,0.14,0.21,0.11,779,1493611200000000000,4,Weekly
O:AMD170505P00012500,2017-05-01,2017-05-05,AMD,P,125.0,7260,0.35,0.25,3.4,0.21,501,1493611200000000000,4,Weekly
O:AMD170505P00013000,2017-05-01,2017-05-05,AMD,P,130.0,6854,0.5,0.39,6.73,0.36,624,1493611200000000000,4,Weekly
O:AMD170505P00013500,2017-05-01,2017-05-05,AMD,P,135.0,10054,0.83,0.63,0.83,0.58,830,1493611200000000000,4,Weekly
O:AMD170505P00014000,2017-05-01,2017-05-05,AMD,P,140.0,1924,1.05,0.89,1.12,0.86,312,1493611200000000000,4,Weekly
O:AMD170505P00014500,2017-05-01,2017-05-05,AMD,P,145.0,387,1.39,1.23,1.48,1.22,46,1493611200000000000,4,Weekly
O:AMD170505P00015000,2017-05-01,2017-05-05,AMD,P,150.0,454,1.8,1.63,1.86,1.6,36,1493611200000000000,4,Weekly
O:AMD170505P00015500,2017-05-01,2017-05-05,AMD,P,155.0,45,2.11,2.04,2.11,2.03,14,1493611200000000000,4,Weekly
O:AMD170505P00016000,2017-05-01,2017-05-05,AMD,P,160.0,74,2.63,2.5,2.78,2.49,11,1493611200000000000,4,Weekly
O:AMD170505P00017000,2017-05-01,2017-05-05,AMD,P,170.0,10,3.6,3.6,3.6,3.6,1,1493611200000000000,4,Weekly
O:AMD170512C00008000,2017-05-08,2017-05-12,AMD,C,80.0,1,2.06,2.06,2.06,2.06,1,1494216000000000000,4,Weekly
O:AMD170512C00009000,2017-05-08,2017-05-12,AMD,C,90.0,47,1.19,1.05,1.19,1.04,13,1494216000000000000,4,Weekly
O:AMD170512C00009500,2017-05-08,2017-05-12,AMD,C,95.0,317,0.65,0.56,0.65,0.56,37,1494216000000000000,4,Weekly
O:AMD170512C00010000,2017-05-08,2017-05-12,AMD,C,100.0,5175,0.37,0.22,0.37,0.19,228,1494216000000000000,4,Weekly
O:AMD170512C00010500,2017-05-08,2017-05-12,AMD,C,105.0,5891,0.16,0.05,0.16,0.04,206,1494216000000000000,4,Weekly
O:AMD170512C00011000,2017-05-08,2017-05-12,AMD,C,110.0,1262,0.05,0.01,0.06,0.01,47,1494216000000000000,4,Weekly
O:AMD170512C00011500,2017-05-08,2017-05-12,AMD,C,115.0,594,0.03,0.01,0.03,0.01,35,1494216000000000000,4,Weekly
O:AMD170512C00012000,2017-05-08,2017-05-12,AMD,C,120.0,199,0.02,0.01,0.02,0.01,20,1494216000000000000,4,Weekly
O:AMD170512C00012500,2017-05-08,2017-05-12,AMD,C,125.0,5,0.01,0.01,0.01,0.01,1,1494216000000000000,4,Weekly
O:AMD170512C00013000,2017-05-08,2017-05-12,AMD,C,130.0,8,0.01,0.01,0.01,0.01,2,1494216000000000000,4,Weekly
O:AMD170512C00013500,2017-05-08,2017-05-12,AMD,C,135.0,52,0.01,0.01,0.05,0.01,20,1494216000000000000,4,Weekly
O:AMD170512C00014000,2017-05-08,2017-05-12,AMD,C,140.0,1,0.03,0.03,0.03,0.03,1,1494216000000000000,4,Weekly
O:AMD170512C00014500,2017-05-08,2017-05-12,AMD,C,145.0,218,0.01,0.01,0.02,0.01,6,1494216000000000000,4,Weekly
O:AMD170512C00015000,2017-05-08,2017-05-12,AMD,C,150.0,15,0.03,0.03,0.03,0.03,1,1494216000000000000,4,Weekly
O:AMD170512C00016500,2017-05-08,2017-05-12,AMD,C,165.0,4,0.02,0.02,0.02,0.02,1,1494216000000000000,4,Weekly
O:AMD170512C00017000,2017-05-08,2017-05-12,AMD,C,170.0,13,0.03,0.03,0.03,0.03,1,1494216000000000000,4,Weekly
O:AMD170512C00019000,2017-05-08,2017-05-12,AMD,C,190.0,13,0.01,0.01,0.01,0.01,1,1494216000000000000,4,Weekly
O:AMD170512P00008500,2017-05-08,2017-05-12,AMD,P,85.0,10,0.01,0.01,0.01,0.01,1,1494216000000000000,4,Weekly
O:AMD170512P00009000,2017-05-08,2017-05-12,AMD,P,90.0,516,0.01,0.02,0.02,0.01,21,1494216000000000000,4,Weekly
O:AMD170512P00009500,2017-05-08,2017-05-12,AMD,P,95.0,2096,0.06,0.05,0.07,0.03,79,1494216000000000000,4,Weekly
O:AMD170512P00010000,2017-05-08,2017-05-12,AMD,P,100.0,10060,0.2,0.18,0.2,0.15,203,1494216000000000000,4,Weekly
O:AMD170512P00010500,2017-05-08,2017-05-12,AMD,P,105.0,1207,0.48,0.5,0.53,0.47,44,1494216000000000000,4,Weekly
O:AMD170512P00011000,2017-05-08,2017-05-12,AMD,P,110.0,53,0.98,0.99,0.99,0.95,10,1494216000000000000,4,Weekly
O:AMD170512P00011500,2017-05-08,2017-05-12,AMD,P,115.0,4,1.34,1.34,1.34,1.34,1,1494216000000000000,4,Weekly
O:AMD170512P00012000,2017-05-08,2017-05-12,AMD,P,120.0,15,1.96,1.96,1.96,1.96,1,1494216000000000000,4,Weekly
O:AMD170512P00012500,2017-05-08,2017-05-12,AMD,P,125.0,40,2.38,2.48,2.48,2.38,6,1494216000000000000,4,Weekly
O:AMD170512P00013000,2017-05-08,2017-05-12,AMD,P,130.0,103,2.9,2.97,2.97,2.89,28,1494216000000000000,4,Weekly
O:AMD170512P00013500,2017-05-08,2017-05-12,AMD,P,135.0,4,3.4,3.4,3.4,3.4,1,1494216000000000000,4,Weekly
O:AMD170512P00014000,2017-05-08,2017-05-12,AMD,P,140.0,17,3.95,3.98,4.02,3.95,6,1494216000000000000,4,Weekly
O:AMD170512P00014500,2017-05-08,2017-05-12,AMD,P,145.0,20,4.35,4.35,4.35,4.35,2,1494216000000000000,4,Weekly
O:AMD170526C00008000,2017-05-22,2017-05-26,AMD,C,80.0,5,3.2,3.2,3.2,3.2,1,1495425600000000000,4,Weekly
O:AMD170526C00009000,2017-05-22,2017-05-26,AMD,C,90.0,181,2.22,1.83,2.22,1.83,6,1495425600000000000,4,Weekly
O:AMD170526C00009500,2017-05-22,2017-05-26,AMD,C,95.0,761,2.0,1.53,2.0,1.32,26,1495425600000000000,4,Weekly
O:AMD170526C00010000,2017-05-22,2017-05-26,AMD,C,100.0,719,1.26,1.06,1.26,0.83,27,1495425600000000000,4,Weekly
O:AMD170526C00010500,2017-05-22,2017-05-26,AMD,C,105.0,3640,1.07,0.6,1.07,0.43,99,1495425600000000000,4,Weekly
O:AMD170526C00011000,2017-05-22,2017-05-26,AMD,C,110.0,12097,0.62,0.27,0.63,0.15,508,1495425600000000000,4,Weekly
O:AMD170526C00011500,2017-05-22,2017-05-26,AMD,C,115.0,16831,0.27,0.09,0.31,0.04,535,1495425600000000000,4,Weekly
O:AMD170526C00012000,2017-05-22,2017-05-26,AMD,C,120.0,11552,0.11,0.03,0.15,0.02,273,1495425600000000000,4,Weekly
O:AMD170526C00012500,2017-05-22,2017-05-26,AMD,C,125.0,3951,0.04,0.01,0.05,0.01,55,1495425600000000000,4,Weekly
O:AMD170526C00013000,2017-05-22,2017-05-26,AMD,C,130.0,145,0.02,0.01,0.02,0.01,5,1495425600000000000,4,Weekly
O:AMD170526C00013500,2017-05-22,2017-05-26,AMD,C,135.0,482,0.02,0.01,0.02,0.01,21,1495425600000000000,4,Weekly
O:AMD170526C00014000,2017-05-22,2017-05-26,AMD,C,140.0,186,0.01,0.01,0.01,0.01,4,1495425600000000000,4,Weekly
O:AMD170526C00014500,2017-05-22,2017-05-26,AMD,C,145.0,3,0.01,0.01,0.01,0.01,1,1495425600000000000,4,Weekly
O:AMD170526P00009000,2017-05-22,2017-05-26,AMD,P,90.0,74,0.01,0.01,0.01,0.01,8,1495425600000000000,4,Weekly
O:AMD170526P00009500,2017-05-22,2017-05-26,AMD,P,95.0,316,0.01,0.01,0.01,0.01,9,1495425600000000000,4,Weekly
O:AMD170526P00010000,2017-05-22,2017-05-26,AMD,P,100.0,799,0.01,0.02,0.04,0.01,39,1495425600000000000,4,Weekly
O:AMD170526P00010500,2017-05-22,2017-05-26,AMD,P,105.0,5178,0.04,0.07,0.14,0.03,180,1495425600000000000,4,Weekly
O:AMD170526P00011000,2017-05-22,2017-05-26,AMD,P,110.0,7489,0.13,0.23,0.38,0.09,366,1495425600000000000,4,Weekly
O:AMD170526P00011500,2017-05-22,2017-05-26,AMD,P,115.0,8652,0.27,0.53,0.77,0.27,281,1495425600000000000,4,Weekly
O:AMD170526P00012000,2017-05-22,2017-05-26,AMD,P,120.0,4593,0.59,1.05,1.17,0.59,200,1495425600000000000,4,Weekly
O:AMD170526P00012500,2017-05-22,2017-05-26,AMD,P,125.0,118,1.14,1.49,3.42,1.14,18,1495425600000000000,4,Weekly
O:AMD170526P00013000,2017-05-22,2017-05-26,AMD,P,130.0,34,1.49,2.05,2.05,1.49,4,1495425600000000000,4,Weekly
O:AMD170526P00013500,2017-05-22,2017-05-26,AMD,P,135.0,129,1.98,2.29,2.29,1.98,13,1495425600000000000,4,Weekly
O:AMD170526P00014000,2017-05-22,2017-05-26,AMD,P,140.0,11,2.78,2.82,2.82,2.78,2,1495425600000000000,4,Weekly
O:AMD170609C00008000,2017-06-05,2017-06-09,AMD,C,80.0,1,3.18,3.18,3.18,3.18,1,1496635200000000000,4,Weekly
O:AMD170609C00009000,2017-06-05,2017-06-09,AMD,C,90.0,441,2.15,2.22,2.29,2.03,12,1496635200000000000,4,Weekly
O:AMD170609C00009500,2017-06-05,2017-06-09,AMD,C,95.0,156,1.6,1.76,1.81,1.6,12,1496635200000000000,4,Weekly
O:AMD170609C00010000,2017-06-05,2017-06-09,AMD,C,100.0,328,0.97,1.23,1.29,0.97,34,1496635200000000000,4,Weekly
O:AMD170609C00010500,2017-06-05,2017-06-09,AMD,C,105.0,962,0.52,0.76,0.83,0.52,76,1496635200000000000,4,Weekly
O:AMD170609C00011000,2017-06-05,2017-06-09,AMD,C,110.0,10536,0.19,0.38,0.46,0.16,487,1496635200000000000,4,Weekly
O:AMD170609C00011500,2017-06-05,2017-06-09,AMD,C,115.0,19588,0.07,0.15,0.19,0.07,727,1496635200000000000,4,Weekly
O:AMD170609C00012000,2017-06-05,2017-06-09,AMD,C,120.0,4897,0.03,0.06,0.06,0.03,148,1496635200000000000,4,Weekly
O:AMD170609C00012500,2017-06-05,2017-06-09,AMD,C,125.0,1411,0.02,0.02,0.02,0.01,40,1496635200000000000,4,Weekly
O:AMD170609C00013000,2017-06-05,2017-06-09,AMD,C,130.0,21,0.01,0.01,0.01,0.01,2,1496635200000000000,4,Weekly
O:AMD170609C00014000,2017-06-05,2017-06-09,AMD,C,140.0,15,0.01,0.01,0.01,0.01,2,1496635200000000000,4,Weekly
O:AMD170609P00009500,2017-06-05,2017-06-09,AMD,P,95.0,21,0.01,0.01,0.01,0.01,1,1496635200000000000,4,Weekly
O:AMD170609P00010000,2017-06-05,2017-06-09,AMD,P,100.0,372,0.03,0.01,0.03,0.01,18,1496635200000000000,4,Weekly
O:AMD170609P00010500,2017-06-05,2017-06-09,AMD,P,105.0,641,0.12,0.03,0.12,0.03,61,1496635200000000000,4,Weekly
O:AMD170609P00011000,2017-06-05,2017-06-09,AMD,P,110.0,3799,0.3,0.14,0.3,0.12,193,1496635200000000000,4,Weekly
O:AMD170609P00011500,2017-06-05,2017-06-09,AMD,P,115.0,4333,0.69,0.4,0.71,0.35,95,1496635200000000000,4,Weekly
O:AMD170609P00012000,2017-06-05,2017-06-09,AMD,P,120.0,283,1.08,0.81,1.08,0.76,29,1496635200000000000,4,Weekly
O:AMD170609P00012500,2017-06-05,2017-06-09,AMD,P,125.0,154,1.41,1.28,1.43,1.25,12,1496635200000000000,4,Weekly
O:AMD170609P00013000,2017-06-05,2017-06-09,AMD,P,130.0,137,2.0,1.74,2.0,1.68,9,1496635200000000000,4,Weekly
O:AMD170609P00013500,2017-06-05,2017-06-09,AMD,P,135.0,26,2.39,2.39,2.39,2.39,1,1496635200000000000,4,Weekly
O:AMD170623C00009000,2017-06-19,2017-06-23,AMD,C,90.0,2,2.95,2.75,2.95,2.75,2,1497844800000000000,4,Weekly
O:AMD170623C00009500,2017-06-19,2017-06-23,AMD,C,95.0,30,2.25,2.25,2.25,2.25,1,1497844800000000000,4,Weekly
O:AMD170623C00010000,2017-06-19,2017-06-23,AMD,C,100.0,53,1.9,1.94,2.09,1.9,4,1497844800000000000,4,Weekly
O:AMD170623C00010500,2017-06-19,2017-06-23,AMD,C,105.0,58,0.98,1.37,1.55,0.98,13,1497844800000000000,4,Weekly
O:AMD170623C00011000,2017-06-19,2017-06-23,AMD,C,110.0,842,0.68,0.97,1.12,0.68,92,1497844800000000000,4,Weekly
O:AMD170623C00011500,2017-06-19,2017-06-23,AMD,C,115.0,6647,0.38,0.56,0.7,0.38,422,1497844800000000000,4,Weekly
O:AMD170623C00012000,2017-06-19,2017-06-23,AMD,C,120.0,18035,0.17,0.26,0.37,0.17,1128,1497844800000000000,4,Weekly
O:AMD170623C00012500,2017-06-19,2017-06-23,AMD,C,125.0,16548,0.09,0.11,0.17,0.07,497,1497844800000000000,4,Weekly
O:AMD170623C00013000,2017-06-19,2017-06-23,AMD,C,130.0,4987,0.05,0.06,0.08,0.02,158,1497844800000000000,4,Weekly
O:AMD170623C00013500,2017-06-19,2017-06-23,AMD,C,135.0,2508,0.04,0.03,0.04,0.02,22,1497844800000000000,4,Weekly
O:AMD170623C00014500,2017-06-19,2017-06-23,AMD,C,145.0,157,0.01,0.02,0.02,0.01,4,1497844800000000000,4,Weekly
O:AMD170623C00015000,2017-06-19,2017-06-23,AMD,C,150.0,88,0.01,0.01,0.02,0.01,35,1497844800000000000,4,Weekly
O:AMD170623C00015500,2017-06-19,2017-06-23,AMD,C,155.0,2,0.02,0.02,0.02,0.02,1,1497844800000000000,4,Weekly
O:AMD170623P00009000,2017-06-19,2017-06-23,AMD,P,90.0,50,0.01,0.01,0.01,0.01,4,1497844800000000000,4,Weekly
O:AMD170623P00010500,2017-06-19,2017-06-23,AMD,P,105.0,248,0.02,0.02,0.02,0.02,13,1497844800000000000,4,Weekly
O:AMD170623P00011000,2017-06-19,2017-06-23,AMD,P,110.0,3219,0.04,0.05,0.08,0.04,120,1497844800000000000,4,Weekly
O:AMD170623P00011500,2017-06-19,2017-06-23,AMD,P,115.0,5147,0.27,0.12,0.27,0.08,278,1497844800000000000,4,Weekly
O:AMD170623P00012000,2017-06-19,2017-06-23,AMD,P,120.0,5243,0.46,0.33,0.48,0.26,265,1497844800000000000,4,Weekly
O:AMD170623P00012500,2017-06-19,2017-06-23,AMD,P,125.0,759,0.85,0.7,0.89,0.61,48,1497844800000000000,4,Weekly
O:AMD170623P00013000,2017-06-19,2017-06-23,AMD,P,130.0,186,1.31,1.16,1.33,0.99,21,1497844800000000000,4,Weekly
O:AMD170623P00013500,2017-06-19,2017-06-23,AMD,P,135.0,10,1.8,1.61,1.8,1.61,5,1497844800000000000,4,Weekly
O:AMD170623P00014000,2017-06-19,2017-06-23,AMD,P,140.0,106,2.06,2.1,2.19,2.06,37,1497844800000000000,4,Weekly
O:AMD170630C00010000,2017-06-26,2017-06-30,AMD,C,100.0,41,3.97,4.08,4.15,3.97,4,1498449600000000000,4,Weekly
O:AMD170630C00010500,2017-06-26,2017-06-30,AMD,C,105.0,10,3.65,3.65,3.65,3.65,1,1498449600000000000,4,Weekly
O:AMD170630C00011000,2017-06-26,2017-06-30,AMD,C,110.0,21,3.45,2.95,3.45,2.95,6,1498449600000000000,4,Weekly
O:AMD170630C00011500,2017-06-26,2017-06-30,AMD,C,115.0,38,2.53,2.62,2.7,2.52,9,1498449600000000000,4,Weekly
O:AMD170630C00012000,2017-06-26,2017-06-30,AMD,C,120.0,714,2.36,2.07,2.45,1.93,75,1498449600000000000,4,Weekly
O:AMD170630C00012500,2017-06-26,2017-06-30,AMD,C,125.0,298,1.94,1.63,1.94,1.42,31,1498449600000000000,4,Weekly
O:AMD170630C00013000,2017-06-26,2017-06-30,AMD,C,130.0,981,1.39,1.14,1.51,0.97,84,1498449600000000000,4,Weekly
O:AMD170630C00013500,2017-06-26,2017-06-30,AMD,C,135.0,1541,0.98,0.77,1.05,0.66,102,1498449600000000000,4,Weekly
O:AMD170630C00014000,2017-06-26,2017-06-30,AMD,C,140.0,10107,0.61,0.45,0.7,0.38,547,1498449600000000000,4,Weekly
O:AMD170630C00014500,2017-06-26,2017-06-30,AMD,C,145.0,15722,0.36,0.25,0.44,0.2,743,1498449600000000000,4,Weekly
O:AMD170630C00015000,2017-06-26,2017-06-30,AMD,C,150.0,8230,0.19,0.13,0.26,0.11,392,1498449600000000000,4,Weekly
O:AMD170630C00015500,2017-06-26,2017-06-30,AMD,C,155.0,2303,0.13,0.07,0.13,0.06,104,1498449600000000000,4,Weekly
O:AMD170630C00016000,2017-06-26,2017-06-30,AMD,C,160.0,2566,0.08,0.03,0.09,0.03,81,1498449600000000000,4,Weekly
O:AMD170630C00016500,2017-06-26,2017-06-30,AMD,C,165.0,116,0.04,0.03,0.04,0.02,7,1498449600000000000,4,Weekly
O:AMD170630C00017000,2017-06-26,2017-06-30,AMD,C,170.0,50,0.02,0.02,0.02,0.02,2,1498449600000000000,4,Weekly
O:AMD170630C00017500,2017-06-26,2017-06-30,AMD,C,175.0,200,0.02,0.02,0.02,0.02,2,1498449600000000000,4,Weekly
O:AMD170630C00018000,2017-06-26,2017-06-30,AMD,C,180.0,50,0.01,0.01,0.01,0.01,1,1498449600000000000,4,Weekly
O:AMD170630C00019000,2017-06-26,2017-06-30,AMD,C,190.0,25,0.01,0.01,0.01,0.01,10,1498449600000000000,4,Weekly
O:AMD170630C00020000,2017-06-26,2017-06-30,AMD,C,200.0,1,0.01,0.01,0.01,0.01,1,1498449600000000000,4,Weekly
O:AMD170630P00010000,2017-06-26,2017-06-30,AMD,P,100.0,6,0.01,0.01,0.01,0.01,1,1498449600000000000,4,Weekly
O:AMD170630P00010500,2017-06-26,2017-06-30,AMD,P,105.0,6,0.01,0.01,0.01,0.01,1,1498449600000000000,4,Weekly
O:AMD170630P00011000,2017-06-26,2017-06-30,AMD,P,110.0,23,0.01,0.01,0.02,0.01,5,1498449600000000000,4,Weekly
O:AMD170630P00011500,2017-06-26,2017-06-30,AMD,P,115.0,886,0.01,0.01,0.02,0.01,13,1498449600000000000,4,Weekly
O:AMD170630P00012000,2017-06-26,2017-06-30,AMD,P,120.0,620,0.02,0.02,0.03,0.01,27,1498449600000000000,4,Weekly
O:AMD170630P00012500,2017-06-26,2017-06-30,AMD,P,125.0,2449,0.03,0.04,0.06,0.03,74,1498449600000000000,4,Weekly
O:AMD170630P00013000,2017-06-26,2017-06-30,AMD,P,130.0,3158,0.08,0.08,0.12,0.04,162,1498449600000000000,4,Weekly
O:AMD170630P00013500,2017-06-26,2017-06-30,AMD,P,135.0,6476,0.12,0.19,0.27,0.1,340,1498449600000000000,4,Weekly
O:AMD170630P00014000,2017-06-26,2017-06-30,AMD,P,140.0,14338,0.34,0.38,0.51,0.23,675,1498449600000000000,4,Weekly
O:AMD170630P00014500,2017-06-26,2017-06-30,AMD,P,145.0,1916,0.3,0.68,0.82,0.3,149,1498449600000000000,4,Weekly
O:AMD170630P00015000,2017-06-26,2017-06-30,AMD,P,150.0,573,0.78,1.18,1.2,0.78,33,1498449600000000000,4,Weekly
O:AMD170630P00015500,2017-06-26,2017-06-30,AMD,P,155.0,200,1.26,1.51,1.68,1.26,35,1498449600000000000,4,Weekly
O:AMD170630P00016000,2017-06-26,2017-06-30,AMD,P,160.0,117,1.66,2.01,2.16,1.66,27,1498449600000000000,4,Weekly
O:AMD170630P00016500,2017-06-26,2017-06-30,AMD,P,165.0,3,2.42,2.36,2.42,2.34,3,1498449600000000000,4,Weekly
O:AMD170630P00017000,2017-06-26,2017-06-30,AMD,P,170.0,17,2.99,3.06,3.06,2.99,6,1498449600000000000,4,Weekly
O:AMD170630P00018000,2017-06-26,2017-06-30,AMD,P,180.0,21,4.0,4.1,4.1,4.0,2,1498449600000000000,4,Weekly
O:AMD170707C00010000,2017-07-03,2017-07-07,AMD,C,100.0,21,2.48,2.15,2.48,2.15,2,1499054400000000000,4,Weekly
O:AMD170707C00010500,2017-07-03,2017-07-07,AMD,C,105.0,60,2.01,1.69,2.02,1.69,4,1499054400000000000,4,Weekly
O:AMD170707C00011000,2017-07-03,2017-07-07,AMD,C,110.0,76,1.52,1.18,1.52,1.18,22,1499054400000000000,4,Weekly
O:AMD170707C00011500,2017-07-03,2017-07-07,AMD,C,115.0,225,1.1,0.75,1.15,0.75,27,1499054400000000000,4,Weekly
O:AMD170707C00012000,2017-07-03,2017-07-07,AMD,C,120.0,1392,0.75,0.37,0.75,0.37,89,1499054400000000000,4,Weekly
O:AMD170707C00012500,2017-07-03,2017-07-07,AMD,C,125.0,5934,0.33,0.16,0.42,0.15,321,1499054400000000000,4,Weekly
O:AMD170707C00013000,2017-07-03,2017-07-07,AMD,C,130.0,6447,0.16,0.05,0.19,0.05,330,1499054400000000000,4,Weekly
O:AMD170707C00013500,2017-07-03,2017-07-07,AMD,C,135.0,3031,0.09,0.02,0.09,0.02,93,1499054400000000000,4,Weekly
O:AMD170707C00014000,2017-07-03,2017-07-07,AMD,C,140.0,1187,0.03,0.01,0.04,0.01,39,1499054400000000000,4,Weekly
O:AMD170707C00014500,2017-07-03,2017-07-07,AMD,C,145.0,2,0.03,0.01,0.03,0.01,2,1499054400000000000,4,Weekly
O:AMD170707C00015000,2017-07-03,2017-07-07,AMD,C,150.0,117,0.02,0.01,0.02,0.01,12,1499054400000000000,4,Weekly
O:AMD170707C00015500,2017-07-03,2017-07-07,AMD,C,155.0,71,0.01,0.01,0.01,0.01,3,1499054400000000000,4,Weekly
O:AMD170707C00016000,2017-07-03,2017-07-07,AMD,C,160.0,110,0.01,0.01,0.01,0.01,1,1499054400000000000,4,Weekly
O:AMD170707P00010000,2017-07-03,2017-07-07,AMD,P,100.0,124,0.01,0.01,0.02,0.01,11,1499054400000000000,4,Weekly
O:AMD170707P00010500,2017-07-03,2017-07-07,AMD,P,105.0,2,0.01,0.01,0.01,0.01,2,1499054400000000000,4,Weekly
O:AMD170707P00011000,2017-07-03,2017-07-07,AMD,P,110.0,2232,0.02,0.02,0.03,0.01,26,1499054400000000000,4,Weekly
O:AMD170707P00011500,2017-07-03,2017-07-07,AMD,P,115.0,1725,0.05,0.07,0.08,0.03,51,1499054400000000000,4,Weekly
O:AMD170707P00012000,2017-07-03,2017-07-07,AMD,P,120.0,4763,0.13,0.22,0.23,0.09,191,1499054400000000000,4,Weekly
O:AMD170707P00012500,2017-07-03,2017-07-07,AMD,P,125.0,5190,0.31,0.49,0.5,0.25,144,1499054400000000000,4,Weekly
O:AMD170707P00013000,2017-07-03,2017-07-07,AMD,P,130.0,657,0.55,0.9,0.9,0.49,65,1499054400000000000,4,Weekly
O:AMD170707P00013500,2017-07-03,2017-07-07,AMD,P,135.0,228,1.03,1.31,1.33,0.94,25,1499054400000000000,4,Weekly
O:AMD170707P00014000,2017-07-03,2017-07-07,AMD,P,140.0,52,1.48,1.85,1.85,1.41,14,1499054400000000000,4,Weekly
O:AMD170707P00014500,2017-07-03,2017-07-07,AMD,P,145.0,43,2.05,2.31,2.31,1.91,11,1499054400000000000,4,Weekly
O:AMD170707P00015000,2017-07-03,2017-07-07,AMD,P,150.0,92,2.45,2.76,2.76,2.45,11,1499054400000000000,4,Weekly
O:AMD170707P00016000,2017-07-03,2017-07-07,AMD,P,160.0,6,3.4,3.6,3.6,3.4,2,1499054400000000000,4,Weekly
O:AMD170714C00006000,2017-07-10,2017-07-14,AMD,C,60.0,1,7.52,7.52,7.52,7.52,1,1499659200000000000,4,Weekly
O:AMD170714C00008500,2017-07-10,2017-07-14,AMD,C,85.0,1,5.0,5.0,5.0,5.0,1,1499659200000000000,4,Weekly
O:AMD170714C00010500,2017-07-10,2017-07-14,AMD,C,105.0,40,3.02,3.35,3.35,3.02,3,1499659200000000000,4,Weekly
O:AMD170714C00011000,2017-07-10,2017-07-14,AMD,C,110.0,7,2.76,2.83,2.83,2.76,3,1499659200000000000,4,Weekly
O:AMD170714C00011500,2017-07-10,2017-07-14,AMD,C,115.0,326,1.92,2.2,2.2,1.86,11,1499659200000000000,4,Weekly
O:AMD170714C00012000,2017-07-10,2017-07-14,AMD,C,120.0,707,1.62,1.83,1.83,1.45,33,1499659200000000000,4,Weekly
O:AMD170714C00012500,2017-07-10,2017-07-14,AMD,C,125.0,831,1.24,1.37,1.37,0.98,47,1499659200000000000,4,Weekly
O:AMD170714C00013000,2017-07-10,2017-07-14,AMD,C,130.0,3260,0.95,0.94,0.98,0.64,232,1499659200000000000,4,Weekly
O:AMD170714C00013500,2017-07-10,2017-07-14,AMD,C,135.0,8286,0.58,0.57,0.61,0.4,539,1499659200000000000,4,Weekly
O:AMD170714C00014000,2017-07-10,2017-07-14,AMD,C,140.0,15744,0.37,0.33,0.44,0.22,725,1499659200000000000,4,Weekly
O:AMD170714C00014500,2017-07-10,2017-07-14,AMD,C,145.0,5582,0.35,0.17,0.35,0.12,336,1499659200000000000,4,Weekly
O:AMD170714C00015000,2017-07-10,2017-07-14,AMD,C,150.0,3226,0.17,0.11,0.18,0.07,184,1499659200000000000,4,Weekly
O:AMD170714C00015500,2017-07-10,2017-07-14,AMD,C,155.0,1375,0.13,0.06,0.13,0.05,63,1499659200000000000,4,Weekly
O:AMD170714C00016000,2017-07-10,2017-07-14,AMD,C,160.0,5684,0.09,0.04,0.09,0.03,82,1499659200000000000,4,Weekly
O:AMD170714C00017000,2017-07-10,2017-07-14,AMD,C,170.0,1383,0.07,0.02,0.07,0.02,22,1499659200000000000,4,Weekly
O:AMD170714C00017500,2017-07-10,2017-07-14,AMD,C,175.0,101,0.02,0.02,0.02,0.02,3,1499659200000000000,4,Weekly
O:AMD170714C00018000,2017-07-10,2017-07-14,AMD,C,180.0,365,0.02,0.01,0.02,0.01,6,1499659200000000000,4,Weekly
O:AMD170714C00019000,2017-07-10,2017-07-14,AMD,C,190.0,11,0.01,0.01,0.01,0.01,10,1499659200000000000,4,Weekly
O:AMD170714P00010500,2017-07-10,2017-07-14,AMD,P,105.0,50,0.01,0.01,0.01,0.01,1,1499659200000000000,4,Weekly
O:AMD170714P00011000,2017-07-10,2017-07-14,AMD,P,110.0,348,0.02,0.02,0.02,0.01,40,1499659200000000000,4,Weekly
O:AMD170714P00011500,2017-07-10,2017-07-14,AMD,P,115.0,875,0.03,0.02,0.05,0.01,22,1499659200000000000,4,Weekly
O:AMD170714P00012000,2017-07-10,2017-07-14,AMD,P,120.0,1722,0.08,0.02,0.08,0.02,76,1499659200000000000,4,Weekly
O:AMD170714P00012500,2017-07-10,2017-07-14,AMD,P,125.0,2785,0.14,0.05,0.17,0.04,163,1499659200000000000,4,Weekly
O:AMD170714P00013000,2017-07-10,2017-07-14,AMD,P,130.0,16097,0.28,0.11,0.35,0.1,306,1499659200000000000,4,Weekly
O:AMD170714P00013500,2017-07-10,2017-07-14,AMD,P,135.0,15635,0.31,0.26,0.62,0.2,401,1499659200000000000,4,Weekly
O:AMD170714P00014000,2017-07-10,2017-07-14,AMD,P,140.0,6940,0.8,0.51,0.94,0.47,245,1499659200000000000,4,Weekly
O:AMD170714P00014500,2017-07-10,2017-07-14,AMD,P,145.0,170,1.15,0.85,1.23,0.85,21,1499659200000000000,4,Weekly
O:AMD170714P00015000,2017-07-10,2017-07-14,AMD,P,150.0,9,1.79,1.62,1.79,1.62,2,1499659200000000000,4,Weekly
O:AMD170714P00015500,2017-07-10,2017-07-14,AMD,P,155.0,362,2.03,1.99,2.03,1.99,6,1499659200000000000,4,Weekly
O:AMD170714P00016000,2017-07-10,2017-07-14,AMD,P,160.0,60,2.26,2.3,2.3,2.26,2,1499659200000000000,4,Weekly
O:AMD170728C00007500,2017-07-24,2017-07-28,AMD,C,75.0,1,6.8,6.8,6.8,6.8,1,1500868800000000000,4,Weekly
O:AMD170728C00009000,2017-07-24,2017-07-28,AMD,C,90.0,15,5.32,5.32,5.32,5.32,1,1500868800000000000,4,Weekly
O:AMD170728C00009500,2017-07-24,2017-07-28,AMD,C,95.0,2,4.65,4.65,4.65,4.65,1,1500868800000000000,4,Weekly
O:AMD170728C00010000,2017-07-24,2017-07-28,AMD,C,100.0,11,4.4,4.2,4.4,4.2,5,1500868800000000000,4,Weekly
O:AMD170728C00011000,2017-07-24,2017-07-28,AMD,C,110.0,433,3.4,3.2,3.4,3.2,13,1500868800000000000,4,Weekly
O:AMD170728C00011500,2017-07-24,2017-07-28,AMD,C,115.0,264,2.82,2.99,3.0,2.82,16,1500868800000000000,4,Weekly
O:AMD170728C00012000,2017-07-24,2017-07-28,AMD,C,120.0,375,2.27,2.29,2.54,2.25,59,1500868800000000000,4,Weekly
O:AMD170728C00012500,2017-07-24,2017-07-28,AMD,C,125.0,508,1.7,1.93,2.12,1.7,44,1500868800000000000,4,Weekly
O:AMD170728C00013000,2017-07-24,2017-07-28,AMD,C,130.0,1648,1.42,1.54,1.75,1.42,130,1500868800000000000,4,Weekly
O:AMD170728C00013500,2017-07-24,2017-07-28,AMD,C,135.0,2152,1.07,1.21,1.4,1.07,261,1500868800000000000,4,Weekly
O:AMD170728C00014000,2017-07-24,2017-07-28,AMD,C,140.0,6841,0.8,0.92,1.11,0.8,661,1500868800000000000,4,Weekly
O:AMD170728C00014500,2017-07-24,2017-07-28,AMD,C,145.0,14184,0.61,0.71,0.87,0.61,964,1500868800000000000,4,Weekly
O:AMD170728C00015000,2017-07-24,2017-07-28,AMD,C,150.0,9214,0.62,0.51,0.66,0.46,733,1500868800000000000,4,Weekly
O:AMD170728C00015500,2017-07-24,2017-07-28,AMD,C,155.0,7748,0.32,0.38,0.49,0.32,379,1500868800000000000,4,Weekly
O:AMD170728C00016000,2017-07-24,2017-07-28,AMD,C,160.0,5735,0.23,0.27,0.36,0.23,302,1500868800000000000,4,Weekly
O:AMD170728C00016500,2017-07-24,2017-07-28,AMD,C,165.0,10391,0.17,0.18,0.26,0.16,298,1500868800000000000,4,Weekly
O:AMD170728C00017000,2017-07-24,2017-07-28,AMD,C,170.0,6761,0.14,0.14,0.18,0.11,177,1500868800000000000,4,Weekly
O:AMD170728C00017500,2017-07-24,2017-07-28,AMD,C,175.0,1291,0.1,0.1,0.13,0.08,34,1500868800000000000,4,Weekly
O:AMD170728C00018000,2017-07-24,2017-07-28,AMD,C,180.0,1453,0.07,0.05,0.09,0.05,73,1500868800000000000,4,Weekly
O:AMD170728C00019000,2017-07-24,2017-07-28,AMD,C,190.0,435,0.04,0.04,0.05,0.04,7,1500868800000000000,4,Weekly
O:AMD170728C00020000,2017-07-24,2017-07-28,AMD,C,200.0,200,0.02,0.02,0.02,0.02,7,1500868800000000000,4,Weekly
O:AMD170728P00010000,2017-07-24,2017-07-28,AMD,P,100.0,240,0.01,0.01,0.02,0.01,12,1500868800000000000,4,Weekly
O:AMD170728P00010500,2017-07-24,2017-07-28,AMD,P,105.0,278,0.03,0.04,0.04,0.02,8,1500868800000000000,4,Weekly
O:AMD170728P00011000,2017-07-24,2017-07-28,AMD,P,110.0,3092,0.03,0.04,0.05,0.03,69,1500868800000000000,4,Weekly
O:AMD170728P00011500,2017-07-24,2017-07-28,AMD,P,115.0,1504,0.09,0.08,0.09,0.06,51,1500868800000000000,4,Weekly
O:AMD170728P00012000,2017-07-24,2017-07-28,AMD,P,120.0,2679,0.17,0.13,0.17,0.11,186,1500868800000000000,4,Weekly
O:AMD170728P00012500,2017-07-24,2017-07-28,AMD,P,125.0,3094,0.29,0.23,0.29,0.18,221,1500868800000000000,4,Weekly
O:AMD170728P00013000,2017-07-24,2017-07-28,AMD,P,130.0,5745,0.33,0.36,0.44,0.29,367,1500868800000000000,4,Weekly
O:AMD170728P00013500,2017-07-24,2017-07-28,AMD,P,135.0,8589,0.59,0.54,0.59,0.44,658,1500868800000000000,4,Weekly
O:AMD170728P00014000,2017-07-24,2017-07-28,AMD,P,140.0,6344,0.85,0.78,0.85,0.65,427,1500868800000000000,4,Weekly
O:AMD170728P00014500,2017-07-24,2017-07-28,AMD,P,145.0,699,1.19,1.04,1.19,0.9,125,1500868800000000000,4,Weekly
O:AMD170728P00015000,2017-07-24,2017-07-28,AMD,P,150.0,115,1.42,1.35,1.42,1.2,30,1500868800000000000,4,Weekly
O:AMD170728P00015500,2017-07-24,2017-07-28,AMD,P,155.0,118,1.55,1.72,1.72,1.55,9,1500868800000000000,4,Weekly
O:AMD170728P00016000,2017-07-24,2017-07-28,AMD,P,160.0,40,1.95,2.09,2.13,1.94,11,1500868800000000000,4,Weekly
O:AMD170728P00016500,2017-07-24,2017-07-28,AMD,P,165.0,3,2.45,2.4,2.45,2.4,2,1500868800000000000,4,Weekly
O:AMD170728P00017000,2017-07-24,2017-07-28,AMD,P,170.0,1,2.83,2.83,2.83,2.83,1,1500868800000000000,4,Weekly
O:AMD170728P00017500,2017-07-24,2017-07-28,AMD,P,175.0,20,3.2,3.2,3.2,3.2,1,1500868800000000000,4,Weekly
O:AMD170804C00012000,2017-07-31,2017-08-04,AMD,C,120.0,78,2.15,1.57,2.15,1.57,8,1501473600000000000,4,Weekly
O:AMD170804C00012500,2017-07-31,2017-08-04,AMD,C,125.0,282,1.65,1.14,1.65,1.1,24,1501473600000000000,4,Weekly
O:AMD170804C00013000,2017-07-31,2017-08-04,AMD,C,130.0,1895,1.19,0.71,1.19,0.64,93,1501473600000000000,4,Weekly
O:AMD170804C00013500,2017-07-31,2017-08-04,AMD,C,135.0,3567,0.69,0.36,0.83,0.32,250,1501473600000000000,4,Weekly
O:AMD170804C00014000,2017-07-31,2017-08-04,AMD,C,140.0,11989,0.39,0.16,0.5,0.14,716,1501473600000000000,4,Weekly
O:AMD170804C00014500,2017-07-31,2017-08-04,AMD,C,145.0,8489,0.21,0.06,0.26,0.05,451,1501473600000000000,4,Weekly
O:AMD170804C00015000,2017-07-31,2017-08-04,AMD,C,150.0,4242,0.11,0.03,0.12,0.02,197,1501473600000000000,4,Weekly
O:AMD170804C00015500,2017-07-31,2017-08-04,AMD,C,155.0,1218,0.05,0.02,0.05,0.02,40,1501473600000000000,4,Weekly
O:AMD170804C00016000,2017-07-31,2017-08-04,AMD,C,160.0,172,0.03,0.01,0.03,0.01,21,1501473600000000000,4,Weekly
O:AMD170804C00016500,2017-07-31,2017-08-04,AMD,C,165.0,101,0.02,0.01,0.02,0.01,10,1501473600000000000,4,Weekly
O:AMD170804C00017000,2017-07-31,2017-08-04,AMD,C,170.0,110,0.01,0.01,0.02,0.01,7,1501473600000000000,4,Weekly
O:AMD170804C00017500,2017-07-31,2017-08-04,AMD,C,175.0,38,0.01,0.01,0.01,0.01,1,1501473600000000000,4,Weekly
O:AMD170804P00011500,2017-07-31,2017-08-04,AMD,P,115.0,208,0.01,0.01,0.01,0.01,15,1501473600000000000,4,Weekly
O:AMD170804P00012000,2017-07-31,2017-08-04,AMD,P,120.0,224,0.02,0.02,0.03,0.01,21,1501473600000000000,4,Weekly
O:AMD170804P00012500,2017-07-31,2017-08-04,AMD,P,125.0,595,0.03,0.05,0.06,0.02,36,1501473600000000000,4,Weekly
O:AMD170804P00013000,2017-07-31,2017-08-04,AMD,P,130.0,2853,0.06,0.1,0.13,0.04,120,1501473600000000000,4,Weekly
O:AMD170804P00013500,2017-07-31,2017-08-04,AMD,P,135.0,4977,0.14,0.25,0.33,0.12,313,1501473600000000000,4,Weekly
O:AMD170804P00014000,2017-07-31,2017-08-04,AMD,P,140.0,3505,0.32,0.55,0.64,0.27,202,1501473600000000000,4,Weekly
O:AMD170804P00014500,2017-07-31,2017-08-04,AMD,P,145.0,805,0.68,0.94,1.05,0.53,53,1501473600000000000,4,Weekly
O:AMD170804P00015000,2017-07-31,2017-08-04,AMD,P,150.0,252,0.9,1.4,1.47,0.9,37,1501473600000000000,4,Weekly
O:AMD170804P00015500,2017-07-31,2017-08-04,AMD,P,155.0,73,1.42,1.88,1.95,1.42,10,1501473600000000000,4,Weekly
O:AMD170804P00016000,2017-07-31,2017-08-04,AMD,P,160.0,126,1.9,2.43,2.43,1.9,7,1501473600000000000,4,Weekly
O:AMD170804P00016500,2017-07-31,2017-08-04,AMD,P,165.0,66,2.39,2.9,2.9,2.39,2,1501473600000000000,4,Weekly
O:AMD170804P00017000,2017-07-31,2017-08-04,AMD,P,170.0,43,2.93,2.92,2.93,2.92,2,1501473600000000000,4,Weekly
O:AMD170811C00009500,2017-08-07,2017-08-11,AMD,C,95.0,1,4.06,4.06,4.06,4.06,1,1502078400000000000,4,Weekly
O:AMD170811C00010000,2017-08-07,2017-08-11,AMD,C,100.0,1,3.4,3.4,3.4,3.4,1,1502078400000000000,4,Weekly
O:AMD170811C00011000,2017-08-07,2017-08-11,AMD,C,110.0,11,2.52,2.49,2.52,2.49,5,1502078400000000000,4,Weekly
O:AMD170811C00011500,2017-08-07,2017-08-11,AMD,C,115.0,1,1.94,1.94,1.94,1.94,1,1502078400000000000,4,Weekly
O:AMD170811C00012000,2017-08-07,2017-08-11,AMD,C,120.0,54,1.51,1.44,1.53,1.4,7,1502078400000000000,4,Weekly
O:AMD170811C00012500,2017-08-07,2017-08-11,AMD,C,125.0,423,1.06,0.92,1.06,0.92,21,1502078400000000000,4,Weekly
O:AMD170811C00013000,2017-08-07,2017-08-11,AMD,C,130.0,4098,0.52,0.55,0.71,0.5,185,1502078400000000000,4,Weekly
O:AMD170811C00013500,2017-08-07,2017-08-11,AMD,C,135.0,8774,0.25,0.26,0.4,0.23,624,1502078400000000000,4,Weekly
O:AMD170811C00014000,2017-08-07,2017-08-11,AMD,C,140.0,9455,0.1,0.11,0.2,0.09,432,1502078400000000000,4,Weekly
O:AMD170811C00014500,2017-08-07,2017-08-11,AMD,C,145.0,3674,0.05,0.05,0.1,0.04,99,1502078400000000000,4,Weekly
O:AMD170811C00015000,2017-08-07,2017-08-11,AMD,C,150.0,944,0.03,0.03,0.04,0.02,38,1502078400000000000,4,Weekly
O:AMD170811C00015500,2017-08-07,2017-08-11,AMD,C,155.0,16,0.02,0.02,0.02,0.01,6,1502078400000000000,4,Weekly
O:AMD170811C00016000,2017-08-07,2017-08-11,AMD,C,160.0,808,0.01,0.01,0.01,0.01,14,1502078400000000000,4,Weekly
O:AMD170811P00011000,2017-08-07,2017-08-11,AMD,P,110.0,10,0.01,0.01,0.01,0.01,2,1502078400000000000,4,Weekly
O:AMD170811P00011500,2017-08-07,2017-08-11,AMD,P,115.0,12,0.01,0.01,0.01,0.01,2,1502078400000000000,4,Weekly
O:AMD170811P00012000,2017-08-07,2017-08-11,AMD,P,120.0,495,0.03,0.02,0.04,0.01,14,1502078400000000000,4,Weekly
O:AMD170811P00012500,2017-08-07,2017-08-11,AMD,P,125.0,960,0.08,0.04,0.08,0.03,39,1502078400000000000,4,Weekly
O:AMD170811P00013000,2017-08-07,2017-08-11,AMD,P,130.0,6027,0.23,0.12,0.23,0.11,299,1502078400000000000,4,Weekly
O:AMD170811P00013500,2017-08-07,2017-08-11,AMD,P,135.0,2023,0.36,0.34,0.42,0.32,121,1502078400000000000,4,Weekly
O:AMD170811P00014000,2017-08-07,2017-08-11,AMD,P,140.0,2504,0.68,0.69,0.76,0.64,66,1502078400000000000,4,Weekly
O:AMD170811P00014500,2017-08-07,2017-08-11,AMD,P,145.0,390,1.3,1.15,1.3,1.07,22,1502078400000000000,4,Weekly
O:AMD170811P00015000,2017-08-07,2017-08-11,AMD,P,150.0,152,1.57,1.63,1.63,1.53,6,1502078400000000000,4,Weekly
O:AMD170811P00015500,2017-08-07,2017-08-11,AMD,P,155.0,22,2.0,2.09,2.09,2.0,4,1502078400000000000,4,Weekly
O:AMD170811P00016000,2017-08-07,2017-08-11,AMD,P,160.0,67,2.6,2.62,2.66,2.58,7,1502078400000000000,4,Weekly
O:AMD170811P00016500,2017-08-07,2017-08-11,AMD,P,165.0,2,3.05,3.17,3.17,3.05,2,1502078400000000000,4,Weekly
O:AMD170825C00008000,2017-08-21,2017-08-25,AMD,C,80.0,13,4.3,4.26,4.3,4.26,2,1503288000000000000,4,Weekly
O:AMD170825C00009500,2017-08-21,2017-08-25,AMD,C,95.0,4,2.48,2.48,2.48,2.48,1,1503288000000000000,4,Weekly
O:AMD170825C00010000,2017-08-21,2017-08-25,AMD,C,100.0,39,1.9,2.02,2.02,1.9,12,1503288000000000000,4,Weekly
O:AMD170825C00010500,2017-08-21,2017-08-25,AMD,C,105.0,163,1.48,1.47,1.48,1.4,6,1503288000000000000,4,Weekly
O:AMD170825C00011000,2017-08-21,2017-08-25,AMD,C,110.0,669,1.25,1.04,1.31,0.94,21,1503288000000000000,4,Weekly
O:AMD170825C00011500,2017-08-21,2017-08-25,AMD,C,115.0,1902,0.8,0.6,0.87,0.51,90,1503288000000000000,4,Weekly
O:AMD170825C00012000,2017-08-21,2017-08-25,AMD,C,120.0,7840,0.56,0.29,0.56,0.23,441,1503288000000000000,4,Weekly
O:AMD170825C00012500,2017-08-21,2017-08-25,AMD,C,125.0,10399,0.26,0.1,0.27,0.08,424,1503288000000000000,4,Weekly
O:AMD170825C00013000,2017-08-21,2017-08-25,AMD,C,130.0,3110,0.11,0.03,0.11,0.03,150,1503288000000000000,4,Weekly
O:AMD170825C00013500,2017-08-21,2017-08-25,AMD,C,135.0,504,0.03,0.02,0.03,0.01,52,1503288000000000000,4,Weekly
O:AMD170825C00014000,2017-08-21,2017-08-25,AMD,C,140.0,267,0.01,0.01,0.02,0.01,97,1503288000000000000,4,Weekly
O:AMD170825C00014500,2017-08-21,2017-08-25,AMD,C,145.0,120,0.01,0.01,0.01,0.01,9,1503288000000000000,4,Weekly
O:AMD170825C00015000,2017-08-21,2017-08-25,AMD,C,150.0,70,0.01,0.01,0.01,0.01,4,1503288000000000000,4,Weekly
O:AMD170825C00015500,2017-08-21,2017-08-25,AMD,C,155.0,2,0.01,0.01,0.01,0.01,1,1503288000000000000,4,Weekly
O:AMD170825C00016500,2017-08-21,2017-08-25,AMD,C,165.0,1,0.01,0.01,0.01,0.01,1,1503288000000000000,4,Weekly
O:AMD170825C00017000,2017-08-21,2017-08-25,AMD,C,170.0,13,0.01,0.01,0.01,0.01,2,1503288000000000000,4,Weekly
O:AMD170825C00017500,2017-08-21,2017-08-25,AMD,C,175.0,10,0.01,0.01,0.01,0.01,1,1503288000000000000,4,Weekly
O:AMD170825P00010000,2017-08-21,2017-08-25,AMD,P,100.0,25,0.02,0.01,0.02,0.01,2,1503288000000000000,4,Weekly
O:AMD170825P00010500,2017-08-21,2017-08-25,AMD,P,105.0,15,0.02,0.02,0.02,0.02,1,1503288000000000000,4,Weekly
O:AMD170825P00011000,2017-08-21,2017-08-25,AMD,P,110.0,789,0.03,0.02,0.05,0.02,29,1503288000000000000,4,Weekly
O:AMD170825P00011500,2017-08-21,2017-08-25,AMD,P,115.0,1898,0.07,0.08,0.14,0.05,122,1503288000000000000,4,Weekly
O:AMD170825P00012000,2017-08-21,2017-08-25,AMD,P,120.0,2658,0.12,0.23,0.36,0.12,232,1503288000000000000,4,Weekly
O:AMD170825P00012500,2017-08-21,2017-08-25,AMD,P,125.0,3543,0.35,0.55,0.7,0.35,124,1503288000000000000,4,Weekly
O:AMD170825P00013000,2017-08-21,2017-08-25,AMD,P,130.0,395,0.72,0.98,1.13,0.72,25,1503288000000000000,4,Weekly
O:AMD170825P00013500,2017-08-21,2017-08-25,AMD,P,135.0,143,1.32,1.55,1.6,1.24,14,1503288000000000000,4,Weekly
O:AMD170825P00014000,2017-08-21,2017-08-25,AMD,P,140.0,157,1.81,2.04,2.09,1.81,15,1503288000000000000,4,Weekly
O:AMD170825P00014500,2017-08-21,2017-08-25,AMD,P,145.0,1,2.55,2.55,2.55,2.55,1,1503288000000000000,4,Weekly
O:AMD170825P00015000,2017-08-21,2017-08-25,AMD,P,150.0,65,2.77,2.97,3.15,2.77,4,1503288000000000000,4,Weekly
O:AMD170825P00015500,2017-08-21,2017-08-25,AMD,P,155.0,2,3.6,3.6,3.6,3.6,1,1503288000000000000,4,Weekly
O:AMD170825P00016000,2017-08-21,2017-08-25,AMD,P,160.0,1,4.1,4.1,4.1,4.1,1,1503288000000000000,4,Weekly
O:AMD170901C00010000,2017-08-28,2017-09-01,AMD,C,100.0,159,2.2,2.25,2.27,2.19,19,1503892800000000000,4,Weekly
O:AMD170901C00010500,2017-08-28,2017-09-01,AMD,C,105.0,132,1.69,1.74,1.75,1.69,15,1503892800000000000,4,Weekly
O:AMD170901C00011000,2017-08-28,2017-09-01,AMD,C,110.0,688,1.39,1.27,1.39,1.18,48,1503892800000000000,4,Weekly
O:AMD170901C00011500,2017-08-28,2017-09-01,AMD,C,115.0,628,0.92,0.76,0.92,0.7,59,1503892800000000000,4,Weekly
O:AMD170901C00012000,2017-08-28,2017-09-01,AMD,C,120.0,4849,0.58,0.34,0.58,0.31,189,1503892800000000000,4,Weekly
O:AMD170901C00012500,2017-08-28,2017-09-01,AMD,C,125.0,10581,0.26,0.1,0.27,0.09,476,1503892800000000000,4,Weekly
O:AMD170901C00013000,2017-08-28,2017-09-01,AMD,C,130.0,3033,0.09,0.04,0.1,0.03,132,1503892800000000000,4,Weekly
O:AMD170901C00013500,2017-08-28,2017-09-01,AMD,C,135.0,712,0.03,0.02,0.04,0.01,31,1503892800000000000,4,Weekly
O:AMD170901C00014000,2017-08-28,2017-09-01,AMD,C,140.0,199,0.02,0.01,0.02,0.01,15,1503892800000000000,4,Weekly
O:AMD170901C00014500,2017-08-28,2017-09-01,AMD,C,145.0,40,0.01,0.02,0.02,0.01,5,1503892800000000000,4,Weekly
O:AMD170901C00015000,2017-08-28,2017-09-01,AMD,C,150.0,90,0.01,0.01,0.01,0.01,1,1503892800000000000,4,Weekly
O:AMD170901P00011000,2017-08-28,2017-09-01,AMD,P,110.0,20,0.02,0.02,0.02,0.02,1,1503892800000000000,4,Weekly
O:AMD170901P00011500,2017-08-28,2017-09-01,AMD,P,115.0,566,0.03,0.03,0.05,0.02,28,1503892800000000000,4,Weekly
O:AMD170901P00012000,2017-08-28,2017-09-01,AMD,P,120.0,2202,0.1,0.1,0.15,0.09,156,1503892800000000000,4,Weekly
O:AMD170901P00012500,2017-08-28,2017-09-01,AMD,P,125.0,1243,0.23,0.38,0.43,0.23,79,1503892800000000000,4,Weekly
O:AMD170901P00013000,2017-08-28,2017-09-01,AMD,P,130.0,406,0.67,0.8,0.85,0.67,41,1503892800000000000,4,Weekly
O:AMD170901P00013500,2017-08-28,2017-09-01,AMD,P,135.0,290,1.13,1.29,1.34,1.13,38,1503892800000000000,4,Weekly
O:AMD170901P00014000,2017-08-28,2017-09-01,AMD,P,140.0,99,1.58,1.79,1.82,1.58,12,1503892800000000000,4,Weekly
O:AMD170901P00014500,2017-08-28,2017-09-01,AMD,P,145.0,62,2.2,2.3,2.31,2.2,4,1503892800000000000,4,Weekly
O:AMD170901P00015500,2017-08-28,2017-09-01,AMD,P,155.0,5,3.35,3.35,3.35,3.35,1,1503892800000000000,4,Weekly
O:AMD170922C00008000,2017-09-18,2017-09-22,AMD,C,80.0,1,4.97,4.97,4.97,4.97,1,1505707200000000000,4,Weekly
O:AMD170922C00010000,2017-09-18,2017-09-22,AMD,C,100.0,17,2.9,3.07,3.17,2.85,7,1505707200000000000,4,Weekly
O:AMD170922C00011000,2017-09-18,2017-09-22,AMD,C,110.0,1098,1.85,2.1,2.28,1.84,61,1505707200000000000,4,Weekly
O:AMD170922C00011500,2017-09-18,2017-09-22,AMD,C,115.0,306,1.41,1.52,1.74,1.37,14,1505707200000000000,4,Weekly
O:AMD170922C00012000,2017-09-18,2017-09-22,AMD,C,120.0,5240,0.74,1.09,1.3,0.74,433,1505707200000000000,4,Weekly
O:AMD170922C00012500,2017-09-18,2017-09-22,AMD,C,125.0,5731,0.34,0.65,0.81,0.29,373,1505707200000000000,4,Weekly
O:AMD170922C00013000,2017-09-18,2017-09-22,AMD,C,130.0,25362,0.2,0.3,0.46,0.14,1476,1505707200000000000,4,Weekly
O:AMD170922C00013500,2017-09-18,2017-09-22,AMD,C,135.0,16531,0.08,0.12,0.2,0.06,867,1505707200000000000,4,Weekly
O:AMD170922C00014000,2017-09-18,2017-09-22,AMD,C,140.0,6696,0.02,0.04,0.08,0.02,276,1505707200000000000,4,Weekly
O:AMD170922C00014500,2017-09-18,2017-09-22,AMD,C,145.0,500,0.02,0.03,0.03,0.02,27,1505707200000000000,4,Weekly
O:AMD170922C00015000,2017-09-18,2017-09-22,AMD,C,150.0,152,0.01,0.02,0.03,0.01,6,1505707200000000000,4,Weekly
O:AMD170922C00017000,2017-09-18,2017-09-22,AMD,C,170.0,24,0.01,0.01,0.01,0.01,2,1505707200000000000,4,Weekly
O:AMD170922P00010000,2017-09-18,2017-09-22,AMD,P,100.0,1,0.02,0.02,0.02,0.02,1,1505707200000000000,4,Weekly
O:AMD170922P00010500,2017-09-18,2017-09-22,AMD,P,105.0,60,0.01,0.01,0.01,0.01,4,1505707200000000000,4,Weekly
O:AMD170922P00011000,2017-09-18,2017-09-22,AMD,P,110.0,17,0.03,0.01,0.03,0.01,6,1505707200000000000,4,Weekly
O:AMD170922P00011500,2017-09-18,2017-09-22,AMD,P,115.0,231,0.02,0.01,0.02,0.01,18,1505707200000000000,4,Weekly
O:AMD170922P00012000,2017-09-18,2017-09-22,AMD,P,120.0,1958,0.05,0.03,0.06,0.02,87,1505707200000000000,4,Weekly
O:AMD170922P00012500,2017-09-18,2017-09-22,AMD,P,125.0,8476,0.14,0.07,0.14,0.05,359,1505707200000000000,4,Weekly
O:AMD170922P00013000,2017-09-18,2017-09-22,AMD,P,130.0,13547,0.38,0.22,0.38,0.16,500,1505707200000000000,4,Weekly
O:AMD170922P00013500,2017-09-18,2017-09-22,AMD,P,135.0,1707,0.72,0.52,0.72,0.41,88,1505707200000000000,4,Weekly
O:AMD170922P00014000,2017-09-18,2017-09-22,AMD,P,140.0,491,1.09,0.96,1.09,0.8,31,1505707200000000000,4,Weekly
O:AMD170922P00014500,2017-09-18,2017-09-22,AMD,P,145.0,107,1.36,1.54,1.54,1.36,3,1505707200000000000,4,Weekly
O:AMD170922P00015000,2017-09-18,2017-09-22,AMD,P,150.0,155,2.07,1.96,2.07,1.83,9,1505707200000000000,4,Weekly
O:AMD170922P00016000,2017-09-18,2017-09-22,AMD,P,160.0,340,2.99,2.95,3.0,2.74,12,1505707200000000000,4,Weekly
O:AMD170929C00010000,2017-09-25,2017-09-29,AMD,C,100.0,10,2.99,2.54,2.99,2.54,2,1506312000000000000,4,Weekly
O:AMD170929C00011000,2017-09-25,2017-09-29,AMD,C,110.0,92,1.99,1.58,1.99,1.56,6,1506312000000000000,4,Weekly
O:AMD170929C00011500,2017-09-25,2017-09-29,AMD,C,115.0,299,1.55,1.27,1.55,1.25,15,1506312000000000000,4,Weekly
O:AMD170929C00012000,2017-09-25,2017-09-29,AMD,C,120.0,922,1.0,0.69,1.0,0.62,89,1506312000000000000,4,Weekly
O:AMD170929C00012500,2017-09-25,2017-09-29,AMD,C,125.0,4002,0.85,0.35,0.85,0.28,181,1506312000000000000,4,Weekly
O:AMD170929C00013000,2017-09-25,2017-09-29,AMD,C,130.0,14187,0.45,0.14,0.45,0.08,633,1506312000000000000,4,Weekly
O:AMD170929C00013500,2017-09-25,2017-09-29,AMD,C,135.0,10092,0.21,0.05,0.25,0.03,374,1506312000000000000,4,Weekly
O:AMD170929C00014000,2017-09-25,2017-09-29,AMD,C,140.0,5473,0.08,0.03,0.09,0.02,139,1506312000000000000,4,Weekly
O:AMD170929C00014500,2017-09-25,2017-09-29,AMD,C,145.0,360,0.02,0.01,0.03,0.01,27,1506312000000000000,4,Weekly
O:AMD170929C00015000,2017-09-25,2017-09-29,AMD,C,150.0,10,0.02,0.02,0.02,0.02,4,1506312000000000000,4,Weekly
O:AMD170929C00015500,2017-09-25,2017-09-29,AMD,C,155.0,1,0.01,0.01,0.01,0.01,1,1506312000000000000,4,Weekly
O:AMD170929P00007500,2017-09-25,2017-09-29,AMD,P,75.0,20,0.01,0.01,0.01,0.01,2,1506312000000000000,4,Weekly
O:AMD170929P00010500,2017-09-25,2017-09-29,AMD,P,105.0,3,0.01,0.01,0.01,0.01,1,1506312000000000000,4,Weekly
O:AMD170929P00011000,2017-09-25,2017-09-29,AMD,P,110.0,280,0.01,0.01,0.02,0.01,7,1506312000000000000,4,Weekly
O:AMD170929P00011500,2017-09-25,2017-09-29,AMD,P,115.0,292,0.01,0.03,0.03,0.01,10,1506312000000000000,4,Weekly
O:AMD170929P00012000,2017-09-25,2017-09-29,AMD,P,120.0,6171,0.03,0.09,0.1,0.02,197,1506312000000000000,4,Weekly
O:AMD170929P00012500,2017-09-25,2017-09-29,AMD,P,125.0,6139,0.06,0.23,0.28,0.05,399,1506312000000000000,4,Weekly
O:AMD170929P00013000,2017-09-25,2017-09-29,AMD,P,130.0,5889,0.21,0.54,0.6,0.16,338,1506312000000000000,4,Weekly
O:AMD170929P00013500,2017-09-25,2017-09-29,AMD,P,135.0,915,0.42,0.93,1.02,0.42,103,1506312000000000000,4,Weekly
O:AMD170929P00014000,2017-09-25,2017-09-29,AMD,P,140.0,630,0.96,1.43,1.5,0.96,51,1506312000000000000,4,Weekly
O:AMD170929P00014500,2017-09-25,2017-09-29,AMD,P,145.0,141,1.3,1.63,1.65,1.3,9,1506312000000000000,4,Weekly
O:AMD170929P00015000,2017-09-25,2017-09-29,AMD,P,150.0,27,1.94,2.5,2.5,1.94,4,1506312000000000000,4,Weekly
O:AMD170929P00015500,2017-09-25,2017-09-29,AMD,P,155.0,138,2.66,2.75,2.75,2.66,2,1506312000000000000,4,Weekly
O:AMD171006C00010000,2017-10-02,2017-10-06,AMD,C,100.0,198,2.71,2.7,2.71,2.7,2,1506916800000000000,4,Weekly
O:AMD171006C00011500,2017-10-02,2017-10-06,AMD,C,115.0,158,1.28,1.28,1.28,1.19,10,1506916800000000000,4,Weekly
O:AMD171006C00012000,2017-10-02,2017-10-06,AMD,C,120.0,276,0.79,0.72,0.82,0.68,26,1506916800000000000,4,Weekly
O:AMD171006C00012500,2017-10-02,2017-10-06,AMD,C,125.0,1704,0.4,0.35,0.43,0.29,125,1506916800000000000,4,Weekly
O:AMD171006C00013000,2017-10-02,2017-10-06,AMD,C,130.0,9756,0.16,0.11,0.2,0.09,493,1506916800000000000,4,Weekly
O:AMD171006C00013500,2017-10-02,2017-10-06,AMD,C,135.0,2326,0.05,0.03,0.07,0.02,114,1506916800000000000,4,Weekly
O:AMD171006C00014000,2017-10-02,2017-10-06,AMD,C,140.0,212,0.02,0.02,0.03,0.01,17,1506916800000000000,4,Weekly
O:AMD171006C00014500,2017-10-02,2017-10-06,AMD,C,145.0,13,0.01,0.01,0.01,0.01,4,1506916800000000000,4,Weekly
O:AMD171006C00015000,2017-10-02,2017-10-06,AMD,C,150.0,15,0.01,0.01,0.01,0.01,1,1506916800000000000,4,Weekly
O:AMD171006P00011000,2017-10-02,2017-10-06,AMD,P,110.0,40,0.01,0.01,0.01,0.01,2,1506916800000000000,4,Weekly
O:AMD171006P00011500,2017-10-02,2017-10-06,AMD,P,115.0,85,0.02,0.01,0.02,0.01,6,1506916800000000000,4,Weekly
O:AMD171006P00012000,2017-10-02,2017-10-06,AMD,P,120.0,567,0.03,0.04,0.05,0.02,32,1506916800000000000,4,Weekly
O:AMD171006P00012500,2017-10-02,2017-10-06,AMD,P,125.0,5245,0.05,0.14,0.17,0.05,205,1506916800000000000,4,Weekly
O:AMD171006P00013000,2017-10-02,2017-10-06,AMD,P,130.0,898,0.32,0.42,0.45,0.32,47,1506916800000000000,4,Weekly
O:AMD171006P00013500,2017-10-02,2017-10-06,AMD,P,135.0,505,0.78,0.86,0.87,0.77,17,1506916800000000000,4,Weekly
O:AMD171006P00014000,2017-10-02,2017-10-06,AMD,P,140.0,91,1.29,1.32,1.36,1.25,6,1506916800000000000,4,Weekly
O:AMD171006P00014500,2017-10-02,2017-10-06,AMD,P,145.0,82,1.8,1.81,1.81,1.8,2,1506916800000000000,4,Weekly
O:AMD171006P00015000,2017-10-02,2017-10-06,AMD,P,150.0,41,2.31,2.31,2.31,2.31,1,1506916800000000000,4,Weekly
O:AMD171006P00015500,2017-10-02,2017-10-06,AMD,P,155.0,32,2.79,2.79,2.79,2.79,1,1506916800000000000,4,Weekly
O:AMD171006P00016000,2017-10-02,2017-10-06,AMD,P,160.0,1,3.24,3.24,3.24,3.24,1,1506916800000000000,4,Weekly
O:AMD171013C00011000,2017-10-09,2017-10-13,AMD,C,110.0,6,2.57,2.57,2.57,2.57,1,1507521600000000000,4,Weekly
O:AMD171013C00011500,2017-10-09,2017-10-13,AMD,C,115.0,35,1.97,1.98,2.26,1.97,3,1507521600000000000,4,Weekly
O:AMD171013C00012000,2017-10-09,2017-10-13,AMD,C,120.0,525,1.66,1.49,1.84,1.49,53,1507521600000000000,4,Weekly
O:AMD171013C00012500,2017-10-09,2017-10-13,AMD,C,125.0,121,1.1,1.09,1.34,1.09,23,1507521600000000000,4,Weekly
O:AMD171013C00013000,2017-10-09,2017-10-13,AMD,C,130.0,3998,0.45,0.57,0.87,0.45,256,1507521600000000000,4,Weekly
O:AMD171013C00013500,2017-10-09,2017-10-13,AMD,C,135.0,14083,0.2,0.27,0.48,0.2,641,1507521600000000000,4,Weekly
O:AMD171013C00014000,2017-10-09,2017-10-13,AMD,C,140.0,11783,0.08,0.1,0.21,0.07,566,1507521600000000000,4,Weekly
O:AMD171013C00014500,2017-10-09,2017-10-13,AMD,C,145.0,2037,0.04,0.04,0.07,0.03,88,1507521600000000000,4,Weekly
O:AMD171013C00015000,2017-10-09,2017-10-13,AMD,C,150.0,362,0.02,0.01,0.03,0.01,22,1507521600000000000,4,Weekly
O:AMD171013C00015500,2017-10-09,2017-10-13,AMD,C,155.0,100,0.01,0.01,0.01,0.01,1,1507521600000000000,4,Weekly
O:AMD171013P00011500,2017-10-09,2017-10-13,AMD,P,115.0,5,0.01,0.01,0.01,0.01,1,1507521600000000000,4,Weekly
O:AMD171013P00012000,2017-10-09,2017-10-13,AMD,P,120.0,387,0.02,0.02,0.02,0.01,13,1507521600000000000,4,Weekly
O:AMD171013P00012500,2017-10-09,2017-10-13,AMD,P,125.0,6643,0.07,0.03,0.07,0.02,101,1507521600000000000,4,Weekly
O:AMD171013P00013000,2017-10-09,2017-10-13,AMD,P,130.0,12918,0.17,0.1,0.18,0.05,277,1507521600000000000,4,Weekly
O:AMD171013P00013500,2017-10-09,2017-10-13,AMD,P,135.0,21135,0.39,0.28,0.39,0.14,480,1507521600000000000,4,Weekly
O:AMD171013P00014000,2017-10-09,2017-10-13,AMD,P,140.0,1491,0.79,0.61,0.79,0.39,76,1507521600000000000,4,Weekly
O:AMD171013P00014500,2017-10-09,2017-10-13,AMD,P,145.0,609,1.25,1.05,1.25,0.77,20,1507521600000000000,4,Weekly
O:AMD171013P00015500,2017-10-09,2017-10-13,AMD,P,155.0,44,1.69,1.82,1.82,1.69,3,1507521600000000000,4,Weekly
O:AMD171013P00016000,2017-10-09,2017-10-13,AMD,P,160.0,56,2.33,2.32,2.33,2.32,3,1507521600000000000,4,Weekly
O:AMD171013P00016500,2017-10-09,2017-10-13,AMD,P,165.0,53,2.82,2.84,2.84,2.82,4,1507521600000000000,4,Weekly
O:AMD171013P00017000,2017-10-09,2017-10-13,AMD,P,170.0,236,3.35,3.2,3.35,3.2,7,1507521600000000000,4,Weekly
O:AMD171027C00008000,2017-10-23,2017-10-27,AMD,C,80.0,3,6.1,6.1,6.1,6.1,1,1508731200000000000,4,Weekly
O:AMD171027C00009500,2017-10-23,2017-10-27,AMD,C,95.0,20,4.59,4.59,4.59,4.59,3,1508731200000000000,4,Weekly
O:AMD171027C00010000,2017-10-23,2017-10-27,AMD,C,100.0,2,4.08,4.08,4.08,4.08,1,1508731200000000000,4,Weekly
O:AMD171027C00012000,2017-10-23,2017-10-27,AMD,C,120.0,1079,2.05,2.13,2.23,2.05,50,1508731200000000000,4,Weekly
O:AMD171027C00012500,2017-10-23,2017-10-27,AMD,C,125.0,500,1.65,1.74,1.8,1.63,46,1508731200000000000,4,Weekly
O:AMD171027C00013000,2017-10-23,2017-10-27,AMD,C,130.0,3048,1.23,1.35,1.4,1.23,103,1508731200000000000,4,Weekly
O:AMD171027C00013500,2017-10-23,2017-10-27,AMD,C,135.0,1402,0.93,1.03,1.06,0.9,141,1508731200000000000,4,Weekly
O:AMD171027C00014000,2017-10-23,2017-10-27,AMD,C,140.0,14890,0.62,0.74,0.79,0.61,830,1508731200000000000,4,Weekly
O:AMD171027C00014500,2017-10-23,2017-10-27,AMD,C,145.0,16320,0.42,0.49,0.55,0.42,907,1508731200000000000,4,Weekly
O:AMD171027C00015000,2017-10-23,2017-10-27,AMD,C,150.0,10427,0.28,0.35,0.38,0.28,649,1508731200000000000,4,Weekly
O:AMD171027C00015500,2017-10-23,2017-10-27,AMD,C,155.0,5400,0.18,0.22,0.25,0.18,275,1508731200000000000,4,Weekly
O:AMD171027C00016000,2017-10-23,2017-10-27,AMD,C,160.0,2822,0.12,0.14,0.16,0.11,123,1508731200000000000,4,Weekly
O:AMD171027C00016500,2017-10-23,2017-10-27,AMD,C,165.0,1167,0.1,0.09,0.11,0.07,77,1508731200000000000,4,Weekly
O:AMD171027C00017000,2017-10-23,2017-10-27,AMD,C,170.0,1620,0.06,0.06,0.06,0.05,26,1508731200000000000,4,Weekly
O:AMD171027C00017500,2017-10-23,2017-10-27,AMD,C,175.0,80,0.04,0.03,0.04,0.03,7,1508731200000000000,4,Weekly
O:AMD171027C00018000,2017-10-23,2017-10-27,AMD,C,180.0,465,0.02,0.03,0.03,0.02,9,1508731200000000000,4,Weekly
O:AMD171027C00019000,2017-10-23,2017-10-27,AMD,C,190.0,218,0.01,0.02,0.02,0.01,7,1508731200000000000,4,Weekly
O:AMD171027C00020000,2017-10-23,2017-10-27,AMD,C,200.0,406,0.01,0.01,0.02,0.01,4,1508731200000000000,4,Weekly
O:AMD171027P00009000,2017-10-23,2017-10-27,AMD,P,90.0,7,0.01,0.01,0.01,0.01,5,1508731200000000000,4,Weekly
O:AMD171027P00010500,2017-10-23,2017-10-27,AMD,P,105.0,9,0.01,0.02,0.02,0.01,4,1508731200000000000,4,Weekly
O:AMD171027P00011000,2017-10-23,2017-10-27,AMD,P,110.0,194,0.04,0.01,0.04,0.01,13,1508731200000000000,4,Weekly
O:AMD171027P00011500,2017-10-23,2017-10-27,AMD,P,115.0,214,0.04,0.05,0.05,0.02,18,1508731200000000000,4,Weekly
O:AMD171027P00012000,2017-10-23,2017-10-27,AMD,P,120.0,1281,0.1,0.09,0.1,0.04,82,1508731200000000000,4,Weekly
O:AMD171027P00012500,2017-10-23,2017-10-27,AMD,P,125.0,3446,0.13,0.15,0.18,0.11,143,1508731200000000000,4,Weekly
O:AMD171027P00013000,2017-10-23,2017-10-27,AMD,P,130.0,7004,0.29,0.28,0.3,0.21,253,1508731200000000000,4,Weekly
O:AMD171027P00013500,2017-10-23,2017-10-27,AMD,P,135.0,6481,0.5,0.43,0.5,0.37,313,1508731200000000000,4,Weekly
O:AMD171027P00014000,2017-10-23,2017-10-27,AMD,P,140.0,5705,0.73,0.64,0.76,0.57,360,1508731200000000000,4,Weekly
O:AMD171027P00014500,2017-10-23,2017-10-27,AMD,P,145.0,1587,1.06,0.93,1.06,0.86,79,1508731200000000000,4,Weekly
O:AMD171027P00015000,2017-10-23,2017-10-27,AMD,P,150.0,1677,1.32,1.27,1.32,1.18,28,1508731200000000000,4,Weekly
O:AMD171027P00015500,2017-10-23,2017-10-27,AMD,P,155.0,45,1.63,1.65,1.65,1.59,8,1508731200000000000,4,Weekly
O:AMD171027P00016000,2017-10-23,2017-10-27,AMD,P,160.0,108,2.1,2.07,2.1,2.02,10,1508731200000000000,4,Weekly
O:AMD171027P00016500,2017-10-23,2017-10-27,AMD,P,165.0,6,2.55,2.5,2.55,2.5,2,1508731200000000000,4,Weekly
O:AMD171027P00018000,2017-10-23,2017-10-27,AMD,P,180.0,1,3.94,3.94,3.94,3.94,1,1508731200000000000,4,Weekly
O:AMD171027P00020000,2017-10-23,2017-10-27,AMD,P,200.0,15,5.9,5.93,5.93,5.9,2,1508731200000000000,4,Weekly
O:AMD171103C00007000,2017-10-30,2017-11-03,AMD,C,70.0,18,3.85,3.9,3.9,3.85,2,1509336000000000000,4,Weekly
O:AMD171103C00008000,2017-10-30,2017-11-03,AMD,C,80.0,29,2.84,2.8,2.84,2.8,2,1509336000000000000,4,Weekly
O:AMD171103C00008500,2017-10-30,2017-11-03,AMD,C,85.0,41,2.5,2.25,2.5,2.25,4,1509336000000000000,4,Weekly
O:AMD171103C00009000,2017-10-30,2017-11-03,AMD,C,90.0,39,2.33,1.91,2.33,1.7,9,1509336000000000000,4,Weekly
O:AMD171103C00009500,2017-10-30,2017-11-03,AMD,C,95.0,99,1.75,1.42,1.75,1.35,10,1509336000000000000,4,Weekly
O:AMD171103C00010000,2017-10-30,2017-11-03,AMD,C,100.0,511,1.2,0.92,1.34,0.75,98,1509336000000000000,4,Weekly
O:AMD171103C00010500,2017-10-30,2017-11-03,AMD,C,105.0,6688,0.75,0.52,0.88,0.37,217,1509336000000000000,4,Weekly
O:AMD171103C00011000,2017-10-30,2017-11-03,AMD,C,110.0,17195,0.45,0.24,0.53,0.15,813,1509336000000000000,4,Weekly
O:AMD171103C00011500,2017-10-30,2017-11-03,AMD,C,115.0,18842,0.46,0.09,0.46,0.05,686,1509336000000000000,4,Weekly
O:AMD171103C00012000,2017-10-30,2017-11-03,AMD,C,120.0,17071,0.07,0.04,0.17,0.02,377,1509336000000000000,4,Weekly
O:AMD171103C00012500,2017-10-30,2017-11-03,AMD,C,125.0,5777,0.06,0.01,0.06,0.01,122,1509336000000000000,4,Weekly
O:AMD171103C00013000,2017-10-30,2017-11-03,AMD,C,130.0,1330,0.02,0.01,0.08,0.01,56,1509336000000000000,4,Weekly
O:AMD171103C00013500,2017-10-30,2017-11-03,AMD,C,135.0,734,0.03,0.01,0.03,0.01,34,1509336000000000000,4,Weekly
O:AMD171103C00014000,2017-10-30,2017-11-03,AMD,C,140.0,281,0.01,0.01,0.02,0.01,17,1509336000000000000,4,Weekly
O:AMD171103C00014500,2017-10-30,2017-11-03,AMD,C,145.0,55,0.01,0.01,0.01,0.01,11,1509336000000000000,4,Weekly
O:AMD171103C00015000,2017-10-30,2017-11-03,AMD,C,150.0,181,0.01,0.01,0.03,0.01,7,1509336000000000000,4,Weekly
O:AMD171103C00015500,2017-10-30,2017-11-03,AMD,C,155.0,128,0.01,0.01,0.01,0.01,5,1509336000000000000,4,Weekly
O:AMD171103C00016000,2017-10-30,2017-11-03,AMD,C,160.0,9,0.01,0.01,0.01,0.01,2,1509336000000000000,4,Weekly
O:AMD171103C00017000,2017-10-30,2017-11-03,AMD,C,170.0,160,0.01,0.01,0.01,0.01,5,1509336000000000000,4,Weekly
O:AMD171103P00008000,2017-10-30,2017-11-03,AMD,P,80.0,10,0.01,0.01,0.01,0.01,1,1509336000000000000,4,Weekly
O:AMD171103P00009000,2017-10-30,2017-11-03,AMD,P,90.0,88,0.01,0.01,0.01,0.01,1,1509336000000000000,4,Weekly
O:AMD171103P00009500,2017-10-30,2017-11-03,AMD,P,95.0,311,0.01,0.02,0.03,0.01,11,1509336000000000000,4,Weekly
O:AMD171103P00010000,2017-10-30,2017-11-03,AMD,P,100.0,5174,0.03,0.04,0.08,0.02,124,1509336000000000000,4,Weekly
O:AMD171103P00010500,2017-10-30,2017-11-03,AMD,P,105.0,13948,0.06,0.13,0.21,0.04,401,1509336000000000000,4,Weekly
O:AMD171103P00011000,2017-10-30,2017-11-03,AMD,P,110.0,13470,0.21,0.34,0.48,0.13,635,1509336000000000000,4,Weekly
O:AMD171103P00011500,2017-10-30,2017-11-03,AMD,P,115.0,6108,0.36,0.7,0.89,0.34,249,1509336000000000000,4,Weekly
O:AMD171103P00012000,2017-10-30,2017-11-03,AMD,P,120.0,3576,0.6,1.16,1.36,0.6,118,1509336000000000000,4,Weekly
O:AMD171103P00012500,2017-10-30,2017-11-03,AMD,P,125.0,527,1.25,1.71,1.85,1.21,62,1509336000000000000,4,Weekly
O:AMD171103P00013000,2017-10-30,2017-11-03,AMD,P,130.0,187,1.64,2.19,2.3,1.64,37,1509336000000000000,4,Weekly
O:AMD171103P00013500,2017-10-30,2017-11-03,AMD,P,135.0,58,2.15,2.69,2.81,2.15,10,1509336000000000000,4,Weekly
O:AMD171103P00014000,2017-10-30,2017-11-03,AMD,P,140.0,3891,2.66,3.11,3.23,2.66,22,1509336000000000000,4,Weekly
O:AMD171103P00014500,2017-10-30,2017-11-03,AMD,P,145.0,15,3.22,3.84,3.84,3.22,2,1509336000000000000,4,Weekly
O:AMD171103P00015000,2017-10-30,2017-11-03,AMD,P,150.0,468,3.7,4.1,4.1,3.7,14,1509336000000000000,4,Weekly
O:AMD171110C00007500,2017-11-06,2017-11-10,AMD,C,75.0,3,4.35,4.35,4.35,4.35,1,1509944400000000000,4,Weekly
O:AMD171110C00009000,2017-11-06,2017-11-10,AMD,C,90.0,43,2.77,2.81,2.81,2.77,2,1509944400000000000,4,Weekly
O:AMD171110C00009500,2017-11-06,2017-11-10,AMD,C,95.0,1,2.58,2.58,2.58,2.58,1,1509944400000000000,4,Weekly
O:AMD171110C00010000,2017-11-06,2017-11-10,AMD,C,100.0,1406,1.94,1.96,2.0,1.69,46,1509944400000000000,4,Weekly
O:AMD171110C00010500,2017-11-06,2017-11-10,AMD,C,105.0,1089,1.51,1.46,1.55,1.2,87,1509944400000000000,4,Weekly
O:AMD171110C00011000,2017-11-06,2017-11-10,AMD,C,110.0,9395,0.82,0.96,1.12,0.71,479,1509944400000000000,4,Weekly
O:AMD171110C00011500,2017-11-06,2017-11-10,AMD,C,115.0,8777,0.81,0.56,0.81,0.33,417,1509944400000000000,4,Weekly
O:AMD171110C00012000,2017-11-06,2017-11-10,AMD,C,120.0,35917,0.3,0.26,0.4,0.16,1320,1509944400000000000,4,Weekly
O:AMD171110C00012500,2017-11-06,2017-11-10,AMD,C,125.0,13949,0.09,0.12,0.18,0.06,628,1509944400000000000,4,Weekly
O:AMD171110C00013000,2017-11-06,2017-11-10,AMD,C,130.0,5692,0.08,0.05,0.1,0.01,138,1509944400000000000,4,Weekly
O:AMD171110C00013500,2017-11-06,2017-11-10,AMD,C,135.0,1604,0.04,0.02,0.04,0.02,20,1509944400000000000,4,Weekly
O:AMD171110C00014000,2017-11-06,2017-11-10,AMD,C,140.0,310,0.01,0.02,0.02,0.01,11,1509944400000000000,4,Weekly
O:AMD171110C00014500,2017-11-06,2017-11-10,AMD,C,145.0,2,0.01,0.01,0.01,0.01,2,1509944400000000000,4,Weekly
O:AMD171110C00015500,2017-11-06,2017-11-10,AMD,C,155.0,1,0.01,0.01,0.01,0.01,1,1509944400000000000,4,Weekly
O:AMD171110C00016000,2017-11-06,2017-11-10,AMD,C,160.0,3,0.01,0.01,0.01,0.01,1,1509944400000000000,4,Weekly
O:AMD171110P00009500,2017-11-06,2017-11-10,AMD,P,95.0,35,0.01,0.01,0.01,0.01,1,1509944400000000000,4,Weekly
O:AMD171110P00010000,2017-11-06,2017-11-10,AMD,P,100.0,190,0.01,0.01,0.02,0.01,31,1509944400000000000,4,Weekly
O:AMD171110P00010500,2017-11-06,2017-11-10,AMD,P,105.0,1246,0.05,0.02,0.05,0.01,43,1509944400000000000,4,Weekly
O:AMD171110P00011000,2017-11-06,2017-11-10,AMD,P,110.0,2905,0.05,0.04,0.09,0.04,135,1509944400000000000,4,Weekly
O:AMD171110P00011500,2017-11-06,2017-11-10,AMD,P,115.0,6296,0.12,0.11,0.24,0.07,302,1509944400000000000,4,Weekly
O:AMD171110P00012000,2017-11-06,2017-11-10,AMD,P,120.0,3434,0.3,0.33,0.53,0.29,214,1509944400000000000,4,Weekly
O:AMD171110P00012500,2017-11-06,2017-11-10,AMD,P,125.0,550,0.82,0.66,0.9,0.63,51,1509944400000000000,4,Weekly
O:AMD171110P00013000,2017-11-06,2017-11-10,AMD,P,130.0,182,1.02,1.1,1.36,1.02,22,1509944400000000000,4,Weekly
O:AMD171110P00013500,2017-11-06,2017-11-10,AMD,P,135.0,78,1.83,1.55,1.83,1.55,8,1509944400000000000,4,Weekly
O:AMD171110P00015000,2017-11-06,2017-11-10,AMD,P,150.0,551,3.0,3.13,3.3,3.0,6,1509944400000000000,4,Weekly
O:AMD171124C00010000,2017-11-20,2017-11-24,AMD,C,100.0,144,1.3,1.32,1.39,1.21,15,1511154000000000000,4,Weekly
O:AMD171124C00010500,2017-11-20,2017-11-24,AMD,C,105.0,438,0.74,0.85,0.91,0.73,17,1511154000000000000,4,Weekly
O:AMD171124C00011000,2017-11-20,2017-11-24,AMD,C,110.0,3499,0.45,0.37,0.45,0.3,245,1511154000000000000,4,Weekly
O:AMD171124C00011500,2017-11-20,2017-11-24,AMD,C,115.0,12043,0.2,0.1,0.22,0.09,537,1511154000000000000,4,Weekly
O:AMD171124C00012000,2017-11-20,2017-11-24,AMD,C,120.0,4423,0.08,0.03,0.1,0.02,105,1511154000000000000,4,Weekly
O:AMD171124C00012500,2017-11-20,2017-11-24,AMD,C,125.0,2303,0.05,0.01,0.05,0.01,46,1511154000000000000,4,Weekly
O:AMD171124C00013000,2017-11-20,2017-11-24,AMD,C,130.0,20,0.01,0.01,0.01,0.01,1,1511154000000000000,4,Weekly
O:AMD171124C00014500,2017-11-20,2017-11-24,AMD,C,145.0,4,0.02,0.02,0.02,0.02,2,1511154000000000000,4,Weekly
O:AMD171124P00010000,2017-11-20,2017-11-24,AMD,P,100.0,96,0.01,0.01,0.01,0.01,7,1511154000000000000,4,Weekly
O:AMD171124P00010500,2017-11-20,2017-11-24,AMD,P,105.0,761,0.01,0.01,0.02,0.01,24,1511154000000000000,4,Weekly
O:AMD171124P00011000,2017-11-20,2017-11-24,AMD,P,110.0,3644,0.08,0.06,0.11,0.04,149,1511154000000000000,4,Weekly
O:AMD171124P00011500,2017-11-20,2017-11-24,AMD,P,115.0,2202,0.3,0.26,0.36,0.23,87,1511154000000000000,4,Weekly
O:AMD171124P00012000,2017-11-20,2017-11-24,AMD,P,120.0,199,0.76,0.7,0.8,0.65,23,1511154000000000000,4,Weekly
O:AMD171124P00012500,2017-11-20,2017-11-24,AMD,P,125.0,99,1.15,1.2,1.26,1.15,11,1511154000000000000,4,Weekly
O:AMD171124P00013000,2017-11-20,2017-11-24,AMD,P,130.0,39,1.73,1.63,1.75,1.63,4,1511154000000000000,4,Weekly
O:AMD171124P00015000,2017-11-20,2017-11-24,AMD,P,150.0,5,3.75,3.74,3.75,3.74,2,1511154000000000000,4,Weekly
O:AMD171124P00017500,2017-11-20,2017-11-24,AMD,P,175.0,26,6.25,6.25,6.25,6.25,1,1511154000000000000,4,Weekly
O:AMD171201C00009500,2017-11-27,2017-12-01,AMD,C,95.0,3,2.09,2.09,2.09,2.09,1,1511758800000000000,4,Weekly
O:AMD171201C00010000,2017-11-27,2017-12-01,AMD,C,100.0,164,1.5,1.55,1.65,1.5,6,1511758800000000000,4,Weekly
O:AMD171201C00010500,2017-11-27,2017-12-01,AMD,C,105.0,67,1.02,1.06,1.14,1.02,5,1511758800000000000,4,Weekly
O:AMD171201C00011000,2017-11-27,2017-12-01,AMD,C,110.0,2128,0.44,0.6,0.75,0.43,177,1511758800000000000,4,Weekly
O:AMD171201C00011500,2017-11-27,2017-12-01,AMD,C,115.0,14737,0.16,0.24,0.35,0.1,729,1511758800000000000,4,Weekly
O:AMD171201C00012000,2017-11-27,2017-12-01,AMD,C,120.0,10396,0.05,0.08,0.13,0.05,430,1511758800000000000,4,Weekly
O:AMD171201C00012500,2017-11-27,2017-12-01,AMD,C,125.0,2850,0.02,0.03,0.05,0.02,71,1511758800000000000,4,Weekly
O:AMD171201C00013000,2017-11-27,2017-12-01,AMD,C,130.0,490,0.02,0.01,0.02,0.01,18,1511758800000000000,4,Weekly
O:AMD171201C00013500,2017-11-27,2017-12-01,AMD,C,135.0,402,0.01,0.01,0.04,0.01,10,1511758800000000000,4,Weekly
O:AMD171201C00014500,2017-11-27,2017-12-01,AMD,C,145.0,100,0.01,0.02,0.02,0.01,13,1511758800000000000,4,Weekly
O:AMD171201C00015000,2017-11-27,2017-12-01,AMD,C,150.0,10,0.01,0.01,0.01,0.01,1,1511758800000000000,4,Weekly
O:AMD171201P00009500,2017-11-27,2017-12-01,AMD,P,95.0,1,0.02,0.02,0.02,0.02,1,1511758800000000000,4,Weekly
O:AMD171201P00010000,2017-11-27,2017-12-01,AMD,P,100.0,14,0.06,0.01,0.06,0.01,3,1511758800000000000,4,Weekly
O:AMD171201P00010500,2017-11-27,2017-12-01,AMD,P,105.0,505,0.02,0.01,0.04,0.01,14,1511758800000000000,4,Weekly
O:AMD171201P00011000,2017-11-27,2017-12-01,AMD,P,110.0,5396,0.07,0.04,0.07,0.02,108,1511758800000000000,4,Weekly
O:AMD171201P00011500,2017-11-27,2017-12-01,AMD,P,115.0,3436,0.28,0.18,0.28,0.12,145,1511758800000000000,4,Weekly
O:AMD171201P00012000,2017-11-27,2017-12-01,AMD,P,120.0,949,0.62,0.5,0.62,0.4,53,1511758800000000000,4,Weekly
O:AMD171201P00012500,2017-11-27,2017-12-01,AMD,P,125.0,416,1.01,0.95,1.02,0.8,22,1511758800000000000,4,Weekly
O:AMD171201P00013000,2017-11-27,2017-12-01,AMD,P,130.0,104,1.52,1.42,1.52,1.3,26,1511758800000000000,4,Weekly
O:AMD171201P00014000,2017-11-27,2017-12-01,AMD,P,140.0,10,2.56,2.56,2.56,2.56,1,1511758800000000000,4,Weekly
O:AMD171201P00015500,2017-11-27,2017-12-01,AMD,P,155.0,2,3.9,3.9,3.9,3.9,1,1511758800000000000,4,Weekly
O:AMD171208C00006500,2017-12-04,2017-12-08,AMD,C,65.0,13,3.35,3.35,3.35,3.35,1,1512363600000000000,4,Weekly
O:AMD171208C00007500,2017-12-04,2017-12-08,AMD,C,75.0,131,2.35,2.62,2.62,2.35,6,1512363600000000000,4,Weekly
O:AMD171208C00008000,2017-12-04,2017-12-08,AMD,C,80.0,21,2.21,2.21,2.21,2.21,1,1512363600000000000,4,Weekly
O:AMD171208C00009000,2017-12-04,2017-12-08,AMD,C,90.0,1543,1.6,1.06,1.6,0.9,35,1512363600000000000,4,Weekly
O:AMD171208C00009500,2017-12-04,2017-12-08,AMD,C,95.0,349,1.15,0.61,1.15,0.55,41,1512363600000000000,4,Weekly
O:AMD171208C00010000,2017-12-04,2017-12-08,AMD,C,100.0,8425,0.86,0.28,0.86,0.23,466,1512363600000000000,4,Weekly
O:AMD171208C00010500,2017-12-04,2017-12-08,AMD,C,105.0,17470,0.43,0.1,0.52,0.08,642,1512363600000000000,4,Weekly
O:AMD171208C00011000,2017-12-04,2017-12-08,AMD,C,110.0,9128,0.2,0.04,0.22,0.03,551,1512363600000000000,4,Weekly
O:AMD171208C00011500,2017-12-04,2017-12-08,AMD,C,115.0,3758,0.08,0.02,0.09,0.02,109,1512363600000000000,4,Weekly
O:AMD171208C00012000,2017-12-04,2017-12-08,AMD,C,120.0,410,0.04,0.01,0.04,0.01,40,1512363600000000000,4,Weekly
O:AMD171208C00012500,2017-12-04,2017-12-08,AMD,C,125.0,494,0.02,0.02,0.02,0.01,27,1512363600000000000,4,Weekly
O:AMD171208C00013000,2017-12-04,2017-12-08,AMD,C,130.0,270,0.02,0.01,0.02,0.01,6,1512363600000000000,4,Weekly
O:AMD171208P00008000,2017-12-04,2017-12-08,AMD,P,80.0,10,0.01,0.01,0.01,0.01,1,1512363600000000000,4,Weekly
O:AMD171208P00009000,2017-12-04,2017-12-08,AMD,P,90.0,1606,0.02,0.01,0.06,0.01,77,1512363600000000000,4,Weekly
O:AMD171208P00009500,2017-12-04,2017-12-08,AMD,P,95.0,11235,0.02,0.06,0.16,0.02,378,1512363600000000000,4,Weekly
O:AMD171208P00010000,2017-12-04,2017-12-08,AMD,P,100.0,9928,0.01,0.23,0.4,0.01,412,1512363600000000000,4,Weekly
O:AMD171208P00010500,2017-12-04,2017-12-08,AMD,P,105.0,6056,0.1,0.54,0.75,0.1,217,1512363600000000000,4,Weekly
O:AMD171208P00011000,2017-12-04,2017-12-08,AMD,P,110.0,2981,0.4,0.98,1.19,0.35,101,1512363600000000000,4,Weekly
O:AMD171208P00011500,2017-12-04,2017-12-08,AMD,P,115.0,175,0.99,1.48,1.65,0.99,37,1512363600000000000,4,Weekly
O:AMD171208P00012000,2017-12-04,2017-12-08,AMD,P,120.0,86,1.43,1.92,2.13,1.43,15,1512363600000000000,4,Weekly
O:AMD171208P00012500,2017-12-04,2017-12-08,AMD,P,125.0,53,2.19,2.56,2.56,2.19,7,1512363600000000000,4,Weekly
O:AMD171208P00013000,2017-12-04,2017-12-08,AMD,P,130.0,30,2.33,3.04,3.04,2.33,3,1512363600000000000,4,Weekly
O:AMD171208P00013500,2017-12-04,2017-12-08,AMD,P,135.0,80,3.1,3.4,3.4,3.1,3,1512363600000000000,4,Weekly
O:AMD171222C00008000,2017-12-18,2017-12-22,AMD,C,80.0,11,2.66,2.72,2.72,2.66,3,1513573200000000000,4,Weekly
O:AMD171222C00008500,2017-12-18,2017-12-22,AMD,C,85.0,13,2.18,2.18,2.18,2.18,1,1513573200000000000,4,Weekly
O:AMD171222C00009000,2017-12-18,2017-12-22,AMD,C,90.0,16,1.8,1.8,1.8,1.8,1,1513573200000000000,4,Weekly
O:AMD171222C00009500,2017-12-18,2017-12-22,AMD,C,95.0,113,0.91,1.44,1.45,0.91,11,1513573200000000000,4,Weekly
O:AMD171222C00010000,2017-12-18,2017-12-22,AMD,C,100.0,2288,0.6,0.99,1.0,0.6,157,1513573200000000000,4,Weekly
O:AMD171222C00010500,2017-12-18,2017-12-22,AMD,C,105.0,6446,0.26,0.53,0.54,0.18,433,1513573200000000000,4,Weekly
O:AMD171222C00011000,2017-12-18,2017-12-22,AMD,C,110.0,20643,0.13,0.2,0.2,0.04,905,1513573200000000000,4,Weekly
O:AMD171222C00011500,2017-12-18,2017-12-22,AMD,C,115.0,5706,0.02,0.05,0.06,0.02,175,1513573200000000000,4,Weekly
O:AMD171222C00012000,2017-12-18,2017-12-22,AMD,C,120.0,1914,0.02,0.02,0.03,0.01,50,1513573200000000000,4,Weekly
O:AMD171222C00012500,2017-12-18,2017-12-22,AMD,C,125.0,193,0.02,0.01,0.02,0.01,8,1513573200000000000,4,Weekly
O:AMD171222C00013000,2017-12-18,2017-12-22,AMD,C,130.0,42,0.01,0.01,0.01,0.01,3,1513573200000000000,4,Weekly
O:AMD171222C00013500,2017-12-18,2017-12-22,AMD,C,135.0,40,0.01,0.01,0.01,0.01,2,1513573200000000000,4,Weekly
O:AMD171222P00009000,2017-12-18,2017-12-22,AMD,P,90.0,10,0.08,0.01,0.08,0.01,2,1513573200000000000,4,Weekly
O:AMD171222P00009500,2017-12-18,2017-12-22,AMD,P,95.0,155,0.02,0.03,0.03,0.01,11,1513573200000000000,4,Weekly
O:AMD171222P00010000,2017-12-18,2017-12-22,AMD,P,100.0,1821,0.05,0.02,0.05,0.01,84,1513573200000000000,4,Weekly
O:AMD171222P00010500,2017-12-18,2017-12-22,AMD,P,105.0,10124,0.15,0.05,0.15,0.04,348,1513573200000000000,4,Weekly
O:AMD171222P00011000,2017-12-18,2017-12-22,AMD,P,110.0,2722,0.4,0.21,0.41,0.2,191,1513573200000000000,4,Weekly
O:AMD171222P00011500,2017-12-18,2017-12-22,AMD,P,115.0,350,0.75,0.56,0.75,0.56,25,1513573200000000000,4,Weekly
O:AMD171222P00012000,2017-12-18,2017-12-22,AMD,P,120.0,1857,1.34,1.04,1.34,1.02,40,1513573200000000000,4,Weekly
O:AMD171222P00012500,2017-12-18,2017-12-22,AMD,P,125.0,17,1.76,1.54,1.76,1.54,8,1513573200000000000,4,Weekly
O:AMD171222P00013000,2017-12-18,2017-12-22,AMD,P,130.0,14,2.1,2.13,2.13,2.1,2,1513573200000000000,4,Weekly
O:AMD171222P00016000,2017-12-18,2017-12-22,AMD,P,160.0,8,5.29,5.29,5.29,5.29,2,1513573200000000000,4,Weekly
