ticker,date_only,expiration_date,underlying_symbol,option_type,strike,volume,open_price,close_price,otm_pct,ITM,premium,premium_yield_pct,premium_low,premium_yield_pct_low,high_price,low_price,transactions,window_start,days_to_expiry,time_remaining_category,underlying_open,underlying_close,underlying_high,underlying_low,underlying_spot,underlying_close_at_expiry,underlying_high_at_expiry,underlying_spot_at_expiry,fedfunds_rate,implied_volatility
O:XLK190111C00053500,2019-01-07,2019-01-11,XLK,C,26.75,18.0,7.9,8.75,-13.78,YES,8.75,32.71,7.9,29.53,8.75,7.9,2.0,1546837200000000000,4.0,Weekly,30.75,31.02,31.23,30.68,31.02,31.02,31.23,31.02,0.024,5.3731
O:XLK190111C00056500,2019-01-07,2019-01-11,XLK,C,28.25,4.0,5.98,5.75,-8.94,YES,5.75,20.35,5.98,21.17,5.98,5.75,2.0,1546837200000000000,4.0,Weekly,30.75,31.02,31.23,30.68,31.02,31.02,31.23,31.02,0.024,3.4281
O:XLK190111C00058000,2019-01-07,2019-01-11,XLK,C,29.0,6.0,4.4,4.1,-6.53,YES,4.1,14.14,4.4,15.17,4.4,4.1,6.0,1546837200000000000,4.0,Weekly,30.75,31.02,31.23,30.68,31.02,31.02,31.23,31.02,0.024,2.3826
O:XLK190111C00058500,2019-01-07,2019-01-11,XLK,C,29.25,55.0,3.15,3.6,-5.72,YES,3.6,12.31,3.15,10.77,3.6,3.15,17.0,1546837200000000000,4.0,Weekly,30.75,31.02,31.23,30.68,31.02,31.02,31.23,31.02,0.024,2.0833
O:XLK190111C00059000,2019-01-07,2019-01-11,XLK,C,29.5,32.0,2.61,3.22,-4.92,YES,3.22,10.92,2.61,8.85,3.35,2.61,12.0,1546837200000000000,4.0,Weekly,30.75,31.02,31.23,30.68,31.02,31.02,31.23,31.02,0.024,1.8858
O:XLK190111C00059500,2019-01-07,2019-01-11,XLK,C,29.75,17.0,2.96,2.81,-4.11,YES,2.81,9.45,2.96,9.95,2.96,2.81,6.0,1546837200000000000,4.0,Weekly,30.75,31.02,31.23,30.68,31.02,31.02,31.23,31.02,0.024,1.6652
O:XLK190111C00060000,2019-01-07,2019-01-11,XLK,C,30.0,65.0,1.94,2.53,-3.3,YES,2.53,8.43,1.94,6.47,2.53,1.94,11.0,1546837200000000000,4.0,Weekly,30.75,31.02,31.23,30.68,31.02,31.02,31.23,31.02,0.024,1.551
O:XLK190111C00060500,2019-01-07,2019-01-11,XLK,C,30.25,25.0,1.55,1.96,-2.5,YES,1.96,6.48,1.55,5.12,2.0,1.55,7.0,1546837200000000000,4.0,Weekly,30.75,31.02,31.23,30.68,31.02,31.02,31.23,31.02,0.024,1.2046
O:XLK190111C00061000,2019-01-07,2019-01-11,XLK,C,30.5,123.0,1.15,1.58,-1.69,YES,1.58,5.18,1.15,3.77,1.73,1.11,35.0,1546837200000000000,4.0,Weekly,30.75,31.02,31.23,30.68,31.02,31.02,31.23,31.02,0.024,1.0118
O:XLK190111C00061500,2019-01-07,2019-01-11,XLK,C,30.75,14.0,0.9,1.35,-0.89,YES,1.35,4.39,0.9,2.93,1.35,0.85,8.0,1546837200000000000,4.0,Weekly,30.75,31.02,31.23,30.68,31.02,31.02,31.23,31.02,0.024,0.9354
O:XLK190111C00062000,2019-01-07,2019-01-11,XLK,C,31.0,36.0,0.64,0.87,-0.08,YES,0.87,2.81,0.64,2.06,1.02,0.57,18.0,1546837200000000000,4.0,Weekly,30.75,31.02,31.23,30.68,31.02,31.02,31.23,31.02,0.024,0.6611
O:XLK190111C00062500,2019-01-07,2019-01-11,XLK,C,31.25,41.0,0.58,0.58,0.73,NO,0.58,1.86,0.58,1.86,0.75,0.39,23.0,1546837200000000000,4.0,Weekly,30.75,31.02,31.23,30.68,31.02,31.02,31.23,31.02,0.024,0.5271
O:XLK190111C00063000,2019-01-07,2019-01-11,XLK,C,31.5,487.0,0.41,0.37,1.53,NO,0.37,1.17,0.41,1.3,0.5,0.22,43.0,1546837200000000000,4.0,Weekly,30.75,31.02,31.23,30.68,31.02,31.02,31.23,31.02,0.024,0.4408
O:XLK190111C00063500,2019-01-07,2019-01-11,XLK,C,31.75,35.0,0.15,0.25,2.34,NO,0.25,0.79,0.15,0.47,0.29,0.14,23.0,1546837200000000000,4.0,Weekly,30.75,31.02,31.23,30.68,31.02,31.02,31.23,31.02,0.024,0.4084
O:XLK190111C00064000,2019-01-07,2019-01-11,XLK,C,32.0,24.0,0.1,0.14,3.14,NO,0.14,0.44,0.1,0.31,0.15,0.1,9.0,1546837200000000000,4.0,Weekly,30.75,31.02,31.23,30.68,31.02,31.02,31.23,31.02,0.024,0.362
O:XLK190111C00064500,2019-01-07,2019-01-11,XLK,C,32.25,2.0,0.09,0.09,3.95,NO,0.09,0.28,0.09,0.28,0.09,0.09,1.0,1546837200000000000,4.0,Weekly,30.75,31.02,31.23,30.68,31.02,31.02,31.23,31.02,0.024,
O:XLK190111C00065000,2019-01-07,2019-01-11,XLK,C,32.5,35.0,0.05,0.04,4.75,NO,0.04,0.12,0.05,0.15,0.05,0.04,3.0,1546837200000000000,4.0,Weekly,30.75,31.02,31.23,30.68,31.02,31.02,31.23,31.02,0.024,
O:XLK190111C00068000,2019-01-07,2019-01-11,XLK,C,34.0,5.0,0.01,0.01,9.59,NO,0.01,0.03,0.01,0.03,0.01,0.01,1.0,1546837200000000000,4.0,Weekly,30.75,31.02,31.23,30.68,31.02,31.02,31.23,31.02,0.024,
O:XLK190201C00059000,2019-01-28,2019-02-01,XLK,C,29.5,1.0,6.08,6.08,-9.3,YES,6.08,20.61,6.08,20.61,6.08,6.08,1.0,1548651600000000000,4.0,Weekly,32.48,32.52,32.53,32.26,32.52,32.52,32.53,32.52,0.024,3.4199
O:XLK190201C00060500,2019-01-28,2019-02-01,XLK,C,30.25,1.0,4.59,4.59,-6.99,YES,4.59,15.17,4.59,15.17,4.59,4.59,1.0,1548651600000000000,4.0,Weekly,32.48,32.52,32.53,32.26,32.52,32.52,32.53,32.52,0.024,2.5478
O:XLK190201C00061000,2019-01-28,2019-02-01,XLK,C,30.5,7.0,3.8,4.0,-6.23,YES,4.0,13.11,3.8,12.46,4.0,3.8,4.0,1548651600000000000,4.0,Weekly,32.48,32.52,32.53,32.26,32.52,32.52,32.53,32.52,0.024,2.1889
O:XLK190201C00061500,2019-01-28,2019-02-01,XLK,C,30.75,10.0,3.35,3.35,-5.46,YES,3.35,10.89,3.35,10.89,3.35,3.35,1.0,1548651600000000000,4.0,Weekly,32.48,32.52,32.53,32.26,32.52,32.52,32.53,32.52,0.024,1.7857
O:XLK190201C00062000,2019-01-28,2019-02-01,XLK,C,31.0,42.0,2.9,2.97,-4.69,YES,2.97,9.58,2.9,9.35,3.05,2.9,6.0,1548651600000000000,4.0,Weekly,32.48,32.52,32.53,32.26,32.52,32.52,32.53,32.52,0.024,1.5998
O:XLK190201C00063000,2019-01-28,2019-02-01,XLK,C,31.5,94.0,2.21,2.26,-3.15,YES,2.26,7.17,2.21,7.02,2.26,1.95,26.0,1548651600000000000,4.0,Weekly,32.48,32.52,32.53,32.26,32.52,32.52,32.53,32.52,0.024,1.2702
O:XLK190201C00063500,2019-01-28,2019-02-01,XLK,C,31.75,19.0,1.87,1.65,-2.38,YES,1.65,5.2,1.87,5.89,1.87,1.65,2.0,1548651600000000000,4.0,Weekly,32.48,32.52,32.53,32.26,32.52,32.52,32.53,32.52,0.024,0.9107
O:XLK190201C00064000,2019-01-28,2019-02-01,XLK,C,32.0,36.0,1.32,1.5,-1.61,YES,1.5,4.69,1.32,4.12,1.5,1.32,11.0,1548651600000000000,4.0,Weekly,32.48,32.52,32.53,32.26,32.52,32.52,32.53,32.52,0.024,0.9042
O:XLK190201C00064500,2019-01-28,2019-02-01,XLK,C,32.25,32.0,1.0,1.15,-0.85,YES,1.15,3.57,1.0,3.1,1.15,0.95,16.0,1548651600000000000,4.0,Weekly,32.48,32.52,32.53,32.26,32.52,32.52,32.53,32.52,0.024,0.7431
O:XLK190201C00065000,2019-01-28,2019-02-01,XLK,C,32.5,137.0,0.75,0.84,-0.08,YES,0.84,2.58,0.75,2.31,0.89,0.67,40.0,1548651600000000000,4.0,Weekly,32.48,32.52,32.53,32.26,32.52,32.52,32.53,32.52,0.024,0.6083
O:XLK190201C00065500,2019-01-28,2019-02-01,XLK,C,32.75,27.0,0.5,0.59,0.69,NO,0.59,1.8,0.5,1.53,0.59,0.48,10.0,1548651600000000000,4.0,Weekly,32.48,32.52,32.53,32.26,32.52,32.52,32.53,32.52,0.024,0.5101
O:XLK190201C00066000,2019-01-28,2019-02-01,XLK,C,33.0,11.0,0.35,0.38,1.46,NO,0.38,1.15,0.35,1.06,0.41,0.3,6.0,1548651600000000000,4.0,Weekly,32.48,32.52,32.53,32.26,32.52,32.52,32.53,32.52,0.024,0.4282
O:XLK190201C00066500,2019-01-28,2019-02-01,XLK,C,33.25,14.0,0.2,0.23,2.23,NO,0.23,0.69,0.2,0.6,0.28,0.2,7.0,1548651600000000000,4.0,Weekly,32.48,32.52,32.53,32.26,32.52,32.52,32.53,32.52,0.024,0.3728
O:XLK190201C00067000,2019-01-28,2019-02-01,XLK,C,33.5,15.0,0.13,0.11,3.0,NO,0.11,0.33,0.13,0.39,0.13,0.11,4.0,1548651600000000000,4.0,Weekly,32.48,32.52,32.53,32.26,32.52,32.52,32.53,32.52,0.024,
O:XLK190208C00060000,2019-02-04,2019-02-08,XLK,C,30.0,3.0,7.35,7.35,-11.43,YES,7.35,24.5,7.35,24.5,7.35,7.35,1.0,1549256400000000000,4.0,Weekly,33.38,33.87,33.88,33.35,33.87,33.87,33.88,33.87,0.024,3.9178
O:XLK190208C00063500,2019-02-04,2019-02-08,XLK,C,31.75,5.0,4.15,4.15,-6.26,YES,4.15,13.07,4.15,13.07,4.15,4.15,1.0,1549256400000000000,4.0,Weekly,33.38,33.87,33.88,33.35,33.87,33.87,33.88,33.87,0.024,2.1696
O:XLK190208C00064000,2019-02-04,2019-02-08,XLK,C,32.0,20.0,2.95,2.95,-5.52,YES,2.95,9.22,2.95,9.22,2.95,2.95,1.0,1549256400000000000,4.0,Weekly,33.38,33.87,33.88,33.35,33.87,33.87,33.88,33.87,0.024,1.3554
O:XLK190208C00065000,2019-02-04,2019-02-08,XLK,C,32.5,20.0,2.07,2.65,-4.04,YES,2.65,8.15,2.07,6.37,2.65,2.07,7.0,1549256400000000000,4.0,Weekly,33.38,33.87,33.88,33.35,33.87,33.87,33.88,33.87,0.024,1.3587
O:XLK190208C00065500,2019-02-04,2019-02-08,XLK,C,32.75,47.0,1.84,2.25,-3.31,YES,2.25,6.87,1.84,5.62,2.26,1.83,14.0,1549256400000000000,4.0,Weekly,33.38,33.87,33.88,33.35,33.87,33.87,33.88,33.87,0.024,1.1681
O:XLK190208C00066000,2019-02-04,2019-02-08,XLK,C,33.0,33.0,1.29,1.73,-2.57,YES,1.73,5.24,1.29,3.91,1.8,1.29,8.0,1549256400000000000,4.0,Weekly,33.38,33.87,33.88,33.35,33.87,33.87,33.88,33.87,0.024,0.8896
O:XLK190208C00066500,2019-02-04,2019-02-08,XLK,C,33.25,58.0,0.96,1.35,-1.83,YES,1.35,4.06,0.96,2.89,1.35,0.9,7.0,1549256400000000000,4.0,Weekly,33.38,33.87,33.88,33.35,33.87,33.87,33.88,33.87,0.024,0.717
O:XLK190208C00067000,2019-02-04,2019-02-08,XLK,C,33.5,219.0,0.49,0.91,-1.09,YES,0.91,2.72,0.49,1.46,1.0,0.49,42.0,1549256400000000000,4.0,Weekly,33.38,33.87,33.88,33.35,33.87,33.87,33.88,33.87,0.024,0.5009
O:XLK190208C00068000,2019-02-04,2019-02-08,XLK,C,34.0,1017.0,0.14,0.36,0.38,NO,0.36,1.06,0.14,0.41,0.4,0.11,115.0,1549256400000000000,4.0,Weekly,33.38,33.87,33.88,33.35,33.87,33.87,33.88,33.87,0.024,0.2948
O:XLK190208C00069000,2019-02-04,2019-02-08,XLK,C,34.5,659.0,0.03,0.13,1.86,NO,0.13,0.38,0.03,0.09,0.13,0.01,74.0,1549256400000000000,4.0,Weekly,33.38,33.87,33.88,33.35,33.87,33.87,33.88,33.87,0.024,0.2508
O:XLK190208C00069500,2019-02-04,2019-02-08,XLK,C,34.75,71.0,0.04,0.04,2.6,NO,0.04,0.12,0.04,0.12,0.04,0.04,5.0,1549256400000000000,4.0,Weekly,33.38,33.87,33.88,33.35,33.87,33.87,33.88,33.87,0.024,
O:XLK190301C00064000,2019-02-25,2019-03-01,XLK,C,32.0,4.0,7.11,7.11,-9.83,YES,7.11,22.22,7.11,22.22,7.11,7.11,1.0,1551070800000000000,4.0,Weekly,35.59,35.49,35.73,35.47,35.49,35.49,35.73,35.49,0.024,3.6978
O:XLK190301C00066500,2019-02-25,2019-03-01,XLK,C,33.25,2.0,4.9,4.9,-6.31,YES,4.9,14.74,4.9,14.74,4.9,4.9,1.0,1551070800000000000,4.0,Weekly,35.59,35.49,35.73,35.47,35.49,35.49,35.73,35.49,0.024,2.5632
O:XLK190301C00067000,2019-02-25,2019-03-01,XLK,C,33.5,10.0,4.37,4.37,-5.61,YES,4.37,13.04,4.37,13.04,4.37,4.37,1.0,1551070800000000000,4.0,Weekly,35.59,35.49,35.73,35.47,35.49,35.49,35.73,35.49,0.024,2.2789
O:XLK190301C00068000,2019-02-25,2019-03-01,XLK,C,34.0,5.0,3.18,3.18,-4.2,YES,3.18,9.35,3.18,9.35,3.18,3.18,1.0,1551070800000000000,4.0,Weekly,35.59,35.49,35.73,35.47,35.49,35.49,35.73,35.49,0.024,1.6254
O:XLK190301C00068500,2019-02-25,2019-03-01,XLK,C,34.25,8.0,2.87,2.75,-3.49,YES,2.75,8.03,2.87,8.38,2.87,2.75,3.0,1551070800000000000,4.0,Weekly,35.59,35.49,35.73,35.47,35.49,35.49,35.73,35.49,0.024,1.4201
O:XLK190301C00069000,2019-02-25,2019-03-01,XLK,C,34.5,97.0,2.47,2.14,-2.79,YES,2.14,6.2,2.47,7.16,2.48,2.14,5.0,1551070800000000000,4.0,Weekly,35.59,35.49,35.73,35.47,35.49,35.49,35.73,35.49,0.024,1.0893
O:XLK190301C00069500,2019-02-25,2019-03-01,XLK,C,34.75,10.0,1.79,1.62,-2.09,YES,1.62,4.66,1.79,5.15,1.79,1.61,3.0,1551070800000000000,4.0,Weekly,35.59,35.49,35.73,35.47,35.49,35.49,35.73,35.49,0.024,0.8245
O:XLK190301C00070000,2019-02-25,2019-03-01,XLK,C,35.0,63.0,1.41,1.2,-1.38,YES,1.2,3.43,1.41,4.03,1.51,1.2,11.0,1551070800000000000,4.0,Weekly,35.59,35.49,35.73,35.47,35.49,35.49,35.73,35.49,0.024,0.6314
O:XLK190301C00070500,2019-02-25,2019-03-01,XLK,C,35.25,75.0,1.04,0.78,-0.68,YES,0.78,2.21,1.04,2.95,1.16,0.78,5.0,1551070800000000000,4.0,Weekly,35.59,35.49,35.73,35.47,35.49,35.49,35.73,35.49,0.024,0.4386
O:XLK190301C00071500,2019-02-25,2019-03-01,XLK,C,35.75,221.0,0.35,0.25,0.73,NO,0.25,0.7,0.35,0.98,0.46,0.25,36.0,1551070800000000000,4.0,Weekly,35.59,35.49,35.73,35.47,35.49,35.49,35.73,35.49,0.024,0.2431
O:XLK190301C00072000,2019-02-25,2019-03-01,XLK,C,36.0,103.0,0.16,0.13,1.44,NO,0.13,0.36,0.16,0.44,0.21,0.13,36.0,1551070800000000000,4.0,Weekly,35.59,35.49,35.73,35.47,35.49,35.49,35.73,35.49,0.024,0.2143
O:XLK190301C00072500,2019-02-25,2019-03-01,XLK,C,36.25,22.0,0.07,0.04,2.14,NO,0.04,0.11,0.07,0.19,0.09,0.04,15.0,1551070800000000000,4.0,Weekly,35.59,35.49,35.73,35.47,35.49,35.49,35.73,35.49,0.024,
O:XLK190301C00073500,2019-02-25,2019-03-01,XLK,C,36.75,11.0,0.02,0.02,3.55,NO,0.02,0.05,0.02,0.05,0.02,0.02,1.0,1551070800000000000,4.0,Weekly,35.59,35.49,35.73,35.47,35.49,35.49,35.73,35.49,0.024,
O:XLK190308C00065500,2019-03-04,2019-03-08,XLK,C,32.75,21.0,5.1,4.9,-7.84,YES,4.9,14.96,5.1,15.57,5.1,4.9,2.0,1551675600000000000,4.0,Weekly,35.82,35.53,35.91,35.14,35.53,35.53,35.91,35.53,0.0241,2.3367
O:XLK190308C00066000,2019-03-04,2019-03-08,XLK,C,33.0,5.0,4.6,4.6,-7.13,YES,4.6,13.94,4.6,13.94,4.6,4.6,1.0,1551675600000000000,4.0,Weekly,35.82,35.53,35.91,35.14,35.53,35.53,35.91,35.53,0.0241,2.2217
O:XLK190308C00066500,2019-03-04,2019-03-08,XLK,C,33.25,10.0,4.3,4.32,-6.43,YES,4.32,12.99,4.3,12.93,4.32,4.3,2.0,1551675600000000000,4.0,Weekly,35.82,35.53,35.91,35.14,35.53,35.53,35.91,35.53,0.0241,2.1217
O:XLK190308C00067000,2019-03-04,2019-03-08,XLK,C,33.5,39.0,4.1,3.92,-5.73,YES,3.92,11.7,4.1,12.24,4.1,3.6,5.0,1551675600000000000,4.0,Weekly,35.82,35.53,35.91,35.14,35.53,35.53,35.91,35.53,0.0241,1.9345
O:XLK190308C00068000,2019-03-04,2019-03-08,XLK,C,34.0,12.0,3.65,2.58,-4.32,YES,2.58,7.59,3.65,10.74,3.65,2.5,8.0,1551675600000000000,4.0,Weekly,35.82,35.53,35.91,35.14,35.53,35.53,35.91,35.53,0.0241,1.1726
O:XLK190308C00068500,2019-03-04,2019-03-08,XLK,C,34.25,1.0,2.06,2.06,-3.62,YES,2.06,6.01,2.06,6.01,2.06,2.06,1.0,1551675600000000000,4.0,Weekly,35.82,35.53,35.91,35.14,35.53,35.53,35.91,35.53,0.0241,0.9039
O:XLK190308C00069000,2019-03-04,2019-03-08,XLK,C,34.5,23.0,2.2,2.01,-2.91,YES,2.01,5.83,2.2,6.38,2.2,1.68,4.0,1551675600000000000,4.0,Weekly,35.82,35.53,35.91,35.14,35.53,35.53,35.91,35.53,0.0241,0.9791
O:XLK190308C00069500,2019-03-04,2019-03-08,XLK,C,34.75,55.0,1.9,1.4,-2.21,YES,1.4,4.03,1.9,5.47,1.9,1.4,8.0,1551675600000000000,4.0,Weekly,35.82,35.53,35.91,35.14,35.53,35.53,35.91,35.53,0.0241,0.6502
O:XLK190308C00070000,2019-03-04,2019-03-08,XLK,C,35.0,41.0,1.0,1.16,-1.51,YES,1.16,3.31,1.0,2.86,1.16,0.84,13.0,1551675600000000000,4.0,Weekly,35.82,35.53,35.91,35.14,35.53,35.53,35.91,35.53,0.0241,0.5866
O:XLK190308C00070500,2019-03-04,2019-03-08,XLK,C,35.25,101.0,1.4,0.76,-0.8,YES,0.76,2.16,1.4,3.97,1.4,0.6,23.0,1551675600000000000,4.0,Weekly,35.82,35.53,35.91,35.14,35.53,35.53,35.91,35.53,0.0241,0.409
O:XLK190308C00071000,2019-03-04,2019-03-08,XLK,C,35.5,224.0,0.94,0.48,-0.1,YES,0.48,1.35,0.94,2.65,0.98,0.32,37.0,1551675600000000000,4.0,Weekly,35.82,35.53,35.91,35.14,35.53,35.53,35.91,35.53,0.0241,0.3102
O:XLK190308C00072000,2019-03-04,2019-03-08,XLK,C,36.0,188.0,0.3,0.08,1.31,NO,0.08,0.22,0.3,0.83,0.34,0.07,41.0,1551675600000000000,4.0,Weekly,35.82,35.53,35.91,35.14,35.53,35.53,35.91,35.53,0.0241,0.1635
O:XLK190308C00072500,2019-03-04,2019-03-08,XLK,C,36.25,33.0,0.15,0.03,2.01,NO,0.03,0.08,0.15,0.41,0.15,0.03,7.0,1551675600000000000,4.0,Weekly,35.82,35.53,35.91,35.14,35.53,35.53,35.91,35.53,0.0241,
O:XLK190322C00069500,2019-03-18,2019-03-22,XLK,C,34.75,5.0,3.9,3.9,-5.18,YES,3.9,11.22,3.9,11.22,3.9,3.9,1.0,1552881600000000000,4.0,Weekly,36.52,36.65,36.74,36.42,36.65,36.65,36.74,36.65,0.0241,1.9114
O:XLK190322C00070500,2019-03-18,2019-03-22,XLK,C,35.25,10.0,2.92,2.92,-3.82,YES,2.92,8.28,2.92,8.28,2.92,2.92,1.0,1552881600000000000,4.0,Weekly,36.52,36.65,36.74,36.42,36.65,36.65,36.74,36.65,0.0241,1.4284
O:XLK190322C00071000,2019-03-18,2019-03-22,XLK,C,35.5,2.0,2.29,2.29,-3.14,YES,2.29,6.45,2.29,6.45,2.29,2.29,2.0,1552881600000000000,4.0,Weekly,36.52,36.65,36.74,36.42,36.65,36.65,36.74,36.65,0.0241,1.0932
O:XLK190322C00071500,2019-03-18,2019-03-22,XLK,C,35.75,12.0,1.93,1.93,-2.46,YES,1.93,5.4,1.93,5.4,1.93,1.93,2.0,1552881600000000000,4.0,Weekly,36.52,36.65,36.74,36.42,36.65,36.65,36.74,36.65,0.0241,0.9461
O:XLK190322C00072000,2019-03-18,2019-03-22,XLK,C,36.0,90.0,1.24,1.42,-1.77,YES,1.42,3.94,1.24,3.44,1.42,1.24,4.0,1552881600000000000,4.0,Weekly,36.52,36.65,36.74,36.42,36.65,36.65,36.74,36.65,0.0241,0.6975
O:XLK190322C00072500,2019-03-18,2019-03-22,XLK,C,36.25,124.0,0.97,1.03,-1.09,YES,1.03,2.84,0.97,2.68,1.19,0.78,26.0,1552881600000000000,4.0,Weekly,36.52,36.65,36.74,36.42,36.65,36.65,36.74,36.65,0.0241,0.5314
O:XLK190322C00073500,2019-03-18,2019-03-22,XLK,C,36.75,167.0,0.39,0.42,0.27,NO,0.42,1.14,0.39,1.06,0.52,0.26,33.0,1552881600000000000,4.0,Weekly,36.52,36.65,36.74,36.42,36.65,36.65,36.74,36.65,0.0241,0.3026
O:XLK190322C00074000,2019-03-18,2019-03-22,XLK,C,37.0,112.0,0.19,0.19,0.95,NO,0.19,0.51,0.19,0.51,0.27,0.13,29.0,1552881600000000000,4.0,Weekly,36.52,36.65,36.74,36.42,36.65,36.65,36.74,36.65,0.0241,0.2164
O:XLK190322C00074500,2019-03-18,2019-03-22,XLK,C,37.25,19.0,0.11,0.1,1.64,NO,0.1,0.27,0.11,0.3,0.12,0.08,12.0,1552881600000000000,4.0,Weekly,36.52,36.65,36.74,36.42,36.65,36.65,36.74,36.65,0.0241,0.2007
O:XLK190329C00066500,2019-03-25,2019-03-29,XLK,C,33.25,32.0,6.25,6.1,-8.9,YES,6.1,18.35,6.25,18.8,6.25,6.1,7.0,1553486400000000000,4.0,Weekly,36.54,36.5,36.74,36.27,36.5,36.5,36.74,36.5,0.0241,2.9489
O:XLK190329C00067000,2019-03-25,2019-03-29,XLK,C,33.5,15.0,5.95,5.6,-8.22,YES,5.6,16.72,5.95,17.76,6.15,5.6,3.0,1553486400000000000,4.0,Weekly,36.54,36.5,36.74,36.27,36.5,36.5,36.74,36.5,0.0241,2.6878
O:XLK190329C00068500,2019-03-25,2019-03-29,XLK,C,34.25,1.0,4.4,4.4,-6.16,YES,4.4,12.85,4.4,12.85,4.4,4.4,1.0,1553486400000000000,4.0,Weekly,36.54,36.5,36.74,36.27,36.5,36.5,36.74,36.5,0.0241,2.1322
O:XLK190329C00070000,2019-03-25,2019-03-29,XLK,C,35.0,49.0,3.25,2.85,-4.11,YES,2.85,8.14,3.25,9.29,3.25,2.85,4.0,1553486400000000000,4.0,Weekly,36.54,36.5,36.74,36.27,36.5,36.5,36.74,36.5,0.0241,1.3448
O:XLK190329C00071000,2019-03-25,2019-03-29,XLK,C,35.5,40.0,2.3,2.13,-2.74,YES,2.13,6.0,2.3,6.48,2.5,2.13,4.0,1553486400000000000,4.0,Weekly,36.54,36.5,36.74,36.27,36.5,36.5,36.74,36.5,0.0241,1.0477
O:XLK190329C00071500,2019-03-25,2019-03-29,XLK,C,35.75,86.0,1.91,1.77,-2.05,YES,1.77,4.95,1.91,5.34,2.07,1.69,11.0,1553486400000000000,4.0,Weekly,36.54,36.5,36.74,36.27,36.5,36.5,36.74,36.5,0.0241,0.8997
O:XLK190329C00072000,2019-03-25,2019-03-29,XLK,C,36.0,3.0,1.45,1.71,-1.37,YES,1.71,4.75,1.45,4.03,1.71,1.45,2.0,1553486400000000000,4.0,Weekly,36.54,36.5,36.74,36.27,36.5,36.5,36.74,36.5,0.0241,0.9523
O:XLK190329C00072500,2019-03-25,2019-03-29,XLK,C,36.25,65.0,1.16,0.9,-0.68,YES,0.9,2.48,1.16,3.2,1.17,0.9,7.0,1553486400000000000,4.0,Weekly,36.54,36.5,36.74,36.27,36.5,36.5,36.74,36.5,0.0241,0.5025
O:XLK190329C00073000,2019-03-25,2019-03-29,XLK,C,36.5,90.0,1.06,0.7,0.0,YES,0.7,1.92,1.06,2.9,1.06,0.55,22.0,1553486400000000000,4.0,Weekly,36.54,36.5,36.74,36.27,36.5,36.5,36.74,36.5,0.0241,0.4561
O:XLK190329C00073500,2019-03-25,2019-03-29,XLK,C,36.75,95.0,0.55,0.45,0.68,NO,0.45,1.22,0.55,1.5,0.58,0.37,37.0,1553486400000000000,4.0,Weekly,36.54,36.5,36.74,36.27,36.5,36.5,36.74,36.5,0.0241,0.3675
O:XLK190329C00074000,2019-03-25,2019-03-29,XLK,C,37.0,366.0,0.34,0.28,1.37,NO,0.28,0.76,0.34,0.92,0.45,0.2,28.0,1553486400000000000,4.0,Weekly,36.54,36.5,36.74,36.27,36.5,36.5,36.74,36.5,0.0241,0.3169
O:XLK190329C00074500,2019-03-25,2019-03-29,XLK,C,37.25,52.0,0.23,0.1,2.05,NO,0.1,0.27,0.23,0.62,0.33,0.1,20.0,1553486400000000000,4.0,Weekly,36.54,36.5,36.74,36.27,36.5,36.5,36.74,36.5,0.0241,0.2295
O:XLK190329C00075000,2019-03-25,2019-03-29,XLK,C,37.5,28.0,0.2,0.06,2.74,NO,0.06,0.16,0.2,0.53,0.2,0.06,7.0,1553486400000000000,4.0,Weekly,36.54,36.5,36.74,36.27,36.5,36.5,36.74,36.5,0.0241,
O:XLK190329C00075500,2019-03-25,2019-03-29,XLK,C,37.75,39.0,0.1,0.03,3.42,NO,0.03,0.08,0.1,0.26,0.1,0.03,16.0,1553486400000000000,4.0,Weekly,36.54,36.5,36.74,36.27,36.5,36.5,36.74,36.5,0.0241,
O:XLK190329C00076000,2019-03-25,2019-03-29,XLK,C,38.0,8.0,0.03,0.03,4.11,NO,0.03,0.08,0.03,0.08,0.03,0.02,4.0,1553486400000000000,4.0,Weekly,36.54,36.5,36.74,36.27,36.5,36.5,36.74,36.5,0.0241,
O:XLK190329C00078000,2019-03-25,2019-03-29,XLK,C,39.0,5.0,0.03,0.03,6.85,NO,0.03,0.08,0.03,0.08,0.03,0.03,1.0,1553486400000000000,4.0,Weekly,36.54,36.5,36.74,36.27,36.5,36.5,36.74,36.5,0.0241,
O:XLK190405C00070000,2019-04-01,2019-04-05,XLK,C,35.0,5.0,4.99,4.99,-6.68,YES,4.99,14.26,4.99,14.26,4.99,4.99,1.0,1554091200000000000,4.0,Weekly,37.36,37.51,37.55,37.15,37.51,37.51,37.55,37.51,0.0242,2.3788
O:XLK190405C00070500,2019-04-01,2019-04-05,XLK,C,35.25,20.0,4.31,4.32,-6.01,YES,4.32,12.26,4.31,12.23,4.32,4.31,4.0,1554091200000000000,4.0,Weekly,37.36,37.51,37.55,37.15,37.51,37.51,37.55,37.51,0.0242,2.0134
O:XLK190405C00071500,2019-04-01,2019-04-05,XLK,C,35.75,4.0,2.98,2.98,-4.68,YES,2.98,8.34,2.98,8.34,2.98,2.98,1.0,1554091200000000000,4.0,Weekly,37.36,37.51,37.55,37.15,37.51,37.51,37.55,37.51,0.0242,1.2892
O:XLK190405C00072000,2019-04-01,2019-04-05,XLK,C,36.0,11.0,2.62,2.98,-4.01,YES,2.98,8.28,2.62,7.28,2.98,2.62,4.0,1554091200000000000,4.0,Weekly,37.36,37.51,37.55,37.15,37.51,37.51,37.55,37.51,0.0242,1.3923
O:XLK190405C00073000,2019-04-01,2019-04-05,XLK,C,36.5,29.0,1.84,2.03,-2.68,YES,2.03,5.56,1.84,5.04,2.03,1.62,8.0,1554091200000000000,4.0,Weekly,37.36,37.51,37.55,37.15,37.51,37.51,37.55,37.51,0.0242,0.9479
O:XLK190405C00073500,2019-04-01,2019-04-05,XLK,C,36.75,49.0,1.37,1.55,-2.01,YES,1.55,4.22,1.37,3.73,1.55,1.37,12.0,1554091200000000000,4.0,Weekly,37.36,37.51,37.55,37.15,37.51,37.51,37.55,37.51,0.0242,0.7248
O:XLK190405C00074000,2019-04-01,2019-04-05,XLK,C,37.0,68.0,1.01,1.23,-1.35,YES,1.23,3.32,1.01,2.73,1.23,0.81,14.0,1554091200000000000,4.0,Weekly,37.36,37.51,37.55,37.15,37.51,37.51,37.55,37.51,0.0242,0.6092
O:XLK190405C00074500,2019-04-01,2019-04-05,XLK,C,37.25,58.0,0.65,0.8,-0.68,YES,0.8,2.15,0.65,1.75,0.82,0.51,12.0,1554091200000000000,4.0,Weekly,37.36,37.51,37.55,37.15,37.51,37.51,37.55,37.51,0.0242,0.4205
O:XLK190405C00075000,2019-04-01,2019-04-05,XLK,C,37.5,496.0,0.34,0.5,-0.01,YES,0.5,1.33,0.34,0.91,0.51,0.28,50.0,1554091200000000000,4.0,Weekly,37.36,37.51,37.55,37.15,37.51,37.51,37.55,37.51,0.0242,0.3129
O:XLK190405C00075500,2019-04-01,2019-04-05,XLK,C,37.75,258.0,0.2,0.21,0.65,NO,0.21,0.56,0.2,0.53,0.28,0.15,28.0,1554091200000000000,4.0,Weekly,37.36,37.51,37.55,37.15,37.51,37.51,37.55,37.51,0.0242,0.1983
O:XLK190405C00076000,2019-04-01,2019-04-05,XLK,C,38.0,116.0,0.09,0.11,1.32,NO,0.11,0.29,0.09,0.24,0.11,0.04,21.0,1554091200000000000,4.0,Weekly,37.36,37.51,37.55,37.15,37.51,37.51,37.55,37.51,0.0242,0.1831
O:XLK190412C00070500,2019-04-08,2019-04-12,XLK,C,35.25,10.0,5.65,5.65,-7.49,YES,5.65,16.03,5.65,16.03,5.65,5.65,1.0,1554696000000000000,4.0,Weekly,37.87,38.1,38.12,37.71,38.1,38.1,38.12,38.1,0.0242,2.6617
O:XLK190412C00071000,2019-04-08,2019-04-12,XLK,C,35.5,3.0,4.86,4.86,-6.84,YES,4.86,13.69,4.86,13.69,4.86,4.86,2.0,1554696000000000000,4.0,Weekly,37.87,38.1,38.12,37.71,38.1,38.1,38.12,38.1,0.0242,2.2165
O:XLK190412C00072000,2019-04-08,2019-04-12,XLK,C,36.0,5.0,4.15,4.15,-5.52,YES,4.15,11.53,4.15,11.53,4.15,4.15,1.0,1554696000000000000,4.0,Weekly,37.87,38.1,38.12,37.71,38.1,38.1,38.12,38.1,0.0242,1.928
O:XLK190412C00072500,2019-04-08,2019-04-12,XLK,C,36.25,10.0,3.75,3.75,-4.87,YES,3.75,10.34,3.75,10.34,3.75,3.75,1.0,1554696000000000000,4.0,Weekly,37.87,38.1,38.12,37.71,38.1,38.1,38.12,38.1,0.0242,1.7548
O:XLK190412C00073000,2019-04-08,2019-04-12,XLK,C,36.5,87.0,2.91,2.81,-4.21,YES,2.81,7.7,2.91,7.97,2.91,2.81,4.0,1554696000000000000,4.0,Weekly,37.87,38.1,38.12,37.71,38.1,38.1,38.12,38.1,0.0242,1.2193
O:XLK190412C00074000,2019-04-08,2019-04-12,XLK,C,37.0,34.0,1.92,2.16,-2.9,YES,2.16,5.84,1.92,5.19,2.16,1.92,5.0,1554696000000000000,4.0,Weekly,37.87,38.1,38.12,37.71,38.1,38.1,38.12,38.1,0.0242,0.9839
O:XLK190412C00074500,2019-04-08,2019-04-12,XLK,C,37.25,17.0,1.45,1.7,-2.24,YES,1.7,4.56,1.45,3.89,1.7,1.4,5.0,1554696000000000000,4.0,Weekly,37.87,38.1,38.12,37.71,38.1,38.1,38.12,38.1,0.0242,0.7771
O:XLK190412C00075000,2019-04-08,2019-04-12,XLK,C,37.5,7.0,1.15,1.27,-1.59,YES,1.27,3.39,1.15,3.07,1.27,1.15,4.0,1554696000000000000,4.0,Weekly,37.87,38.1,38.12,37.71,38.1,38.1,38.12,38.1,0.0242,0.5915
O:XLK190412C00075500,2019-04-08,2019-04-12,XLK,C,37.75,17.0,0.75,0.84,-0.93,YES,0.84,2.23,0.75,1.99,0.84,0.58,6.0,1554696000000000000,4.0,Weekly,37.87,38.1,38.12,37.71,38.1,38.1,38.12,38.1,0.0242,0.4067
O:XLK190412C00076000,2019-04-08,2019-04-12,XLK,C,38.0,228.0,0.38,0.6,-0.28,YES,0.6,1.58,0.38,1.0,0.6,0.31,26.0,1554696000000000000,4.0,Weekly,37.87,38.1,38.12,37.71,38.1,38.1,38.12,38.1,0.0242,0.3419
O:XLK190412C00076500,2019-04-08,2019-04-12,XLK,C,38.25,180.0,0.21,0.31,0.38,NO,0.31,0.81,0.21,0.55,0.31,0.2,20.0,1554696000000000000,4.0,Weekly,37.87,38.1,38.12,37.71,38.1,38.1,38.12,38.1,0.0242,0.2357
O:XLK190412C00077000,2019-04-08,2019-04-12,XLK,C,38.5,31.0,0.09,0.13,1.04,NO,0.13,0.34,0.09,0.23,0.13,0.08,9.0,1554696000000000000,4.0,Weekly,37.87,38.1,38.12,37.71,38.1,38.1,38.12,38.1,0.0242,0.1771
O:XLK190412C00077500,2019-04-08,2019-04-12,XLK,C,38.75,13.0,0.05,0.06,1.69,NO,0.06,0.15,0.05,0.13,0.06,0.03,6.0,1554696000000000000,4.0,Weekly,37.87,38.1,38.12,37.71,38.1,38.1,38.12,38.1,0.0242,
O:XLK190412C00078000,2019-04-08,2019-04-12,XLK,C,39.0,5.0,0.01,0.01,2.35,NO,0.01,0.03,0.01,0.03,0.01,0.01,2.0,1554696000000000000,4.0,Weekly,37.87,38.1,38.12,37.71,38.1,38.1,38.12,38.1,0.0242,
O:XLK190426C00074000,2019-04-22,2019-04-26,XLK,C,37.0,1.0,3.78,3.78,-5.13,YES,3.78,10.22,3.78,10.22,3.78,3.78,1.0,1555905600000000000,4.0,Weekly,38.73,39.0,39.02,38.7,39.0,39.0,39.02,39.0,0.0242,1.6757
O:XLK190426C00074500,2019-04-22,2019-04-26,XLK,C,37.25,15.0,3.1,3.2,-4.49,YES,3.2,8.59,3.1,8.32,3.2,3.05,6.0,1555905600000000000,4.0,Weekly,38.73,39.0,39.02,38.7,39.0,39.0,39.02,39.0,0.0242,1.3893
O:XLK190426C00075000,2019-04-22,2019-04-26,XLK,C,37.5,1.0,2.92,2.92,-3.85,YES,2.92,7.79,2.92,7.79,2.92,2.92,1.0,1555905600000000000,4.0,Weekly,38.73,39.0,39.02,38.7,39.0,39.0,39.02,39.0,0.0242,1.3024
O:XLK190426C00076000,2019-04-22,2019-04-26,XLK,C,38.0,48.0,1.88,2.05,-2.56,YES,2.05,5.39,1.88,4.95,2.09,1.88,9.0,1555905600000000000,4.0,Weekly,38.73,39.0,39.02,38.7,39.0,39.0,39.02,39.0,0.0242,0.9277
O:XLK190426C00076500,2019-04-22,2019-04-26,XLK,C,38.25,169.0,1.36,1.63,-1.92,YES,1.63,4.26,1.36,3.56,1.63,1.36,17.0,1555905600000000000,4.0,Weekly,38.73,39.0,39.02,38.7,39.0,39.0,39.02,39.0,0.0242,0.7518
O:XLK190426C00077000,2019-04-22,2019-04-26,XLK,C,38.5,66.0,1.03,1.25,-1.28,YES,1.25,3.25,1.03,2.68,1.25,1.03,18.0,1555905600000000000,4.0,Weekly,38.73,39.0,39.02,38.7,39.0,39.0,39.02,39.0,0.0242,0.6019
O:XLK190426C00077500,2019-04-22,2019-04-26,XLK,C,38.75,321.0,0.53,0.79,-0.64,YES,0.79,2.04,0.53,1.37,0.84,0.53,37.0,1555905600000000000,4.0,Weekly,38.73,39.0,39.02,38.7,39.0,39.0,39.02,39.0,0.0242,0.4014
O:XLK190426C00078000,2019-04-22,2019-04-26,XLK,C,39.0,524.0,0.38,0.51,0.0,YES,0.51,1.31,0.38,0.97,0.51,0.37,55.0,1555905600000000000,4.0,Weekly,38.73,39.0,39.02,38.7,39.0,39.0,39.02,39.0,0.0242,0.31
O:XLK190426C00078500,2019-04-22,2019-04-26,XLK,C,39.25,73.0,0.25,0.26,0.64,NO,0.26,0.66,0.25,0.64,0.27,0.21,11.0,1555905600000000000,4.0,Weekly,38.73,39.0,39.02,38.7,39.0,39.0,39.02,39.0,0.0242,0.2249
O:XLK190426C00079000,2019-04-22,2019-04-26,XLK,C,39.5,72.0,0.08,0.12,1.28,NO,0.12,0.3,0.08,0.2,0.12,0.08,4.0,1555905600000000000,4.0,Weekly,38.73,39.0,39.02,38.7,39.0,39.0,39.02,39.0,0.0242,0.1856
O:XLK190426C00079500,2019-04-22,2019-04-26,XLK,C,39.75,20.0,0.05,0.05,1.92,NO,0.05,0.13,0.05,0.13,0.05,0.05,2.0,1555905600000000000,4.0,Weekly,38.73,39.0,39.02,38.7,39.0,39.0,39.02,39.0,0.0242,
O:XLK190426C00080000,2019-04-22,2019-04-26,XLK,C,40.0,144.0,0.02,0.02,2.56,NO,0.02,0.05,0.02,0.05,0.03,0.02,6.0,1555905600000000000,4.0,Weekly,38.73,39.0,39.02,38.7,39.0,39.0,39.02,39.0,0.0242,
O:XLK190503C00075000,2019-04-29,2019-05-03,XLK,C,37.5,29.0,3.83,3.75,-4.56,YES,3.75,10.0,3.83,10.21,3.83,3.75,2.0,1556510400000000000,4.0,Weekly,39.28,39.29,39.41,39.24,39.29,39.29,39.41,39.29,0.0242,1.7223
O:XLK190503C00077000,2019-04-29,2019-05-03,XLK,C,38.5,21.0,1.82,1.86,-2.01,YES,1.86,4.83,1.82,4.73,1.86,1.82,2.0,1556510400000000000,4.0,Weekly,39.28,39.29,39.41,39.24,39.29,39.29,39.41,39.29,0.0242,0.8773
O:XLK190503C00077500,2019-04-29,2019-05-03,XLK,C,38.75,2.0,1.5,1.43,-1.37,YES,1.43,3.69,1.5,3.87,1.5,1.43,2.0,1556510400000000000,4.0,Weekly,39.28,39.29,39.41,39.24,39.29,39.29,39.41,39.29,0.0242,0.6959
O:XLK190503C00078000,2019-04-29,2019-05-03,XLK,C,39.0,51.0,1.07,1.04,-0.74,YES,1.04,2.67,1.07,2.74,1.14,1.04,11.0,1556510400000000000,4.0,Weekly,39.28,39.29,39.41,39.24,39.29,39.29,39.41,39.29,0.0242,0.5395
O:XLK190503C00078500,2019-04-29,2019-05-03,XLK,C,39.25,150.0,0.74,0.66,-0.1,YES,0.66,1.68,0.74,1.89,0.79,0.66,15.0,1556510400000000000,4.0,Weekly,39.28,39.29,39.41,39.24,39.29,39.29,39.41,39.29,0.0242,0.3869
O:XLK190503C00079000,2019-04-29,2019-05-03,XLK,C,39.5,241.0,0.48,0.4,0.53,NO,0.4,1.01,0.48,1.22,0.54,0.4,39.0,1556510400000000000,4.0,Weekly,39.28,39.29,39.41,39.24,39.29,39.29,39.41,39.29,0.0242,0.2999
O:XLK190503C00079500,2019-04-29,2019-05-03,XLK,C,39.75,56.0,0.28,0.23,1.17,NO,0.23,0.58,0.28,0.7,0.28,0.23,22.0,1556510400000000000,4.0,Weekly,39.28,39.29,39.41,39.24,39.29,39.29,39.41,39.29,0.0242,0.2525
O:XLK190503C00080000,2019-04-29,2019-05-03,XLK,C,40.0,138.0,0.16,0.1,1.81,NO,0.1,0.25,0.16,0.4,0.16,0.1,25.0,1556510400000000000,4.0,Weekly,39.28,39.29,39.41,39.24,39.29,39.29,39.41,39.29,0.0242,0.2064
O:XLK190503C00081000,2019-04-29,2019-05-03,XLK,C,40.5,63.0,0.04,0.03,3.08,NO,0.03,0.07,0.04,0.1,0.04,0.03,11.0,1556510400000000000,4.0,Weekly,39.28,39.29,39.41,39.24,39.29,39.29,39.41,39.29,0.0242,
O:XLK190510C00073500,2019-05-06,2019-05-10,XLK,C,36.75,1.0,4.45,4.45,-6.05,YES,4.45,12.11,4.45,12.11,4.45,4.45,1.0,1557115200000000000,4.0,Weekly,38.48,39.12,39.18,38.33,39.12,39.12,39.18,39.12,0.0239,1.9717
O:XLK190510C00075000,2019-05-06,2019-05-10,XLK,C,37.5,15.0,2.52,2.52,-4.13,YES,2.52,6.72,2.52,6.72,2.52,2.52,1.0,1557115200000000000,4.0,Weekly,38.48,39.12,39.18,38.33,39.12,39.12,39.18,39.12,0.0239,0.9836
O:XLK190510C00075500,2019-05-06,2019-05-10,XLK,C,37.75,18.0,2.21,2.55,-3.49,YES,2.55,6.75,2.21,5.85,2.55,2.21,2.0,1557115200000000000,4.0,Weekly,38.48,39.12,39.18,38.33,39.12,39.12,39.18,39.12,0.0239,1.1069
O:XLK190510C00076000,2019-05-06,2019-05-10,XLK,C,38.0,37.0,1.79,2.46,-2.85,YES,2.46,6.47,1.79,4.71,2.46,1.79,8.0,1557115200000000000,4.0,Weekly,38.48,39.12,39.18,38.33,39.12,39.12,39.18,39.12,0.0239,1.1435
O:XLK190510C00076500,2019-05-06,2019-05-10,XLK,C,38.25,46.0,1.27,1.77,-2.21,YES,1.77,4.63,1.27,3.32,1.77,1.27,10.0,1557115200000000000,4.0,Weekly,38.48,39.12,39.18,38.33,39.12,39.12,39.18,39.12,0.0239,0.794
O:XLK190510C00077000,2019-05-06,2019-05-10,XLK,C,38.5,54.0,0.95,1.53,-1.57,YES,1.53,3.97,0.95,2.47,1.56,0.94,17.0,1557115200000000000,4.0,Weekly,38.48,39.12,39.18,38.33,39.12,39.12,39.18,39.12,0.0239,0.7335
O:XLK190510C00077500,2019-05-06,2019-05-10,XLK,C,38.75,120.0,0.69,1.21,-0.93,YES,1.21,3.12,0.69,1.78,1.22,0.69,28.0,1557115200000000000,4.0,Weekly,38.48,39.12,39.18,38.33,39.12,39.12,39.18,39.12,0.0239,0.6204
O:XLK190510C00078000,2019-05-06,2019-05-10,XLK,C,39.0,198.0,0.41,0.79,-0.29,YES,0.79,2.03,0.41,1.05,0.83,0.41,33.0,1557115200000000000,4.0,Weekly,38.48,39.12,39.18,38.33,39.12,39.12,39.18,39.12,0.0239,0.4433
O:XLK190510C00078500,2019-05-06,2019-05-10,XLK,C,39.25,661.0,0.26,0.53,0.35,NO,0.53,1.35,0.26,0.66,0.56,0.26,49.0,1557115200000000000,4.0,Weekly,38.48,39.12,39.18,38.33,39.12,39.12,39.18,39.12,0.0239,0.3593
O:XLK190510C00079000,2019-05-06,2019-05-10,XLK,C,39.5,313.0,0.15,0.3,0.98,NO,0.3,0.76,0.15,0.38,0.3,0.15,66.0,1557115200000000000,4.0,Weekly,38.48,39.12,39.18,38.33,39.12,39.12,39.18,39.12,0.0239,0.2811
O:XLK190510C00079500,2019-05-06,2019-05-10,XLK,C,39.75,137.0,0.15,0.12,1.62,NO,0.12,0.3,0.15,0.38,0.15,0.07,15.0,1557115200000000000,4.0,Weekly,38.48,39.12,39.18,38.33,39.12,39.12,39.18,39.12,0.0239,0.2094
O:XLK190510C00080000,2019-05-06,2019-05-10,XLK,C,40.0,485.0,0.02,0.05,2.26,NO,0.05,0.12,0.02,0.05,0.06,0.02,59.0,1557115200000000000,4.0,Weekly,38.48,39.12,39.18,38.33,39.12,39.12,39.18,39.12,0.0239,
O:XLK190510C00081000,2019-05-06,2019-05-10,XLK,C,40.5,21.0,0.02,0.01,3.54,NO,0.01,0.02,0.02,0.05,0.02,0.01,3.0,1557115200000000000,4.0,Weekly,38.48,39.12,39.18,38.33,39.12,39.12,39.18,39.12,0.0239,
O:XLK190510C00081500,2019-05-06,2019-05-10,XLK,C,40.75,1.0,0.03,0.03,4.18,NO,0.03,0.07,0.03,0.07,0.03,0.03,1.0,1557115200000000000,4.0,Weekly,38.48,39.12,39.18,38.33,39.12,39.12,39.18,39.12,0.0239,
O:XLK190524C00069000,2019-05-20,2019-05-24,XLK,C,34.5,11.0,4.85,4.85,-6.84,YES,4.85,14.06,4.85,14.06,4.85,4.85,5.0,1558324800000000000,4.0,Weekly,37.05,37.03,37.34,36.85,37.03,37.03,37.34,37.03,0.0239,2.3046
O:XLK190524C00070000,2019-05-20,2019-05-24,XLK,C,35.0,10.0,4.16,4.09,-5.49,YES,4.09,11.69,4.16,11.89,4.16,4.09,2.0,1558324800000000000,4.0,Weekly,37.05,37.03,37.34,36.85,37.03,37.03,37.34,37.03,0.0239,1.9718
O:XLK190524C00071000,2019-05-20,2019-05-24,XLK,C,35.5,7.0,3.5,3.2,-4.14,YES,3.2,9.01,3.5,9.86,3.5,3.2,5.0,1558324800000000000,4.0,Weekly,37.05,37.03,37.34,36.85,37.03,37.03,37.34,37.03,0.0239,1.5542
O:XLK190524C00071500,2019-05-20,2019-05-24,XLK,C,35.75,1.0,3.05,3.05,-3.47,YES,3.05,8.53,3.05,8.53,3.05,3.05,1.0,1558324800000000000,4.0,Weekly,37.05,37.03,37.34,36.85,37.03,37.03,37.34,37.03,0.0239,1.5478
O:XLK190524C00072000,2019-05-20,2019-05-24,XLK,C,36.0,23.0,2.47,2.36,-2.79,YES,2.36,6.56,2.47,6.86,2.59,2.36,3.0,1558324800000000000,4.0,Weekly,37.05,37.03,37.34,36.85,37.03,37.03,37.34,37.03,0.0239,1.1764
O:XLK190524C00072500,2019-05-20,2019-05-24,XLK,C,36.25,50.0,2.25,1.88,-2.12,YES,1.88,5.19,2.25,6.21,2.25,1.88,3.0,1558324800000000000,4.0,Weekly,37.05,37.03,37.34,36.85,37.03,37.03,37.34,37.03,0.0239,0.9489
O:XLK190524C00073000,2019-05-20,2019-05-24,XLK,C,36.5,75.0,1.54,1.54,-1.44,YES,1.54,4.22,1.54,4.22,1.84,1.54,10.0,1558324800000000000,4.0,Weekly,37.05,37.03,37.34,36.85,37.03,37.03,37.34,37.03,0.0239,0.8156
O:XLK190524C00073500,2019-05-20,2019-05-24,XLK,C,36.75,156.0,1.61,1.17,-0.77,YES,1.17,3.18,1.61,4.38,1.61,1.17,12.0,1558324800000000000,4.0,Weekly,37.05,37.03,37.34,36.85,37.03,37.03,37.34,37.03,0.0239,0.6614
O:XLK190524C00074000,2019-05-20,2019-05-24,XLK,C,37.0,134.0,1.0,0.9,-0.09,YES,0.9,2.43,1.0,2.7,1.17,0.75,33.0,1558324800000000000,4.0,Weekly,37.05,37.03,37.34,36.85,37.03,37.03,37.34,37.03,0.0239,0.5694
O:XLK190524C00074500,2019-05-20,2019-05-24,XLK,C,37.25,70.0,0.55,0.6,0.58,NO,0.6,1.61,0.55,1.48,0.85,0.54,20.0,1558324800000000000,4.0,Weekly,37.05,37.03,37.34,36.85,37.03,37.03,37.34,37.03,0.0239,0.4515
O:XLK190524C00075000,2019-05-20,2019-05-24,XLK,C,37.5,1879.0,0.49,0.37,1.26,NO,0.37,0.99,0.49,1.31,0.62,0.34,55.0,1558324800000000000,4.0,Weekly,37.05,37.03,37.34,36.85,37.03,37.03,37.34,37.03,0.0239,0.3669
O:XLK190524C00075500,2019-05-20,2019-05-24,XLK,C,37.75,156.0,0.28,0.24,1.93,NO,0.24,0.64,0.28,0.74,0.41,0.2,63.0,1558324800000000000,4.0,Weekly,37.05,37.03,37.34,36.85,37.03,37.03,37.34,37.03,0.0239,0.3329
O:XLK190524C00076000,2019-05-20,2019-05-24,XLK,C,38.0,110.0,0.17,0.12,2.61,NO,0.12,0.32,0.17,0.45,0.24,0.1,33.0,1558324800000000000,4.0,Weekly,37.05,37.03,37.34,36.85,37.03,37.03,37.34,37.03,0.0239,0.2838
O:XLK190524C00076500,2019-05-20,2019-05-24,XLK,C,38.25,150.0,0.1,0.06,3.28,NO,0.06,0.16,0.1,0.26,0.12,0.05,21.0,1558324800000000000,4.0,Weekly,37.05,37.03,37.34,36.85,37.03,37.03,37.34,37.03,0.0239,
O:XLK190524C00077000,2019-05-20,2019-05-24,XLK,C,38.5,86.0,0.03,0.02,3.96,NO,0.02,0.05,0.03,0.08,0.06,0.02,24.0,1558324800000000000,4.0,Weekly,37.05,37.03,37.34,36.85,37.03,37.03,37.34,37.03,0.0239,
O:XLK190524C00077500,2019-05-20,2019-05-24,XLK,C,38.75,1.0,0.04,0.04,4.63,NO,0.04,0.1,0.04,0.1,0.04,0.04,1.0,1558324800000000000,4.0,Weekly,37.05,37.03,37.34,36.85,37.03,37.03,37.34,37.03,0.0239,
O:XLK190524C00078000,2019-05-20,2019-05-24,XLK,C,39.0,60.0,0.02,0.01,5.31,NO,0.01,0.03,0.02,0.05,0.02,0.01,4.0,1558324800000000000,4.0,Weekly,37.05,37.03,37.34,36.85,37.03,37.03,37.34,37.03,0.0239,
O:XLK190524C00079000,2019-05-20,2019-05-24,XLK,C,39.5,2.0,0.02,0.02,6.66,NO,0.02,0.05,0.02,0.05,0.02,0.02,1.0,1558324800000000000,4.0,Weekly,37.05,37.03,37.34,36.85,37.03,37.03,37.34,37.03,0.0239,
O:XLK190607C00067000,2019-06-03,2019-06-07,XLK,C,33.5,3.0,3.95,3.95,-5.14,YES,3.95,11.79,3.95,11.79,3.95,3.95,2.0,1559534400000000000,4.0,Weekly,36.0,35.31,36.2,35.07,35.31,35.31,36.2,35.31,0.0238,2.0591
O:XLK190607C00068500,2019-06-03,2019-06-07,XLK,C,34.25,25.0,2.55,2.55,-3.02,YES,2.55,7.45,2.55,7.45,2.55,2.55,2.0,1559534400000000000,4.0,Weekly,36.0,35.31,36.2,35.07,35.31,35.31,36.2,35.31,0.0238,1.3574
O:XLK190607C00069000,2019-06-03,2019-06-07,XLK,C,34.5,99.0,2.47,1.88,-2.31,YES,1.88,5.45,2.47,7.16,2.47,1.88,15.0,1559534400000000000,4.0,Weekly,36.0,35.31,36.2,35.07,35.31,35.31,36.2,35.31,0.0238,0.9839
O:XLK190607C00069500,2019-06-03,2019-06-07,XLK,C,34.75,40.0,2.3,1.6,-1.6,YES,1.6,4.6,2.3,6.62,2.3,1.38,11.0,1559534400000000000,4.0,Weekly,36.0,35.31,36.2,35.07,35.31,35.31,36.2,35.31,0.0238,0.8861
O:XLK190607C00070000,2019-06-03,2019-06-07,XLK,C,35.0,23.0,1.44,1.09,-0.89,YES,1.09,3.11,1.44,4.11,1.44,1.09,7.0,1559534400000000000,4.0,Weekly,36.0,35.31,36.2,35.07,35.31,35.31,36.2,35.31,0.0238,0.628
O:XLK190607C00070500,2019-06-03,2019-06-07,XLK,C,35.25,50.0,1.48,0.87,-0.18,YES,0.87,2.47,1.48,4.2,1.53,0.86,13.0,1559534400000000000,4.0,Weekly,36.0,35.31,36.2,35.07,35.31,35.31,36.2,35.31,0.0238,0.5668
O:XLK190607C00071000,2019-06-03,2019-06-07,XLK,C,35.5,79.0,1.25,0.62,0.52,NO,0.62,1.75,1.25,3.52,1.25,0.62,26.0,1559534400000000000,4.0,Weekly,36.0,35.31,36.2,35.07,35.31,35.31,36.2,35.31,0.0238,0.4781
O:XLK190607C00071500,2019-06-03,2019-06-07,XLK,C,35.75,92.0,0.87,0.44,1.23,NO,0.44,1.23,0.87,2.43,1.13,0.44,39.0,1559534400000000000,4.0,Weekly,36.0,35.31,36.2,35.07,35.31,35.31,36.2,35.31,0.0238,0.4261
O:XLK190607C00072000,2019-06-03,2019-06-07,XLK,C,36.0,101.0,1.03,0.23,1.94,NO,0.23,0.64,1.03,2.86,1.03,0.23,35.0,1559534400000000000,4.0,Weekly,36.0,35.31,36.2,35.07,35.31,35.31,36.2,35.31,0.0238,0.3346
O:XLK190607C00072500,2019-06-03,2019-06-07,XLK,C,36.25,1442.0,0.55,0.22,2.65,NO,0.22,0.61,0.55,1.52,0.62,0.22,68.0,1559534400000000000,4.0,Weekly,36.0,35.31,36.2,35.07,35.31,35.31,36.2,35.31,0.0238,0.3803
O:XLK190607C00073000,2019-06-03,2019-06-07,XLK,C,36.5,355.0,0.36,0.09,3.36,NO,0.09,0.25,0.36,0.99,0.41,0.08,58.0,1559534400000000000,4.0,Weekly,36.0,35.31,36.2,35.07,35.31,35.31,36.2,35.31,0.0238,
O:XLK190607C00073500,2019-06-03,2019-06-07,XLK,C,36.75,81.0,0.3,0.05,4.06,NO,0.05,0.14,0.3,0.82,0.3,0.05,20.0,1559534400000000000,4.0,Weekly,36.0,35.31,36.2,35.07,35.31,35.31,36.2,35.31,0.0238,
O:XLK190607C00074000,2019-06-03,2019-06-07,XLK,C,37.0,34.0,0.18,0.03,4.77,NO,0.03,0.08,0.18,0.49,0.18,0.03,14.0,1559534400000000000,4.0,Weekly,36.0,35.31,36.2,35.07,35.31,35.31,36.2,35.31,0.0238,
O:XLK190607C00074500,2019-06-03,2019-06-07,XLK,C,37.25,22.0,0.07,0.03,5.48,NO,0.03,0.08,0.07,0.19,0.07,0.03,4.0,1559534400000000000,4.0,Weekly,36.0,35.31,36.2,35.07,35.31,35.31,36.2,35.31,0.0238,
O:XLK190607C00075000,2019-06-03,2019-06-07,XLK,C,37.5,50.0,0.04,0.03,6.19,NO,0.03,0.08,0.04,0.11,0.04,0.03,9.0,1559534400000000000,4.0,Weekly,36.0,35.31,36.2,35.07,35.31,35.31,36.2,35.31,0.0238,
O:XLK190607C00075500,2019-06-03,2019-06-07,XLK,C,37.75,143.0,0.03,0.02,6.9,NO,0.02,0.05,0.03,0.08,0.03,0.02,11.0,1559534400000000000,4.0,Weekly,36.0,35.31,36.2,35.07,35.31,35.31,36.2,35.31,0.0238,
O:XLK190607C00077000,2019-06-03,2019-06-07,XLK,C,38.5,3.0,0.01,0.01,9.02,NO,0.01,0.03,0.01,0.03,0.01,0.01,1.0,1559534400000000000,4.0,Weekly,36.0,35.31,36.2,35.07,35.31,35.31,36.2,35.31,0.0238,
O:XLK190614C00070000,2019-06-10,2019-06-14,XLK,C,35.0,1.0,7.35,7.35,-9.06,YES,7.35,21.0,7.35,21.0,7.35,7.35,1.0,1560139200000000000,4.0,Weekly,38.37,38.48,38.84,38.37,38.48,38.48,38.84,38.48,0.0238,3.5612
O:XLK190614C00072500,2019-06-10,2019-06-14,XLK,C,36.25,3.0,4.84,4.84,-5.81,YES,4.84,13.35,4.84,13.35,4.84,4.84,1.0,1560139200000000000,4.0,Weekly,38.37,38.48,38.84,38.37,38.48,38.48,38.84,38.48,0.0238,2.3203
O:XLK190614C00074000,2019-06-10,2019-06-14,XLK,C,37.0,18.0,3.15,3.15,-3.86,YES,3.15,8.51,3.15,8.51,3.15,3.15,4.0,1560139200000000000,4.0,Weekly,38.37,38.48,38.84,38.37,38.48,38.48,38.84,38.48,0.0238,1.48
O:XLK190614C00074500,2019-06-10,2019-06-14,XLK,C,37.25,4.0,2.68,2.55,-3.21,YES,2.55,6.85,2.68,7.19,2.68,2.55,3.0,1560139200000000000,4.0,Weekly,38.37,38.48,38.84,38.37,38.48,38.48,38.84,38.48,0.0238,1.1803
O:XLK190614C00075000,2019-06-10,2019-06-14,XLK,C,37.5,29.0,2.1,2.13,-2.56,YES,2.13,5.68,2.1,5.6,2.67,2.09,10.0,1560139200000000000,4.0,Weekly,38.37,38.48,38.84,38.37,38.48,38.48,38.84,38.48,0.0238,1.0004
O:XLK190614C00075500,2019-06-10,2019-06-14,XLK,C,37.75,7.0,1.81,2.01,-1.91,YES,2.01,5.32,1.81,4.79,2.17,1.81,4.0,1560139200000000000,4.0,Weekly,38.37,38.48,38.84,38.37,38.48,38.48,38.84,38.48,0.0238,1.014
O:XLK190614C00076000,2019-06-10,2019-06-14,XLK,C,38.0,187.0,1.41,1.78,-1.26,YES,1.78,4.68,1.41,3.71,1.8,1.36,9.0,1560139200000000000,4.0,Weekly,38.37,38.48,38.84,38.37,38.48,38.48,38.84,38.48,0.0238,0.9539
O:XLK190614C00076500,2019-06-10,2019-06-14,XLK,C,38.25,133.0,0.98,0.94,-0.61,YES,0.94,2.46,0.98,2.56,1.19,0.94,12.0,1560139200000000000,4.0,Weekly,38.37,38.48,38.84,38.37,38.48,38.48,38.84,38.48,0.0238,0.5084
O:XLK190614C00077000,2019-06-10,2019-06-14,XLK,C,38.5,1374.0,0.65,0.65,0.04,NO,0.65,1.69,0.65,1.69,1.11,0.64,60.0,1560139200000000000,4.0,Weekly,38.37,38.48,38.84,38.37,38.48,38.48,38.84,38.48,0.0238,0.4075
O:XLK190614C00077500,2019-06-10,2019-06-14,XLK,C,38.75,1525.0,0.3,0.42,0.69,NO,0.42,1.08,0.3,0.77,0.8,0.3,47.0,1560139200000000000,4.0,Weekly,38.37,38.48,38.84,38.37,38.48,38.48,38.84,38.48,0.0238,0.3349
O:XLK190614C00078000,2019-06-10,2019-06-14,XLK,C,39.0,78.0,0.26,0.26,1.34,NO,0.26,0.67,0.26,0.67,0.43,0.23,17.0,1560139200000000000,4.0,Weekly,38.37,38.48,38.84,38.37,38.48,38.48,38.84,38.48,0.0238,0.2916
O:XLK190614C00078500,2019-06-10,2019-06-14,XLK,C,39.25,25.0,0.22,0.16,1.99,NO,0.16,0.41,0.22,0.56,0.29,0.15,10.0,1560139200000000000,4.0,Weekly,38.37,38.48,38.84,38.37,38.48,38.48,38.84,38.48,0.0238,0.2707
O:XLK190614C00079000,2019-06-10,2019-06-14,XLK,C,39.5,89.0,0.07,0.08,2.64,NO,0.08,0.2,0.07,0.18,0.16,0.07,18.0,1560139200000000000,4.0,Weekly,38.37,38.48,38.84,38.37,38.48,38.48,38.84,38.48,0.0238,
O:XLK190614C00079500,2019-06-10,2019-06-14,XLK,C,39.75,1.0,0.07,0.07,3.29,NO,0.07,0.18,0.07,0.18,0.07,0.07,1.0,1560139200000000000,4.0,Weekly,38.37,38.48,38.84,38.37,38.48,38.48,38.84,38.48,0.0238,
O:XLK190614C00080000,2019-06-10,2019-06-14,XLK,C,40.0,1.0,0.03,0.03,3.94,NO,0.03,0.07,0.03,0.07,0.03,0.03,1.0,1560139200000000000,4.0,Weekly,38.37,38.48,38.84,38.37,38.48,38.48,38.84,38.48,0.0238,
O:XLK190628C00072000,2019-06-24,2019-06-28,XLK,C,36.0,2.0,6.59,6.59,-8.23,YES,6.59,18.31,6.59,18.31,6.59,6.59,1.0,1561348800000000000,4.0,Weekly,39.23,39.23,39.36,39.17,39.23,39.23,39.36,39.23,0.0238,3.0692
O:XLK190628C00077000,2019-06-24,2019-06-28,XLK,C,38.5,9.0,1.38,1.76,-1.86,YES,1.76,4.57,1.38,3.58,1.76,1.38,2.0,1561348800000000000,4.0,Weekly,39.23,39.23,39.36,39.17,39.23,39.23,39.36,39.23,0.0238,0.8371
O:XLK190628C00077500,2019-06-24,2019-06-28,XLK,C,38.75,16.0,1.38,1.37,-1.22,YES,1.37,3.54,1.38,3.56,1.38,1.33,3.0,1561348800000000000,4.0,Weekly,39.23,39.23,39.36,39.17,39.23,39.23,39.36,39.23,0.0238,0.6805
O:XLK190628C00078500,2019-06-24,2019-06-28,XLK,C,39.25,46.0,0.67,0.7,0.05,NO,0.7,1.78,0.67,1.71,0.79,0.67,7.0,1561348800000000000,4.0,Weekly,39.23,39.23,39.36,39.17,39.23,39.23,39.36,39.23,0.0238,0.4302
O:XLK190628C00079000,2019-06-24,2019-06-28,XLK,C,39.5,22.0,0.55,0.44,0.69,NO,0.44,1.11,0.55,1.39,0.55,0.44,9.0,1561348800000000000,4.0,Weekly,39.23,39.23,39.36,39.17,39.23,39.23,39.36,39.23,0.0238,0.3409
O:XLK190628C00079500,2019-06-24,2019-06-28,XLK,C,39.75,17.0,0.3,0.28,1.33,NO,0.28,0.7,0.3,0.75,0.31,0.28,7.0,1561348800000000000,4.0,Weekly,39.23,39.23,39.36,39.17,39.23,39.23,39.36,39.23,0.0238,0.2993
O:XLK190628C00080000,2019-06-24,2019-06-28,XLK,C,40.0,3.0,0.14,0.14,1.96,NO,0.14,0.35,0.14,0.35,0.14,0.14,2.0,1561348800000000000,4.0,Weekly,39.23,39.23,39.36,39.17,39.23,39.23,39.36,39.23,0.0238,0.25
O:XLK190628C00080500,2019-06-24,2019-06-28,XLK,C,40.25,5.0,0.09,0.09,2.6,NO,0.09,0.22,0.09,0.22,0.09,0.09,3.0,1561348800000000000,4.0,Weekly,39.23,39.23,39.36,39.17,39.23,39.23,39.36,39.23,0.0238,
O:XLK190628C00081000,2019-06-24,2019-06-28,XLK,C,40.5,2.0,0.05,0.05,3.24,NO,0.05,0.12,0.05,0.12,0.05,0.05,1.0,1561348800000000000,4.0,Weekly,39.23,39.23,39.36,39.17,39.23,39.23,39.36,39.23,0.0238,
O:XLK190628C00081500,2019-06-24,2019-06-28,XLK,C,40.75,1.0,0.02,0.02,3.87,NO,0.02,0.05,0.02,0.05,0.02,0.02,1.0,1561348800000000000,4.0,Weekly,39.23,39.23,39.36,39.17,39.23,39.23,39.36,39.23,0.0238,
O:XLK190705C00075000,2019-07-01,2019-07-05,XLK,C,37.5,8.0,4.6,4.74,-5.4,YES,4.74,12.64,4.6,12.27,4.74,4.6,2.0,1561953600000000000,4.0,Weekly,39.91,39.64,39.97,39.48,39.64,39.64,39.97,39.64,0.024,2.2173
O:XLK190705C00075500,2019-07-01,2019-07-05,XLK,C,37.75,5.0,4.05,4.12,-4.77,YES,4.12,10.91,4.05,10.73,4.12,4.05,3.0,1561953600000000000,4.0,Weekly,39.91,39.64,39.97,39.48,39.64,39.64,39.97,39.64,0.024,1.9079
O:XLK190705C00076000,2019-07-01,2019-07-05,XLK,C,38.0,17.0,3.8,3.6,-4.14,YES,3.6,9.47,3.8,10.0,3.8,3.6,4.0,1561953600000000000,4.0,Weekly,39.91,39.64,39.97,39.48,39.64,39.64,39.97,39.64,0.024,1.6649
O:XLK190705C00076500,2019-07-01,2019-07-05,XLK,C,38.25,33.0,3.1,2.87,-3.51,YES,2.87,7.5,3.1,8.1,3.1,2.7,7.0,1561953600000000000,4.0,Weekly,39.91,39.64,39.97,39.48,39.64,39.64,39.97,39.64,0.024,1.29
O:XLK190705C00077000,2019-07-01,2019-07-05,XLK,C,38.5,24.0,2.85,2.34,-2.88,YES,2.34,6.08,2.85,7.4,2.85,2.34,5.0,1561953600000000000,4.0,Weekly,39.91,39.64,39.97,39.48,39.64,39.64,39.97,39.64,0.024,1.0448
O:XLK190705C00077500,2019-07-01,2019-07-05,XLK,C,38.75,82.0,2.16,1.83,-2.25,YES,1.83,4.72,2.16,5.57,2.16,1.83,9.0,1561953600000000000,4.0,Weekly,39.91,39.64,39.97,39.48,39.64,39.64,39.97,39.64,0.024,0.814
O:XLK190705C00078000,2019-07-01,2019-07-05,XLK,C,39.0,21.0,1.75,1.46,-1.61,YES,1.46,3.74,1.75,4.49,1.75,1.32,8.0,1561953600000000000,4.0,Weekly,39.91,39.64,39.97,39.48,39.64,39.64,39.97,39.64,0.024,0.6729
O:XLK190705C00078500,2019-07-01,2019-07-05,XLK,C,39.25,34.0,1.55,1.15,-0.98,YES,1.15,2.93,1.55,3.95,1.65,1.15,10.0,1561953600000000000,4.0,Weekly,39.91,39.64,39.97,39.48,39.64,39.64,39.97,39.64,0.024,0.5685
O:XLK190705C00079000,2019-07-01,2019-07-05,XLK,C,39.5,111.0,1.16,0.72,-0.35,YES,0.72,1.82,1.16,2.94,1.26,0.58,18.0,1561953600000000000,4.0,Weekly,39.91,39.64,39.97,39.48,39.64,39.64,39.97,39.64,0.024,0.3886
O:XLK190705C00079500,2019-07-01,2019-07-05,XLK,C,39.75,908.0,0.84,0.45,0.28,NO,0.45,1.13,0.84,2.11,0.85,0.33,53.0,1561953600000000000,4.0,Weekly,39.91,39.64,39.97,39.48,39.64,39.64,39.97,39.64,0.024,0.3006
O:XLK190705C00080000,2019-07-01,2019-07-05,XLK,C,40.0,923.0,0.47,0.25,0.91,NO,0.25,0.62,0.47,1.18,0.59,0.18,74.0,1561953600000000000,4.0,Weekly,39.91,39.64,39.97,39.48,39.64,39.64,39.97,39.64,0.024,0.241
O:XLK190705C00080500,2019-07-01,2019-07-05,XLK,C,40.25,179.0,0.34,0.12,1.54,NO,0.12,0.3,0.34,0.84,0.36,0.1,21.0,1561953600000000000,4.0,Weekly,39.91,39.64,39.97,39.48,39.64,39.64,39.97,39.64,0.024,0.203
O:XLK190705C00081000,2019-07-01,2019-07-05,XLK,C,40.5,115.0,0.21,0.08,2.17,NO,0.08,0.2,0.21,0.52,0.21,0.08,13.0,1561953600000000000,4.0,Weekly,39.91,39.64,39.97,39.48,39.64,39.64,39.97,39.64,0.024,
O:XLK190705C00081500,2019-07-01,2019-07-05,XLK,C,40.75,6.0,0.07,0.07,2.8,NO,0.07,0.17,0.07,0.17,0.07,0.07,1.0,1561953600000000000,4.0,Weekly,39.91,39.64,39.97,39.48,39.64,39.64,39.97,39.64,0.024,
O:XLK190712C00075000,2019-07-08,2019-07-12,XLK,C,37.5,3.0,4.22,4.22,-5.47,YES,4.22,11.25,4.22,11.25,4.22,4.22,1.0,1562558400000000000,4.0,Weekly,39.66,39.67,39.72,39.49,39.67,39.67,39.72,39.67,0.024,1.8686
O:XLK190712C00076000,2019-07-08,2019-07-12,XLK,C,38.0,3.0,3.25,3.25,-4.21,YES,3.25,8.55,3.25,8.55,3.25,3.25,1.0,1562558400000000000,4.0,Weekly,39.66,39.67,39.72,39.49,39.67,39.67,39.72,39.67,0.024,1.4282
O:XLK190712C00077000,2019-07-08,2019-07-12,XLK,C,38.5,5.0,2.5,2.21,-2.95,YES,2.21,5.74,2.5,6.49,2.5,2.21,2.0,1562558400000000000,4.0,Weekly,39.66,39.67,39.72,39.49,39.67,39.67,39.72,39.67,0.024,0.9495
O:XLK190712C00077500,2019-07-08,2019-07-12,XLK,C,38.75,11.0,1.76,1.86,-2.32,YES,1.86,4.8,1.76,4.54,1.86,1.76,2.0,1562558400000000000,4.0,Weekly,39.66,39.67,39.72,39.49,39.67,39.67,39.72,39.67,0.024,0.8211
O:XLK190712C00078000,2019-07-08,2019-07-12,XLK,C,39.0,34.0,1.47,1.36,-1.69,YES,1.36,3.49,1.47,3.77,1.47,1.29,9.0,1562558400000000000,4.0,Weekly,39.66,39.67,39.72,39.49,39.67,39.67,39.72,39.67,0.024,0.5984
O:XLK190712C00078500,2019-07-08,2019-07-12,XLK,C,39.25,16.0,1.0,1.11,-1.06,YES,1.11,2.83,1.0,2.55,1.11,1.0,5.0,1562558400000000000,4.0,Weekly,39.66,39.67,39.72,39.49,39.67,39.67,39.72,39.67,0.024,0.533
O:XLK190712C00079000,2019-07-08,2019-07-12,XLK,C,39.5,58.0,0.58,0.75,-0.43,YES,0.75,1.9,0.58,1.47,0.84,0.58,16.0,1562558400000000000,4.0,Weekly,39.66,39.67,39.72,39.49,39.67,39.67,39.72,39.67,0.024,0.3968
O:XLK190712C00079500,2019-07-08,2019-07-12,XLK,C,39.75,238.0,0.26,0.44,0.2,NO,0.44,1.11,0.26,0.65,0.47,0.26,40.0,1562558400000000000,4.0,Weekly,39.66,39.67,39.72,39.49,39.67,39.67,39.72,39.67,0.024,0.2858
O:XLK190712C00080000,2019-07-08,2019-07-12,XLK,C,40.0,177.0,0.21,0.37,0.83,NO,0.37,0.93,0.21,0.53,0.37,0.19,29.0,1562558400000000000,4.0,Weekly,39.66,39.67,39.72,39.49,39.67,39.67,39.72,39.67,0.024,0.309
O:XLK190712C00081000,2019-07-08,2019-07-12,XLK,C,40.5,32.0,0.1,0.03,2.09,NO,0.03,0.07,0.1,0.25,0.1,0.03,7.0,1562558400000000000,4.0,Weekly,39.66,39.67,39.72,39.49,39.67,39.67,39.72,39.67,0.024,
O:XLK190726C00071000,2019-07-22,2019-07-26,XLK,C,35.5,1.0,10.6,10.6,-13.01,YES,10.6,29.86,10.6,29.86,10.6,10.6,1.0,1563768000000000000,4.0,Weekly,40.5,40.81,40.91,40.49,40.81,40.81,40.91,40.81,0.024,4.8597
O:XLK190726C00074000,2019-07-22,2019-07-26,XLK,C,37.0,2.0,7.6,7.6,-9.34,YES,7.6,20.54,7.6,20.54,7.6,7.6,1.0,1563768000000000000,4.0,Weekly,40.5,40.81,40.91,40.49,40.81,40.81,40.91,40.81,0.024,3.3934
O:XLK190726C00075500,2019-07-22,2019-07-26,XLK,C,37.75,6.0,6.1,6.15,-7.5,YES,6.15,16.29,6.1,16.16,6.15,6.1,3.0,1563768000000000000,4.0,Weekly,40.5,40.81,40.91,40.49,40.81,40.81,40.91,40.81,0.024,2.722
O:XLK190726C00078000,2019-07-22,2019-07-26,XLK,C,39.0,15.0,3.45,3.67,-4.44,YES,3.67,9.41,3.45,8.85,3.67,3.45,7.0,1563768000000000000,4.0,Weekly,40.5,40.81,40.91,40.49,40.81,40.81,40.91,40.81,0.024,1.5993
O:XLK190726C00080000,2019-07-22,2019-07-26,XLK,C,40.0,15.0,1.7,1.71,-1.98,YES,1.71,4.28,1.7,4.25,1.71,1.64,3.0,1563768000000000000,4.0,Weekly,40.5,40.81,40.91,40.49,40.81,40.81,40.91,40.81,0.024,0.7454
O:XLK190726C00080500,2019-07-22,2019-07-26,XLK,C,40.25,12.0,0.94,1.32,-1.37,YES,1.32,3.28,0.94,2.34,1.32,0.94,5.0,1563768000000000000,4.0,Weekly,40.5,40.81,40.91,40.49,40.81,40.81,40.91,40.81,0.024,0.5964
O:XLK190726C00081500,2019-07-22,2019-07-26,XLK,C,40.75,123.0,0.42,0.64,-0.15,YES,0.64,1.57,0.42,1.03,0.73,0.42,29.0,1563768000000000000,4.0,Weekly,40.5,40.81,40.91,40.49,40.81,40.81,40.91,40.81,0.024,0.3547
O:XLK190726C00082000,2019-07-22,2019-07-26,XLK,C,41.0,52.0,0.23,0.38,0.47,NO,0.38,0.93,0.23,0.56,0.41,0.23,17.0,1563768000000000000,4.0,Weekly,40.5,40.81,40.91,40.49,40.81,40.81,40.91,40.81,0.024,0.2717
O:XLK190726C00082500,2019-07-22,2019-07-26,XLK,C,41.25,48.0,0.08,0.25,1.08,NO,0.25,0.61,0.08,0.19,0.25,0.08,12.0,1563768000000000000,4.0,Weekly,40.5,40.81,40.91,40.49,40.81,40.81,40.91,40.81,0.024,0.2516
O:XLK190726C00083000,2019-07-22,2019-07-26,XLK,C,41.5,74.0,0.09,0.1,1.69,NO,0.1,0.24,0.09,0.22,0.1,0.06,12.0,1563768000000000000,4.0,Weekly,40.5,40.81,40.91,40.49,40.81,40.81,40.91,40.81,0.024,0.1954
O:XLK190726C00083500,2019-07-22,2019-07-26,XLK,C,41.75,32.0,0.03,0.02,2.3,NO,0.02,0.05,0.03,0.07,0.03,0.02,13.0,1563768000000000000,4.0,Weekly,40.5,40.81,40.91,40.49,40.81,40.81,40.91,40.81,0.024,
O:XLK190802C00077500,2019-07-29,2019-08-02,XLK,C,38.75,3.0,4.8,5.17,-6.11,YES,5.17,13.34,4.8,12.39,5.17,4.8,3.0,1564372800000000000,4.0,Weekly,41.31,41.27,41.34,40.95,41.27,41.27,41.34,41.27,0.024,2.2629
O:XLK190802C00078000,2019-07-29,2019-08-02,XLK,C,39.0,1.0,4.67,4.67,-5.5,YES,4.67,11.97,4.67,11.97,4.67,4.67,1.0,1564372800000000000,4.0,Weekly,41.31,41.27,41.34,40.95,41.27,41.27,41.34,41.27,0.024,2.0386
O:XLK190802C00078500,2019-07-29,2019-08-02,XLK,C,39.25,10.0,3.76,3.76,-4.89,YES,3.76,9.58,3.76,9.58,3.76,3.76,1.0,1564372800000000000,4.0,Weekly,41.31,41.27,41.34,40.95,41.27,41.27,41.34,41.27,0.024,1.5609
O:XLK190802C00080000,2019-07-29,2019-08-02,XLK,C,40.0,25.0,2.72,2.73,-3.08,YES,2.73,6.83,2.72,6.8,2.8,2.72,3.0,1564372800000000000,4.0,Weekly,41.31,41.27,41.34,40.95,41.27,41.27,41.34,41.27,0.024,1.1947
O:XLK190802C00081000,2019-07-29,2019-08-02,XLK,C,40.5,7.0,1.47,1.9,-1.87,YES,1.9,4.69,1.47,3.63,1.9,1.47,5.0,1564372800000000000,4.0,Weekly,41.31,41.27,41.34,40.95,41.27,41.27,41.34,41.27,0.024,0.8654
O:XLK190802C00081500,2019-07-29,2019-08-02,XLK,C,40.75,6.0,1.35,1.35,-1.26,YES,1.35,3.31,1.35,3.31,1.35,1.35,2.0,1564372800000000000,4.0,Weekly,41.31,41.27,41.34,40.95,41.27,41.27,41.34,41.27,0.024,0.6212
O:XLK190802C00082000,2019-07-29,2019-08-02,XLK,C,41.0,41.0,1.05,1.0,-0.65,YES,1.0,2.44,1.05,2.56,1.05,0.78,6.0,1564372800000000000,4.0,Weekly,41.31,41.27,41.34,40.95,41.27,41.27,41.34,41.27,0.024,0.4962
O:XLK190802C00082500,2019-07-29,2019-08-02,XLK,C,41.25,259.0,0.74,0.76,-0.05,YES,0.76,1.84,0.74,1.79,0.78,0.49,18.0,1564372800000000000,4.0,Weekly,41.31,41.27,41.34,40.95,41.27,41.27,41.34,41.27,0.024,0.4321
O:XLK190802C00083000,2019-07-29,2019-08-02,XLK,C,41.5,571.0,0.5,0.54,0.56,NO,0.54,1.3,0.5,1.2,0.54,0.32,33.0,1564372800000000000,4.0,Weekly,41.31,41.27,41.34,40.95,41.27,41.27,41.34,41.27,0.024,0.3725
O:XLK190802C00083500,2019-07-29,2019-08-02,XLK,C,41.75,19.0,0.22,0.33,1.16,NO,0.33,0.79,0.22,0.53,0.33,0.18,10.0,1564372800000000000,4.0,Weekly,41.31,41.27,41.34,40.95,41.27,41.27,41.34,41.27,0.024,0.3069
O:XLK190802C00084500,2019-07-29,2019-08-02,XLK,C,42.25,6.0,0.08,0.07,2.37,NO,0.07,0.17,0.08,0.19,0.08,0.07,5.0,1564372800000000000,4.0,Weekly,41.31,41.27,41.34,40.95,41.27,41.27,41.34,41.27,0.024,
O:XLK190802C00085500,2019-07-29,2019-08-02,XLK,C,42.75,1.0,0.02,0.02,3.59,NO,0.02,0.05,0.02,0.05,0.02,0.02,1.0,1564372800000000000,4.0,Weekly,41.31,41.27,41.34,40.95,41.27,41.27,41.34,41.27,0.024,
O:XLK190802C00086000,2019-07-29,2019-08-02,XLK,C,43.0,2.0,0.02,0.02,4.19,NO,0.02,0.05,0.02,0.05,0.02,0.02,1.0,1564372800000000000,4.0,Weekly,41.31,41.27,41.34,40.95,41.27,41.27,41.34,41.27,0.024,
O:XLK190809C00071000,2019-08-05,2019-08-09,XLK,C,35.5,2.0,5.0,5.0,-6.27,YES,5.0,14.08,5.0,14.08,5.0,5.0,2.0,1564977600000000000,4.0,Weekly,38.47,37.88,38.52,37.57,37.88,37.88,38.52,37.88,0.0213,2.4113
O:XLK190809C00071500,2019-08-05,2019-08-09,XLK,C,35.75,7.0,4.5,4.5,-5.61,YES,4.5,12.59,4.5,12.59,4.5,4.5,2.0,1564977600000000000,4.0,Weekly,38.47,37.88,38.52,37.57,37.88,37.88,38.52,37.88,0.0213,2.166
O:XLK190809C00072000,2019-08-05,2019-08-09,XLK,C,36.0,23.0,4.5,4.2,-4.95,YES,4.2,11.67,4.5,12.5,4.5,4.2,3.0,1564977600000000000,4.0,Weekly,38.47,37.88,38.52,37.57,37.88,37.88,38.52,37.88,0.0213,2.0572
O:XLK190809C00072500,2019-08-05,2019-08-09,XLK,C,36.25,2.0,3.95,3.95,-4.29,YES,3.95,10.9,3.95,10.9,3.95,3.95,1.0,1564977600000000000,4.0,Weekly,38.47,37.88,38.52,37.57,37.88,37.88,38.52,37.88,0.0213,1.9817
O:XLK190809C00073000,2019-08-05,2019-08-09,XLK,C,36.5,9.0,2.88,2.88,-3.63,YES,2.88,7.89,2.88,7.89,2.88,2.88,2.0,1564977600000000000,4.0,Weekly,38.47,37.88,38.52,37.57,37.88,37.88,38.52,37.88,0.0213,1.3623
O:XLK190809C00073500,2019-08-05,2019-08-09,XLK,C,36.75,19.0,2.9,2.42,-2.97,YES,2.42,6.58,2.9,7.89,2.92,2.42,4.0,1564977600000000000,4.0,Weekly,38.47,37.88,38.52,37.57,37.88,37.88,38.52,37.88,0.0213,1.1518
O:XLK190809C00074000,2019-08-05,2019-08-09,XLK,C,37.0,68.0,2.96,2.42,-2.31,YES,2.42,6.54,2.96,8.0,2.96,2.13,18.0,1564977600000000000,4.0,Weekly,38.47,37.88,38.52,37.57,37.88,37.88,38.52,37.88,0.0213,1.244
O:XLK190809C00074500,2019-08-05,2019-08-09,XLK,C,37.25,20.0,2.6,2.22,-1.65,YES,2.22,5.96,2.6,6.98,2.6,2.22,5.0,1564977600000000000,4.0,Weekly,38.47,37.88,38.52,37.57,37.88,37.88,38.52,37.88,0.0213,1.2015
O:XLK190809C00075000,2019-08-05,2019-08-09,XLK,C,37.5,1.0,1.41,1.41,-0.99,YES,1.41,3.76,1.41,3.76,1.41,1.41,1.0,1564977600000000000,4.0,Weekly,38.47,37.88,38.52,37.57,37.88,37.88,38.52,37.88,0.0213,0.7663
O:XLK190809C00075500,2019-08-05,2019-08-09,XLK,C,37.75,52.0,1.89,1.32,-0.33,YES,1.32,3.5,1.89,5.01,1.99,1.14,12.0,1564977600000000000,4.0,Weekly,38.47,37.88,38.52,37.57,37.88,37.88,38.52,37.88,0.0213,0.7914
O:XLK190809C00076000,2019-08-05,2019-08-09,XLK,C,38.0,319.0,1.41,1.15,0.33,NO,1.15,3.03,1.41,3.71,1.41,0.99,19.0,1564977600000000000,4.0,Weekly,38.47,37.88,38.52,37.57,37.88,37.88,38.52,37.88,0.0213,0.7606
O:XLK190809C00076500,2019-08-05,2019-08-09,XLK,C,38.25,26.0,1.1,0.83,0.99,NO,0.83,2.17,1.1,2.88,1.1,0.83,5.0,1564977600000000000,4.0,Weekly,38.47,37.88,38.52,37.57,37.88,37.88,38.52,37.88,0.0213,0.6293
O:XLK190809C00077000,2019-08-05,2019-08-09,XLK,C,38.5,130.0,0.89,0.64,1.65,NO,0.64,1.66,0.89,2.31,1.06,0.56,21.0,1564977600000000000,4.0,Weekly,38.47,37.88,38.52,37.57,37.88,37.88,38.52,37.88,0.0213,0.5727
O:XLK190809C00077500,2019-08-05,2019-08-09,XLK,C,38.75,109.0,0.83,0.46,2.31,NO,0.46,1.19,0.83,2.14,0.83,0.39,18.0,1564977600000000000,4.0,Weekly,38.47,37.88,38.52,37.57,37.88,37.88,38.52,37.88,0.0213,0.5123
O:XLK190809C00078000,2019-08-05,2019-08-09,XLK,C,39.0,85.0,0.51,0.31,2.97,NO,0.31,0.79,0.51,1.31,0.59,0.24,27.0,1564977600000000000,4.0,Weekly,38.47,37.88,38.52,37.57,37.88,37.88,38.52,37.88,0.0213,0.4585
O:XLK190809C00078500,2019-08-05,2019-08-09,XLK,C,39.25,101.0,0.47,0.26,3.63,NO,0.26,0.66,0.47,1.2,0.47,0.26,10.0,1564977600000000000,4.0,Weekly,38.47,37.88,38.52,37.57,37.88,37.88,38.52,37.88,0.0213,0.4675
O:XLK190809C00079000,2019-08-05,2019-08-09,XLK,C,39.5,384.0,0.26,0.13,4.29,NO,0.13,0.33,0.26,0.66,0.3,0.13,32.0,1564977600000000000,4.0,Weekly,38.47,37.88,38.52,37.57,37.88,37.88,38.52,37.88,0.0213,
O:XLK190809C00079500,2019-08-05,2019-08-09,XLK,C,39.75,146.0,0.13,0.09,4.95,NO,0.09,0.23,0.13,0.33,0.16,0.09,16.0,1564977600000000000,4.0,Weekly,38.47,37.88,38.52,37.57,37.88,37.88,38.52,37.88,0.0213,
O:XLK190809C00080000,2019-08-05,2019-08-09,XLK,C,40.0,382.0,0.1,0.03,5.61,NO,0.03,0.07,0.1,0.25,0.11,0.03,46.0,1564977600000000000,4.0,Weekly,38.47,37.88,38.52,37.57,37.88,37.88,38.52,37.88,0.0213,
O:XLK190809C00080500,2019-08-05,2019-08-09,XLK,C,40.25,49.0,0.04,0.03,6.27,NO,0.03,0.07,0.04,0.1,0.04,0.03,25.0,1564977600000000000,4.0,Weekly,38.47,37.88,38.52,37.57,37.88,37.88,38.52,37.88,0.0213,
O:XLK190809C00081000,2019-08-05,2019-08-09,XLK,C,40.5,96.0,0.03,0.03,6.93,NO,0.03,0.07,0.03,0.07,0.04,0.01,12.0,1564977600000000000,4.0,Weekly,38.47,37.88,38.52,37.57,37.88,37.88,38.52,37.88,0.0213,
O:XLK190809C00082000,2019-08-05,2019-08-09,XLK,C,41.0,1.0,0.03,0.03,8.25,NO,0.03,0.07,0.03,0.07,0.03,0.03,1.0,1564977600000000000,4.0,Weekly,38.47,37.88,38.52,37.57,37.88,37.88,38.52,37.88,0.0213,
O:XLK190809C00082500,2019-08-05,2019-08-09,XLK,C,41.25,43.0,0.01,0.03,8.91,NO,0.03,0.07,0.01,0.02,0.03,0.01,2.0,1564977600000000000,4.0,Weekly,38.47,37.88,38.52,37.57,37.88,37.88,38.52,37.88,0.0213,
O:XLK190809C00084000,2019-08-05,2019-08-09,XLK,C,42.0,4.0,0.02,0.02,10.89,NO,0.02,0.05,0.02,0.05,0.02,0.02,1.0,1564977600000000000,4.0,Weekly,38.47,37.88,38.52,37.57,37.88,37.88,38.52,37.88,0.0213,
O:XLK190823C00075000,2019-08-19,2019-08-23,XLK,C,37.5,52.0,4.65,4.65,-5.62,YES,4.65,12.4,4.65,12.4,4.65,4.65,11.0,1566187200000000000,4.0,Weekly,39.76,39.73,39.85,39.53,39.73,39.73,39.85,39.73,0.0213,2.1225
O:XLK190823C00076000,2019-08-19,2019-08-23,XLK,C,38.0,78.0,3.6,3.69,-4.37,YES,3.69,9.71,3.6,9.47,3.69,3.45,16.0,1566187200000000000,4.0,Weekly,39.76,39.73,39.85,39.53,39.73,39.73,39.85,39.73,0.0213,1.6864
O:XLK190823C00076500,2019-08-19,2019-08-23,XLK,C,38.25,1.0,3.18,3.18,-3.74,YES,3.18,8.31,3.18,8.31,3.18,3.18,1.0,1566187200000000000,4.0,Weekly,39.76,39.73,39.85,39.53,39.73,39.73,39.85,39.73,0.0213,1.4518
O:XLK190823C00077000,2019-08-19,2019-08-23,XLK,C,38.5,10.0,2.76,2.76,-3.11,YES,2.76,7.17,2.76,7.17,2.76,2.76,2.0,1566187200000000000,4.0,Weekly,39.76,39.73,39.85,39.53,39.73,39.73,39.85,39.73,0.0213,1.2758
O:XLK190823C00077500,2019-08-19,2019-08-23,XLK,C,38.75,55.0,2.16,2.3,-2.48,YES,2.3,5.94,2.16,5.57,2.3,2.16,7.0,1566187200000000000,4.0,Weekly,39.76,39.73,39.85,39.53,39.73,39.73,39.85,39.73,0.0213,1.0756
O:XLK190823C00078000,2019-08-19,2019-08-23,XLK,C,39.0,11.0,1.65,1.86,-1.85,YES,1.86,4.77,1.65,4.23,1.94,1.65,9.0,1566187200000000000,4.0,Weekly,39.76,39.73,39.85,39.53,39.73,39.73,39.85,39.73,0.0213,0.889
O:XLK190823C00078500,2019-08-19,2019-08-23,XLK,C,39.25,51.0,1.47,1.42,-1.22,YES,1.42,3.62,1.47,3.75,1.48,1.22,7.0,1566187200000000000,4.0,Weekly,39.76,39.73,39.85,39.53,39.73,39.73,39.85,39.73,0.0213,0.703
O:XLK190823C00079000,2019-08-19,2019-08-23,XLK,C,39.5,250.0,1.05,1.11,-0.59,YES,1.11,2.81,1.05,2.66,1.24,0.93,20.0,1566187200000000000,4.0,Weekly,39.76,39.73,39.85,39.53,39.73,39.73,39.85,39.73,0.0213,0.596
O:XLK190823C00079500,2019-08-19,2019-08-23,XLK,C,39.75,29.0,0.91,0.79,0.04,NO,0.79,1.99,0.91,2.29,0.92,0.65,11.0,1566187200000000000,4.0,Weekly,39.76,39.73,39.85,39.53,39.73,39.73,39.85,39.73,0.0213,0.4793
O:XLK190823C00080000,2019-08-19,2019-08-23,XLK,C,40.0,477.0,0.62,0.5,0.67,NO,0.5,1.25,0.62,1.55,0.63,0.4,60.0,1566187200000000000,4.0,Weekly,39.76,39.73,39.85,39.53,39.73,39.73,39.85,39.73,0.0213,0.3735
O:XLK190823C00080500,2019-08-19,2019-08-23,XLK,C,40.25,196.0,0.41,0.33,1.3,NO,0.33,0.82,0.41,1.02,0.42,0.32,10.0,1566187200000000000,4.0,Weekly,39.76,39.73,39.85,39.53,39.73,39.73,39.85,39.73,0.0213,0.3281
O:XLK190823C00081000,2019-08-19,2019-08-23,XLK,C,40.5,120.0,0.24,0.14,1.93,NO,0.14,0.35,0.24,0.59,0.24,0.14,18.0,1566187200000000000,4.0,Weekly,39.76,39.73,39.85,39.53,39.73,39.73,39.85,39.73,0.0213,0.247
O:XLK190823C00081500,2019-08-19,2019-08-23,XLK,C,40.75,44.0,0.1,0.08,2.55,NO,0.08,0.2,0.1,0.25,0.1,0.08,6.0,1566187200000000000,4.0,Weekly,39.76,39.73,39.85,39.53,39.73,39.73,39.85,39.73,0.0213,
O:XLK190823C00082000,2019-08-19,2019-08-23,XLK,C,41.0,11.0,0.05,0.04,3.18,NO,0.04,0.1,0.05,0.12,0.05,0.04,2.0,1566187200000000000,4.0,Weekly,39.76,39.73,39.85,39.53,39.73,39.73,39.85,39.73,0.0213,
O:XLK190823C00082500,2019-08-19,2019-08-23,XLK,C,41.25,2.0,0.03,0.03,3.81,NO,0.03,0.07,0.03,0.07,0.03,0.03,1.0,1566187200000000000,4.0,Weekly,39.76,39.73,39.85,39.53,39.73,39.73,39.85,39.73,0.0213,
O:XLK190830C00075500,2019-08-26,2019-08-30,XLK,C,37.75,8.0,3.05,3.05,-3.5,YES,3.05,8.08,3.05,8.08,3.05,3.05,3.0,1566792000000000000,4.0,Weekly,39.06,39.12,39.13,38.8,39.12,39.12,39.13,39.12,0.0213,1.4314
O:XLK190830C00076000,2019-08-26,2019-08-30,XLK,C,38.0,1.0,2.71,2.71,-2.86,YES,2.71,7.13,2.71,7.13,2.71,2.71,1.0,1566792000000000000,4.0,Weekly,39.06,39.12,39.13,38.8,39.12,39.12,39.13,39.12,0.0213,1.3037
O:XLK190830C00077500,2019-08-26,2019-08-30,XLK,C,38.75,7.0,1.62,1.27,-0.95,YES,1.27,3.28,1.62,4.18,1.62,1.27,4.0,1566792000000000000,4.0,Weekly,39.06,39.12,39.13,38.8,39.12,39.12,39.13,39.12,0.0213,0.6581
O:XLK190830C00078000,2019-08-26,2019-08-30,XLK,C,39.0,47.0,1.06,1.03,-0.31,YES,1.03,2.64,1.06,2.72,1.31,1.02,16.0,1566792000000000000,4.0,Weekly,39.06,39.12,39.13,38.8,39.12,39.12,39.13,39.12,0.0213,0.5912
O:XLK190830C00078500,2019-08-26,2019-08-30,XLK,C,39.25,48.0,0.95,0.8,0.33,NO,0.8,2.04,0.95,2.42,0.98,0.72,20.0,1566792000000000000,4.0,Weekly,39.06,39.12,39.13,38.8,39.12,39.12,39.13,39.12,0.0213,0.5251
O:XLK190830C00079000,2019-08-26,2019-08-30,XLK,C,39.5,329.0,0.68,0.52,0.97,NO,0.52,1.32,0.68,1.72,0.77,0.49,20.0,1566792000000000000,4.0,Weekly,39.06,39.12,39.13,38.8,39.12,39.12,39.13,39.12,0.0213,0.4201
O:XLK190830C00079500,2019-08-26,2019-08-30,XLK,C,39.75,37.0,0.46,0.35,1.61,NO,0.35,0.88,0.46,1.16,0.49,0.33,10.0,1566792000000000000,4.0,Weekly,39.06,39.12,39.13,38.8,39.12,39.12,39.13,39.12,0.0213,0.371
O:XLK190830C00080000,2019-08-26,2019-08-30,XLK,C,40.0,233.0,0.36,0.22,2.25,NO,0.22,0.55,0.36,0.9,0.37,0.21,57.0,1566792000000000000,4.0,Weekly,39.06,39.12,39.13,38.8,39.12,39.12,39.13,39.12,0.0213,0.3323
O:XLK190830C00080500,2019-08-26,2019-08-30,XLK,C,40.25,9.0,0.14,0.12,2.89,NO,0.12,0.3,0.14,0.35,0.17,0.12,9.0,1566792000000000000,4.0,Weekly,39.06,39.12,39.13,38.8,39.12,39.12,39.13,39.12,0.0213,
O:XLK190830C00081000,2019-08-26,2019-08-30,XLK,C,40.5,91.0,0.14,0.06,3.53,NO,0.06,0.15,0.14,0.35,0.16,0.06,24.0,1566792000000000000,4.0,Weekly,39.06,39.12,39.13,38.8,39.12,39.12,39.13,39.12,0.0213,
O:XLK190913C00075000,2019-09-09,2019-09-13,XLK,C,37.5,3.0,6.21,6.36,-7.28,YES,6.36,16.96,6.21,16.56,6.36,6.21,2.0,1568001600000000000,4.0,Weekly,40.94,40.45,40.96,40.23,40.45,40.45,40.96,40.45,0.0204,2.9217
O:XLK190913C00078500,2019-09-09,2019-09-13,XLK,C,39.25,4.0,2.3,2.3,-2.95,YES,2.3,5.86,2.3,5.86,2.3,2.3,2.0,1568001600000000000,4.0,Weekly,40.94,40.45,40.96,40.23,40.45,40.45,40.96,40.45,0.0204,0.9768
O:XLK190913C00079500,2019-09-09,2019-09-13,XLK,C,39.75,27.0,1.47,1.51,-1.72,YES,1.51,3.8,1.47,3.7,1.58,1.47,7.0,1568001600000000000,4.0,Weekly,40.94,40.45,40.96,40.23,40.45,40.45,40.96,40.45,0.0204,0.669
O:XLK190913C00080000,2019-09-09,2019-09-13,XLK,C,40.0,66.0,1.58,1.08,-1.1,YES,1.08,2.7,1.58,3.95,1.58,0.97,14.0,1568001600000000000,4.0,Weekly,40.94,40.45,40.96,40.23,40.45,40.45,40.96,40.45,0.0204,0.4944
O:XLK190913C00080500,2019-09-09,2019-09-13,XLK,C,40.25,7.0,1.12,0.81,-0.48,YES,0.81,2.01,1.12,2.78,1.12,0.72,3.0,1568001600000000000,4.0,Weekly,40.94,40.45,40.96,40.23,40.45,40.45,40.96,40.45,0.0204,0.4158
O:XLK190913C00081000,2019-09-09,2019-09-13,XLK,C,40.5,27.0,0.44,0.57,0.14,NO,0.57,1.41,0.44,1.09,0.57,0.42,7.0,1568001600000000000,4.0,Weekly,40.94,40.45,40.96,40.23,40.45,40.45,40.96,40.45,0.0204,0.3492
O:XLK190913C00081500,2019-09-09,2019-09-13,XLK,C,40.75,37.0,0.73,0.23,0.75,NO,0.23,0.56,0.73,1.79,0.73,0.23,13.0,1568001600000000000,4.0,Weekly,40.94,40.45,40.96,40.23,40.45,40.45,40.96,40.45,0.0204,0.2104
O:XLK190913C00082000,2019-09-09,2019-09-13,XLK,C,41.0,84.0,0.59,0.15,1.37,NO,0.15,0.37,0.59,1.44,0.59,0.1,42.0,1568001600000000000,4.0,Weekly,40.94,40.45,40.96,40.23,40.45,40.45,40.96,40.45,0.0204,0.21
O:XLK190913C00082500,2019-09-09,2019-09-13,XLK,C,41.25,57.0,0.25,0.05,1.99,NO,0.05,0.12,0.25,0.61,0.25,0.05,17.0,1568001600000000000,4.0,Weekly,40.94,40.45,40.96,40.23,40.45,40.45,40.96,40.45,0.0204,
O:XLK190913C00083000,2019-09-09,2019-09-13,XLK,C,41.5,4.0,0.13,0.07,2.61,NO,0.07,0.17,0.13,0.31,0.13,0.06,4.0,1568001600000000000,4.0,Weekly,40.94,40.45,40.96,40.23,40.45,40.45,40.96,40.45,0.0204,
O:XLK190913C00083500,2019-09-09,2019-09-13,XLK,C,41.75,28.0,0.05,0.02,3.23,NO,0.02,0.05,0.05,0.12,0.05,0.02,23.0,1568001600000000000,4.0,Weekly,40.94,40.45,40.96,40.23,40.45,40.45,40.96,40.45,0.0204,
O:XLK190913C00084000,2019-09-09,2019-09-13,XLK,C,42.0,53.0,0.05,0.05,3.84,NO,0.05,0.12,0.05,0.12,0.05,0.05,1.0,1568001600000000000,4.0,Weekly,40.94,40.45,40.96,40.23,40.45,40.45,40.96,40.45,0.0204,
O:XLK190913C00085000,2019-09-09,2019-09-13,XLK,C,42.5,1.0,0.02,0.02,5.08,NO,0.02,0.05,0.02,0.05,0.02,0.02,1.0,1568001600000000000,4.0,Weekly,40.94,40.45,40.96,40.23,40.45,40.45,40.96,40.45,0.0204,
O:XLK190927C00078000,2019-09-23,2019-09-27,XLK,C,39.0,3.0,2.6,2.6,-3.12,YES,2.6,6.67,2.6,6.67,2.6,2.6,2.0,1569211200000000000,4.0,Weekly,40.13,40.26,40.38,40.05,40.26,40.26,40.38,40.26,0.0204,1.148
O:XLK190927C00079500,2019-09-23,2019-09-27,XLK,C,39.75,2.0,1.43,1.43,-1.25,YES,1.43,3.6,1.43,3.6,1.43,1.43,2.0,1569211200000000000,4.0,Weekly,40.13,40.26,40.38,40.05,40.26,40.26,40.38,40.26,0.0204,0.6898
O:XLK190927C00080000,2019-09-23,2019-09-27,XLK,C,40.0,35.0,0.84,1.05,-0.63,YES,1.05,2.62,0.84,2.1,1.05,0.84,8.0,1569211200000000000,4.0,Weekly,40.13,40.26,40.38,40.05,40.26,40.26,40.38,40.26,0.0204,0.5426
O:XLK190927C00080500,2019-09-23,2019-09-27,XLK,C,40.25,94.0,0.7,0.77,-0.01,YES,0.77,1.91,0.7,1.74,0.77,0.6,12.0,1569211200000000000,4.0,Weekly,40.13,40.26,40.38,40.05,40.26,40.26,40.38,40.26,0.0204,0.4524
O:XLK190927C00081000,2019-09-23,2019-09-27,XLK,C,40.5,613.0,0.46,0.47,0.61,NO,0.47,1.16,0.46,1.14,0.5,0.37,27.0,1569211200000000000,4.0,Weekly,40.13,40.26,40.38,40.05,40.26,40.26,40.38,40.26,0.0204,0.3429
O:XLK190927C00081500,2019-09-23,2019-09-27,XLK,C,40.75,83.0,0.27,0.27,1.23,NO,0.27,0.66,0.27,0.66,0.32,0.22,14.0,1569211200000000000,4.0,Weekly,40.13,40.26,40.38,40.05,40.26,40.26,40.38,40.26,0.0204,0.2791
O:XLK190927C00082000,2019-09-23,2019-09-27,XLK,C,41.0,39.0,0.15,0.13,1.85,NO,0.13,0.32,0.15,0.37,0.16,0.12,14.0,1569211200000000000,4.0,Weekly,40.13,40.26,40.38,40.05,40.26,40.26,40.38,40.26,0.0204,0.2308
O:XLK190927C00082500,2019-09-23,2019-09-27,XLK,C,41.25,45.0,0.08,0.05,2.47,NO,0.05,0.12,0.08,0.19,0.08,0.05,5.0,1569211200000000000,4.0,Weekly,40.13,40.26,40.38,40.05,40.26,40.26,40.38,40.26,0.0204,
O:XLK190927C00083000,2019-09-23,2019-09-27,XLK,C,41.5,18.0,0.03,0.03,3.09,NO,0.03,0.07,0.03,0.07,0.04,0.03,5.0,1569211200000000000,4.0,Weekly,40.13,40.26,40.38,40.05,40.26,40.26,40.38,40.26,0.0204,
O:XLK190927C00084000,2019-09-23,2019-09-27,XLK,C,42.0,100.0,0.02,0.02,4.33,NO,0.02,0.05,0.02,0.05,0.02,0.02,1.0,1569211200000000000,4.0,Weekly,40.13,40.26,40.38,40.05,40.26,40.26,40.38,40.26,0.0204,
O:XLK190927C00085000,2019-09-23,2019-09-27,XLK,C,42.5,1.0,0.02,0.02,5.58,NO,0.02,0.05,0.02,0.05,0.02,0.02,1.0,1569211200000000000,4.0,Weekly,40.13,40.26,40.38,40.05,40.26,40.26,40.38,40.26,0.0204,
O:XLK190927C00086000,2019-09-23,2019-09-27,XLK,C,43.0,1.0,0.01,0.01,6.82,NO,0.01,0.02,0.01,0.02,0.01,0.01,1.0,1569211200000000000,4.0,Weekly,40.13,40.26,40.38,40.05,40.26,40.26,40.38,40.26,0.0204,
O:XLK191004C00076500,2019-09-30,2019-10-04,XLK,C,38.25,6.0,3.82,3.82,-5.0,YES,3.82,9.99,3.82,9.99,3.82,3.82,1.0,1569816000000000000,4.0,Weekly,40.02,40.27,40.36,39.96,40.27,40.27,40.36,40.27,0.0204,1.6399
O:XLK191004C00079000,2019-09-30,2019-10-04,XLK,C,39.5,32.0,1.49,1.86,-1.9,YES,1.86,4.71,1.49,3.77,1.86,1.49,7.0,1569816000000000000,4.0,Weekly,40.02,40.27,40.36,39.96,40.27,40.27,40.36,40.27,0.0204,0.8632
O:XLK191004C00079500,2019-09-30,2019-10-04,XLK,C,39.75,51.0,1.12,1.45,-1.28,YES,1.45,3.65,1.12,2.82,1.45,1.12,5.0,1569816000000000000,4.0,Weekly,40.02,40.27,40.36,39.96,40.27,40.27,40.36,40.27,0.0204,0.6984
O:XLK191004C00080000,2019-09-30,2019-10-04,XLK,C,40.0,17.0,0.86,1.08,-0.66,YES,1.08,2.7,0.86,2.15,1.13,0.77,8.0,1569816000000000000,4.0,Weekly,40.02,40.27,40.36,39.96,40.27,40.27,40.36,40.27,0.0204,0.5573
O:XLK191004C00080500,2019-09-30,2019-10-04,XLK,C,40.25,477.0,0.54,0.67,-0.04,YES,0.67,1.66,0.54,1.34,0.79,0.52,39.0,1569816000000000000,4.0,Weekly,40.02,40.27,40.36,39.96,40.27,40.27,40.36,40.27,0.0204,0.3899
O:XLK191004C00081000,2019-09-30,2019-10-04,XLK,C,40.5,85.0,0.35,0.75,0.58,NO,0.75,1.85,0.35,0.86,0.75,0.32,30.0,1569816000000000000,4.0,Weekly,40.02,40.27,40.36,39.96,40.27,40.27,40.36,40.27,0.0204,0.5076
O:XLK191004C00081500,2019-09-30,2019-10-04,XLK,C,40.75,74.0,0.22,0.25,1.2,NO,0.25,0.61,0.22,0.54,0.26,0.18,19.0,1569816000000000000,4.0,Weekly,40.02,40.27,40.36,39.96,40.27,40.27,40.36,40.27,0.0204,0.264
O:XLK191004C00082000,2019-09-30,2019-10-04,XLK,C,41.0,57.0,0.09,0.1,1.83,NO,0.1,0.24,0.09,0.22,0.13,0.09,11.0,1569816000000000000,4.0,Weekly,40.02,40.27,40.36,39.96,40.27,40.27,40.36,40.27,0.0204,0.205
O:XLK191004C00082500,2019-09-30,2019-10-04,XLK,C,41.25,2.0,0.05,0.05,2.45,NO,0.05,0.12,0.05,0.12,0.05,0.05,2.0,1569816000000000000,4.0,Weekly,40.02,40.27,40.36,39.96,40.27,40.27,40.36,40.27,0.0204,
O:XLK191004C00083000,2019-09-30,2019-10-04,XLK,C,41.5,1.0,0.06,0.06,3.07,NO,0.06,0.14,0.06,0.14,0.06,0.06,1.0,1569816000000000000,4.0,Weekly,40.02,40.27,40.36,39.96,40.27,40.27,40.36,40.27,0.0204,
O:XLK191004C00085000,2019-09-30,2019-10-04,XLK,C,42.5,1.0,0.04,0.04,5.55,NO,0.04,0.09,0.04,0.09,0.04,0.04,1.0,1569816000000000000,4.0,Weekly,40.02,40.27,40.36,39.96,40.27,40.27,40.36,40.27,0.0204,
O:XLK191004C00086000,2019-09-30,2019-10-04,XLK,C,43.0,2.0,0.03,0.01,6.79,NO,0.01,0.02,0.03,0.07,0.03,0.01,2.0,1569816000000000000,4.0,Weekly,40.02,40.27,40.36,39.96,40.27,40.27,40.36,40.27,0.0204,
O:XLK191011C00078000,2019-10-07,2019-10-11,XLK,C,39.0,5.0,2.85,3.0,-2.76,YES,3.0,7.69,2.85,7.31,3.0,2.85,4.0,1570420800000000000,4.0,Weekly,40.14,40.1,40.44,40.08,40.1,40.1,40.44,40.1,0.0183,1.4581
O:XLK191011C00078500,2019-10-07,2019-10-11,XLK,C,39.25,5.0,2.41,2.45,-2.13,YES,2.45,6.24,2.41,6.14,2.45,2.41,2.0,1570420800000000000,4.0,Weekly,40.14,40.1,40.44,40.08,40.1,40.1,40.44,40.1,0.0183,1.203
O:XLK191011C00079000,2019-10-07,2019-10-11,XLK,C,39.5,1.0,1.83,1.83,-1.51,YES,1.83,4.63,1.83,4.63,1.83,1.83,1.0,1570420800000000000,4.0,Weekly,40.14,40.1,40.44,40.08,40.1,40.1,40.44,40.1,0.0183,0.9068
O:XLK191011C00079500,2019-10-07,2019-10-11,XLK,C,39.75,22.0,1.48,1.43,-0.89,YES,1.43,3.6,1.48,3.72,1.48,1.43,3.0,1570420800000000000,4.0,Weekly,40.14,40.1,40.44,40.08,40.1,40.1,40.44,40.1,0.0183,0.7456
O:XLK191011C00080000,2019-10-07,2019-10-11,XLK,C,40.0,90.0,1.14,1.03,-0.26,YES,1.03,2.58,1.14,2.85,1.22,0.99,15.0,1570420800000000000,4.0,Weekly,40.14,40.1,40.44,40.08,40.1,40.1,40.44,40.1,0.0183,0.5831
O:XLK191011C00080500,2019-10-07,2019-10-11,XLK,C,40.25,90.0,0.77,0.69,0.36,NO,0.69,1.71,0.77,1.91,0.85,0.69,15.0,1570420800000000000,4.0,Weekly,40.14,40.1,40.44,40.08,40.1,40.1,40.44,40.1,0.0183,0.4524
O:XLK191011C00081000,2019-10-07,2019-10-11,XLK,C,40.5,624.0,0.62,0.45,0.98,NO,0.45,1.11,0.62,1.53,0.65,0.45,49.0,1570420800000000000,4.0,Weekly,40.14,40.1,40.44,40.08,40.1,40.1,40.44,40.1,0.0183,0.3723
O:XLK191011C00081500,2019-10-07,2019-10-11,XLK,C,40.75,79.0,0.32,0.26,1.61,NO,0.26,0.64,0.32,0.79,0.39,0.25,24.0,1570420800000000000,4.0,Weekly,40.14,40.1,40.44,40.08,40.1,40.1,40.44,40.1,0.0183,0.3075
O:XLK191011C00082000,2019-10-07,2019-10-11,XLK,C,41.0,50.0,0.17,0.12,2.23,NO,0.12,0.29,0.17,0.41,0.22,0.12,17.0,1570420800000000000,4.0,Weekly,40.14,40.1,40.44,40.08,40.1,40.1,40.44,40.1,0.0183,0.2511
O:XLK191011C00082500,2019-10-07,2019-10-11,XLK,C,41.25,5.0,0.08,0.09,2.86,NO,0.09,0.22,0.08,0.19,0.09,0.08,2.0,1570420800000000000,4.0,Weekly,40.14,40.1,40.44,40.08,40.1,40.1,40.44,40.1,0.0183,
O:XLK191011C00083000,2019-10-07,2019-10-11,XLK,C,41.5,103.0,0.04,0.04,3.48,NO,0.04,0.1,0.04,0.1,0.04,0.04,35.0,1570420800000000000,4.0,Weekly,40.14,40.1,40.44,40.08,40.1,40.1,40.44,40.1,0.0183,
O:XLK191011C00083500,2019-10-07,2019-10-11,XLK,C,41.75,5.0,0.03,0.03,4.1,NO,0.03,0.07,0.03,0.07,0.03,0.03,1.0,1570420800000000000,4.0,Weekly,40.14,40.1,40.44,40.08,40.1,40.1,40.44,40.1,0.0183,
O:XLK191025C00080000,2019-10-21,2019-10-25,XLK,C,40.0,1.0,1.9,1.9,-2.18,YES,1.9,4.75,1.9,4.75,1.9,1.9,1.0,1571630400000000000,4.0,Weekly,40.7,40.89,40.91,40.55,40.89,40.89,40.91,40.89,0.0183,0.8325
O:XLK191025C00081000,2019-10-21,2019-10-25,XLK,C,40.5,39.0,0.72,0.99,-0.95,YES,0.99,2.44,0.72,1.78,0.99,0.72,7.0,1571630400000000000,4.0,Weekly,40.7,40.89,40.91,40.55,40.89,40.89,40.91,40.89,0.0183,0.4559
O:XLK191025C00081500,2019-10-21,2019-10-25,XLK,C,40.75,71.0,0.67,0.77,-0.34,YES,0.77,1.89,0.67,1.64,0.78,0.52,20.0,1571630400000000000,4.0,Weekly,40.7,40.89,40.91,40.55,40.89,40.89,40.91,40.89,0.0183,0.4068
O:XLK191025C00082000,2019-10-21,2019-10-25,XLK,C,41.0,272.0,0.37,0.49,0.27,NO,0.49,1.2,0.37,0.9,0.49,0.3,52.0,1571630400000000000,4.0,Weekly,40.7,40.89,40.91,40.55,40.89,40.89,40.91,40.89,0.0183,0.3155
O:XLK191025C00082500,2019-10-21,2019-10-25,XLK,C,41.25,29.0,0.17,0.27,0.88,NO,0.27,0.65,0.17,0.41,0.27,0.17,9.0,1571630400000000000,4.0,Weekly,40.7,40.89,40.91,40.55,40.89,40.89,40.91,40.89,0.0183,0.2465
O:XLK191025C00083000,2019-10-21,2019-10-25,XLK,C,41.5,189.0,0.09,0.13,1.49,NO,0.13,0.31,0.09,0.22,0.13,0.07,11.0,1571630400000000000,4.0,Weekly,40.7,40.89,40.91,40.55,40.89,40.89,40.91,40.89,0.0183,0.2046
O:XLK191025C00083500,2019-10-21,2019-10-25,XLK,C,41.75,24.0,0.05,0.06,2.1,NO,0.06,0.14,0.05,0.12,0.06,0.05,6.0,1571630400000000000,4.0,Weekly,40.7,40.89,40.91,40.55,40.89,40.89,40.91,40.89,0.0183,
O:XLK191025C00084000,2019-10-21,2019-10-25,XLK,C,42.0,22.0,0.01,0.03,2.71,NO,0.03,0.07,0.01,0.02,0.03,0.01,3.0,1571630400000000000,4.0,Weekly,40.7,40.89,40.91,40.55,40.89,40.89,40.91,40.89,0.0183,
O:XLK191101C00078000,2019-10-28,2019-11-01,XLK,C,39.0,5.0,5.9,5.9,-7.11,YES,5.9,15.13,5.9,15.13,5.9,5.9,1.0,1572235200000000000,4.0,Weekly,41.83,41.98,42.01,41.8,41.98,41.98,42.01,41.98,0.0183,2.5158
O:XLK191101C00080000,2019-10-28,2019-11-01,XLK,C,40.0,6.0,3.73,3.84,-4.73,YES,3.84,9.6,3.73,9.32,3.84,3.73,3.0,1572235200000000000,4.0,Weekly,41.83,41.98,42.01,41.8,41.98,41.98,42.01,41.98,0.0183,1.598
O:XLK191101C00080500,2019-10-28,2019-11-01,XLK,C,40.25,10.0,3.36,3.36,-4.13,YES,3.36,8.35,3.36,8.35,3.36,3.36,1.0,1572235200000000000,4.0,Weekly,41.83,41.98,42.01,41.8,41.98,41.98,42.01,41.98,0.0183,1.3941
O:XLK191101C00081000,2019-10-28,2019-11-01,XLK,C,40.5,48.0,2.74,2.86,-3.54,YES,2.86,7.06,2.74,6.77,3.0,2.74,9.0,1572235200000000000,4.0,Weekly,41.83,41.98,42.01,41.8,41.98,41.98,42.01,41.98,0.0183,1.1795
O:XLK191101C00081500,2019-10-28,2019-11-01,XLK,C,40.75,35.0,2.43,2.39,-2.94,YES,2.39,5.87,2.43,5.96,2.45,2.32,13.0,1572235200000000000,4.0,Weekly,41.83,41.98,42.01,41.8,41.98,41.98,42.01,41.98,0.0183,0.9845
O:XLK191101C00082000,2019-10-28,2019-11-01,XLK,C,41.0,11.0,1.92,2.09,-2.35,YES,2.09,5.1,1.92,4.68,2.09,1.92,4.0,1572235200000000000,4.0,Weekly,41.83,41.98,42.01,41.8,41.98,41.98,42.01,41.98,0.0183,0.8926
O:XLK191101C00082500,2019-10-28,2019-11-01,XLK,C,41.25,52.0,1.58,1.52,-1.75,YES,1.52,3.68,1.58,3.83,1.58,1.45,5.0,1572235200000000000,4.0,Weekly,41.83,41.98,42.01,41.8,41.98,41.98,42.01,41.98,0.0183,0.6401
O:XLK191101C00083000,2019-10-28,2019-11-01,XLK,C,41.5,72.0,1.11,1.08,-1.16,YES,1.08,2.6,1.11,2.67,1.24,1.05,13.0,1572235200000000000,4.0,Weekly,41.83,41.98,42.01,41.8,41.98,41.98,42.01,41.98,0.0183,0.4663
O:XLK191101C00083500,2019-10-28,2019-11-01,XLK,C,41.75,94.0,0.81,0.96,-0.56,YES,0.96,2.3,0.81,1.94,0.96,0.7,24.0,1572235200000000000,4.0,Weekly,41.83,41.98,42.01,41.8,41.98,41.98,42.01,41.98,0.0183,0.4779
O:XLK191101C00084000,2019-10-28,2019-11-01,XLK,C,42.0,3335.0,0.55,0.65,0.04,NO,0.65,1.55,0.55,1.31,0.66,0.45,34.0,1572235200000000000,4.0,Weekly,41.83,41.98,42.01,41.8,41.98,41.98,42.01,41.98,0.0183,0.374
O:XLK191101C00084500,2019-10-28,2019-11-01,XLK,C,42.25,66.0,0.32,0.41,0.63,NO,0.41,0.97,0.32,0.76,0.41,0.28,21.0,1572235200000000000,4.0,Weekly,41.83,41.98,42.01,41.8,41.98,41.98,42.01,41.98,0.0183,0.3017
O:XLK191101C00085000,2019-10-28,2019-11-01,XLK,C,42.5,594.0,0.16,0.23,1.23,NO,0.23,0.54,0.16,0.38,0.24,0.15,37.0,1572235200000000000,4.0,Weekly,41.83,41.98,42.01,41.8,41.98,41.98,42.01,41.98,0.0183,0.249
O:XLK191101C00085500,2019-10-28,2019-11-01,XLK,C,42.75,14.0,0.07,0.13,1.82,NO,0.13,0.3,0.07,0.16,0.13,0.07,4.0,1572235200000000000,4.0,Weekly,41.83,41.98,42.01,41.8,41.98,41.98,42.01,41.98,0.0183,0.2266
O:XLK191101C00086000,2019-10-28,2019-11-01,XLK,C,43.0,57.0,0.04,0.06,2.42,NO,0.06,0.14,0.04,0.09,0.06,0.03,7.0,1572235200000000000,4.0,Weekly,41.83,41.98,42.01,41.8,41.98,41.98,42.01,41.98,0.0183,
O:XLK191101C00086500,2019-10-28,2019-11-01,XLK,C,43.25,6.0,0.04,0.04,3.01,NO,0.04,0.09,0.04,0.09,0.04,0.04,1.0,1572235200000000000,4.0,Weekly,41.83,41.98,42.01,41.8,41.98,41.98,42.01,41.98,0.0183,
O:XLK191108C00081000,2019-11-04,2019-11-08,XLK,C,40.5,5.0,4.07,4.0,-4.83,YES,4.0,9.88,4.07,10.05,4.07,4.0,2.0,1572843600000000000,4.0,Weekly,42.66,42.55,42.69,42.47,42.55,42.55,42.69,42.55,0.0155,1.6485
O:XLK191108C00081500,2019-11-04,2019-11-08,XLK,C,40.75,20.0,3.67,3.67,-4.24,YES,3.67,9.01,3.67,9.01,3.67,3.67,1.0,1572843600000000000,4.0,Weekly,42.66,42.55,42.69,42.47,42.55,42.55,42.69,42.55,0.0155,1.5369
O:XLK191108C00082000,2019-11-04,2019-11-08,XLK,C,41.0,1.0,3.32,3.32,-3.65,YES,3.32,8.1,3.32,8.1,3.32,3.32,1.0,1572843600000000000,4.0,Weekly,42.66,42.55,42.69,42.47,42.55,42.55,42.69,42.55,0.0155,1.4137
O:XLK191108C00082500,2019-11-04,2019-11-08,XLK,C,41.25,4.0,2.64,2.64,-3.07,YES,2.64,6.4,2.64,6.4,2.64,2.64,2.0,1572843600000000000,4.0,Weekly,42.66,42.55,42.69,42.47,42.55,42.55,42.69,42.55,0.0155,1.0957
O:XLK191108C00083000,2019-11-04,2019-11-08,XLK,C,41.5,127.0,2.4,2.26,-2.48,YES,2.26,5.45,2.4,5.78,2.4,2.1,14.0,1572843600000000000,4.0,Weekly,42.66,42.55,42.69,42.47,42.55,42.55,42.69,42.55,0.0155,0.9571
O:XLK191108C00083500,2019-11-04,2019-11-08,XLK,C,41.75,649.0,1.99,1.67,-1.89,YES,1.67,4.0,1.99,4.77,1.99,1.67,15.0,1572843600000000000,4.0,Weekly,42.66,42.55,42.69,42.47,42.55,42.55,42.69,42.55,0.0155,0.6958
O:XLK191108C00084000,2019-11-04,2019-11-08,XLK,C,42.0,52.0,1.64,1.26,-1.3,YES,1.26,3.0,1.64,3.9,1.64,1.23,14.0,1572843600000000000,4.0,Weekly,42.66,42.55,42.69,42.47,42.55,42.55,42.69,42.55,0.0155,0.5414
O:XLK191108C00084500,2019-11-04,2019-11-08,XLK,C,42.25,105.0,1.03,0.88,-0.72,YES,0.88,2.08,1.03,2.44,1.1,0.87,17.0,1572843600000000000,4.0,Weekly,42.66,42.55,42.69,42.47,42.55,42.55,42.69,42.55,0.0155,0.4044
O:XLK191108C00085000,2019-11-04,2019-11-08,XLK,C,42.5,216.0,0.73,0.57,-0.13,YES,0.57,1.34,0.73,1.72,0.75,0.56,52.0,1572843600000000000,4.0,Weekly,42.66,42.55,42.69,42.47,42.55,42.55,42.69,42.55,0.0155,0.3046
O:XLK191108C00085500,2019-11-04,2019-11-08,XLK,C,42.75,110.0,0.46,0.34,0.46,NO,0.34,0.8,0.46,1.08,0.5,0.32,25.0,1572843600000000000,4.0,Weekly,42.66,42.55,42.69,42.47,42.55,42.55,42.69,42.55,0.0155,0.2412
O:XLK191108C00086000,2019-11-04,2019-11-08,XLK,C,43.0,164.0,0.28,0.18,1.05,NO,0.18,0.42,0.28,0.65,0.28,0.16,26.0,1572843600000000000,4.0,Weekly,42.66,42.55,42.69,42.47,42.55,42.55,42.69,42.55,0.0155,0.2008
O:XLK191108C00086500,2019-11-04,2019-11-08,XLK,C,43.25,57.0,0.17,0.09,1.63,NO,0.09,0.21,0.17,0.39,0.17,0.08,17.0,1572843600000000000,4.0,Weekly,42.66,42.55,42.69,42.47,42.55,42.55,42.69,42.55,0.0155,0.1818
O:XLK191108C00087000,2019-11-04,2019-11-08,XLK,C,43.5,2.0,0.05,0.04,2.22,NO,0.04,0.09,0.05,0.11,0.05,0.04,2.0,1572843600000000000,4.0,Weekly,42.66,42.55,42.69,42.47,42.55,42.55,42.69,42.55,0.0155,
O:XLK191122C00071000,2019-11-18,2019-11-22,XLK,C,35.5,3.0,16.05,16.06,-18.86,YES,16.06,45.24,16.05,45.21,16.06,16.05,2.0,1574053200000000000,4.0,Weekly,43.6,43.75,43.81,43.44,43.75,43.75,43.81,43.75,0.0155,7.1129
O:XLK191122C00074000,2019-11-18,2019-11-22,XLK,C,37.0,1.0,14.5,14.5,-15.43,YES,14.5,39.19,14.5,39.19,14.5,14.5,1.0,1574053200000000000,4.0,Weekly,43.6,43.75,43.81,43.44,43.75,43.75,43.81,43.75,0.0155,6.538
O:XLK191122C00081000,2019-11-18,2019-11-22,XLK,C,40.5,2.0,6.49,6.49,-7.43,YES,6.49,16.02,6.49,16.02,6.49,6.49,2.0,1574053200000000000,4.0,Weekly,43.6,43.75,43.81,43.44,43.75,43.75,43.81,43.75,0.0155,2.6718
O:XLK191122C00081500,2019-11-18,2019-11-22,XLK,C,40.75,1.0,5.64,5.64,-6.86,YES,5.64,13.84,5.64,13.84,5.64,5.64,1.0,1574053200000000000,4.0,Weekly,43.6,43.75,43.81,43.44,43.75,43.75,43.81,43.75,0.0155,2.2483
O:XLK191122C00082500,2019-11-18,2019-11-22,XLK,C,41.25,1.0,4.96,4.96,-5.71,YES,4.96,12.02,4.96,12.02,4.96,4.96,1.0,1574053200000000000,4.0,Weekly,43.6,43.75,43.81,43.44,43.75,43.75,43.81,43.75,0.0155,2.0142
O:XLK191122C00083000,2019-11-18,2019-11-22,XLK,C,41.5,4.0,4.0,4.0,-5.14,YES,4.0,9.64,4.0,9.64,4.0,4.0,2.0,1574053200000000000,4.0,Weekly,43.6,43.75,43.81,43.44,43.75,43.75,43.81,43.75,0.0155,1.5323
O:XLK191122C00084000,2019-11-18,2019-11-22,XLK,C,42.0,3.0,3.15,3.22,-4.0,YES,3.22,7.67,3.15,7.5,3.22,3.15,3.0,1574053200000000000,4.0,Weekly,43.6,43.75,43.81,43.44,43.75,43.75,43.81,43.75,0.0155,1.2478
O:XLK191122C00085000,2019-11-18,2019-11-22,XLK,C,42.5,3.0,2.3,2.53,-2.86,YES,2.53,5.95,2.3,5.41,2.53,2.3,3.0,1574053200000000000,4.0,Weekly,43.6,43.75,43.81,43.44,43.75,43.75,43.81,43.75,0.0155,1.0185
O:XLK191122C00086000,2019-11-18,2019-11-22,XLK,C,43.0,27.0,1.35,1.63,-1.71,YES,1.63,3.79,1.35,3.14,1.63,1.34,5.0,1574053200000000000,4.0,Weekly,43.6,43.75,43.81,43.44,43.75,43.75,43.81,43.75,0.0155,0.6704
O:XLK191122C00086500,2019-11-18,2019-11-22,XLK,C,43.25,5.0,1.03,1.18,-1.14,YES,1.18,2.73,1.03,2.38,1.19,1.03,4.0,1574053200000000000,4.0,Weekly,43.6,43.75,43.81,43.44,43.75,43.75,43.81,43.75,0.0155,0.4976
O:XLK191122C00087000,2019-11-18,2019-11-22,XLK,C,43.5,28.0,0.63,0.79,-0.57,YES,0.79,1.82,0.63,1.45,0.94,0.63,9.0,1574053200000000000,4.0,Weekly,43.6,43.75,43.81,43.44,43.75,43.75,43.81,43.75,0.0155,0.3586
O:XLK191122C00088000,2019-11-18,2019-11-22,XLK,C,44.0,149.0,0.24,0.29,0.57,NO,0.29,0.66,0.24,0.55,0.35,0.23,31.0,1574053200000000000,4.0,Weekly,43.6,43.75,43.81,43.44,43.75,43.75,43.81,43.75,0.0155,0.2181
O:XLK191122C00088500,2019-11-18,2019-11-22,XLK,C,44.25,98.0,0.16,0.18,1.14,NO,0.18,0.41,0.16,0.36,0.18,0.11,24.0,1574053200000000000,4.0,Weekly,43.6,43.75,43.81,43.44,43.75,43.75,43.81,43.75,0.0155,0.2047
O:XLK191122C00089500,2019-11-18,2019-11-22,XLK,C,44.75,30.0,0.04,0.04,2.29,NO,0.04,0.09,0.04,0.09,0.04,0.02,8.0,1574053200000000000,4.0,Weekly,43.6,43.75,43.81,43.44,43.75,43.75,43.81,43.75,0.0155,
O:XLK191122C00090000,2019-11-18,2019-11-22,XLK,C,45.0,10.0,0.06,0.06,2.86,NO,0.06,0.13,0.06,0.13,0.06,0.06,2.0,1574053200000000000,4.0,Weekly,43.6,43.75,43.81,43.44,43.75,43.75,43.81,43.75,0.0155,
O:XLK191129C00080500,2019-11-25,2019-11-29,XLK,C,40.25,1.0,7.2,7.2,-8.37,YES,7.2,17.89,7.2,17.89,7.2,7.2,1.0,1574658000000000000,4.0,Weekly,43.49,43.92,43.92,43.48,43.92,43.92,43.92,43.92,0.0155,2.9463
O:XLK191129C00082000,2019-11-25,2019-11-29,XLK,C,41.0,3.0,5.51,5.7,-6.66,YES,5.7,13.9,5.51,13.44,5.7,5.51,3.0,1574658000000000000,4.0,Weekly,43.49,43.92,43.92,43.48,43.92,43.92,43.92,43.92,0.0155,2.3019
O:XLK191129C00084000,2019-11-25,2019-11-29,XLK,C,42.0,1.0,3.8,3.8,-4.38,YES,3.8,9.05,3.8,9.05,3.8,3.8,1.0,1574658000000000000,4.0,Weekly,43.49,43.92,43.92,43.48,43.92,43.92,43.92,43.92,0.0155,1.523
O:XLK191129C00084500,2019-11-25,2019-11-29,XLK,C,42.25,3.0,3.12,3.3,-3.81,YES,3.3,7.81,3.12,7.38,3.3,3.12,2.0,1574658000000000000,4.0,Weekly,43.49,43.92,43.92,43.48,43.92,43.92,43.92,43.92,0.0155,1.3171
O:XLK191129C00085000,2019-11-25,2019-11-29,XLK,C,42.5,5.0,2.7,2.7,-3.24,YES,2.7,6.35,2.7,6.35,2.7,2.7,1.0,1574658000000000000,4.0,Weekly,43.49,43.92,43.92,43.48,43.92,43.92,43.92,43.92,0.0155,1.0546
O:XLK191129C00086000,2019-11-25,2019-11-29,XLK,C,43.0,105.0,1.7,1.73,-2.11,YES,1.73,4.02,1.7,3.95,1.73,1.7,13.0,1574658000000000000,4.0,Weekly,43.49,43.92,43.92,43.48,43.92,43.92,43.92,43.92,0.0155,0.667
O:XLK191129C00086500,2019-11-25,2019-11-29,XLK,C,43.25,12.0,0.95,1.27,-1.54,YES,1.27,2.94,0.95,2.2,1.28,0.95,8.0,1574658000000000000,4.0,Weekly,43.49,43.92,43.92,43.48,43.92,43.92,43.92,43.92,0.0155,0.4894
O:XLK191129C00087000,2019-11-25,2019-11-29,XLK,C,43.5,54.0,0.55,0.99,-0.97,YES,0.99,2.28,0.55,1.26,0.99,0.55,18.0,1574658000000000000,4.0,Weekly,43.49,43.92,43.92,43.48,43.92,43.92,43.92,43.92,0.0155,0.4149
O:XLK191129C00088000,2019-11-25,2019-11-29,XLK,C,44.0,394.0,0.16,0.32,0.17,NO,0.32,0.73,0.16,0.36,0.33,0.16,58.0,1574658000000000000,4.0,Weekly,43.49,43.92,43.92,43.48,43.92,43.92,43.92,43.92,0.0155,0.1934
O:XLK191129C00088500,2019-11-25,2019-11-29,XLK,C,44.25,100.0,0.08,0.13,0.74,NO,0.13,0.29,0.08,0.18,0.13,0.08,16.0,1574658000000000000,4.0,Weekly,43.49,43.92,43.92,43.48,43.92,43.92,43.92,43.92,0.0155,0.1413
O:XLK191129C00089000,2019-11-25,2019-11-29,XLK,C,44.5,6.0,0.04,0.05,1.31,NO,0.05,0.11,0.04,0.09,0.05,0.04,3.0,1574658000000000000,4.0,Weekly,43.49,43.92,43.92,43.48,43.92,43.92,43.92,43.92,0.0155,
O:XLK191206C00074000,2019-12-02,2019-12-06,XLK,C,37.0,3.0,12.8,13.0,-14.84,YES,13.0,35.14,12.8,34.59,13.0,12.8,3.0,1575262800000000000,4.0,Weekly,44.1,43.45,44.1,43.26,43.45,43.45,44.1,43.45,0.0155,5.7047
O:XLK191206C00080000,2019-12-02,2019-12-06,XLK,C,40.0,10.0,7.0,6.65,-7.94,YES,6.65,16.62,7.0,17.5,7.0,6.65,3.0,1575262800000000000,4.0,Weekly,44.1,43.45,44.1,43.26,43.45,43.45,44.1,43.45,0.0155,2.7205
O:XLK191206C00084000,2019-12-02,2019-12-06,XLK,C,42.0,3.0,3.46,3.0,-3.34,YES,3.0,7.14,3.46,8.24,3.46,3.0,2.0,1575262800000000000,4.0,Weekly,44.1,43.45,44.1,43.26,43.45,43.45,44.1,43.45,0.0155,1.2312
O:XLK191206C00084500,2019-12-02,2019-12-06,XLK,C,42.25,3.0,2.36,2.36,-2.76,YES,2.36,5.59,2.36,5.59,2.36,2.36,1.0,1575262800000000000,4.0,Weekly,44.1,43.45,44.1,43.26,43.45,43.45,44.1,43.45,0.0155,0.9439
O:XLK191206C00085000,2019-12-02,2019-12-06,XLK,C,42.5,32.0,2.06,2.1,-2.19,YES,2.1,4.94,2.06,4.85,2.1,2.06,2.0,1575262800000000000,4.0,Weekly,44.1,43.45,44.1,43.26,43.45,43.45,44.1,43.45,0.0155,0.8782
O:XLK191206C00085500,2019-12-02,2019-12-06,XLK,C,42.75,5.0,1.86,1.86,-1.61,YES,1.86,4.35,1.86,4.35,1.86,1.86,1.0,1575262800000000000,4.0,Weekly,44.1,43.45,44.1,43.26,43.45,43.45,44.1,43.45,0.0155,0.8223
O:XLK191206C00086000,2019-12-02,2019-12-06,XLK,C,43.0,23.0,1.71,1.42,-1.04,YES,1.42,3.3,1.71,3.98,1.71,1.18,8.0,1575262800000000000,4.0,Weekly,44.1,43.45,44.1,43.26,43.45,43.45,44.1,43.45,0.0155,0.6523
O:XLK191206C00086500,2019-12-02,2019-12-06,XLK,C,43.25,23.0,0.88,0.92,-0.46,YES,0.92,2.13,0.88,2.03,0.98,0.88,6.0,1575262800000000000,4.0,Weekly,44.1,43.45,44.1,43.26,43.45,43.45,44.1,43.45,0.0155,0.4487
O:XLK191206C00087000,2019-12-02,2019-12-06,XLK,C,43.5,75.0,0.91,0.65,0.12,NO,0.65,1.49,0.91,2.09,0.91,0.54,31.0,1575262800000000000,4.0,Weekly,44.1,43.45,44.1,43.26,43.45,43.45,44.1,43.45,0.0155,0.3697
O:XLK191206C00087500,2019-12-02,2019-12-06,XLK,C,43.75,59.0,1.05,0.41,0.69,NO,0.41,0.94,1.05,2.4,1.05,0.34,19.0,1575262800000000000,4.0,Weekly,44.1,43.45,44.1,43.26,43.45,43.45,44.1,43.45,0.0155,0.2987
O:XLK191206C00088000,2019-12-02,2019-12-06,XLK,C,44.0,61.0,0.5,0.21,1.27,NO,0.21,0.48,0.5,1.14,0.5,0.2,31.0,1575262800000000000,4.0,Weekly,44.1,43.45,44.1,43.26,43.45,43.45,44.1,43.45,0.0155,0.2342
O:XLK191206C00088500,2019-12-02,2019-12-06,XLK,C,44.25,33.0,0.48,0.14,1.84,NO,0.14,0.32,0.48,1.08,0.48,0.1,19.0,1575262800000000000,4.0,Weekly,44.1,43.45,44.1,43.26,43.45,43.45,44.1,43.45,0.0155,0.2312
O:XLK191206C00089000,2019-12-02,2019-12-06,XLK,C,44.5,51.0,0.2,0.04,2.42,NO,0.04,0.09,0.2,0.45,0.2,0.04,15.0,1575262800000000000,4.0,Weekly,44.1,43.45,44.1,43.26,43.45,43.45,44.1,43.45,0.0155,
O:XLK191206C00089500,2019-12-02,2019-12-06,XLK,C,44.75,28.0,0.07,0.03,2.99,NO,0.03,0.07,0.07,0.16,0.07,0.03,4.0,1575262800000000000,4.0,Weekly,44.1,43.45,44.1,43.26,43.45,43.45,44.1,43.45,0.0155,
O:XLK191206C00090000,2019-12-02,2019-12-06,XLK,C,45.0,6.0,0.01,0.01,3.57,NO,0.01,0.02,0.01,0.02,0.01,0.01,2.0,1575262800000000000,4.0,Weekly,44.1,43.45,44.1,43.26,43.45,43.45,44.1,43.45,0.0155,
O:XLK191206C00090500,2019-12-02,2019-12-06,XLK,C,45.25,11.0,0.05,0.03,4.14,NO,0.03,0.07,0.05,0.11,0.05,0.03,3.0,1575262800000000000,4.0,Weekly,44.1,43.45,44.1,43.26,43.45,43.45,44.1,43.45,0.0155,
O:XLK191213C00075500,2019-12-09,2019-12-13,XLK,C,37.75,7.0,12.32,11.93,-13.52,YES,11.93,31.6,12.32,32.64,12.32,11.93,4.0,1575867600000000000,4.0,Weekly,43.8,43.65,43.95,43.65,43.65,43.65,43.95,43.65,0.0155,5.1653
O:XLK191213C00086000,2019-12-09,2019-12-13,XLK,C,43.0,8.0,1.72,1.72,-1.49,YES,1.72,4.0,1.72,4.0,1.72,1.72,1.0,1575867600000000000,4.0,Weekly,43.8,43.65,43.95,43.65,43.65,43.65,43.95,43.65,0.0155,0.7554
O:XLK191213C00086500,2019-12-09,2019-12-13,XLK,C,43.25,15.0,1.54,1.19,-0.92,YES,1.19,2.75,1.54,3.56,1.54,1.19,4.0,1575867600000000000,4.0,Weekly,43.8,43.65,43.95,43.65,43.65,43.65,43.95,43.65,0.0155,0.5362
O:XLK191213C00087000,2019-12-09,2019-12-13,XLK,C,43.5,4.0,1.17,0.87,-0.34,YES,0.87,2.0,1.17,2.69,1.17,0.87,4.0,1575867600000000000,4.0,Weekly,43.8,43.65,43.95,43.65,43.65,43.65,43.95,43.65,0.0155,0.4335
O:XLK191213C00087500,2019-12-09,2019-12-13,XLK,C,43.75,27.0,0.74,0.49,0.23,NO,0.49,1.12,0.74,1.69,0.74,0.49,9.0,1575867600000000000,4.0,Weekly,43.8,43.65,43.95,43.65,43.65,43.65,43.95,43.65,0.0155,0.2932
O:XLK191213C00088000,2019-12-09,2019-12-13,XLK,C,44.0,92.0,0.45,0.3,0.8,NO,0.3,0.68,0.45,1.02,0.52,0.3,24.0,1575867600000000000,4.0,Weekly,43.8,43.65,43.95,43.65,43.65,43.65,43.95,43.65,0.0155,0.2463
O:XLK191213C00088500,2019-12-09,2019-12-13,XLK,C,44.25,45.0,0.28,0.16,1.37,NO,0.16,0.36,0.28,0.63,0.28,0.14,9.0,1575867600000000000,4.0,Weekly,43.8,43.65,43.95,43.65,43.65,43.65,43.95,43.65,0.0155,0.2104
O:XLK191213C00089000,2019-12-09,2019-12-13,XLK,C,44.5,25.0,0.13,0.07,1.95,NO,0.07,0.16,0.13,0.29,0.14,0.07,7.0,1575867600000000000,4.0,Weekly,43.8,43.65,43.95,43.65,43.65,43.65,43.95,43.65,0.0155,
O:XLK191213C00089500,2019-12-09,2019-12-13,XLK,C,44.75,5.0,0.03,0.03,2.52,NO,0.03,0.07,0.03,0.07,0.03,0.03,1.0,1575867600000000000,4.0,Weekly,43.8,43.65,43.95,43.65,43.65,43.65,43.95,43.65,0.0155,
O:XLK191213C00090000,2019-12-09,2019-12-13,XLK,C,45.0,1.0,0.03,0.03,3.09,NO,0.03,0.07,0.03,0.07,0.03,0.03,1.0,1575867600000000000,4.0,Weekly,43.8,43.65,43.95,43.65,43.65,43.65,43.95,43.65,0.0155,
O:XLK191227C00075000,2019-12-23,2019-12-27,XLK,C,37.5,1.0,16.0,16.0,-17.77,YES,16.0,42.67,16.0,42.67,16.0,16.0,1.0,1577077200000000000,4.0,Weekly,45.62,45.6,45.72,45.55,45.6,45.6,45.72,45.6,0.0155,6.7859
O:XLK191227C00085000,2019-12-23,2019-12-27,XLK,C,42.5,8.0,6.45,6.45,-6.81,YES,6.45,15.18,6.45,15.18,6.45,6.45,3.0,1577077200000000000,4.0,Weekly,45.62,45.6,45.72,45.55,45.6,45.6,45.72,45.6,0.0155,2.583
O:XLK191227C00087500,2019-12-23,2019-12-27,XLK,C,43.75,5.0,3.7,3.7,-4.07,YES,3.7,8.46,3.7,8.46,3.7,3.7,1.0,1577077200000000000,4.0,Weekly,45.62,45.6,45.72,45.55,45.6,45.6,45.72,45.6,0.0155,1.4322
O:XLK191227C00089000,2019-12-23,2019-12-27,XLK,C,44.5,35.0,2.25,2.25,-2.42,YES,2.25,5.06,2.25,5.06,2.25,2.25,2.0,1577077200000000000,4.0,Weekly,45.62,45.6,45.72,45.55,45.6,45.6,45.72,45.6,0.0155,0.8705
O:XLK191227C00089500,2019-12-23,2019-12-27,XLK,C,44.75,6.0,1.94,1.94,-1.87,YES,1.94,4.34,1.94,4.34,1.94,1.94,3.0,1577077200000000000,4.0,Weekly,45.62,45.6,45.72,45.55,45.6,45.6,45.72,45.6,0.0155,0.7803
O:XLK191227C00090000,2019-12-23,2019-12-27,XLK,C,45.0,32.0,1.34,1.35,-1.33,YES,1.35,3.0,1.34,2.98,1.5,1.31,12.0,1577077200000000000,4.0,Weekly,45.62,45.6,45.72,45.55,45.6,45.6,45.72,45.6,0.0155,0.5379
O:XLK191227C00090500,2019-12-23,2019-12-27,XLK,C,45.25,107.0,0.87,1.0,-0.78,YES,1.0,2.21,0.87,1.92,1.02,0.87,5.0,1577077200000000000,4.0,Weekly,45.62,45.6,45.72,45.55,45.6,45.6,45.72,45.6,0.0155,0.4263
O:XLK191227C00091000,2019-12-23,2019-12-27,XLK,C,45.5,31.0,0.53,0.5,-0.23,YES,0.5,1.1,0.53,1.16,0.59,0.5,10.0,1577077200000000000,4.0,Weekly,45.62,45.6,45.72,45.55,45.6,45.6,45.72,45.6,0.0155,0.2335
O:XLK191227C00091500,2019-12-23,2019-12-27,XLK,C,45.75,57.0,0.25,0.22,0.32,NO,0.22,0.48,0.25,0.55,0.32,0.22,25.0,1577077200000000000,4.0,Weekly,45.62,45.6,45.72,45.55,45.6,45.6,45.72,45.6,0.0155,0.1497
O:XLK191227C00092000,2019-12-23,2019-12-27,XLK,C,46.0,47.0,0.11,0.1,0.87,NO,0.1,0.22,0.11,0.24,0.13,0.1,9.0,1577077200000000000,4.0,Weekly,45.62,45.6,45.72,45.55,45.6,45.6,45.72,45.6,0.0155,0.1299
O:XLK191227C00092500,2019-12-23,2019-12-27,XLK,C,46.25,859.0,0.05,0.02,1.41,NO,0.02,0.04,0.05,0.11,0.05,0.02,35.0,1577077200000000000,4.0,Weekly,45.62,45.6,45.72,45.55,45.6,45.6,45.72,45.6,0.0155,
O:XLK200103C00079000,2019-12-30,2020-01-03,XLK,C,39.5,14.0,11.74,12.6,-13.55,YES,12.6,31.9,11.74,29.72,12.6,11.74,7.0,1577682000000000000,4.0,Weekly,45.95,45.69,45.95,45.34,45.69,45.69,45.95,45.69,0.0155,5.2292
O:XLK200103C00087500,2019-12-30,2020-01-03,XLK,C,43.75,35.0,4.2,4.2,-4.25,YES,4.2,9.6,4.2,9.6,4.2,4.2,1.0,1577682000000000000,4.0,Weekly,45.95,45.69,45.95,45.34,45.69,45.69,45.95,45.69,0.0155,1.6787
O:XLK200103C00088000,2019-12-30,2020-01-03,XLK,C,44.0,8.0,3.19,3.6,-3.7,YES,3.6,8.18,3.19,7.25,3.6,3.12,6.0,1577682000000000000,4.0,Weekly,45.95,45.69,45.95,45.34,45.69,45.69,45.95,45.69,0.0155,1.4249
O:XLK200103C00089000,2019-12-30,2020-01-03,XLK,C,44.5,4.0,2.63,2.63,-2.6,YES,2.63,5.91,2.63,5.91,2.63,2.63,1.0,1577682000000000000,4.0,Weekly,45.95,45.69,45.95,45.34,45.69,45.69,45.95,45.69,0.0155,1.0487
O:XLK200103C00089500,2019-12-30,2020-01-03,XLK,C,44.75,31.0,2.56,2.18,-2.06,YES,2.18,4.87,2.56,5.72,2.6,1.8,16.0,1577682000000000000,4.0,Weekly,45.95,45.69,45.95,45.34,45.69,45.69,45.95,45.69,0.0155,0.8812
O:XLK200103C00090000,2019-12-30,2020-01-03,XLK,C,45.0,17.0,1.29,1.68,-1.51,YES,1.68,3.73,1.29,2.87,1.68,1.29,4.0,1577682000000000000,4.0,Weekly,45.95,45.69,45.95,45.34,45.69,45.69,45.95,45.69,0.0155,0.6875
O:XLK200103C00090500,2019-12-30,2020-01-03,XLK,C,45.25,23.0,0.96,1.22,-0.96,YES,1.22,2.7,0.96,2.12,1.32,0.8,12.0,1577682000000000000,4.0,Weekly,45.95,45.69,45.95,45.34,45.69,45.69,45.95,45.69,0.0155,0.5161
O:XLK200103C00091000,2019-12-30,2020-01-03,XLK,C,45.5,34.0,0.61,0.9,-0.42,YES,0.9,1.98,0.61,1.34,0.98,0.57,11.0,1577682000000000000,4.0,Weekly,45.95,45.69,45.95,45.34,45.69,45.69,45.95,45.69,0.0155,0.4187
O:XLK200103C00091500,2019-12-30,2020-01-03,XLK,C,45.75,67.0,0.39,0.5,0.13,NO,0.5,1.09,0.39,0.85,0.61,0.33,25.0,1577682000000000000,4.0,Weekly,45.95,45.69,45.95,45.34,45.69,45.69,45.95,45.69,0.0155,0.2754
O:XLK200103C00092000,2019-12-30,2020-01-03,XLK,C,46.0,59.0,0.5,0.34,0.68,NO,0.34,0.74,0.5,1.09,0.5,0.19,29.0,1577682000000000000,4.0,Weekly,45.95,45.69,45.95,45.34,45.69,45.69,45.95,45.69,0.0155,0.2486
O:XLK200103C00092500,2019-12-30,2020-01-03,XLK,C,46.25,28.0,0.14,0.17,1.23,NO,0.17,0.37,0.14,0.3,0.19,0.1,9.0,1577682000000000000,4.0,Weekly,45.95,45.69,45.95,45.34,45.69,45.69,45.95,45.69,0.0155,0.2004
O:XLK200103C00093000,2019-12-30,2020-01-03,XLK,C,46.5,50.0,0.07,0.09,1.77,NO,0.09,0.19,0.07,0.15,0.09,0.07,5.0,1577682000000000000,4.0,Weekly,45.95,45.69,45.95,45.34,45.69,45.69,45.95,45.69,0.0155,0.1851
